expression,right_upward,left_upward,right_downward,left_downward,degree,metric_version,right_upward_original,left_upward_original,right_downward_original,left_downward_original,degree_original,right_upward_delta,left_upward_delta,right_downward_delta,left_downward_delta,degree_delta
"greater_than(cardinality(difference(B, A)), cardinality(A))",1.0,0.027555420506497064,0.0,1.0,1.0,complement-symmetric-entropy-v1,1.0,0.027555420506497,0.5557908882359259,1.0,1.0,0.0,6.245004513516506e-17,-0.5557908882359259,0.0,0.0
"or(not(subset_eq(B, A)), subset_eq(A, difference(A, B)))",0.0,0.0,0.20404899147678157,1.0,1.0,complement-symmetric-entropy-v1,0.0,0.0,0.1516438800372683,1.0,1.0,0.0,0.0,0.05240511143951326,0.0,0.0
"and(not(subset_eq(B, A)), subset_eq(A, difference(A, B)))",0.20404899147678157,0.03354386821316302,0.0,1.0,1.0,complement-symmetric-entropy-v1,0.2040489914767815,0.033543868213163,0.7338347997738144,1.0,1.0,8.326672684688674e-17,2.0816681711721685e-17,-0.7338347997738144,0.0,0.0
"subset_eq(index(cardinality(B), union(A, B)), A)",0.0,0.0,0.42184649366971483,0.37476358951591726,0.42184649366971483,complement-symmetric-entropy-v1,0.0,0.0,0.0,0.0,0.0,0.0,0.0,0.42184649366971483,0.37476358951591726,0.42184649366971483
"not(equals(cardinality(A), cardinality(B)))",0.008668846511404094,0.008668846511404094,0.2585332880754543,0.2585332880754543,0.2585332880754543,complement-symmetric-entropy-v1,0.008668846511404,0.008668846511404,0.008668846511404,0.008668846511404,0.008668846511404,9.367506770274758e-17,9.367506770274758e-17,0.24986444156405027,0.24986444156405027,0.24986444156405027
"greater_than(cardinality(A), cardinality(B))",0.04485415499027745,1.0,1.0,0.0,1.0,complement-symmetric-entropy-v1,0.0448541549902774,1.0,1.0,0.0448541549902774,1.0,4.85722573273506e-17,0.0,0.0,-0.0448541549902774,0.0
"subset_eq(union(difference(A, B), difference(B, A)), index(cardinality(A), difference(B, A)))",0.35496930462434817,0.24845312884048276,0.1906755644583099,0.3591676232512031,0.3591676232512031,complement-symmetric-entropy-v1,0.3549693046243481,0.2484531288404827,0.3392524809043821,0.3549693046243481,0.3549693046243481,5.551115123125783e-17,5.551115123125783e-17,-0.14857691644607218,0.004198318626854991,0.004198318626854991
"equals(cardinality(intersection(A, B)), cardinality(difference(A, B)))",0.6013459138087915,0.0,0.1479709544240677,0.1479709544240677,0.6013459138087915,complement-symmetric-entropy-v1,0.6013459138087915,0.0,0.6013459138087915,0.2622852231182985,0.6013459138087915,0.0,0.0,-0.45337495938472383,-0.11431426869423078,0.0
"subset_eq(index(cardinality(A), B), index(cardinality(B), union(A, B)))",0.0,1.0,1.0,0.0376238972305325,1.0,complement-symmetric-entropy-v1,0.0,1.0,1.0,0.0,1.0,0.0,0.0,0.0,0.0376238972305325,0.0
"subset_eq(index(cardinality(B), A), index(cardinality(B), union(A, B)))",0.0,0.0,0.37291990447156087,0.6213234515653441,0.6213234515653441,complement-symmetric-entropy-v1,0.0,0.0,0.0,0.0,0.0,0.0,0.0,0.37291990447156087,0.6213234515653441,0.6213234515653441
"and(not(subset_eq(A, B)), equals(cardinality(A), cardinality(B)))",0.3229108880637348,0.3229108880637348,0.0,0.0,0.3229108880637348,complement-symmetric-entropy-v1,0.3229108880637348,0.3229108880637348,0.3229108880637348,0.3229108880637348,0.3229108880637348,0.0,0.0,-0.3229108880637348,-0.3229108880637348,0.0
"subset_eq(A, difference(A, B))",0.0,0.0,1.0,1.0,1.0,complement-symmetric-entropy-v1,0.0,0.0,1.0,1.0,1.0,0.0,0.0,0.0,0.0,0.0
"subset_eq(difference(B, A), index(cardinality(A), difference(B, A)))",0.0,0.6111759406728261,1.0,0.1785956867446673,1.0,complement-symmetric-entropy-v1,0.0,0.6111759406728261,1.0,0.0,1.0,0.0,0.0,0.0,0.1785956867446673,0.0
"or(subset_eq(B, A), not(subset_eq(A, B)))",0.0,1.0,1.0,0.03354386821316302,1.0,complement-symmetric-entropy-v1,0.0,1.0,1.0,0.0,1.0,0.0,0.0,0.0,0.03354386821316302,0.0
"subset_eq(difference(A, B), index(cardinality(B), A))",0.4459855607826445,0.0,0.15154027581540963,0.7589763570034376,0.7589763570034376,complement-symmetric-entropy-v1,0.4459855607826445,0.0,0.0,0.6360340975642518,0.6360340975642518,0.0,0.0,0.15154027581540963,0.1229422594391858,0.1229422594391858
"or(subset_eq(A, difference(A, B)), greater_than(cardinality(A), cardinality(B)))",0.0,0.0,1.0,0.3524708766273187,1.0,complement-symmetric-entropy-v1,0.0,0.0,1.0,0.0732073915521579,1.0,0.0,0.0,0.0,0.2792634850751608,0.0
"or(subset_eq(A, B), greater_than(cardinality(A), cardinality(B)))",0.0,0.0,0.45447635492501504,0.3094907517183755,0.45447635492501504,complement-symmetric-entropy-v1,0.0,0.0,0.0,0.0,0.0,0.0,0.0,0.45447635492501504,0.3094907517183755,0.45447635492501504
"not(or(subset_eq(A, B), subset_eq(B, A)))",0.4318444806994991,0.4318444806994991,0.0,0.0,0.4318444806994991,complement-symmetric-entropy-v1,0.4318444806994991,0.4318444806994991,0.4318444806994991,0.4318444806994991,0.4318444806994991,0.0,0.0,-0.4318444806994991,-0.4318444806994991,0.0
"and(not(subset_eq(A, B)), subset_eq(A, difference(A, B)))",0.03354386821316302,0.20404899147678157,1.0,0.0,1.0,complement-symmetric-entropy-v1,0.033543868213163,0.2040489914767815,1.0,0.7338347997738144,1.0,2.0816681711721685e-17,8.326672684688674e-17,0.0,-0.7338347997738144,0.0
"or(subset_eq(B, difference(A, A)), equals(cardinality(A), cardinality(B)))",0.0,0.30656533929601104,0.2467914851721753,0.115170740269666,0.30656533929601104,complement-symmetric-entropy-v1,0.0,0.306565339296011,0.306565339296011,0.2428484935444261,0.306565339296011,0.0,5.551115123125783e-17,-0.05977385412383568,-0.12767775327476008,5.551115123125783e-17
"or(subset_eq(A, B), greater_than(cardinality(B), cardinality(A)))",1.0,0.0,0.08239226169373826,1.0,1.0,complement-symmetric-entropy-v1,1.0,0.0,0.0,1.0,1.0,0.0,0.0,0.08239226169373826,0.0,0.0
"subset_eq(union(A, B), difference(A, A))",0.428314266273062,0.428314266273062,1.0,1.0,1.0,complement-symmetric-entropy-v1,0.428314266273062,0.428314266273062,1.0,1.0,1.0,0.0,0.0,0.0,0.0,0.0
"subset_eq(index(cardinality(A), union(A, B)), B)",0.0,0.0,0.37476358951591726,0.42184649366971483,0.42184649366971483,complement-symmetric-entropy-v1,0.0,0.0,0.0,0.0,0.0,0.0,0.0,0.37476358951591726,0.42184649366971483,0.42184649366971483
"subset_eq(index(cardinality(B), A), index(cardinality(B), difference(A, B)))",0.0,0.0,0.3109328163616035,0.8534224462072764,0.8534224462072764,complement-symmetric-entropy-v1,0.0,0.0,0.0,0.7478558473767785,0.7478558473767785,0.0,0.0,0.3109328163616035,0.1055665988304979,0.1055665988304979
"subset_eq(index(cardinality(B), union(A, B)), B)",0.6063984596444105,0.0,0.04128988929906696,0.7066966098983997,0.7066966098983997,complement-symmetric-entropy-v1,0.6063984596444105,0.0,0.0,0.664252085493646,0.664252085493646,0.0,0.0,0.04128988929906696,0.04244452440475366,0.04244452440475366
"subset_eq(B, index(cardinality(B), A))",0.0,0.8186017256136054,1.0,0.4823036311791902,1.0,complement-symmetric-entropy-v1,0.0,0.8186017256136054,1.0,0.5825751879862714,1.0,0.0,0.0,0.0,-0.10027155680708122,0.0
"not(subset_eq(A, difference(A, B)))",1.0,1.0,0.0,0.0,1.0,complement-symmetric-entropy-v1,1.0,1.0,0.1226510324918115,0.1226510324918115,1.0,0.0,0.0,-0.1226510324918115,-0.1226510324918115,0.0
"or(subset_eq(B, difference(A, A)), greater_than(cardinality(B), cardinality(A)))",0.0,0.0,0.16842320931918686,1.0,1.0,complement-symmetric-entropy-v1,0.0,0.0,0.0496270795229084,1.0,1.0,0.0,0.0,0.11879612979627846,0.0,0.0
"or(subset_eq(A, difference(A, A)), greater_than(cardinality(B), cardinality(A)))",1.0,0.0,0.10080301862829544,1.0,1.0,complement-symmetric-entropy-v1,1.0,0.0,0.0453227156853414,1.0,1.0,0.0,0.0,0.055480302942954036,0.0,0.0
"or(subset_eq(B, A), subset_eq(A, difference(A, A)))",0.0,0.0,1.0,0.2312075129551282,1.0,complement-symmetric-entropy-v1,0.0,0.0,1.0,0.0,1.0,0.0,0.0,0.0,0.2312075129551282,0.0
"subset_eq(union(difference(A, B), difference(B, A)), index(cardinality(B), A))",0.20111776644387658,0.42961090057805584,0.21479524021179885,0.11571312929915933,0.42961090057805584,complement-symmetric-entropy-v1,0.2011177664438765,0.4296109005780558,0.4296109005780558,0.2713012803023554,0.4296109005780558,8.326672684688674e-17,5.551115123125783e-17,-0.21481566036625693,-0.15558815100319606,5.551115123125783e-17
"or(not(subset_eq(A, B)), subset_eq(B, difference(A, A)))",0.0,1.0,1.0,0.03921248762911278,1.0,complement-symmetric-entropy-v1,0.0,1.0,1.0,0.1246459502612861,1.0,0.0,0.0,0.0,-0.08543346263217332,0.0
"greater_than(cardinality(intersection(A, B)), cardinality(difference(A, B)))",1.0,0.2789681615907471,0.0,0.0,1.0,complement-symmetric-entropy-v1,1.0,0.2789681615907471,0.0448541549902774,0.3515344136053679,1.0,0.0,0.0,-0.0448541549902774,-0.3515344136053679,0.0
"subset_eq(index(cardinality(A), union(A, B)), index(cardinality(A), B))",0.0,0.0,0.38659630686880886,0.44160266264670434,0.44160266264670434,complement-symmetric-entropy-v1,0.0,0.0,0.0,0.0,0.0,0.0,0.0,0.38659630686880886,0.44160266264670434,0.44160266264670434
"greater_than(cardinality(difference(A, B)), cardinality(B))",0.027555420506497064,1.0,1.0,0.0,1.0,complement-symmetric-entropy-v1,0.027555420506497,1.0,1.0,0.5557908882359259,1.0,6.245004513516506e-17,0.0,0.0,-0.5557908882359259,0.0
"subset_eq(A, index(cardinality(A), union(A, B)))",0.743724825226337,0.0,0.3161050997311595,1.0,1.0,complement-symmetric-entropy-v1,0.743724825226337,0.0,0.7182814583556083,1.0,1.0,0.0,0.0,-0.4021763586244488,0.0,0.0
"subset_eq(union(A, B), index(cardinality(A), B))",0.5965260186613948,0.24061406588093592,1.0,1.0,1.0,complement-symmetric-entropy-v1,0.5965260186613948,0.2406140658809359,1.0,1.0,1.0,0.0,2.7755575615628914e-17,0.0,0.0,0.0
"or(subset_eq(B, A), equals(cardinality(A), cardinality(B)))",0.0,0.5777344858684901,0.47471423373508903,0.060519162466723064,0.5777344858684901,complement-symmetric-entropy-v1,0.0,0.5777344858684901,0.5777344858684901,0.0,0.5777344858684901,0.0,0.0,-0.10302025213340105,0.060519162466723064,0.0
"subset_eq(index(cardinality(A), union(A, B)), index(cardinality(A), difference(B, A)))",0.0,0.0,0.7554813660708913,0.27600996725677174,0.7554813660708913,complement-symmetric-entropy-v1,0.0,0.0,0.7264418918764655,0.0,0.7264418918764655,0.0,0.0,0.029039474194425874,0.27600996725677174,0.029039474194425874
"subset_eq(index(cardinality(B), union(A, B)), index(cardinality(B), A))",0.0,0.0,0.44160266264670434,0.38659630686880886,0.44160266264670434,complement-symmetric-entropy-v1,0.0,0.0,0.0,0.0,0.0,0.0,0.0,0.44160266264670434,0.38659630686880886,0.44160266264670434
"greater_than(cardinality(intersection(A, B)), cardinality(difference(B, A)))",0.2789681615907471,1.0,0.0,0.0,1.0,complement-symmetric-entropy-v1,0.2789681615907471,1.0,0.3515344136053679,0.0448541549902774,1.0,0.0,0.0,-0.3515344136053679,-0.0448541549902774,0.0
"or(not(subset_eq(A, B)), subset_eq(A, difference(A, A)))",0.0,0.0,1.0,0.20404899147678157,1.0,complement-symmetric-entropy-v1,0.0,0.0,1.0,0.1516438800372683,1.0,0.0,0.0,0.0,0.05240511143951326,0.0
"subset_eq(index(cardinality(A), B), index(cardinality(A), union(A, B)))",0.0,0.0,0.6213234515653441,0.37291990447156087,0.6213234515653441,complement-symmetric-entropy-v1,0.0,0.0,0.0,0.0,0.0,0.0,0.0,0.6213234515653441,0.37291990447156087,0.6213234515653441
"not(greater_than(cardinality(A), cardinality(B)))",1.0,0.0,0.04485415499027745,1.0,1.0,complement-symmetric-entropy-v1,1.0,0.0,0.0,1.0,1.0,0.0,0.0,0.04485415499027745,0.0,0.0
"subset_eq(union(difference(A, B), difference(B, A)), index(cardinality(A), B))",0.42961090057805584,0.20111776644387658,0.11571312929915933,0.21479524021179885,0.42961090057805584,complement-symmetric-entropy-v1,0.4296109005780558,0.2011177664438765,0.2713012803023554,0.4296109005780558,0.4296109005780558,5.551115123125783e-17,8.326672684688674e-17,-0.15558815100319606,-0.21481566036625693,5.551115123125783e-17
"subset_eq(index(cardinality(B), difference(A, B)), index(cardinality(B), union(A, B)))",0.0,0.0,0.24024691615227745,0.9045115999101758,0.9045115999101758,complement-symmetric-entropy-v1,0.0,0.0,0.0,0.7101456033251425,0.7101456033251425,0.0,0.0,0.24024691615227745,0.19436599658503328,0.19436599658503328
"subset_eq(difference(A, B), index(cardinality(A), union(A, B)))",0.8182065550375401,0.0,0.08563655855471386,0.7245193611383978,0.8182065550375401,complement-symmetric-entropy-v1,0.8182065550375401,0.0,0.0,0.8182065550375401,0.8182065550375401,0.0,0.0,0.08563655855471386,-0.09368719389914237,0.0
"not(subset_eq(B, difference(A, A)))",1.0,1.0,0.0,1.0,1.0,complement-symmetric-entropy-v1,1.0,1.0,0.0,1.0,1.0,0.0,0.0,0.0,0.0,0.0
"or(and(subset_eq(A, B), subset_eq(B, A)), subset_eq(A, difference(A, B)))",0.0,0.0,0.7589763570034376,0.7589763570034376,0.7589763570034376,complement-symmetric-entropy-v1,0.0,0.0,0.4459855607826445,0.4459855607826445,0.4459855607826445,0.0,0.0,0.31299079622079307,0.31299079622079307,0.31299079622079307
"subset_eq(index(cardinality(A), difference(B, A)), index(cardinality(A), B))",0.0,0.0,0.9206451709665745,0.35981667051056043,0.9206451709665745,complement-symmetric-entropy-v1,0.0,0.0,0.7245317760570422,0.0,0.7245317760570422,0.0,0.0,0.19611339490953228,0.35981667051056043,0.19611339490953228
"subset_eq(intersection(A, B), index(cardinality(A), B))",0.0,0.0,0.6977507979032342,0.8889638326703768,0.8889638326703768,complement-symmetric-entropy-v1,0.0,0.0,0.6956461368479963,0.9008361122191084,0.9008361122191084,0.0,0.0,0.0021046610552379885,-0.011872279548731601,-0.011872279548731601
"not(subset_eq(A, difference(A, A)))",1.0,1.0,1.0,0.0,1.0,complement-symmetric-entropy-v1,1.0,1.0,1.0,0.0,1.0,0.0,0.0,0.0,0.0,0.0
"subset_eq(A, A)",1.0,1.0,1.0,1.0,1.0,complement-symmetric-entropy-v1,1.0,1.0,1.0,1.0,1.0,0.0,0.0,0.0,0.0,0.0
"or(or(subset_eq(A, B), subset_eq(B, A)), subset_eq(A, difference(A, B)))",0.0,0.0,0.6578957833575159,0.6578957833575159,0.6578957833575159,complement-symmetric-entropy-v1,0.0,0.0,0.0,0.0,0.0,0.0,0.0,0.6578957833575159,0.6578957833575159,0.6578957833575159
"subset_eq(B, difference(A, A))",0.0,1.0,1.0,1.0,1.0,complement-symmetric-entropy-v1,0.0,1.0,1.0,1.0,1.0,0.0,0.0,0.0,0.0,0.0
"subset_eq(index(cardinality(A), union(A, B)), intersection(A, B))",0.0,0.6493353819288192,0.4377105822126396,0.06703741262941643,0.6493353819288192,complement-symmetric-entropy-v1,0.0,0.6493353819288192,0.3344256868494355,0.0,0.6493353819288192,0.0,0.0,0.10328489536320407,0.06703741262941643,0.0
"greater_than(cardinality(difference(A, B)), cardinality(intersection(A, B)))",0.04485415499027745,0.2789681615907471,1.0,0.0,1.0,complement-symmetric-entropy-v1,0.0448541549902774,0.2789681615907471,1.0,0.3515344136053679,1.0,4.85722573273506e-17,0.0,0.0,-0.3515344136053679,0.0
"or(subset_eq(A, difference(A, A)), subset_eq(B, difference(A, A)))",0.0,0.0,1.0,1.0,1.0,complement-symmetric-entropy-v1,0.0,0.0,1.0,1.0,1.0,0.0,0.0,0.0,0.0,0.0
"or(subset_eq(A, B), subset_eq(B, A))",0.0,0.0,0.4318444806994991,0.4318444806994991,0.4318444806994991,complement-symmetric-entropy-v1,0.0,0.0,0.0,0.0,0.0,0.0,0.0,0.4318444806994991,0.4318444806994991,0.4318444806994991
"and(not(subset_eq(B, A)), greater_than(cardinality(A), cardinality(B)))",0.3145048308101711,0.6119116660643003,0.0,0.0,0.6119116660643003,complement-symmetric-entropy-v1,0.3145048308101711,0.6119116660643003,0.6119116660643003,0.3145048308101711,0.6119116660643003,0.0,0.0,-0.6119116660643003,-0.3145048308101711,0.0
"subset_eq(difference(B, A), index(cardinality(A), union(A, B)))",0.0,0.6224838732885387,1.0,0.22700321740125773,1.0,complement-symmetric-entropy-v1,0.0,0.6224838732885387,1.0,0.0,1.0,0.0,0.0,0.0,0.22700321740125773,0.0
"subset_eq(index(cardinality(A), B), index(cardinality(A), difference(B, A)))",0.0,0.0,0.8534224462072764,0.3109328163616035,0.8534224462072764,complement-symmetric-entropy-v1,0.0,0.0,0.7478558473767785,0.0,0.7478558473767785,0.0,0.0,0.1055665988304979,0.3109328163616035,0.1055665988304979
"subset_eq(B, A)",0.0,1.0,1.0,0.12265103249181153,1.0,complement-symmetric-entropy-v1,0.0,1.0,1.0,0.0,1.0,0.0,0.0,0.0,0.12265103249181153,0.0
"subset_eq(index(cardinality(A), difference(B, A)), index(cardinality(A), union(A, B)))",0.0,0.0,0.9045115999101758,0.24024691615227745,0.9045115999101758,complement-symmetric-entropy-v1,0.0,0.0,0.7101456033251425,0.0,0.7101456033251425,0.0,0.0,0.19436599658503328,0.24024691615227745,0.19436599658503328
"subset_eq(union(A, B), index(cardinality(B), A))",0.24061406588093592,0.5965260186613948,1.0,1.0,1.0,complement-symmetric-entropy-v1,0.2406140658809359,0.5965260186613948,1.0,1.0,1.0,2.7755575615628914e-17,0.0,0.0,0.0,0.0
"equals(cardinality(B), cardinality(difference(A, B)))",0.1346661774312361,0.4678017184336348,0.013294103071222696,0.013294103071222696,0.4678017184336348,complement-symmetric-entropy-v1,0.1346661774312361,0.4678017184336348,0.4678017184336348,0.3147282440240859,0.4678017184336348,0.0,0.0,-0.45450761536241213,-0.3014341409528632,0.0
"subset_eq(A, B)",1.0,0.0,0.12265103249181153,1.0,1.0,complement-symmetric-entropy-v1,1.0,0.0,0.0,1.0,1.0,0.0,0.0,0.12265103249181153,0.0,0.0
"equals(cardinality(A), cardinality(B))",0.2585332880754543,0.2585332880754543,0.008668846511404094,0.008668846511404094,0.2585332880754543,complement-symmetric-entropy-v1,0.2585332880754543,0.2585332880754543,0.2585332880754543,0.2585332880754543,0.2585332880754543,0.0,0.0,-0.2498644415640502,-0.2498644415640502,0.0
"subset_eq(index(cardinality(B), A), difference(A, B))",0.0,0.0,0.3231115605146895,0.7864365925850537,0.7864365925850537,complement-symmetric-entropy-v1,0.0,0.0,0.0,0.4411803396911569,0.4411803396911569,0.0,0.0,0.3231115605146895,0.34525625289389683,0.34525625289389683
"or(subset_eq(A, difference(A, B)), greater_than(cardinality(B), cardinality(A)))",0.0,0.0,0.3524708766273187,1.0,1.0,complement-symmetric-entropy-v1,0.0,0.0,0.0732073915521579,1.0,1.0,0.0,0.0,0.2792634850751608,0.0,0.0
"subset_eq(index(cardinality(A), union(A, B)), index(cardinality(B), difference(A, B)))",0.0,0.9200584770735712,1.0,0.10840411772158809,1.0,complement-symmetric-entropy-v1,0.0,0.9200584770735712,1.0,0.0,1.0,0.0,0.0,0.0,0.10840411772158809,0.0
"subset_eq(index(cardinality(A), union(A, B)), difference(B, A))",0.0,0.0,0.6857972589942175,0.33942666923158715,0.6857972589942175,complement-symmetric-entropy-v1,0.0,0.0,0.4946486307801091,0.0,0.4946486307801091,0.0,0.0,0.19114862821410838,0.33942666923158715,0.19114862821410838
"subset_eq(index(cardinality(B), union(A, B)), index(cardinality(A), B))",0.9207241937365611,0.0,0.09531190613710872,0.7943045570031844,0.9207241937365611,complement-symmetric-entropy-v1,0.9207241937365612,0.0,0.0,0.9207241937365612,0.9207241937365612,-1.1102230246251565e-16,0.0,0.09531190613710872,-0.12641963673337686,-1.1102230246251565e-16
"subset_eq(B, index(cardinality(A), B))",0.0,0.35903873218911797,1.0,1.0,1.0,complement-symmetric-entropy-v1,0.0,0.3590387321891179,1.0,1.0,1.0,0.0,5.551115123125783e-17,0.0,0.0,0.0
"or(subset_eq(A, B), subset_eq(A, difference(A, B)))",0.0,0.0,0.5583388559161546,1.0,1.0,complement-symmetric-entropy-v1,0.0,0.0,0.0,1.0,1.0,0.0,0.0,0.5583388559161546,0.0,0.0
"greater_than(cardinality(B), cardinality(A))",1.0,0.04485415499027745,0.0,1.0,1.0,complement-symmetric-entropy-v1,1.0,0.0448541549902774,0.0448541549902774,1.0,1.0,0.0,4.85722573273506e-17,-0.0448541549902774,0.0,0.0
"subset_eq(index(cardinality(B), A), index(cardinality(A), union(A, B)))",1.0,0.0,0.0376238972305325,1.0,1.0,complement-symmetric-entropy-v1,1.0,0.0,0.0,1.0,1.0,0.0,0.0,0.0376238972305325,0.0,0.0
"subset_eq(difference(B, A), index(cardinality(A), B))",0.0,0.4459855607826445,0.7589763570034376,0.15154027581540963,0.7589763570034376,complement-symmetric-entropy-v1,0.0,0.4459855607826445,0.6360340975642518,0.0,0.6360340975642518,0.0,0.0,0.1229422594391858,0.15154027581540963,0.1229422594391858
"subset_eq(B, index(cardinality(A), union(A, B)))",0.0,0.434757466811326,1.0,1.0,1.0,complement-symmetric-entropy-v1,0.0,0.434757466811326,1.0,1.0,1.0,0.0,0.0,0.0,0.0,0.0
"and(subset_eq(A, B), subset_eq(B, A))",0.3274295335058224,0.3274295335058224,0.04682579967065048,0.04682579967065048,0.3274295335058224,complement-symmetric-entropy-v1,0.3274295335058224,0.3274295335058224,0.3274295335058224,0.3274295335058224,0.3274295335058224,0.0,0.0,-0.2806037338351719,-0.2806037338351719,0.0
"subset_eq(index(cardinality(A), union(A, B)), A)",0.0,0.6063984596444105,0.7066966098983997,0.04128988929906696,0.7066966098983997,complement-symmetric-entropy-v1,0.0,0.6063984596444105,0.664252085493646,0.0,0.664252085493646,0.0,0.0,0.04244452440475366,0.04128988929906696,0.04244452440475366
"subset_eq(index(cardinality(B), A), B)",0.7029347822771419,0.0,0.03319136567036207,0.8412008007599079,0.8412008007599079,complement-symmetric-entropy-v1,0.7029347822771419,0.0,0.0,0.6081671798303452,0.7029347822771419,0.0,0.0,0.03319136567036207,0.2330336209295627,0.13826601848276598
"subset_eq(index(cardinality(B), union(A, B)), difference(B, A))",0.6493353819288192,0.0,0.06703741262941643,0.7969465601241502,0.7969465601241502,complement-symmetric-entropy-v1,0.6493353819288192,0.0,0.0,0.7986426816122976,0.7986426816122976,0.0,0.0,0.06703741262941643,-0.0016961214881473508,-0.0016961214881473508
"or(subset_eq(B, A), greater_than(cardinality(A), cardinality(B)))",0.0,1.0,1.0,0.08239226169373826,1.0,complement-symmetric-entropy-v1,0.0,1.0,1.0,0.0,1.0,0.0,0.0,0.0,0.08239226169373826,0.0
"or(and(subset_eq(A, B), subset_eq(B, A)), subset_eq(B, difference(A, A)))",0.0,0.42961090057805584,0.5294186800885365,0.40617574161030545,0.5294186800885365,complement-symmetric-entropy-v1,0.0,0.4296109005780558,0.4296109005780558,0.3608938367759887,0.4296109005780558,0.0,5.551115123125783e-17,0.09980777951048075,0.045281904834316766,0.09980777951048075
"subset_eq(difference(A, B), index(cardinality(B), union(A, B)))",0.6224838732885387,0.0,0.22700321740125773,1.0,1.0,complement-symmetric-entropy-v1,0.6224838732885387,0.0,0.0,1.0,1.0,0.0,0.0,0.22700321740125773,0.0,0.0
"subset_eq(A, index(cardinality(A), B))",0.8186017256136054,0.0,0.4823036311791902,1.0,1.0,complement-symmetric-entropy-v1,0.8186017256136054,0.0,0.5825751879862714,1.0,1.0,0.0,0.0,-0.10027155680708122,0.0,0.0
"or(subset_eq(A, difference(A, A)), equals(cardinality(A), cardinality(B)))",0.30656533929601104,0.0,0.115170740269666,0.2467914851721753,0.30656533929601104,complement-symmetric-entropy-v1,0.306565339296011,0.0,0.2428484935444261,0.306565339296011,0.306565339296011,5.551115123125783e-17,0.0,-0.12767775327476008,-0.05977385412383568,5.551115123125783e-17
"equals(cardinality(A), cardinality(difference(B, A)))",0.4678017184336348,0.1346661774312361,0.013294103071222696,0.013294103071222696,0.4678017184336348,complement-symmetric-entropy-v1,0.4678017184336348,0.1346661774312361,0.3147282440240859,0.4678017184336348,0.4678017184336348,0.0,0.0,-0.3014341409528632,-0.45450761536241213,0.0
"subset_eq(A, difference(A, A))",1.0,0.0,1.0,1.0,1.0,complement-symmetric-entropy-v1,1.0,0.0,1.0,1.0,1.0,0.0,0.0,0.0,0.0,0.0
"subset_eq(intersection(A, B), index(cardinality(A), union(A, B)))",0.0,0.0,0.5866848294128083,0.9653664609369275,0.9653664609369275,complement-symmetric-entropy-v1,0.0,0.0,0.6825008250408067,0.9673579882636966,0.9673579882636966,0.0,0.0,-0.09581599562799836,-0.0019915273267691047,-0.0019915273267691047
"not(subset_eq(B, A))",1.0,0.12265103249181153,0.0,1.0,1.0,complement-symmetric-entropy-v1,1.0,0.1226510324918115,0.1226510324918115,1.0,1.0,0.0,2.7755575615628914e-17,-0.1226510324918115,0.0,0.0
"not(greater_than(cardinality(B), cardinality(A)))",0.0,1.0,1.0,0.04485415499027745,1.0,complement-symmetric-entropy-v1,0.0,1.0,1.0,0.0,1.0,0.0,0.0,0.0,0.04485415499027745,0.0
"not(subset_eq(A, B))",0.12265103249181153,1.0,1.0,0.0,1.0,complement-symmetric-entropy-v1,0.1226510324918115,1.0,1.0,0.1226510324918115,1.0,2.7755575615628914e-17,0.0,0.0,-0.1226510324918115,0.0
"or(subset_eq(A, B), subset_eq(B, difference(A, A)))",0.0,0.0,0.2312075129551282,1.0,1.0,complement-symmetric-entropy-v1,0.0,0.0,0.0,1.0,1.0,0.0,0.0,0.2312075129551282,0.0,0.0
"and(subset_eq(B, A), not(subset_eq(A, B)))",0.03354386821316302,1.0,1.0,0.0,1.0,complement-symmetric-entropy-v1,0.033543868213163,1.0,1.0,0.033543868213163,1.0,2.0816681711721685e-17,0.0,0.0,-0.033543868213163,0.0
"subset_eq(A, index(cardinality(B), A))",0.35903873218911797,0.0,1.0,1.0,1.0,complement-symmetric-entropy-v1,0.3590387321891179,0.0,1.0,1.0,1.0,5.551115123125783e-17,0.0,0.0,0.0,0.0
"or(subset_eq(A, difference(A, B)), equals(cardinality(A), cardinality(B)))",0.0,0.0,0.43293343283171226,0.43293343283171226,0.43293343283171226,complement-symmetric-entropy-v1,0.0,0.0,0.3145057171343877,0.3145057171343877,0.3145057171343877,0.0,0.0,0.11842771569732458,0.11842771569732458,0.11842771569732458
"subset_eq(index(cardinality(A), union(A, B)), difference(A, B))",0.0,0.6493353819288192,0.7969465601241502,0.06703741262941643,0.7969465601241502,complement-symmetric-entropy-v1,0.0,0.6493353819288192,0.7986426816122976,0.0,0.7986426816122976,0.0,0.0,-0.0016961214881473508,0.06703741262941643,-0.0016961214881473508
"and(subset_eq(A, B), not(subset_eq(B, A)))",1.0,0.03354386821316302,0.0,1.0,1.0,complement-symmetric-entropy-v1,1.0,0.033543868213163,0.033543868213163,1.0,1.0,0.0,2.0816681711721685e-17,-0.033543868213163,0.0,0.0
"subset_eq(B, index(cardinality(B), union(A, B)))",0.0,0.743724825226337,1.0,0.3161050997311595,1.0,complement-symmetric-entropy-v1,0.0,0.743724825226337,1.0,0.7182814583556083,1.0,0.0,0.0,0.0,-0.4021763586244488,0.0
"subset_eq(index(cardinality(B), union(A, B)), intersection(A, B))",0.6493353819288192,0.0,0.06703741262941643,0.4377105822126396,0.6493353819288192,complement-symmetric-entropy-v1,0.6493353819288192,0.0,0.0,0.3344256868494355,0.6493353819288192,0.0,0.0,0.06703741262941643,0.10328489536320407,0.0
"subset_eq(index(cardinality(A), difference(B, A)), index(cardinality(B), union(A, B)))",0.0,1.0,1.0,0.025067964955491684,1.0,complement-symmetric-entropy-v1,0.0,1.0,1.0,0.0,1.0,0.0,0.0,0.0,0.025067964955491684,0.0
"or(subset_eq(B, A), greater_than(cardinality(B), cardinality(A)))",0.0,0.0,0.3094907517183755,0.45447635492501504,0.45447635492501504,complement-symmetric-entropy-v1,0.0,0.0,0.0,0.0,0.0,0.0,0.0,0.3094907517183755,0.45447635492501504,0.45447635492501504
"greater_than(cardinality(difference(B, A)), cardinality(intersection(A, B)))",0.2789681615907471,0.04485415499027745,0.0,1.0,1.0,complement-symmetric-entropy-v1,0.2789681615907471,0.0448541549902774,0.3515344136053679,1.0,1.0,0.0,4.85722573273506e-17,-0.3515344136053679,0.0,0.0
"subset_eq(index(cardinality(B), union(A, B)), difference(A, B))",0.0,0.0,0.33942666923158715,0.6857972589942175,0.6857972589942175,complement-symmetric-entropy-v1,0.0,0.0,0.0,0.4946486307801091,0.4946486307801091,0.0,0.0,0.33942666923158715,0.19114862821410838,0.19114862821410838
"subset_eq(index(cardinality(A), union(A, B)), index(cardinality(B), A))",0.0,0.9207241937365611,0.7943045570031844,0.09531190613710872,0.9207241937365611,complement-symmetric-entropy-v1,0.0,0.9207241937365612,0.9207241937365612,0.0,0.9207241937365612,0.0,-1.1102230246251565e-16,-0.12641963673337686,0.09531190613710872,-1.1102230246251565e-16
"greater_than(cardinality(A), cardinality(difference(B, A)))",0.09799698901363885,1.0,1.0,0.0,1.0,complement-symmetric-entropy-v1,0.0979969890136388,1.0,1.0,0.0,1.0,4.163336342344337e-17,0.0,0.0,0.0,0.0
"subset_eq(index(cardinality(A), B), difference(B, A))",0.0,0.0,0.7864365925850537,0.3231115605146895,0.7864365925850537,complement-symmetric-entropy-v1,0.0,0.0,0.4411803396911569,0.0,0.4411803396911569,0.0,0.0,0.34525625289389683,0.3231115605146895,0.34525625289389683
"not(subset_eq(union(A, B), difference(A, A)))",1.0,1.0,0.428314266273062,0.428314266273062,1.0,complement-symmetric-entropy-v1,1.0,1.0,0.0,0.0,1.0,0.0,0.0,0.428314266273062,0.428314266273062,0.0
"subset_eq(union(difference(A, B), difference(B, A)), index(cardinality(B), difference(A, B)))",0.24845312884048276,0.35496930462434817,0.3591676232512031,0.1906755644583099,0.3591676232512031,complement-symmetric-entropy-v1,0.2484531288404827,0.3549693046243481,0.3549693046243481,0.3392524809043821,0.3549693046243481,5.551115123125783e-17,5.551115123125783e-17,0.004198318626854991,-0.14857691644607218,0.004198318626854991
"equals(cardinality(intersection(A, B)), cardinality(difference(B, A)))",0.0,0.6013459138087915,0.1479709544240677,0.1479709544240677,0.6013459138087915,complement-symmetric-entropy-v1,0.0,0.6013459138087915,0.2622852231182985,0.6013459138087915,0.6013459138087915,0.0,0.0,-0.11431426869423078,-0.45337495938472383,0.0
"subset_eq(index(cardinality(A), difference(B, A)), A)",0.0,1.0,1.0,0.027555420506497064,1.0,complement-symmetric-entropy-v1,0.0,1.0,1.0,0.0,1.0,0.0,0.0,0.0,0.027555420506497064,0.0
"or(and(subset_eq(A, B), subset_eq(B, A)), subset_eq(A, difference(A, A)))",0.42961090057805584,0.0,0.40617574161030545,0.5294186800885365,0.5294186800885365,complement-symmetric-entropy-v1,0.4296109005780558,0.0,0.3608938367759887,0.4296109005780558,0.4296109005780558,5.551115123125783e-17,0.0,0.045281904834316766,0.09980777951048075,0.09980777951048075
"and(subset_eq(A, difference(A, B)), equals(cardinality(A), cardinality(B)))",0.29443815254047445,0.29443815254047445,0.038787716771922165,0.038787716771922165,0.29443815254047445,complement-symmetric-entropy-v1,0.2944381525404744,0.2944381525404744,0.5817870835410652,0.5817870835410652,0.5817870835410652,5.551115123125783e-17,5.551115123125783e-17,-0.5429993667691431,-0.5429993667691431,-0.2873489310005908
"subset_eq(intersection(A, B), index(cardinality(B), union(A, B)))",0.0,0.0,0.9653664609369275,0.5866848294128083,0.9653664609369275,complement-symmetric-entropy-v1,0.0,0.0,0.9673579882636966,0.6825008250408067,0.9673579882636966,0.0,0.0,-0.0019915273267691047,-0.09581599562799836,-0.0019915273267691047
"not(and(subset_eq(A, B), subset_eq(B, A)))",0.04682579967065048,0.04682579967065048,0.3274295335058224,0.3274295335058224,0.3274295335058224,complement-symmetric-entropy-v1,0.0468257996706504,0.0468257996706504,0.0468257996706504,0.0468257996706504,0.0468257996706504,8.326672684688674e-17,8.326672684688674e-17,0.280603733835172,0.280603733835172,0.280603733835172
"subset_eq(index(cardinality(B), union(A, B)), index(cardinality(B), difference(A, B)))",0.0,0.0,0.27600996725677174,0.7554813660708913,0.7554813660708913,complement-symmetric-entropy-v1,0.0,0.0,0.0,0.7264418918764655,0.7264418918764655,0.0,0.0,0.27600996725677174,0.029039474194425874,0.029039474194425874
"subset_eq(index(cardinality(B), union(A, B)), index(cardinality(A), difference(B, A)))",0.9200584770735712,0.0,0.10840411772158809,1.0,1.0,complement-symmetric-entropy-v1,0.9200584770735712,0.0,0.0,1.0,1.0,0.0,0.0,0.10840411772158809,0.0,0.0
"subset_eq(difference(B, A), index(cardinality(B), union(A, B)))",0.0,0.8182065550375401,0.7245193611383978,0.08563655855471386,0.8182065550375401,complement-symmetric-entropy-v1,0.0,0.8182065550375401,0.8182065550375401,0.0,0.8182065550375401,0.0,0.0,-0.09368719389914237,0.08563655855471386,0.0
"subset_eq(index(cardinality(B), difference(A, B)), index(cardinality(B), A))",0.0,0.0,0.35981667051056043,0.9206451709665745,0.9206451709665745,complement-symmetric-entropy-v1,0.0,0.0,0.0,0.7245317760570422,0.7245317760570422,0.0,0.0,0.35981667051056043,0.19611339490953228,0.19611339490953228
"subset_eq(index(cardinality(A), B), A)",0.0,0.7029347822771419,0.8412008007599079,0.03319136567036207,0.8412008007599079,complement-symmetric-entropy-v1,0.0,0.7029347822771419,0.6081671798303452,0.0,0.7029347822771419,0.0,0.0,0.2330336209295627,0.03319136567036207,0.13826601848276598
"or(not(subset_eq(B, A)), subset_eq(A, difference(A, A)))",1.0,0.0,0.03921248762911278,1.0,1.0,complement-symmetric-entropy-v1,1.0,0.0,0.1246459502612861,1.0,1.0,0.0,0.0,-0.08543346263217332,0.0,0.0
"subset_eq(index(cardinality(B), difference(A, B)), B)",1.0,0.0,0.027555420506497064,1.0,1.0,complement-symmetric-entropy-v1,1.0,0.0,0.0,1.0,1.0,0.0,0.0,0.027555420506497064,0.0,0.0
"or(subset_eq(B, A), subset_eq(A, difference(A, B)))",0.0,0.0,1.0,0.5583388559161546,1.0,complement-symmetric-entropy-v1,0.0,0.0,1.0,0.0,1.0,0.0,0.0,0.0,0.5583388559161546,0.0
"or(subset_eq(A, B), equals(cardinality(A), cardinality(B)))",0.5777344858684901,0.0,0.060519162466723064,0.47471423373508903,0.5777344858684901,complement-symmetric-entropy-v1,0.5777344858684901,0.0,0.0,0.5777344858684901,0.5777344858684901,0.0,0.0,0.060519162466723064,-0.10302025213340105,0.0
"subset_eq(intersection(A, B), index(cardinality(B), A))",0.0,0.0,0.8889638326703768,0.6977507979032342,0.8889638326703768,complement-symmetric-entropy-v1,0.0,0.0,0.9008361122191084,0.6956461368479963,0.9008361122191084,0.0,0.0,-0.011872279548731601,0.0021046610552379885,-0.011872279548731601
"or(subset_eq(B, difference(A, A)), greater_than(cardinality(A), cardinality(B)))",0.0,1.0,1.0,0.10080301862829544,1.0,complement-symmetric-entropy-v1,0.0,1.0,1.0,0.0453227156853414,1.0,0.0,0.0,0.0,0.055480302942954036,0.0
"or(subset_eq(A, difference(A, A)), greater_than(cardinality(A), cardinality(B)))",0.0,0.0,1.0,0.16842320931918686,1.0,complement-symmetric-entropy-v1,0.0,0.0,1.0,0.0496270795229084,1.0,0.0,0.0,0.0,0.11879612979627846,0.0
"subset_eq(A, index(cardinality(B), union(A, B)))",0.434757466811326,0.0,1.0,1.0,1.0,complement-symmetric-entropy-v1,0.434757466811326,0.0,1.0,1.0,1.0,0.0,0.0,0.0,0.0,0.0
"subset_eq(difference(A, B), index(cardinality(B), difference(A, B)))",0.6111759406728261,0.0,0.1785956867446673,1.0,1.0,complement-symmetric-entropy-v1,0.6111759406728261,0.0,0.0,1.0,1.0,0.0,0.0,0.1785956867446673,0.0,0.0
"subset_eq(index(cardinality(B), difference(A, B)), index(cardinality(A), union(A, B)))",1.0,0.0,0.025067964955491684,1.0,1.0,complement-symmetric-entropy-v1,1.0,0.0,0.0,1.0,1.0,0.0,0.0,0.025067964955491684,0.0,0.0
"or(subset_eq(A, B), not(subset_eq(B, A)))",1.0,0.0,0.03354386821316302,1.0,1.0,complement-symmetric-entropy-v1,1.0,0.0,0.0,1.0,1.0,0.0,0.0,0.03354386821316302,0.0,0.0
"and(not(subset_eq(A, B)), greater_than(cardinality(B), cardinality(A)))",0.6119116660643003,0.3145048308101711,0.0,0.0,0.6119116660643003,complement-symmetric-entropy-v1,0.6119116660643003,0.3145048308101711,0.3145048308101711,0.6119116660643003,0.6119116660643003,0.0,0.0,-0.3145048308101711,-0.6119116660643003,0.0
"greater_than(cardinality(B), cardinality(difference(A, B)))",1.0,0.09799698901363885,0.0,1.0,1.0,complement-symmetric-entropy-v1,1.0,0.0979969890136388,0.0,1.0,1.0,0.0,4.163336342344337e-17,0.0,0.0,0.0
"or(or(subset_eq(A, B), subset_eq(B, A)), equals(cardinality(A), cardinality(B)))",0.0,0.0,0.3148595174182892,0.3148595174182892,0.3148595174182892,complement-symmetric-entropy-v1,0.0,0.0,0.0,0.0,0.0,0.0,0.0,0.3148595174182892,0.3148595174182892,0.3148595174182892
"or(subset_eq(A, difference(A, A)), greater_than(cardinality(A), cardinality(difference(B, A))))",0.0,0.0,1.0,0.09019874511605142,1.0,complement-symmetric-entropy-v1,0.0,0.0,1.0,0.0,1.0,0.0,0.0,0.0,0.09019874511605142,0.0
"and(or(subset_eq(A, difference(A, B)), equals(cardinality(A), cardinality(B))), subset_eq(index(cardinality(B), A), index(cardinality(B), union(A, B))))",0.0,0.0,0.37790142193433696,0.40732404647246023,0.40732404647246023,complement-symmetric-entropy-v1,0.0,0.0,0.2777668148848301,0.3241878892584949,0.3241878892584949,0.0,0.0,0.10013460704950683,0.08313615721396533,0.08313615721396533
"subset_eq(union(index(cardinality(B), A), index(cardinality(A), union(A, B))), difference(index(cardinality(B), union(A, B)), index(cardinality(B), difference(A, B))))",0.15506661812438616,0.433490453775791,0.0046126763310180285,0.0046126763310180285,0.433490453775791,complement-symmetric-entropy-v1,0.1550666181243861,0.433490453775791,0.433490453775791,0.0976789646065976,0.433490453775791,5.551115123125783e-17,0.0,-0.42887777744477296,-0.09306628827557957,0.0
"not(subset_eq(index(cardinality(A), union(A, B)), index(cardinality(A), B)))",0.38659630686880886,0.44160266264670434,0.0,0.0,0.44160266264670434,complement-symmetric-entropy-v1,0.3865963068688088,0.4416026626467043,0.4416026626467043,0.3865963068688088,0.4416026626467043,5.551115123125783e-17,5.551115123125783e-17,-0.4416026626467043,-0.3865963068688088,5.551115123125783e-17
"and(or(subset_eq(A, difference(A, B)), equals(cardinality(A), cardinality(B))), subset_eq(difference(B, A), index(cardinality(A), union(A, B))))",0.0,0.3477279329272749,0.47236382035906443,0.47236382035906443,0.47236382035906443,complement-symmetric-entropy-v1,0.0,0.3477279329272749,0.4388441888457672,0.3227325671787059,0.4388441888457672,0.0,0.0,0.03351963151329723,0.14963125318035853,0.03351963151329723
"subset_eq(union(index(cardinality(A), B), index(cardinality(B), difference(A, B))), difference(index(cardinality(B), union(A, B)), index(cardinality(A), difference(B, A))))",0.0,0.6424650310918256,0.2911137977492756,0.050331732446856625,0.6424650310918256,complement-symmetric-entropy-v1,0.0,0.6424650310918256,0.6424650310918256,0.0879086521926741,0.6424650310918256,0.0,0.0,-0.35135123334255003,-0.03757691974581748,0.0
"or(subset_eq(index(cardinality(A), union(A, B)), intersection(A, B)), subset_eq(index(cardinality(A), B), index(cardinality(A), difference(B, A))))",0.0,0.0,0.7677204641611084,0.33277203519961773,0.7677204641611084,complement-symmetric-entropy-v1,0.0,0.0,0.5670117135464177,0.0,0.5670117135464177,0.0,0.0,0.20070875061469073,0.33277203519961773,0.20070875061469073
"subset_eq(union(index(cardinality(B), A), index(cardinality(A), difference(B, A))), index(cardinality(A), index(cardinality(A), B)))",0.5448810656218608,0.0,0.0633032099407621,0.22169069798545848,0.5448810656218608,complement-symmetric-entropy-v1,0.5448810656218608,0.0,0.1429130064848917,0.5448810656218608,0.5448810656218608,0.0,0.0,-0.07960979654412959,-0.3231903676364023,0.0
"subset_eq(index(cardinality(difference(A, B)), union(difference(A, B), difference(B, A))), union(index(cardinality(A), difference(B, A)), index(cardinality(B), union(A, B))))",0.0,0.0,0.566018561188988,0.2636746684880966,0.566018561188988,complement-symmetric-entropy-v1,0.0,0.0,0.573270018836226,0.0,0.573270018836226,0.0,0.0,-0.007251457647238002,0.2636746684880966,-0.007251457647238002
"subset_eq(union(index(cardinality(A), union(A, B)), index(cardinality(B), difference(A, B))), difference(index(cardinality(B), difference(A, B)), index(cardinality(B), union(A, B))))",0.15197858557555244,0.6436634551631987,0.008982542445517105,0.008982542445517105,0.6436634551631987,complement-symmetric-entropy-v1,0.1519785855755524,0.6436634551631987,0.6718546496117529,0.0600461033456081,0.6718546496117529,2.7755575615628914e-17,0.0,-0.6628721071662358,-0.051063560900090996,-0.028191194448554224
"subset_eq(index(cardinality(difference(B, A)), union(A, B)), index(cardinality(difference(A, B)), A))",0.5539582924947869,0.0,0.1594376926441884,0.33441644988987385,0.5539582924947869,complement-symmetric-entropy-v1,0.5539582924947869,0.0,0.1873205290556665,0.4515636553790797,0.5539582924947869,0.0,0.0,-0.027882836411478124,-0.11714720548920587,0.0
"subset_eq(difference(index(cardinality(A), union(A, B)), index(cardinality(B), A)), index(cardinality(difference(A, A)), difference(B, A)))",0.0,0.0,0.8185393790164535,0.27446840145149143,0.8185393790164535,complement-symmetric-entropy-v1,0.0,0.0,0.9105058756391158,0.0,0.9105058756391158,0.0,0.0,-0.09196649662266232,0.27446840145149143,-0.09196649662266232
"and(or(subset_eq(B, A), equals(cardinality(A), cardinality(B))), subset_eq(index(cardinality(B), union(A, B)), intersection(A, B)))",0.2703655337582582,0.48337079067611866,0.01159955295615156,0.01159955295615156,0.48337079067611866,complement-symmetric-entropy-v1,0.2703655337582582,0.4833707906761186,0.4023686019848309,0.1495045683306789,0.4833707906761186,0.0,5.551115123125783e-17,-0.3907690490286793,-0.13790501537452735,5.551115123125783e-17
"subset_eq(difference(index(cardinality(A), union(A, B)), index(cardinality(B), union(A, B))), index(cardinality(difference(A, B)), B))",0.0,0.0,0.4538616325077809,0.21756720376075678,0.4538616325077809,complement-symmetric-entropy-v1,0.0,0.0,0.5055849243160266,0.0,0.5055849243160266,0.0,0.0,-0.05172329180824575,0.21756720376075678,-0.05172329180824575
"and(not(or(subset_eq(A, B), subset_eq(B, A))), subset_eq(difference(A, B), index(cardinality(B), union(A, B))))",0.4653050644655027,0.44290936520770063,0.0,0.0,0.4653050644655027,complement-symmetric-entropy-v1,0.4653050644655027,0.4429093652077006,0.4429093652077006,0.6326015834261912,0.6326015834261912,0.0,5.551115123125783e-17,-0.4429093652077006,-0.6326015834261912,-0.16729651896068853
"subset_eq(difference(B, A), index(cardinality(intersection(A, B)), union(A, B)))",0.0,0.5394626257875772,0.6083656826505321,0.22700321740125773,0.6083656826505321,complement-symmetric-entropy-v1,0.0,0.5394626257875772,0.5394626257875772,0.0,0.5394626257875772,0.0,0.0,0.06890305686295495,0.22700321740125773,0.06890305686295495
"and(not(subset_eq(A, B)), subset_eq(index(cardinality(A), union(A, B)), B))",0.06703741262941643,0.5839751499226069,0.551248748927968,0.0,0.5839751499226069,complement-symmetric-entropy-v1,0.0670374126294164,0.5839751499226069,0.5371455633297572,0.0670374126294164,0.5839751499226069,2.7755575615628914e-17,0.0,0.014103185598210888,-0.0670374126294164,0.0
"subset_eq(difference(union(difference(A, B), difference(B, A)), index(cardinality(B), union(A, B))), index(cardinality(difference(A, A)), A))",0.1284050863656272,0.4670778422823152,0.17487790323890318,0.055455952089963345,0.4670778422823152,complement-symmetric-entropy-v1,0.1284050863656272,0.4670778422823152,0.50975825545495,0.1944498953985032,0.50975825545495,0.0,0.0,-0.33488035221604684,-0.13899394330853984,-0.042680413172634823
"subset_eq(index(cardinality(difference(A, B)), union(A, B)), difference(union(A, B), index(cardinality(B), union(A, B))))",0.0,0.0,0.17303951208247437,0.5641816754095323,0.5641816754095323,complement-symmetric-entropy-v1,0.0,0.0,0.0,0.3754092016076368,0.3754092016076368,0.0,0.0,0.17303951208247437,0.18877247380189555,0.18877247380189555
"and(subset_eq(difference(B, A), index(cardinality(A), union(A, B))), equals(cardinality(intersection(A, B)), cardinality(difference(A, B))))",0.3487433795234657,0.31840542296373875,0.11571312929915933,0.11571312929915933,0.3487433795234657,complement-symmetric-entropy-v1,0.3487433795234657,0.3184054229637387,0.6926300777028094,0.24715883022272,0.6926300777028094,0.0,5.551115123125783e-17,-0.57691694840365,-0.13144570092356067,-0.3438866981793437
"and(subset_eq(difference(B, A), index(cardinality(A), union(A, B))), greater_than(cardinality(B), cardinality(difference(A, B))))",0.37896651121596125,0.3434544443670319,0.0,0.09194059020360312,0.37896651121596125,complement-symmetric-entropy-v1,0.3789665112159612,0.3434544443670319,0.38363159374341,0.2324012656976858,0.38363159374341,5.551115123125783e-17,0.0,-0.38363159374341,-0.14046067549408267,-0.004665082527448738
"subset_eq(union(index(cardinality(A), union(A, B)), index(cardinality(B), difference(A, B))), index(cardinality(difference(B, A)), union(A, B)))",0.0,0.23494548426237372,0.36388795866418366,0.07834657496435993,0.36388795866418366,complement-symmetric-entropy-v1,0.0,0.2349454842623737,0.3407750257229364,0.1162758208062018,0.3407750257229364,0.0,2.7755575615628914e-17,0.023112932941247277,-0.037929245841841874,0.023112932941247277
"subset_eq(difference(difference(A, B), index(cardinality(B), A)), union(index(cardinality(A), union(A, B)), index(cardinality(B), union(A, B))))",0.53770283210992,0.0,0.18951981383030203,0.8813587460387471,0.8813587460387471,complement-symmetric-entropy-v1,0.53770283210992,0.0,0.0,0.9409215918874216,0.9409215918874216,0.0,0.0,0.18951981383030203,-0.05956284584867455,-0.05956284584867455
"and(subset_eq(index(cardinality(A), B), difference(B, A)), subset_eq(index(cardinality(B), A), index(cardinality(A), union(A, B))))",0.5413973933077951,0.0,0.05086794934597938,0.4246644968561919,0.5413973933077951,complement-symmetric-entropy-v1,0.5413973933077951,0.0,0.0867612405531371,0.5413973933077951,0.5413973933077951,0.0,0.0,-0.035893291207157715,-0.11673289645160323,0.0
"and(subset_eq(index(cardinality(B), A), index(cardinality(B), union(A, B))), greater_than(cardinality(difference(A, B)), cardinality(intersection(A, B))))",0.03685208408560037,0.2255870796681887,0.8503209400645355,0.0,0.8503209400645355,complement-symmetric-entropy-v1,0.0368520840856003,0.2255870796681887,0.8297036910648699,0.4568309083040385,0.8297036910648699,6.938893903907228e-17,0.0,0.02061724899966566,-0.4568309083040385,0.02061724899966566
"and(subset_eq(index(cardinality(A), union(A, B)), intersection(A, B)), subset_eq(index(cardinality(B), union(A, B)), difference(B, A)))",0.4927211909761505,0.2362634002441194,0.015072455573367893,0.015072455573367893,0.4927211909761505,complement-symmetric-entropy-v1,0.4927211909761505,0.2362634002441194,0.1314317772412594,0.4634397845730987,0.4927211909761505,0.0,0.0,-0.11635932166789151,-0.4483673289997308,0.0
"or(subset_eq(B, A), subset_eq(index(cardinality(B), union(A, B)), union(difference(A, B), difference(B, A))))",0.0,0.0,0.5768331032290008,0.615026707326688,0.615026707326688,complement-symmetric-entropy-v1,0.0,0.0,0.0,0.0,0.0,0.0,0.0,0.5768331032290008,0.615026707326688,0.615026707326688
"not(or(subset_eq(A, difference(A, A)), greater_than(cardinality(B), cardinality(A))))",0.10080301862829544,1.0,1.0,0.0,1.0,complement-symmetric-entropy-v1,0.1008030186282954,1.0,1.0,0.0,1.0,4.163336342344337e-17,0.0,0.0,0.0,0.0
"subset_eq(union(intersection(A, B), index(cardinality(B), A)), index(cardinality(A), B))",0.5836587107642424,0.0,0.16254223914214283,0.8655219179590244,0.8655219179590244,complement-symmetric-entropy-v1,0.5836587107642424,0.0,0.5123415826287265,0.8947023990324482,0.8947023990324482,0.0,0.0,-0.3497993434865837,-0.029180481073423747,-0.029180481073423747
"or(subset_eq(A, index(cardinality(B), union(A, B))), subset_eq(B, index(cardinality(B), union(A, B))))",0.0,0.0,1.0,0.6829731458704946,1.0,complement-symmetric-entropy-v1,0.0,0.0,1.0,0.8255328198945165,1.0,0.0,0.0,0.0,-0.14255967402402192,0.0
"subset_eq(index(cardinality(B), union(difference(A, B), difference(B, A))), index(cardinality(B), difference(A, B)))",0.0,0.0,0.29184799853020404,0.2297016428539742,0.29184799853020404,complement-symmetric-entropy-v1,0.0,0.0,0.0,0.0,0.0,0.0,0.0,0.29184799853020404,0.2297016428539742,0.29184799853020404
"subset_eq(index(cardinality(A), union(A, B)), index(cardinality(difference(B, A)), union(difference(A, B), difference(B, A))))",0.0,0.5359883939385715,0.5527998454131349,0.06861773876328658,0.5527998454131349,complement-symmetric-entropy-v1,0.0,0.5359883939385715,0.5625869169449338,0.0,0.5625869169449338,0.0,0.0,-0.009787071531798919,0.06861773876328658,-0.009787071531798919
"or(subset_eq(index(cardinality(B), A), B), subset_eq(index(cardinality(B), union(A, B)), A))",0.0,0.0,0.4104491363710788,0.6583920972491271,0.6583920972491271,complement-symmetric-entropy-v1,0.0,0.0,0.0,0.0,0.0,0.0,0.0,0.4104491363710788,0.6583920972491271,0.6583920972491271
"and(or(subset_eq(A, B), greater_than(cardinality(A), cardinality(B))), subset_eq(index(cardinality(A), union(A, B)), union(difference(A, B), difference(B, A))))",0.0,0.0,0.6301593296705605,0.19959174863498597,0.6301593296705605,complement-symmetric-entropy-v1,0.0,0.0,0.2686140533029262,0.0,0.2686140533029262,0.0,0.0,0.36154527636763434,0.19959174863498597,0.36154527636763434
"subset_eq(difference(index(cardinality(A), B), index(cardinality(B), union(A, B))), index(cardinality(difference(A, A)), difference(B, A)))",0.0,0.0,0.9591752721872425,0.2847229452777522,0.9591752721872425,complement-symmetric-entropy-v1,0.0,0.0,0.94586513136774,0.0,0.94586513136774,0.0,0.0,0.013310140819502547,0.2847229452777522,0.013310140819502547
"and(or(subset_eq(A, B), greater_than(cardinality(B), cardinality(A))), subset_eq(index(cardinality(A), union(A, B)), A))",0.5061260518208381,0.19837714652485483,0.012396305698743726,0.012396305698743726,0.5061260518208381,complement-symmetric-entropy-v1,0.5061260518208381,0.1983771465248548,0.1444513424276124,0.4936543157628735,0.5061260518208381,0.0,2.7755575615628914e-17,-0.13205503672886867,-0.48125801006412977,0.0
"and(or(subset_eq(B, A), not(subset_eq(A, B))), subset_eq(index(cardinality(B), A), difference(A, B)))",0.0,0.5166989320414836,0.43512003943045985,0.04532271568534141,0.5166989320414836,complement-symmetric-entropy-v1,0.0,0.5166989320414836,0.5166989320414836,0.1008030186282954,0.5166989320414836,0.0,0.0,-0.0815788926110238,-0.05548030294295399,0.0
"subset_eq(difference(B, index(cardinality(A), B)), union(index(cardinality(B), A), index(cardinality(A), union(A, B))))",0.0,0.3941541213745753,0.9480199078274391,0.527175041186942,0.9480199078274391,complement-symmetric-entropy-v1,0.0,0.3941541213745753,0.9601778947941808,0.6368905948402721,0.9601778947941808,0.0,0.0,-0.012157986966741752,-0.10971555365333008,-0.012157986966741752
"subset_eq(index(cardinality(intersection(A, B)), union(difference(A, B), difference(B, A))), difference(B, index(cardinality(B), union(A, B))))",0.5293666922312645,0.0,0.04348028881371968,0.48232980426530225,0.5293666922312645,complement-symmetric-entropy-v1,0.5293666922312645,0.0,0.0,0.313757012231273,0.5293666922312645,0.0,0.0,0.04348028881371968,0.16857279203402925,0.0
"subset_eq(index(cardinality(intersection(A, B)), difference(B, A)), difference(index(cardinality(A), union(A, B)), index(cardinality(A), difference(B, A))))",0.0,0.7410180443618115,0.3968783382512189,0.036094354313260246,0.7410180443618115,complement-symmetric-entropy-v1,0.0,0.7410180443618115,0.4297415243241294,0.0,0.7410180443618115,0.0,0.0,-0.0328631860729105,0.036094354313260246,0.0
"or(greater_than(cardinality(A), cardinality(B)), greater_than(cardinality(difference(A, B)), cardinality(intersection(A, B))))",0.06476130387857704,0.42059640674929333,1.0,0.0,1.0,complement-symmetric-entropy-v1,0.064761303878577,0.4205964067492933,1.0,0.064761303878577,1.0,4.163336342344337e-17,5.551115123125783e-17,0.0,-0.064761303878577,0.0
"or(not(equals(cardinality(A), cardinality(B))), subset_eq(difference(A, B), index(cardinality(A), union(A, B))))",0.0,0.0,0.38129901559144175,0.40417029019525164,0.40417029019525164,complement-symmetric-entropy-v1,0.0,0.0,0.0,0.0,0.0,0.0,0.0,0.38129901559144175,0.40417029019525164,0.40417029019525164
"or(subset_eq(B, index(cardinality(B), A)), subset_eq(index(cardinality(B), union(A, B)), difference(A, B)))",0.0,0.0,0.4154207044699829,0.5865193923782872,0.5865193923782872,complement-symmetric-entropy-v1,0.0,0.0,0.0,0.4960170218298575,0.4960170218298575,0.0,0.0,0.4154207044699829,0.09050237054842969,0.09050237054842969
"subset_eq(difference(index(cardinality(A), union(A, B)), index(cardinality(A), B)), index(cardinality(difference(A, A)), difference(B, A)))",0.0,0.0,0.5064088542505718,0.46319045880591814,0.5064088542505718,complement-symmetric-entropy-v1,0.0,0.0,0.0,0.0,0.0,0.0,0.0,0.5064088542505718,0.46319045880591814,0.5064088542505718
"subset_eq(difference(B, index(cardinality(A), union(A, B))), index(cardinality(difference(A, A)), A))",0.0,0.35204663399716096,1.0,0.47236382035906443,1.0,complement-symmetric-entropy-v1,0.0,0.3520466339971609,1.0,0.6557521657410659,1.0,0.0,5.551115123125783e-17,0.0,-0.18338834538200144,0.0
"subset_eq(difference(A, index(cardinality(B), A)), index(cardinality(difference(A, A)), union(difference(A, B), difference(B, A))))",0.21835660709347782,0.0,0.5594676617996219,0.6578320780313718,0.6578320780313718,complement-symmetric-entropy-v1,0.2183566070934778,0.0,0.8447976153548552,0.8447976153548552,0.8447976153548552,2.7755575615628914e-17,0.0,-0.2853299535552333,-0.18696553732348342,-0.18696553732348342
"subset_eq(intersection(index(cardinality(B), A), index(cardinality(B), union(A, B))), index(cardinality(difference(A, A)), B))",0.5970202848997153,0.0,0.03214995612390048,0.8562926338069723,0.8562926338069723,complement-symmetric-entropy-v1,0.5970202848997153,0.0,0.0,0.8080717649367575,0.8080717649367575,0.0,0.0,0.03214995612390048,0.04822086887021482,0.04822086887021482
"and(subset_eq(index(cardinality(B), union(A, B)), index(cardinality(B), A)), greater_than(cardinality(difference(B, A)), cardinality(intersection(A, B))))",0.5084913952442158,0.024454589490458645,0.0,0.7384011237798402,0.7384011237798402,complement-symmetric-entropy-v1,0.5084913952442158,0.0244545894904586,0.4186633567245119,0.8008570196217574,0.8008570196217574,0.0,4.5102810375396984e-17,-0.4186633567245119,-0.06245589584191713,-0.06245589584191713
"subset_eq(union(difference(A, B), index(cardinality(A), B)), index(cardinality(difference(B, A)), intersection(A, B)))",0.38199942235260087,0.3186343780072425,0.02996013638552486,0.02996013638552486,0.38199942235260087,complement-symmetric-entropy-v1,0.3819994223526008,0.3186343780072425,0.2663706010395654,0.3819994223526008,0.3819994223526008,5.551115123125783e-17,0.0,-0.23641046465404053,-0.35203928596707595,5.551115123125783e-17
"and(subset_eq(index(cardinality(A), B), A), equals(cardinality(intersection(A, B)), cardinality(difference(B, A))))",0.0,0.6057145444959138,0.17606233478791844,0.17606233478791844,0.6057145444959138,complement-symmetric-entropy-v1,0.0,0.6057145444959138,0.3698234105045084,0.5519798661574531,0.6057145444959138,0.0,0.0,-0.19376107571658996,-0.37591753136953465,0.0
"subset_eq(union(index(cardinality(A), union(A, B)), index(cardinality(B), difference(A, B))), index(cardinality(difference(B, A)), A))",0.0,0.5427907911317753,0.5464247237443052,0.09663982441095942,0.5464247237443052,complement-symmetric-entropy-v1,0.0,0.5427907911317753,0.7286841606821194,0.0716972179200506,0.7286841606821194,0.0,0.0,-0.1822594369378142,0.02494260649090882,-0.1822594369378142
"subset_eq(union(index(cardinality(B), A), index(cardinality(A), union(A, B))), index(cardinality(difference(B, A)), difference(A, B)))",0.0,0.5453116653310953,0.48237655345917196,0.1725056177751173,0.5453116653310953,complement-symmetric-entropy-v1,0.0,0.5453116653310953,0.5453116653310953,0.2293066893646713,0.5453116653310953,0.0,0.0,-0.06293511187192335,-0.056801071589554,0.0
"or(subset_eq(difference(A, B), index(cardinality(B), union(A, B))), equals(cardinality(A), cardinality(difference(B, A))))",0.705526957789248,0.0,0.23278611750001355,0.7488141304408129,0.7488141304408129,complement-symmetric-entropy-v1,0.705526957789248,0.0,0.0,0.7751554437268062,0.7751554437268062,0.0,0.0,0.23278611750001355,-0.026341313285993317,-0.026341313285993317
"subset_eq(difference(index(cardinality(A), union(A, B)), A), index(cardinality(difference(A, B)), index(cardinality(A), difference(B, A))))",0.0,0.0,0.6418128682346831,0.23802280600153447,0.6418128682346831,complement-symmetric-entropy-v1,0.0,0.0,0.5076555540758703,0.0,0.5076555540758703,0.0,0.0,0.13415731415881282,0.23802280600153447,0.13415731415881282
"subset_eq(intersection(A, index(cardinality(B), union(A, B))), index(cardinality(A), B))",0.668855609038558,0.0,0.06476130387857704,0.7982404950692772,0.7982404950692772,complement-symmetric-entropy-v1,0.668855609038558,0.0,0.0,0.7973925944041487,0.7973925944041487,0.0,0.0,0.06476130387857704,0.0008479006651285204,0.0008479006651285204
"subset_eq(union(difference(A, B), index(cardinality(A), B)), index(cardinality(difference(A, A)), difference(A, B)))",0.22661277482093034,0.3806699202269782,0.13106393085884904,0.02944922775057035,0.3806699202269782,complement-symmetric-entropy-v1,0.2266127748209303,0.3806699202269782,0.3806699202269782,0.2266127748209303,0.3806699202269782,2.7755575615628914e-17,0.0,-0.24960598936812917,-0.19716354707035996,0.0
"or(subset_eq(B, A), equals(cardinality(A), cardinality(difference(B, A))))",0.0,0.28454498713624676,0.6273388252810865,0.06476130387857704,0.6273388252810865,complement-symmetric-entropy-v1,0.0,0.2845449871362467,0.4170068851766176,0.0,0.4170068851766176,0.0,5.551115123125783e-17,0.21033194010446893,0.06476130387857704,0.21033194010446893
"or(subset_eq(B, index(cardinality(A), union(A, B))), subset_eq(difference(A, B), index(cardinality(B), union(A, B))))",0.0,0.0,0.34659394499311313,1.0,1.0,complement-symmetric-entropy-v1,0.0,0.0,0.0,1.0,1.0,0.0,0.0,0.34659394499311313,0.0,0.0
"and(subset_eq(index(cardinality(A), B), index(cardinality(A), difference(B, A))), subset_eq(index(cardinality(B), A), index(cardinality(B), difference(A, B))))",0.0,0.0,0.4095793425707205,0.4095793425707205,0.4095793425707205,complement-symmetric-entropy-v1,0.0,0.0,0.2682058352489518,0.2682058352489518,0.2682058352489518,0.0,0.0,0.14137350732176868,0.14137350732176868,0.14137350732176868
"and(subset_eq(index(cardinality(A), union(A, B)), intersection(A, B)), equals(cardinality(B), cardinality(difference(A, B))))",0.26328668151937207,0.5205251356844468,0.032995819802334236,0.032995819802334236,0.5205251356844468,complement-symmetric-entropy-v1,0.263286681519372,0.5205251356844468,0.6125623711640519,0.2145792905515116,0.6125623711640519,5.551115123125783e-17,0.0,-0.5795665513617176,-0.18158347074917736,-0.09203723547960507
"subset_eq(difference(index(cardinality(A), union(A, B)), index(cardinality(A), B)), intersection(intersection(A, B), index(cardinality(B), union(A, B))))",0.0,0.0,0.3278202794348877,0.3728202737099664,0.3728202737099664,complement-symmetric-entropy-v1,0.0,0.0,0.0,0.0,0.0,0.0,0.0,0.3278202794348877,0.3728202737099664,0.3728202737099664
"or(subset_eq(B, index(cardinality(B), union(A, B))), subset_eq(index(cardinality(A), union(A, B)), difference(B, A)))",0.0,0.0,0.6961142271870422,0.32034270493387507,0.6961142271870422,complement-symmetric-entropy-v1,0.0,0.0,0.5153211607584673,0.0,0.5153211607584673,0.0,0.0,0.18079306642857484,0.32034270493387507,0.18079306642857484
"and(or(subset_eq(A, B), greater_than(cardinality(B), cardinality(A))), not(subset_eq(B, difference(A, A))))",1.0,0.05251927635728282,0.0,1.0,1.0,complement-symmetric-entropy-v1,1.0,0.0525192763572828,0.0,1.0,1.0,0.0,2.0816681711721685e-17,0.0,0.0,0.0
"subset_eq(union(intersection(A, B), index(cardinality(B), union(A, B))), union(index(cardinality(A), union(A, B)), index(cardinality(B), difference(A, B))))",0.0,0.0,0.518369486657255,0.6554322962231788,0.6554322962231788,complement-symmetric-entropy-v1,0.0,0.0,0.6277289385661291,0.7495181601771241,0.7495181601771241,0.0,0.0,-0.10935945190887408,-0.09408586395394536,-0.09408586395394536
"subset_eq(difference(index(cardinality(B), union(A, B)), index(cardinality(A), B)), difference(union(difference(A, B), difference(B, A)), index(cardinality(A), union(A, B))))",0.0,0.0,0.2272620555878413,0.45447635492501504,0.45447635492501504,complement-symmetric-entropy-v1,0.0,0.0,0.0,0.2406782965679986,0.2406782965679986,0.0,0.0,0.2272620555878413,0.21379805835701643,0.21379805835701643
"subset_eq(index(cardinality(intersection(A, B)), difference(B, A)), intersection(index(cardinality(A), B), index(cardinality(B), union(A, B))))",0.0,1.0,0.2607326837368442,0.04215178582943613,1.0,complement-symmetric-entropy-v1,0.0,1.0,0.3781039265553697,0.0,1.0,0.0,0.0,-0.11737124281852546,0.04215178582943613,0.0
"subset_eq(difference(index(cardinality(B), union(A, B)), index(cardinality(A), difference(B, A))), difference(difference(A, B), index(cardinality(B), A)))",0.6826045506080582,0.0,0.06703741262941643,0.9415826489472614,0.9415826489472614,complement-symmetric-entropy-v1,0.6826045506080582,0.0,0.0,0.8993160751029149,0.8993160751029149,0.0,0.0,0.06703741262941643,0.04226657384434651,0.04226657384434651
"or(subset_eq(B, index(cardinality(B), union(A, B))), equals(cardinality(intersection(A, B)), cardinality(difference(A, B))))",0.0,0.0,0.4813091608506408,0.22946053089799423,0.4813091608506408,complement-symmetric-entropy-v1,0.0,0.0,0.7166750073744299,0.2396518494085495,0.7166750073744299,0.0,0.0,-0.2353658465237891,-0.01019131851055527,-0.2353658465237891
"subset_eq(union(index(cardinality(A), union(A, B)), index(cardinality(A), difference(B, A))), index(cardinality(intersection(A, B)), difference(B, A)))",0.0,0.0,0.7928234763730424,0.34714988190569285,0.7928234763730424,complement-symmetric-entropy-v1,0.0,0.0,0.534261616763205,0.0,0.534261616763205,0.0,0.0,0.25856185960983735,0.34714988190569285,0.25856185960983735
"and(or(not(subset_eq(A, B)), subset_eq(A, difference(A, A))), subset_eq(index(cardinality(A), union(A, B)), index(cardinality(B), A)))",0.0,0.9193075280546501,0.7778133737328548,0.11881483579112917,0.9193075280546501,complement-symmetric-entropy-v1,0.0,0.91930752805465,0.91930752805465,0.04044605909619,0.91930752805465,0.0,1.1102230246251565e-16,-0.14149415432179524,0.07836877669493916,1.1102230246251565e-16
"subset_eq(index(cardinality(B), A), index(cardinality(difference(A, A)), A))",0.0,0.0,0.2748740283375283,1.0,1.0,complement-symmetric-entropy-v1,0.0,0.0,0.0,1.0,1.0,0.0,0.0,0.2748740283375283,0.0,0.0
"and(or(or(subset_eq(A, B), subset_eq(B, A)), equals(cardinality(A), cardinality(B))), subset_eq(index(cardinality(B), A), difference(A, B)))",0.0,0.0,0.22852175233461802,0.3928196670257771,0.3928196670257771,complement-symmetric-entropy-v1,0.0,0.0,0.0,0.1816825235296815,0.1816825235296815,0.0,0.0,0.22852175233461802,0.21113714349609558,0.21113714349609558
"subset_eq(difference(index(cardinality(B), union(A, B)), intersection(A, B)), index(cardinality(difference(A, B)), union(difference(A, B), difference(B, A))))",0.4409282593324051,0.0,0.04215178582943613,0.3423763986338555,0.4409282593324051,complement-symmetric-entropy-v1,0.4409282593324051,0.0,0.0,0.3882433643594858,0.4409282593324051,0.0,0.0,0.04215178582943613,-0.045866965725630315,0.0
"subset_eq(difference(index(cardinality(B), union(A, B)), index(cardinality(A), difference(B, A))), index(cardinality(difference(A, B)), A))",0.622297862947542,0.0,0.06259108614261322,0.5273891216490957,0.622297862947542,complement-symmetric-entropy-v1,0.622297862947542,0.0,0.0,0.3611340396365177,0.622297862947542,0.0,0.0,0.06259108614261322,0.166255082012578,0.0
"subset_eq(index(cardinality(difference(B, A)), difference(A, B)), index(cardinality(difference(A, B)), union(A, B)))",0.9256905556475779,0.0,0.03498273530727869,0.9648692894516624,0.9648692894516624,complement-symmetric-entropy-v1,0.925690555647578,0.0,0.0,0.8698229399657404,0.925690555647578,-1.1102230246251565e-16,0.0,0.03498273530727869,0.09504634948592194,0.03917873380408443
"and(not(subset_eq(B, difference(A, A))), subset_eq(index(cardinality(A), difference(B, A)), index(cardinality(B), union(A, B))))",0.42652953747121114,1.0,0.0,0.0,1.0,complement-symmetric-entropy-v1,0.4265295374712111,1.0,0.5910210922003659,0.2003611198912788,1.0,5.551115123125783e-17,0.0,-0.5910210922003659,-0.2003611198912788,0.0
"and(subset_eq(index(cardinality(A), B), A), greater_than(cardinality(difference(B, A)), cardinality(intersection(A, B))))",0.19638428910523975,0.29492659216356376,0.0,0.0,0.29492659216356376,complement-symmetric-entropy-v1,0.1963842891052397,0.2949265921635637,0.4977454278973234,0.5369765754052223,0.5369765754052223,5.551115123125783e-17,5.551115123125783e-17,-0.4977454278973234,-0.5369765754052223,-0.2420499832416585
"subset_eq(intersection(A, B), index(cardinality(difference(A, A)), A))",0.0,0.0,1.0,1.0,1.0,complement-symmetric-entropy-v1,0.0,0.0,1.0,1.0,1.0,0.0,0.0,0.0,0.0,0.0
"subset_eq(index(cardinality(difference(B, A)), A), B)",0.5937647067303562,0.0,0.03921248762911278,0.665517020445592,0.665517020445592,complement-symmetric-entropy-v1,0.5937647067303562,0.0,0.0,0.512230800480787,0.5937647067303562,0.0,0.0,0.03921248762911278,0.15328621996480507,0.07175231371523583
"or(subset_eq(index(cardinality(B), union(A, B)), intersection(A, B)), greater_than(cardinality(A), cardinality(difference(B, A))))",0.0,0.0,0.5234101203509802,0.19638428910523975,0.5234101203509802,complement-symmetric-entropy-v1,0.0,0.0,0.0,0.0,0.0,0.0,0.0,0.5234101203509802,0.19638428910523975,0.5234101203509802
"subset_eq(union(index(cardinality(A), difference(B, A)), index(cardinality(B), union(A, B))), difference(A, index(cardinality(A), union(A, B))))",0.0,0.4572111932572608,0.47484899720237117,0.05664309548194357,0.47484899720237117,complement-symmetric-entropy-v1,0.0,0.4572111932572608,0.2513974584526229,0.0,0.4572111932572608,0.0,0.0,0.22345153874974827,0.05664309548194357,0.017637803945110386
"or(subset_eq(intersection(A, B), index(cardinality(B), union(A, B))), subset_eq(index(cardinality(B), union(A, B)), index(cardinality(A), B)))",0.0,0.0,0.5197605783297042,0.831150429854175,0.831150429854175,complement-symmetric-entropy-v1,0.0,0.0,0.0,0.7917087257590687,0.7917087257590687,0.0,0.0,0.5197605783297042,0.03944170409510628,0.03944170409510628
"or(subset_eq(difference(A, B), index(cardinality(B), union(A, B))), greater_than(cardinality(difference(A, B)), cardinality(intersection(A, B))))",0.0,0.0,0.5569741250636816,0.6652931441676075,0.6652931441676075,complement-symmetric-entropy-v1,0.0,0.0,0.0,0.4723638203590644,0.4723638203590644,0.0,0.0,0.5569741250636816,0.19292932380854316,0.19292932380854316
"subset_eq(index(cardinality(difference(A, B)), union(difference(A, B), difference(B, A))), index(cardinality(difference(A, A)), A))",0.0,0.5986053993224484,0.732406310373676,0.09274009458485388,0.732406310373676,complement-symmetric-entropy-v1,0.0,0.5986053993224484,0.7168654254665421,0.0,0.7168654254665421,0.0,0.0,0.0155408849071339,0.09274009458485388,0.0155408849071339
"subset_eq(index(cardinality(difference(A, A)), A), difference(A, index(cardinality(A), B)))",0.0,0.0,0.7694981854422881,0.2710386665608565,0.7694981854422881,complement-symmetric-entropy-v1,0.0,0.0,0.3788816230107958,0.0,0.3788816230107958,0.0,0.0,0.3906165624314923,0.2710386665608565,0.3906165624314923
"subset_eq(index(cardinality(intersection(A, B)), A), index(cardinality(difference(B, A)), B))",0.5767941234527911,0.0,0.08345270652094539,0.5682205978520747,0.5767941234527911,complement-symmetric-entropy-v1,0.5767941234527911,0.0,0.0,0.4543918099654392,0.5767941234527911,0.0,0.0,0.08345270652094539,0.11382878788663547,0.0
"or(and(subset_eq(A, difference(A, B)), greater_than(cardinality(B), cardinality(A))), subset_eq(index(cardinality(A), union(A, B)), index(cardinality(B), A)))",0.0,0.0,0.6170705541338053,0.23250881784911603,0.6170705541338053,complement-symmetric-entropy-v1,0.0,0.0,0.7288258524461282,0.0,0.7288258524461282,0.0,0.0,-0.11175529831232289,0.23250881784911603,-0.11175529831232289
"subset_eq(index(cardinality(intersection(A, B)), difference(B, A)), index(cardinality(difference(A, B)), difference(B, A)))",0.0,0.0,0.2578318588438401,0.12379012171857229,0.2578318588438401,complement-symmetric-entropy-v1,0.0,0.0,0.3472349011774455,0.0,0.3472349011774455,0.0,0.0,-0.08940304233360541,0.12379012171857229,-0.08940304233360541
"and(or(not(subset_eq(B, A)), subset_eq(A, difference(A, B))), subset_eq(index(cardinality(A), difference(B, A)), index(cardinality(B), union(A, B))))",0.0,0.262301217567369,0.20777611467030466,0.050331732446856625,0.262301217567369,complement-symmetric-entropy-v1,0.0,0.262301217567369,0.3462885561248922,0.4409202066429969,0.4409202066429969,0.0,0.0,-0.13851244145458752,-0.3905884741961403,-0.1786189890756279
"and(subset_eq(index(cardinality(A), B), A), subset_eq(index(cardinality(B), difference(A, B)), index(cardinality(B), A)))",0.0,0.5613963449370192,0.42275154584114605,0.03685208408560037,0.5613963449370192,complement-symmetric-entropy-v1,0.0,0.5613963449370192,0.4909020427093343,0.0665960744429149,0.5613963449370192,0.0,0.0,-0.06815049686818825,-0.029743990357314537,0.0
"and(or(subset_eq(A, B), not(subset_eq(B, A))), subset_eq(intersection(A, B), index(cardinality(A), B)))",0.2399649650810901,0.0,0.12265103249181153,0.8800873933708101,0.8800873933708101,complement-symmetric-entropy-v1,0.2399649650810901,0.0,0.5707061847509554,0.8990483769762165,0.8990483769762165,0.0,0.0,-0.44805515225914383,-0.018960983605406434,-0.018960983605406434
"subset_eq(difference(index(cardinality(A), union(A, B)), index(cardinality(B), union(A, B))), index(cardinality(difference(A, B)), intersection(A, B)))",0.0,0.38485235078379887,0.4464618157259548,0.053084487055320206,0.4464618157259548,complement-symmetric-entropy-v1,0.0,0.3848523507837988,0.4266556734975748,0.0,0.4266556734975748,0.0,5.551115123125783e-17,0.019806142228379953,0.053084487055320206,0.019806142228379953
"subset_eq(difference(index(cardinality(B), union(A, B)), index(cardinality(B), difference(A, B))), index(cardinality(difference(B, A)), intersection(A, B)))",0.0,0.0,0.28812299724994606,0.5647906894890703,0.5647906894890703,complement-symmetric-entropy-v1,0.0,0.0,0.0,0.4675049491792304,0.4675049491792304,0.0,0.0,0.28812299724994606,0.09728574030983989,0.09728574030983989
"subset_eq(union(index(cardinality(A), B), index(cardinality(B), difference(A, B))), difference(difference(A, B), index(cardinality(B), A)))",0.15844816988102894,0.5078990971147468,0.004007107372752783,0.004007107372752783,0.5078990971147468,complement-symmetric-entropy-v1,0.1584481698810289,0.5078990971147468,0.5078990971147468,0.1118324735038616,0.5078990971147468,5.551115123125783e-17,0.0,-0.503891989741994,-0.10782536613110882,0.0
"subset_eq(index(cardinality(intersection(A, B)), B), difference(index(cardinality(A), union(A, B)), index(cardinality(A), B)))",0.0,0.7652660819404359,0.6639505470173683,0.060519162466723064,0.7652660819404359,complement-symmetric-entropy-v1,0.0,0.7652660819404359,0.6519284995507919,0.0,0.7652660819404359,0.0,0.0,0.012022047466576424,0.060519162466723064,0.0
"or(or(subset_eq(B, A), subset_eq(A, difference(A, B))), subset_eq(index(cardinality(B), union(A, B)), difference(B, A)))",0.0,0.0,0.6183866185813938,0.6096615123042508,0.6183866185813938,complement-symmetric-entropy-v1,0.0,0.0,0.0,0.0,0.0,0.0,0.0,0.6183866185813938,0.6096615123042508,0.6183866185813938
"subset_eq(index(cardinality(A), B), difference(B, index(cardinality(A), union(A, B))))",0.0,1.0,1.0,0.03685208408560037,1.0,complement-symmetric-entropy-v1,0.0,1.0,1.0,0.0,1.0,0.0,0.0,0.0,0.03685208408560037,0.0
"subset_eq(difference(index(cardinality(B), union(A, B)), index(cardinality(B), difference(A, B))), difference(intersection(A, B), index(cardinality(A), B)))",0.0,0.0,0.2442403765031983,0.4108797735425934,0.4108797735425934,complement-symmetric-entropy-v1,0.0,0.0,0.0,0.2481521845896718,0.2481521845896718,0.0,0.0,0.2442403765031983,0.1627275889529216,0.1627275889529216
"subset_eq(difference(index(cardinality(B), union(A, B)), index(cardinality(B), A)), index(cardinality(difference(A, A)), difference(B, A)))",0.0,0.0,0.5269775155704957,0.38555538729662087,0.5269775155704957,complement-symmetric-entropy-v1,0.0,0.0,0.0,0.0,0.0,0.0,0.0,0.5269775155704957,0.38555538729662087,0.5269775155704957
"or(and(not(subset_eq(B, A)), greater_than(cardinality(A), cardinality(B))), subset_eq(index(cardinality(B), union(A, B)), index(cardinality(A), difference(B, A))))",0.376499438923394,0.0,0.07458904125639076,0.5721716345722149,0.5721716345722149,complement-symmetric-entropy-v1,0.376499438923394,0.0,0.0,0.4504823317590167,0.4504823317590167,0.0,0.0,0.07458904125639076,0.12168930281319817,0.12168930281319817
"or(subset_eq(B, A), or(subset_eq(A, difference(A, A)), greater_than(cardinality(A), cardinality(B))))",0.0,0.0,1.0,0.15985273155937985,1.0,complement-symmetric-entropy-v1,0.0,0.0,1.0,0.0,1.0,0.0,0.0,0.0,0.15985273155937985,0.0
"subset_eq(difference(intersection(A, B), index(cardinality(A), B)), intersection(index(cardinality(B), A), index(cardinality(B), union(A, B))))",0.0,0.0,0.6992145673383117,0.6992145673383117,0.6992145673383117,complement-symmetric-entropy-v1,0.0,0.0,0.714846912715227,0.7505930133353206,0.7505930133353206,0.0,0.0,-0.01563234537691538,-0.051378445997008915,-0.051378445997008915
"subset_eq(difference(index(cardinality(A), B), index(cardinality(B), union(A, B))), index(cardinality(difference(A, B)), union(difference(A, B), difference(B, A))))",0.0,0.0,0.9557786577082632,0.3161198036727202,0.9557786577082632,complement-symmetric-entropy-v1,0.0,0.0,0.9384777340450048,0.0,0.9384777340450048,0.0,0.0,0.017300923663258416,0.3161198036727202,0.017300923663258416
"subset_eq(union(index(cardinality(B), A), index(cardinality(A), difference(B, A))), index(cardinality(difference(B, A)), B))",0.3235461457220663,0.197035671737112,0.0034694413480178543,0.0034694413480178543,0.3235461457220663,complement-symmetric-entropy-v1,0.3235461457220663,0.197035671737112,0.1520820071330819,0.3664125644611069,0.3664125644611069,0.0,0.0,-0.14861256578506404,-0.3629431231130891,-0.042866418739040624
"not(or(and(subset_eq(A, B), subset_eq(B, A)), subset_eq(A, difference(A, A))))",0.40617574161030545,0.5294186800885365,0.42961090057805584,0.0,0.5294186800885365,complement-symmetric-entropy-v1,0.4061757416103054,0.5294186800885365,0.4358574548658428,0.0224950487827036,0.5294186800885365,5.551115123125783e-17,0.0,-0.006246554287786976,-0.0224950487827036,0.0
"or(subset_eq(index(cardinality(B), union(A, B)), difference(A, B)), subset_eq(index(cardinality(B), A), index(cardinality(B), union(A, B))))",0.0,0.0,0.4239103490809467,0.6717121809090647,0.6717121809090647,complement-symmetric-entropy-v1,0.0,0.0,0.0,0.0,0.0,0.0,0.0,0.4239103490809467,0.6717121809090647,0.6717121809090647
"and(and(subset_eq(B, A), not(subset_eq(A, B))), subset_eq(index(cardinality(B), A), B))",0.3168798341872261,0.7768201616517451,0.0,0.0,0.7768201616517451,complement-symmetric-entropy-v1,0.3168798341872261,0.7768201616517451,0.5768075888774533,0.161673368994603,0.7768201616517451,0.0,0.0,-0.5768075888774533,-0.161673368994603,0.0
"subset_eq(union(intersection(A, B), index(cardinality(A), B)), index(cardinality(A), index(cardinality(A), B)))",0.0,0.0,1.0,0.8148425484701787,1.0,complement-symmetric-entropy-v1,0.0,0.0,1.0,0.7702869531162033,1.0,0.0,0.0,0.0,0.04455559535397535,0.0
"subset_eq(index(cardinality(difference(B, A)), difference(A, B)), difference(index(cardinality(B), A), index(cardinality(A), union(A, B))))",0.0,0.0,0.2852498745763865,0.8015842664451569,0.8015842664451569,complement-symmetric-entropy-v1,0.0,0.0,0.0,0.6835971595447421,0.6835971595447421,0.0,0.0,0.2852498745763865,0.1179871069004148,0.1179871069004148
"subset_eq(index(cardinality(intersection(A, B)), index(cardinality(B), union(A, B))), index(cardinality(intersection(A, B)), A))",0.0,0.0,0.3169939350216351,0.3169939350216351,0.3169939350216351,complement-symmetric-entropy-v1,0.0,0.0,0.0,0.0,0.0,0.0,0.0,0.3169939350216351,0.3169939350216351,0.3169939350216351
"or(and(subset_eq(A, difference(A, B)), greater_than(cardinality(B), cardinality(A))), subset_eq(difference(B, A), index(cardinality(B), union(A, B))))",0.0,0.0,0.6240900233067604,0.27333866229867254,0.6240900233067604,complement-symmetric-entropy-v1,0.0,0.0,0.7230300871053559,0.0,0.7230300871053559,0.0,0.0,-0.09894006379859543,0.27333866229867254,-0.09894006379859543
"subset_eq(union(index(cardinality(B), A), index(cardinality(A), union(A, B))), difference(B, index(cardinality(A), B)))",0.24836103785993324,0.40299229020051563,0.006319489289457025,0.006319489289457025,0.40299229020051563,complement-symmetric-entropy-v1,0.2483610378599332,0.4029922902005156,0.359745765929463,0.2043368434567334,0.4029922902005156,5.551115123125783e-17,5.551115123125783e-17,-0.353426276640006,-0.19801735416727637,5.551115123125783e-17
"subset_eq(union(index(cardinality(B), A), index(cardinality(B), union(A, B))), union(difference(B, A), index(cardinality(A), B)))",0.9422705810192149,0.0,0.07108931883439773,0.9410434897869399,0.9422705810192149,complement-symmetric-entropy-v1,0.9422705810192148,0.0,0.0,0.9422705810192148,0.9422705810192148,1.1102230246251565e-16,0.0,0.07108931883439773,-0.001227091232274935,1.1102230246251565e-16
"subset_eq(index(cardinality(difference(B, A)), union(A, B)), index(cardinality(difference(A, B)), B))",0.4132113471319956,0.0,0.1835677040084006,0.34409305609717855,0.4132113471319956,complement-symmetric-entropy-v1,0.4132113471319956,0.0,0.1877245798286613,0.3838226720264792,0.4132113471319956,0.0,0.0,-0.004156875820260697,-0.03972961592930063,0.0
"subset_eq(index(cardinality(A), union(difference(A, B), difference(B, A))), union(B, index(cardinality(B), union(A, B))))",0.0,0.0,0.3092356039173455,0.41755610234962226,0.41755610234962226,complement-symmetric-entropy-v1,0.0,0.0,0.0,0.0,0.0,0.0,0.0,0.3092356039173455,0.41755610234962226,0.41755610234962226
"or(equals(cardinality(A), cardinality(B)), subset_eq(A, index(cardinality(A), B)))",0.3481971676828731,0.0,0.09799698901363885,0.2943917329786436,0.3481971676828731,complement-symmetric-entropy-v1,0.3481971676828731,0.0,0.1862718813021182,0.3481971676828731,0.3481971676828731,0.0,0.0,-0.08827489228847935,-0.05380543470422949,0.0
"or(subset_eq(index(cardinality(B), union(A, B)), A), greater_than(cardinality(A), cardinality(difference(B, A))))",0.0,0.0,0.5714021571241101,0.2847075187271918,0.5714021571241101,complement-symmetric-entropy-v1,0.0,0.0,0.0,0.0,0.0,0.0,0.0,0.5714021571241101,0.2847075187271918,0.5714021571241101
"and(not(subset_eq(B, A)), or(subset_eq(A, difference(A, B)), equals(cardinality(A), cardinality(B))))",0.3057399751712663,0.048763592572735326,0.0,0.4616034536868161,0.4616034536868161,complement-symmetric-entropy-v1,0.3057399751712663,0.0487635925727353,0.3638395354468763,0.4546350336488182,0.4546350336488182,0.0,2.7755575615628914e-17,-0.3638395354468763,0.006968420037997913,0.006968420037997913
"subset_eq(union(index(cardinality(A), B), index(cardinality(B), A)), difference(union(A, B), index(cardinality(A), union(A, B))))",0.0,0.6609551450600806,0.5379985110358697,0.04393305638101985,0.6609551450600806,complement-symmetric-entropy-v1,0.0,0.6609551450600806,0.6609551450600806,0.0,0.6609551450600806,0.0,0.0,-0.12295663402421086,0.04393305638101985,0.0
"and(not(and(subset_eq(A, B), subset_eq(B, A))), subset_eq(index(cardinality(A), union(A, B)), union(difference(A, B), difference(B, A))))",0.010248405937320126,0.010248405937320126,0.49830586555930456,0.28653270400116015,0.49830586555930456,complement-symmetric-entropy-v1,0.0102484059373201,0.0102484059373201,0.4005524678387999,0.0521681210861032,0.4005524678387999,2.6020852139652106e-17,2.6020852139652106e-17,0.09775339772050468,0.23436458291505696,0.09775339772050468
"and(or(subset_eq(A, B), subset_eq(B, difference(A, A))), subset_eq(index(cardinality(A), B), difference(B, A)))",0.0,0.0,0.35016946723673725,0.5978262310543361,0.5978262310543361,complement-symmetric-entropy-v1,0.0,0.0,0.1510317152745842,0.6357558407524342,0.6357558407524342,0.0,0.0,0.19913775196215305,-0.03792960969809811,-0.03792960969809811
"and(not(subset_eq(A, B)), subset_eq(index(cardinality(B), union(A, B)), index(cardinality(B), difference(A, B))))",0.02138967192524832,1.0,1.0,0.0,1.0,complement-symmetric-entropy-v1,0.0213896719252483,1.0,1.0,0.6186320274498884,1.0,2.0816681711721685e-17,0.0,0.0,-0.6186320274498884,0.0
"or(subset_eq(index(cardinality(B), union(A, B)), intersection(A, B)), subset_eq(index(cardinality(B), A), index(cardinality(B), union(A, B))))",0.0,0.0,0.3580065793776528,0.6122275569656457,0.6122275569656457,complement-symmetric-entropy-v1,0.0,0.0,0.0,0.0,0.0,0.0,0.0,0.3580065793776528,0.6122275569656457,0.6122275569656457
"subset_eq(difference(difference(B, A), index(cardinality(A), B)), index(cardinality(intersection(A, B)), union(difference(A, B), difference(B, A))))",0.0,0.3330829776949794,0.5097549132471926,0.18519026573958253,0.5097549132471926,complement-symmetric-entropy-v1,0.0,0.3330829776949794,0.5636205461377306,0.0,0.5636205461377306,0.0,0.0,-0.05386563289053803,0.18519026573958253,-0.05386563289053803
"subset_eq(union(index(cardinality(B), union(A, B)), index(cardinality(B), difference(A, B))), index(cardinality(difference(B, A)), intersection(A, B)))",0.6854387360575092,0.0,0.10080301862829544,0.7248889383281595,0.7248889383281595,complement-symmetric-entropy-v1,0.6854387360575092,0.0,0.0,0.600859491850984,0.6854387360575092,0.0,0.0,0.10080301862829544,0.12402944647717551,0.039450202270650325
"subset_eq(intersection(A, index(cardinality(B), union(A, B))), union(index(cardinality(A), B), index(cardinality(B), A)))",0.0,0.0,0.47047284801151035,0.4425844744783034,0.47047284801151035,complement-symmetric-entropy-v1,0.0,0.0,0.0,0.0,0.0,0.0,0.0,0.47047284801151035,0.4425844744783034,0.47047284801151035
"subset_eq(index(cardinality(intersection(A, B)), union(difference(A, B), difference(B, A))), difference(index(cardinality(A), union(A, B)), index(cardinality(A), difference(B, A))))",0.4563641414858678,0.41420320096884966,0.004396980006304951,0.004396980006304951,0.4563641414858678,complement-symmetric-entropy-v1,0.4563641414858678,0.4142032009688496,0.189879339474144,0.189879339474144,0.4563641414858678,0.0,5.551115123125783e-17,-0.18548235946783906,-0.18548235946783906,0.0
"subset_eq(difference(index(cardinality(A), union(A, B)), index(cardinality(A), difference(B, A))), intersection(intersection(A, B), index(cardinality(B), union(A, B))))",0.0,0.0,0.5992039187293039,0.2299481464603056,0.5992039187293039,complement-symmetric-entropy-v1,0.0,0.0,0.521389162793662,0.0,0.521389162793662,0.0,0.0,0.07781475593564191,0.2299481464603056,0.07781475593564191
"or(subset_eq(intersection(A, B), index(cardinality(B), A)), equals(cardinality(B), cardinality(difference(A, B))))",0.0,0.0,0.7339257114353287,0.503341035428297,0.7339257114353287,complement-symmetric-entropy-v1,0.0,0.0,0.787779850035025,0.3656590692652531,0.787779850035025,0.0,0.0,-0.053854138599696344,0.1376819661630439,-0.053854138599696344
"or(or(subset_eq(B, A), equals(cardinality(A), cardinality(B))), subset_eq(index(cardinality(B), union(A, B)), index(cardinality(B), difference(A, B))))",0.0,0.0,0.36831460841974095,0.3305375627022916,0.36831460841974095,complement-symmetric-entropy-v1,0.0,0.0,0.0,0.0,0.0,0.0,0.0,0.36831460841974095,0.3305375627022916,0.36831460841974095
"subset_eq(union(intersection(A, B), index(cardinality(B), union(A, B))), union(index(cardinality(A), union(A, B)), index(cardinality(A), difference(B, A))))",0.4508999451982487,0.0,0.17606233478791844,0.889404351718116,0.889404351718116,complement-symmetric-entropy-v1,0.4508999451982487,0.0,0.5519798661574531,0.8930996083973695,0.8930996083973695,0.0,0.0,-0.37591753136953465,-0.0036952566792534114,-0.0036952566792534114
"or(and(subset_eq(A, difference(A, B)), equals(cardinality(A), cardinality(B))), subset_eq(difference(B, A), index(cardinality(A), difference(B, A))))",0.0,0.6060307765275619,0.8519213398742377,0.3036187234640878,0.8519213398742377,complement-symmetric-entropy-v1,0.0,0.6060307765275619,0.7770188904994668,0.0,0.7770188904994668,0.0,0.0,0.07490244937477086,0.3036187234640878,0.07490244937477086
"and(or(subset_eq(A, difference(A, B)), greater_than(cardinality(B), cardinality(A))), greater_than(cardinality(A), cardinality(difference(B, A))))",0.027555420506497064,0.5278763420485828,0.527175041186942,0.0,0.5278763420485828,complement-symmetric-entropy-v1,0.027555420506497,0.5278763420485828,0.2647219841239109,0.4836423996836212,0.5278763420485828,6.245004513516506e-17,0.0,0.2624530570630311,-0.4836423996836212,0.0
"subset_eq(intersection(A, B), index(cardinality(intersection(A, B)), A))",0.0,0.0,1.0,0.5183633763468172,1.0,complement-symmetric-entropy-v1,0.0,0.0,1.0,0.6276911406750408,1.0,0.0,0.0,0.0,-0.10932776432822366,0.0
"or(or(subset_eq(A, difference(A, A)), greater_than(cardinality(A), cardinality(B))), greater_than(cardinality(difference(B, A)), cardinality(A)))",0.0,0.0,0.5626760344497808,0.26069474583827124,0.5626760344497808,complement-symmetric-entropy-v1,0.0,0.0,0.5691875863096023,0.0517060150043787,0.5691875863096023,0.0,0.0,-0.006511551859821552,0.20898873083389252,-0.006511551859821552
"or(and(subset_eq(A, B), not(subset_eq(B, A))), greater_than(cardinality(difference(A, B)), cardinality(intersection(A, B))))",0.005655307937498022,0.005655307937498022,0.3565001486062267,0.4909454621253978,0.4909454621253978,complement-symmetric-entropy-v1,0.005655307937498,0.005655307937498,0.0643642376117721,0.4057996863010109,0.4057996863010109,2.168404344971009e-17,2.168404344971009e-17,0.2921359109944546,0.08514577582438693,0.08514577582438693
"and(not(subset_eq(B, difference(A, A))), subset_eq(index(cardinality(A), union(A, B)), difference(A, B)))",0.1776825724233656,0.6599655061321996,0.0,0.0,0.6599655061321996,complement-symmetric-entropy-v1,0.1776825724233656,0.6599655061321996,0.6301593296705605,0.0536573643374351,0.6599655061321996,0.0,0.0,-0.6301593296705605,-0.0536573643374351,0.0
"subset_eq(index(cardinality(intersection(A, B)), index(cardinality(A), union(A, B))), A)",0.0,0.9425184024721647,0.3798616432962063,0.02537556199692137,0.9425184024721647,complement-symmetric-entropy-v1,0.0,0.9425184024721648,0.2762149748305875,0.0,0.9425184024721648,0.0,-1.1102230246251565e-16,0.10364666846561882,0.02537556199692137,-1.1102230246251565e-16
"and(subset_eq(index(cardinality(B), A), difference(A, B)), equals(cardinality(B), cardinality(difference(A, B))))",0.16976749826814042,0.3890952950790756,0.018985274690807574,0.018985274690807574,0.3890952950790756,complement-symmetric-entropy-v1,0.1697674982681404,0.3890952950790756,0.4821649804599847,0.3629963773501474,0.4821649804599847,2.7755575615628914e-17,0.0,-0.4631797057691771,-0.3440111026593398,-0.0930696853809091
"subset_eq(difference(intersection(A, B), index(cardinality(B), union(A, B))), index(cardinality(difference(A, B)), B))",0.0,0.0,0.7711080535393678,0.5717370660651555,0.7711080535393678,complement-symmetric-entropy-v1,0.0,0.0,0.7017069551242433,0.6438208961383602,0.7017069551242433,0.0,0.0,0.06940109841512454,-0.07208383007320474,0.06940109841512454
"and(or(not(subset_eq(A, B)), subset_eq(A, difference(A, A))), subset_eq(index(cardinality(A), B), difference(B, A)))",0.0,0.0,1.0,0.21337955686588184,1.0,complement-symmetric-entropy-v1,0.0,0.0,1.0,0.1406292937014673,1.0,0.0,0.0,0.0,0.07275026316441455,0.0
"subset_eq(union(index(cardinality(A), B), index(cardinality(A), difference(B, A))), index(cardinality(A), union(A, B)))",0.0,0.0,0.7864365925850537,0.27565514636830346,0.7864365925850537,complement-symmetric-entropy-v1,0.0,0.0,0.4411803396911569,0.0,0.4411803396911569,0.0,0.0,0.34525625289389683,0.27565514636830346,0.34525625289389683
"and(or(subset_eq(B, A), greater_than(cardinality(B), cardinality(A))), greater_than(cardinality(difference(A, B)), cardinality(intersection(A, B))))",0.027555420506497064,0.28519524891038295,0.527175041186942,0.0,0.527175041186942,complement-symmetric-entropy-v1,0.027555420506497,0.2851952489103829,0.7558681111979669,0.4036332796491495,0.7558681111979669,6.245004513516506e-17,5.551115123125783e-17,-0.2286930700110249,-0.4036332796491495,-0.2286930700110249
"subset_eq(union(index(cardinality(A), B), index(cardinality(B), difference(A, B))), index(cardinality(difference(A, B)), union(difference(A, B), difference(B, A))))",0.2784295230190318,0.0,0.044390973915349186,0.2539779365649226,0.2784295230190318,complement-symmetric-entropy-v1,0.2784295230190318,0.0,0.3216972117333959,0.2784295230190318,0.3216972117333959,0.0,0.0,-0.2773062378180467,-0.024451586454109164,-0.043267688714364094
"or(subset_eq(index(cardinality(B), union(A, B)), union(difference(A, B), difference(B, A))), equals(cardinality(intersection(A, B)), cardinality(difference(B, A))))",0.0,0.0,0.3648908633201914,0.7960570751039721,0.7960570751039721,complement-symmetric-entropy-v1,0.0,0.0,0.0,0.5580072192682736,0.5580072192682736,0.0,0.0,0.3648908633201914,0.2380498558356985,0.2380498558356985
"or(subset_eq(B, index(cardinality(A), B)), subset_eq(index(cardinality(A), B), A))",0.0,0.6916267342363898,0.8390725867053394,0.18986598186558146,0.8390725867053394,complement-symmetric-entropy-v1,0.0,0.6916267342363898,0.593065096101795,0.0,0.6916267342363898,0.0,0.0,0.24600749060354432,0.18986598186558146,0.1474458524689496
"subset_eq(index(cardinality(difference(A, B)), intersection(A, B)), index(cardinality(intersection(A, B)), B))",0.0,0.0,0.6836250486557003,0.3571641081177239,0.6836250486557003,complement-symmetric-entropy-v1,0.0,0.0,0.6039780145414619,0.2493502529157958,0.6039780145414619,0.0,0.0,0.07964703411423835,0.10781385520192813,0.07964703411423835
"and(not(and(subset_eq(A, B), subset_eq(B, A))), subset_eq(index(cardinality(A), union(A, B)), B))",0.010248405937320126,0.010248405937320126,0.25032482701042624,0.28653270400116015,0.28653270400116015,complement-symmetric-entropy-v1,0.0102484059373201,0.0102484059373201,0.0102484059373201,0.0102484059373201,0.0102484059373201,2.6020852139652106e-17,2.6020852139652106e-17,0.24007642107310614,0.27628429806384003,0.27628429806384003
"subset_eq(index(cardinality(difference(A, B)), A), difference(index(cardinality(A), union(A, B)), index(cardinality(B), union(A, B))))",0.0,0.0,0.5866848294128083,0.7688742848022364,0.7688742848022364,complement-symmetric-entropy-v1,0.0,0.0,0.5138203878601999,0.6419048506795606,0.6419048506795606,0.0,0.0,0.0728644415526084,0.1269694341226758,0.1269694341226758
"subset_eq(difference(A, index(cardinality(B), union(A, B))), index(cardinality(intersection(A, B)), B))",0.4662010588100891,0.0,0.527175041186942,1.0,1.0,complement-symmetric-entropy-v1,0.4662010588100891,0.0,0.586048199360983,1.0,1.0,0.0,0.0,-0.05887315817404093,0.0,0.0
"and(not(equals(cardinality(A), cardinality(B))), greater_than(cardinality(intersection(A, B)), cardinality(difference(B, A))))",0.32452197976240127,0.7119917696739595,0.0,0.0,0.7119917696739595,complement-symmetric-entropy-v1,0.3245219797624012,0.7119917696739595,0.2918752402640011,0.0361055206424526,0.7119917696739595,5.551115123125783e-17,0.0,-0.2918752402640011,-0.0361055206424526,0.0
"and(or(subset_eq(A, B), not(subset_eq(B, A))), subset_eq(index(cardinality(A), union(A, B)), difference(B, A)))",0.5404767003571616,0.0,0.09149443997629914,0.5119348138425546,0.5404767003571616,complement-symmetric-entropy-v1,0.5404767003571616,0.0,0.2093233747241327,0.5404767003571616,0.5404767003571616,0.0,0.0,-0.11782893474783357,-0.028541886514606984,0.0
"and(or(subset_eq(B, difference(A, A)), greater_than(cardinality(A), cardinality(B))), subset_eq(index(cardinality(B), union(A, B)), intersection(A, B)))",0.2788199251616502,0.6053438224353886,0.02424946724830923,0.02424946724830923,0.6053438224353886,complement-symmetric-entropy-v1,0.2788199251616502,0.6053438224353886,0.5632887480768336,0.1694971972373794,0.6053438224353886,0.0,0.0,-0.5390392808285244,-0.14524772998907018,0.0
"or(subset_eq(index(cardinality(A), union(A, B)), B), equals(cardinality(intersection(A, B)), cardinality(difference(A, B))))",0.0,0.0,0.3216555317777212,0.4505379979862719,0.4505379979862719,complement-symmetric-entropy-v1,0.0,0.0,0.0,0.0,0.0,0.0,0.0,0.3216555317777212,0.4505379979862719,0.4505379979862719
"subset_eq(union(index(cardinality(A), union(A, B)), index(cardinality(B), union(A, B))), union(difference(A, B), difference(B, A)))",0.0,0.0,0.4871135935723464,0.4871135935723464,0.4871135935723464,complement-symmetric-entropy-v1,0.0,0.0,0.2768633079220871,0.2768633079220871,0.2768633079220871,0.0,0.0,0.21025028565025933,0.21025028565025933,0.21025028565025933
"subset_eq(difference(index(cardinality(A), union(A, B)), index(cardinality(A), difference(B, A))), index(cardinality(difference(A, B)), intersection(A, B)))",0.0,0.0,0.5647906894890703,0.28812299724994606,0.5647906894890703,complement-symmetric-entropy-v1,0.0,0.0,0.4675049491792304,0.0,0.4675049491792304,0.0,0.0,0.09728574030983989,0.28812299724994606,0.09728574030983989
"or(subset_eq(A, difference(A, A)), subset_eq(index(cardinality(A), union(A, B)), A))",0.0,0.0,0.7031314175786549,0.21238185225338602,0.7031314175786549,complement-symmetric-entropy-v1,0.0,0.0,0.6276529836538265,0.0,0.6276529836538265,0.0,0.0,0.07547843392482845,0.21238185225338602,0.07547843392482845
"subset_eq(union(index(cardinality(A), union(A, B)), index(cardinality(B), difference(A, B))), index(cardinality(difference(A, A)), A))",0.0,0.2553959880612754,0.3829089246098498,0.10525736371799088,0.3829089246098498,complement-symmetric-entropy-v1,0.0,0.2553959880612754,0.5767796110957449,0.0917916515664005,0.5767796110957449,0.0,0.0,-0.19387068648589512,0.013465712151590384,-0.19387068648589512
"or(subset_eq(A, difference(A, B)), greater_than(cardinality(difference(A, B)), cardinality(B)))",0.0,0.0,1.0,0.684919879279652,1.0,complement-symmetric-entropy-v1,0.0,0.0,1.0,0.7286841606821194,1.0,0.0,0.0,0.0,-0.04376428140246735,0.0
"subset_eq(union(index(cardinality(B), union(A, B)), index(cardinality(B), difference(A, B))), difference(difference(B, A), index(cardinality(A), union(A, B))))",0.9208324884439926,0.0,0.09149443997629914,0.9134382755074236,0.9208324884439926,complement-symmetric-entropy-v1,0.9208324884439926,0.0,0.0,0.7905281795361053,0.9208324884439926,0.0,0.0,0.09149443997629914,0.1229100959713183,0.0
"subset_eq(index(cardinality(difference(B, A)), B), union(difference(B, A), index(cardinality(A), B)))",0.0,0.0,0.3279966071543954,0.7267313753038109,0.7267313753038109,complement-symmetric-entropy-v1,0.0,0.0,0.2656152830763083,0.8732330691309071,0.8732330691309071,0.0,0.0,0.06238132407808711,-0.1465016938270962,-0.1465016938270962
"or(or(subset_eq(A, B), greater_than(cardinality(B), cardinality(A))), subset_eq(intersection(A, B), index(cardinality(B), A)))",0.0,0.0,0.46015813522549365,0.8173031139747952,0.8173031139747952,complement-symmetric-entropy-v1,0.0,0.0,0.0,0.7245356314625002,0.7245356314625002,0.0,0.0,0.46015813522549365,0.09276748251229494,0.09276748251229494
"subset_eq(index(cardinality(difference(A, B)), union(A, B)), union(intersection(A, B), index(cardinality(A), union(A, B))))",0.0,0.0,0.432032209462468,0.432032209462468,0.432032209462468,complement-symmetric-entropy-v1,0.0,0.0,0.2446366622471453,0.313757012231273,0.313757012231273,0.0,0.0,0.1873955472153227,0.118275197231195,0.118275197231195
"subset_eq(union(index(cardinality(A), union(A, B)), index(cardinality(B), union(A, B))), index(cardinality(difference(A, B)), A))",0.32587169294160756,0.3015716877709391,0.010049460706230029,0.010049460706230029,0.32587169294160756,complement-symmetric-entropy-v1,0.3258716929416075,0.3015716877709391,0.3176165670461469,0.1911508645399,0.3258716929416075,5.551115123125783e-17,0.0,-0.30756710633991685,-0.18110140383366996,5.551115123125783e-17
"subset_eq(index(cardinality(intersection(A, B)), B), index(cardinality(difference(A, A)), A))",0.0,0.5258054340692109,0.6490023803726399,0.09274009458485388,0.6490023803726399,complement-symmetric-entropy-v1,0.0,0.5258054340692109,0.5333917236177028,0.0,0.5333917236177028,0.0,0.0,0.11561065675493709,0.09274009458485388,0.11561065675493709
"subset_eq(union(difference(B, A), index(cardinality(B), A)), index(cardinality(intersection(A, B)), union(difference(A, B), difference(B, A))))",0.0,0.33906523723892523,0.4667816097220101,0.37338308170391676,0.4667816097220101,complement-symmetric-entropy-v1,0.0,0.3390652372389252,0.4448719116270738,0.2761886932449824,0.4448719116270738,0.0,5.551115123125783e-17,0.021909698094936314,0.09719438845893436,0.021909698094936314
"and(or(subset_eq(B, A), subset_eq(A, difference(A, B))), subset_eq(index(cardinality(B), difference(A, B)), index(cardinality(B), union(A, B))))",0.0,0.0,0.5554306252347474,0.519405811876424,0.5554306252347474,complement-symmetric-entropy-v1,0.0,0.0,0.6941911424389917,0.0640265221809279,0.6941911424389917,0.0,0.0,-0.13876051720424432,0.45537928969549607,-0.13876051720424432
"or(subset_eq(A, B), or(subset_eq(A, difference(A, B)), greater_than(cardinality(A), cardinality(B))))",0.0,0.0,0.6472872349448583,0.5496427354868871,0.6472872349448583,complement-symmetric-entropy-v1,0.0,0.0,0.0,0.0,0.0,0.0,0.0,0.6472872349448583,0.5496427354868871,0.6472872349448583
"subset_eq(index(cardinality(difference(A, B)), union(difference(A, B), difference(B, A))), difference(index(cardinality(A), B), index(cardinality(A), difference(B, A))))",0.0,0.5258054340692109,0.6490023803726399,0.09274009458485388,0.6490023803726399,complement-symmetric-entropy-v1,0.0,0.5258054340692109,0.4894744300392787,0.0,0.5258054340692109,0.0,0.0,0.1595279503333612,0.09274009458485388,0.12319694630342903
"and(or(subset_eq(A, difference(A, B)), greater_than(cardinality(B), cardinality(A))), subset_eq(index(cardinality(A), union(A, B)), union(difference(A, B), difference(B, A))))",0.0,0.0,0.5107617929162838,0.8066969580468178,0.8066969580468178,complement-symmetric-entropy-v1,0.0,0.0,0.3373591760166721,0.8478223259215629,0.8478223259215629,0.0,0.0,0.17340261689961167,-0.04112536787474508,-0.04112536787474508
"or(greater_than(cardinality(B), cardinality(A)), greater_than(cardinality(difference(B, A)), cardinality(intersection(A, B))))",0.42059640674929333,0.06476130387857704,0.0,1.0,1.0,complement-symmetric-entropy-v1,0.4205964067492933,0.064761303878577,0.064761303878577,1.0,1.0,5.551115123125783e-17,4.163336342344337e-17,-0.064761303878577,0.0,0.0
"and(or(subset_eq(A, B), greater_than(cardinality(A), cardinality(B))), subset_eq(index(cardinality(A), B), difference(B, A)))",0.0,0.0,0.63177648490373,0.1929711689660285,0.63177648490373,complement-symmetric-entropy-v1,0.0,0.0,0.2586085296636513,0.0,0.2586085296636513,0.0,0.0,0.3731679552400787,0.1929711689660285,0.3731679552400787
"subset_eq(index(cardinality(intersection(A, B)), union(difference(A, B), difference(B, A))), index(cardinality(B), A))",0.0,0.4623608205072176,0.22684208635452074,0.07280868549179687,0.4623608205072176,complement-symmetric-entropy-v1,0.0,0.4623608205072176,0.1920852921784207,0.0591890428575874,0.4623608205072176,0.0,0.0,0.03475679417610003,0.013619642634209464,0.0
"and(subset_eq(difference(A, B), index(cardinality(A), union(A, B))), subset_eq(index(cardinality(A), B), A))",0.42349470441943216,0.1997116367615751,0.010667233365810103,0.010667233365810103,0.42349470441943216,complement-symmetric-entropy-v1,0.4234947044194321,0.1997116367615751,0.1564176485701761,0.4616751538890701,0.4616751538890701,5.551115123125783e-17,0.0,-0.145750415204366,-0.45100792052326,-0.038180449469637945
"subset_eq(index(cardinality(difference(A, B)), B), index(cardinality(difference(A, A)), A))",0.0,0.45086841033073244,0.6006830553535394,0.05482682891410795,0.6006830553535394,complement-symmetric-entropy-v1,0.0,0.4508684103307324,0.353668478017809,0.1222986103342786,0.4508684103307324,0.0,5.551115123125783e-17,0.2470145773357304,-0.06747178142017066,0.149814645022807
"subset_eq(index(cardinality(A), union(A, B)), difference(index(cardinality(A), B), index(cardinality(A), difference(B, A))))",0.0,0.37634883047134604,0.42618645100856023,0.06550784501721574,0.42618645100856023,complement-symmetric-entropy-v1,0.0,0.376348830471346,0.1144597354833245,0.0,0.376348830471346,0.0,5.551115123125783e-17,0.31172671552523573,0.06550784501721574,0.049837620537214244
"and(or(subset_eq(A, B), not(subset_eq(B, A))), subset_eq(index(cardinality(B), A), B))",1.0,0.0,0.04303256005268774,1.0,1.0,complement-symmetric-entropy-v1,1.0,0.0,0.0,1.0,1.0,0.0,0.0,0.04303256005268774,0.0,0.0
"or(or(subset_eq(A, B), equals(cardinality(A), cardinality(B))), greater_than(cardinality(difference(B, A)), cardinality(A)))",0.7527089557183195,0.0,0.05086794934597938,0.7767351877630444,0.7767351877630444,complement-symmetric-entropy-v1,0.7527089557183195,0.0,0.0,0.7527089557183195,0.7527089557183195,0.0,0.0,0.05086794934597938,0.02402623204472487,0.02402623204472487
"or(subset_eq(A, index(cardinality(A), B)), subset_eq(index(cardinality(A), union(A, B)), difference(B, A)))",0.0,0.0,0.5865193923782872,0.4154207044699829,0.5865193923782872,complement-symmetric-entropy-v1,0.0,0.0,0.4960170218298575,0.0,0.4960170218298575,0.0,0.0,0.09050237054842969,0.4154207044699829,0.09050237054842969
"and(or(subset_eq(A, B), subset_eq(B, A)), not(subset_eq(B, difference(A, A))))",0.3321038009483336,0.06703741262941643,0.0,0.40798212194974626,0.40798212194974626,complement-symmetric-entropy-v1,0.3321038009483336,0.0670374126294164,0.0,0.0670374126294164,0.3321038009483336,0.0,2.7755575615628914e-17,0.0,0.34094470932032983,0.07587832100141267
"subset_eq(union(difference(A, B), index(cardinality(A), difference(B, A))), union(index(cardinality(B), A), index(cardinality(B), union(A, B))))",0.3235960076329546,0.2386189116080013,0.14087524659463124,0.03158769655338134,0.3235960076329546,complement-symmetric-entropy-v1,0.3235960076329546,0.2386189116080013,0.1409236739044949,0.5379985110358697,0.5379985110358697,0.0,0.0,-4.842730986365229e-05,-0.5064108144824884,-0.2144025034029151
"and(or(subset_eq(A, difference(A, A)), greater_than(cardinality(B), cardinality(A))), subset_eq(index(cardinality(A), union(A, B)), union(difference(A, B), difference(B, A))))",0.8265181009410187,0.0,0.1594376926441884,0.7491126397315191,0.8265181009410187,complement-symmetric-entropy-v1,0.8265181009410187,0.0,0.2161765748512765,0.8421437223220755,0.8421437223220755,0.0,0.0,-0.056738882207088115,-0.09303108259055637,-0.01562562138105672
"or(and(subset_eq(A, B), subset_eq(B, A)), greater_than(cardinality(difference(B, A)), cardinality(A)))",0.5601415663504188,0.0,0.16907069063703362,0.7002393803883846,0.7002393803883846,complement-symmetric-entropy-v1,0.5601415663504188,0.0,0.2780914932202115,0.5601415663504188,0.5601415663504188,0.0,0.0,-0.10902080258317787,0.14009781403796584,0.14009781403796584
"subset_eq(union(difference(B, A), index(cardinality(B), union(A, B))), index(cardinality(difference(A, B)), union(difference(A, B), difference(B, A))))",0.44591826030587545,0.16315617136934024,0.047379771307045626,0.1487558536233876,0.44591826030587545,complement-symmetric-entropy-v1,0.4459182603058754,0.1631561713693402,0.1631561713693402,0.4403464879080637,0.4459182603058754,5.551115123125783e-17,2.7755575615628914e-17,-0.11577640006229459,-0.2915906342846761,5.551115123125783e-17
"or(subset_eq(A, index(cardinality(B), A)), greater_than(cardinality(intersection(A, B)), cardinality(difference(A, B))))",0.5999711602020343,0.0,0.12076336303665569,0.5660615776289759,0.5999711602020343,complement-symmetric-entropy-v1,0.5999711602020343,0.0,0.0,0.41473548202708,0.5999711602020343,0.0,0.0,0.12076336303665569,0.15132609560189592,0.0
"and(subset_eq(index(cardinality(A), union(A, B)), index(cardinality(A), difference(B, A))), subset_eq(index(cardinality(B), difference(A, B)), index(cardinality(B), A)))",0.0,0.0,0.43414747613953464,0.31825246717872946,0.43414747613953464,complement-symmetric-entropy-v1,0.0,0.0,0.6261924541093292,0.0472531694210452,0.6261924541093292,0.0,0.0,-0.19204497796979458,0.2709992977576843,-0.19204497796979458
"subset_eq(difference(index(cardinality(B), union(A, B)), index(cardinality(A), B)), intersection(B, index(cardinality(A), union(A, B))))",0.878974374714008,0.0,0.06259108614261322,0.6727761095085338,0.878974374714008,complement-symmetric-entropy-v1,0.878974374714008,0.0,0.0,0.878974374714008,0.878974374714008,0.0,0.0,0.06259108614261322,-0.20619826520547413,0.0
"subset_eq(union(intersection(A, B), index(cardinality(A), union(A, B))), difference(difference(B, A), index(cardinality(B), union(A, B))))",0.0,0.0,0.6421995069885942,0.8056390580497542,0.8056390580497542,complement-symmetric-entropy-v1,0.0,0.0,0.743083459051598,0.8651445060992028,0.8651445060992028,0.0,0.0,-0.10088395206300382,-0.05950544804944857,-0.05950544804944857
"and(or(subset_eq(A, B), greater_than(cardinality(A), cardinality(B))), or(not(subset_eq(B, A)), subset_eq(A, difference(A, A))))",0.4229969101915847,0.0,0.10080301862829544,0.527986754867091,0.527986754867091,complement-symmetric-entropy-v1,0.4229969101915847,0.0,0.0453227156853414,0.4229969101915847,0.4229969101915847,0.0,0.0,0.055480302942954036,0.10498984467550632,0.10498984467550632
"and(not(subset_eq(B, A)), subset_eq(index(cardinality(A), B), A))",0.4373210464746208,0.2998211765559934,0.0,0.0,0.4373210464746208,complement-symmetric-entropy-v1,0.4373210464746208,0.2998211765559934,0.2737791890097482,0.3498143953518832,0.4373210464746208,0.0,0.0,-0.2737791890097482,-0.3498143953518832,0.0
"and(not(subset_eq(A, difference(A, A))), subset_eq(index(cardinality(B), A), B))",0.736881905526848,0.2583672135283005,0.0,0.0,0.736881905526848,complement-symmetric-entropy-v1,0.736881905526848,0.2583672135283005,0.1246459502612861,0.4502198629706144,0.736881905526848,0.0,0.0,-0.1246459502612861,-0.4502198629706144,0.0
"subset_eq(union(index(cardinality(A), union(A, B)), index(cardinality(B), union(A, B))), index(cardinality(difference(A, A)), B))",0.22294439934359445,0.0,0.22549271715945918,0.5045194676753142,0.5045194676753142,complement-symmetric-entropy-v1,0.2229443993435944,0.0,0.4252465154318355,0.342724148347016,0.4252465154318355,5.551115123125783e-17,0.0,-0.19975379827237633,0.16179531932829821,0.07927295224347869
"or(greater_than(cardinality(A), cardinality(B)), subset_eq(difference(A, B), index(cardinality(B), union(A, B))))",0.0,0.0,0.5028811823900272,0.4178831495806946,0.5028811823900272,complement-symmetric-entropy-v1,0.0,0.0,0.0,0.0,0.0,0.0,0.0,0.5028811823900272,0.4178831495806946,0.5028811823900272
"subset_eq(union(A, index(cardinality(B), union(A, B))), union(difference(A, B), index(cardinality(A), B)))",0.0,0.0,0.5353208615099259,0.7533955505357303,0.7533955505357303,complement-symmetric-entropy-v1,0.0,0.0,0.5785860026697183,0.7509580611271747,0.7509580611271747,0.0,0.0,-0.04326514115979241,0.002437489408555593,0.002437489408555593
"subset_eq(index(cardinality(difference(A, B)), B), index(cardinality(A), union(A, B)))",0.0,0.0,0.967328830058447,0.282961707134581,0.967328830058447,complement-symmetric-entropy-v1,0.0,0.0,0.9405267924515216,0.3235461457220663,0.9405267924515216,0.0,0.0,0.026802037606925455,-0.04058443858748528,0.026802037606925455
"subset_eq(union(index(cardinality(B), A), index(cardinality(A), difference(B, A))), index(cardinality(A), B))",0.7820776778370704,0.0,0.04980236720126785,0.4662221332462777,0.7820776778370704,complement-symmetric-entropy-v1,0.7820776778370704,0.0,0.0433330879931013,0.7820776778370704,0.7820776778370704,0.0,0.0,0.006469279208166548,-0.3158555445907927,0.0
"and(not(subset_eq(A, B)), greater_than(cardinality(B), cardinality(difference(A, B))))",0.49933405486551885,0.6466547297827508,0.0,0.0,0.6466547297827508,complement-symmetric-entropy-v1,0.4993340548655188,0.6466547297827508,0.2411412404252031,0.4205010492765829,0.6466547297827508,5.551115123125783e-17,0.0,-0.2411412404252031,-0.4205010492765829,0.0
"subset_eq(union(index(cardinality(A), union(A, B)), index(cardinality(B), union(A, B))), index(cardinality(difference(B, A)), A))",0.0,0.3695629515315909,0.25627279997849217,0.2003611198912788,0.3695629515315909,complement-symmetric-entropy-v1,0.0,0.3695629515315909,0.4122590955695314,0.3606633808611061,0.4122590955695314,0.0,0.0,-0.15598629559103921,-0.1603022609698273,-0.042696144037940476
"subset_eq(index(cardinality(difference(A, B)), A), index(cardinality(A), union(A, B)))",0.0,0.0,0.4622475070235399,0.8103386349822639,0.8103386349822639,complement-symmetric-entropy-v1,0.0,0.0,0.5297990057185462,0.8303643877215225,0.8303643877215225,0.0,0.0,-0.06755149869500632,-0.020025752739258662,-0.020025752739258662
"subset_eq(index(cardinality(intersection(A, B)), union(difference(A, B), difference(B, A))), union(B, index(cardinality(B), difference(A, B))))",0.0,0.0,0.3034283395287888,0.39055741427540813,0.39055741427540813,complement-symmetric-entropy-v1,0.0,0.0,0.0,0.0,0.0,0.0,0.0,0.3034283395287888,0.39055741427540813,0.39055741427540813
"or(subset_eq(intersection(A, B), index(cardinality(A), B)), subset_eq(index(cardinality(A), union(A, B)), intersection(A, B)))",0.0,0.0,0.6062703990931932,0.41871119871096596,0.6062703990931932,complement-symmetric-entropy-v1,0.0,0.0,0.3918706762243923,0.0,0.3918706762243923,0.0,0.0,0.21439972286880093,0.41871119871096596,0.21439972286880093
"subset_eq(index(cardinality(difference(B, A)), B), index(cardinality(intersection(A, B)), union(difference(A, B), difference(B, A))))",0.0,0.0,0.6378023244010078,0.7802991144970092,0.7802991144970092,complement-symmetric-entropy-v1,0.0,0.0,0.6250942439682554,0.8490360039597775,0.8490360039597775,0.0,0.0,0.0127080804327524,-0.06873688946276835,-0.06873688946276835
"subset_eq(union(index(cardinality(A), B), index(cardinality(B), difference(A, B))), difference(B, A))",0.45943853484496033,0.0,0.0376238972305325,0.3323028893321135,0.45943853484496033,complement-symmetric-entropy-v1,0.4594385348449603,0.0,0.1331879416708071,0.4594385348449603,0.4594385348449603,5.551115123125783e-17,0.0,-0.09556404444027461,-0.12713564551284678,5.551115123125783e-17
"subset_eq(B, index(cardinality(difference(B, A)), union(A, B)))",0.0,0.6303602100229042,1.0,0.27953116222023333,1.0,complement-symmetric-entropy-v1,0.0,0.6303602100229042,1.0,0.7124998220493534,1.0,0.0,0.0,0.0,-0.43296865982912003,0.0
"and(or(subset_eq(B, A), greater_than(cardinality(A), cardinality(B))), equals(cardinality(intersection(A, B)), cardinality(difference(B, A))))",0.0,0.8207145467010369,0.4608792909880117,0.4608792909880117,0.8207145467010369,complement-symmetric-entropy-v1,0.0,0.8207145467010369,0.673642040440273,0.3771479482418496,0.8207145467010369,0.0,0.0,-0.21276274945226126,0.08373134274616212,0.0
"subset_eq(difference(index(cardinality(B), A), index(cardinality(A), union(A, B))), index(cardinality(intersection(A, B)), difference(A, B)))",0.0,0.0,0.26053710267949814,0.8514184386919448,0.8514184386919448,complement-symmetric-entropy-v1,0.0,0.0,0.0,0.6024015698137225,0.6024015698137225,0.0,0.0,0.26053710267949814,0.24901686887822228,0.24901686887822228
"or(or(subset_eq(A, B), greater_than(cardinality(B), cardinality(A))), greater_than(cardinality(intersection(A, B)), cardinality(difference(A, B))))",1.0,0.0,0.059189042857587415,0.7731138385468506,1.0,complement-symmetric-entropy-v1,1.0,0.0,0.0,0.6165684887003695,1.0,0.0,0.0,0.059189042857587415,0.15654534984648105,0.0
"subset_eq(difference(index(cardinality(A), union(A, B)), index(cardinality(B), A)), index(cardinality(difference(A, A)), union(difference(A, B), difference(B, A))))",0.0,0.0,0.6079923707493052,0.20337679127720676,0.6079923707493052,complement-symmetric-entropy-v1,0.0,0.0,0.5107285579024877,0.0,0.5107285579024877,0.0,0.0,0.09726381284681751,0.20337679127720676,0.09726381284681751
"and(or(subset_eq(A, B), not(subset_eq(B, A))), subset_eq(index(cardinality(B), A), index(cardinality(B), union(A, B))))",0.9063461026734508,0.0,0.040865765397771314,0.9664414498289929,0.9664414498289929,complement-symmetric-entropy-v1,0.9063461026734508,0.0,0.0,0.9325941092243184,0.9325941092243184,0.0,0.0,0.040865765397771314,0.033847340604674536,0.033847340604674536
"subset_eq(union(index(cardinality(A), B), index(cardinality(B), A)), index(cardinality(difference(A, A)), B))",0.20656149828650394,0.0,0.09531190613710872,0.24701913312278445,0.24701913312278445,complement-symmetric-entropy-v1,0.2065614982865039,0.0,0.2810711097624094,0.2317215425179701,0.2810711097624094,5.551115123125783e-17,0.0,-0.18575920362530068,0.015297590604814337,-0.03405197663962495
"subset_eq(index(cardinality(difference(A, B)), B), union(A, index(cardinality(A), union(A, B))))",0.0,0.0,0.7189540835628886,0.24529609183808398,0.7189540835628886,complement-symmetric-entropy-v1,0.0,0.0,0.5057503438891511,0.0,0.5057503438891511,0.0,0.0,0.2132037396737375,0.24529609183808398,0.2132037396737375
"subset_eq(index(cardinality(difference(A, B)), union(A, B)), difference(A, index(cardinality(B), difference(A, B))))",0.0,0.5549944490603211,0.2441214509506019,0.048763592572735326,0.5549944490603211,complement-symmetric-entropy-v1,0.0,0.5549944490603211,0.3124840093133443,0.0,0.5549944490603211,0.0,0.0,-0.06836255836274241,0.048763592572735326,0.0
"and(or(subset_eq(B, A), subset_eq(A, difference(A, B))), subset_eq(index(cardinality(A), union(A, B)), A))",0.0,0.6517337985798858,0.8352165081678968,0.08563655855471386,0.8352165081678968,complement-symmetric-entropy-v1,0.0,0.6517337985798858,0.8652613458010635,0.0,0.8652613458010635,0.0,0.0,-0.030044837633166677,0.08563655855471386,-0.030044837633166677
"subset_eq(index(cardinality(difference(A, B)), union(difference(A, B), difference(B, A))), difference(index(cardinality(A), union(A, B)), index(cardinality(A), difference(B, A))))",0.0,0.46334017925852344,1.0,0.038015294801239,1.0,complement-symmetric-entropy-v1,0.0,0.4633401792585234,1.0,0.0,1.0,0.0,5.551115123125783e-17,0.0,0.038015294801239,0.0
"subset_eq(index(cardinality(A), union(difference(A, B), difference(B, A))), union(index(cardinality(B), A), index(cardinality(B), union(A, B))))",0.0,0.7530341636715028,0.4284992718741403,0.031131115113546826,0.7530341636715028,complement-symmetric-entropy-v1,0.0,0.7530341636715028,0.6854048830178505,0.0,0.7530341636715028,0.0,0.0,-0.25690561114371024,0.031131115113546826,0.0
"subset_eq(index(cardinality(A), union(difference(A, B), difference(B, A))), index(cardinality(A), B))",0.0,0.0,0.24064230624888805,0.1839262452169108,0.24064230624888805,complement-symmetric-entropy-v1,0.0,0.0,0.1797473651824782,0.0,0.1797473651824782,0.0,0.0,0.06089494106640986,0.1839262452169108,0.06089494106640986
"subset_eq(intersection(intersection(A, B), index(cardinality(A), union(A, B))), index(cardinality(B), A))",0.0,0.0,0.763124024169579,0.4046336442755165,0.763124024169579,complement-symmetric-entropy-v1,0.0,0.0,0.4686448388143001,0.0,0.4686448388143001,0.0,0.0,0.29447918535527895,0.4046336442755165,0.29447918535527895
"subset_eq(difference(index(cardinality(A), union(A, B)), B), union(index(cardinality(B), A), index(cardinality(B), union(A, B))))",0.0,0.0,0.46779408675132716,0.4249913900868224,0.46779408675132716,complement-symmetric-entropy-v1,0.0,0.0,0.0,0.0,0.0,0.0,0.0,0.46779408675132716,0.4249913900868224,0.46779408675132716
"subset_eq(intersection(intersection(A, B), index(cardinality(A), union(A, B))), index(cardinality(difference(B, A)), intersection(A, B)))",0.0,0.0,0.5926075921530718,0.3735178450634944,0.5926075921530718,complement-symmetric-entropy-v1,0.0,0.0,0.3209316313799256,0.0,0.3209316313799256,0.0,0.0,0.2716759607731462,0.3735178450634944,0.2716759607731462
"or(subset_eq(difference(B, A), index(cardinality(B), union(A, B))), subset_eq(index(cardinality(A), union(A, B)), union(difference(A, B), difference(B, A))))",0.0,0.0,0.765698871085138,0.4160549807852002,0.765698871085138,complement-symmetric-entropy-v1,0.0,0.0,0.4844291563740817,0.0,0.4844291563740817,0.0,0.0,0.28126971471105633,0.4160549807852002,0.28126971471105633
"subset_eq(index(cardinality(difference(B, A)), union(A, B)), intersection(A, index(cardinality(A), union(A, B))))",0.6365553926309926,0.0,0.29680184620592953,0.5762799434597807,0.6365553926309926,complement-symmetric-entropy-v1,0.6365553926309926,0.0,0.4879349345111641,0.6557835809277306,0.6557835809277306,0.0,0.0,-0.19113308830523457,-0.07950363746794986,-0.019228188296738002
"subset_eq(index(cardinality(difference(A, A)), difference(B, A)), index(cardinality(difference(A, B)), union(difference(A, B), difference(B, A))))",0.0,0.0,0.4998205192122095,0.4998205192122095,0.4998205192122095,complement-symmetric-entropy-v1,0.0,0.0,0.0,0.0,0.0,0.0,0.0,0.4998205192122095,0.4998205192122095,0.4998205192122095
"greater_than(cardinality(difference(A, B)), cardinality(index(cardinality(A), union(A, B))))",0.047750464001552695,1.0,1.0,0.0,1.0,complement-symmetric-entropy-v1,0.0477504640015526,1.0,1.0,0.0477504640015526,1.0,9.71445146547012e-17,0.0,0.0,-0.0477504640015526,0.0
"or(subset_eq(index(cardinality(B), union(A, B)), difference(A, B)), greater_than(cardinality(difference(A, B)), cardinality(intersection(A, B))))",0.0,0.0,0.5549006840185801,0.6440106422721175,0.6440106422721175,complement-symmetric-entropy-v1,0.0,0.0,0.0,0.3865335640349965,0.3865335640349965,0.0,0.0,0.5549006840185801,0.25747707823712096,0.25747707823712096
"or(subset_eq(index(cardinality(A), union(A, B)), difference(A, B)), subset_eq(index(cardinality(B), union(A, B)), difference(B, A)))",0.0,0.0,0.4346415139700601,0.4346415139700601,0.4346415139700601,complement-symmetric-entropy-v1,0.0,0.0,0.0,0.0,0.0,0.0,0.0,0.4346415139700601,0.4346415139700601,0.4346415139700601
"subset_eq(union(index(cardinality(A), B), index(cardinality(A), union(A, B))), index(cardinality(intersection(A, B)), difference(B, A)))",0.0,0.0,0.8234907145449795,0.35659923126879634,0.8234907145449795,complement-symmetric-entropy-v1,0.0,0.0,0.5705311722092312,0.0,0.5705311722092312,0.0,0.0,0.25295954233574824,0.35659923126879634,0.25295954233574824
"subset_eq(union(index(cardinality(A), difference(B, A)), index(cardinality(B), union(A, B))), intersection(B, index(cardinality(B), A)))",0.3414682365427749,0.2767284486195227,0.00782990573194442,0.00782990573194442,0.3414682365427749,complement-symmetric-entropy-v1,0.3414682365427749,0.2767284486195227,0.1201160774732547,0.1886590433358965,0.3414682365427749,0.0,0.0,-0.11228617174131028,-0.18082913760395208,0.0
"or(subset_eq(index(cardinality(B), A), B), greater_than(cardinality(difference(B, A)), cardinality(intersection(A, B))))",0.5550372736693208,0.0,0.02787177457167389,0.8303033030528687,0.8303033030528687,complement-symmetric-entropy-v1,0.5550372736693208,0.0,0.0,0.6714732130247713,0.6714732130247713,0.0,0.0,0.02787177457167389,0.15883009002809745,0.15883009002809745
"or(subset_eq(A, index(cardinality(B), union(A, B))), subset_eq(index(cardinality(B), union(A, B)), index(cardinality(B), A)))",0.0,0.0,0.5237496495297869,0.432032209462468,0.5237496495297869,complement-symmetric-entropy-v1,0.0,0.0,0.0,0.0,0.0,0.0,0.0,0.5237496495297869,0.432032209462468,0.5237496495297869
"subset_eq(index(cardinality(difference(A, B)), A), index(cardinality(difference(B, A)), difference(A, B)))",0.0,0.0,0.7188519644432146,0.6378023244010078,0.7188519644432146,complement-symmetric-entropy-v1,0.0,0.0,0.694669487742104,0.4352044115229162,0.694669487742104,0.0,0.0,0.024182476701110622,0.2025979128780916,0.024182476701110622
"subset_eq(union(index(cardinality(B), A), index(cardinality(A), difference(B, A))), intersection(B, index(cardinality(A), union(A, B))))",0.6508481466070186,0.0,0.053657364337435176,0.3015882638368419,0.6508481466070186,complement-symmetric-entropy-v1,0.6508481466070186,0.0,0.0813519945176216,0.6508481466070186,0.6508481466070186,0.0,0.0,-0.02769463018018642,-0.3492598827701767,0.0
"and(subset_eq(index(cardinality(A), union(A, B)), difference(B, A)), greater_than(cardinality(intersection(A, B)), cardinality(difference(A, B))))",0.5581695332448595,0.3025379590695876,0.0,0.0,0.5581695332448595,complement-symmetric-entropy-v1,0.5581695332448595,0.3025379590695876,0.1760693753487547,0.2378708568063998,0.5581695332448595,0.0,0.0,-0.1760693753487547,-0.2378708568063998,0.0
"and(subset_eq(B, index(cardinality(B), union(A, B))), subset_eq(index(cardinality(B), A), B))",0.1796639389391631,0.4984378957894493,0.041160982244345945,0.041160982244345945,0.4984378957894493,complement-symmetric-entropy-v1,0.1796639389391631,0.4984378957894493,0.6633309438046604,0.6064845860765473,0.6633309438046604,0.0,0.0,-0.6221699615603145,-0.5653236038322014,-0.1648930480152111
"subset_eq(union(index(cardinality(B), A), index(cardinality(A), difference(B, A))), difference(A, B))",0.0,0.45943853484496033,0.3323028893321135,0.0376238972305325,0.45943853484496033,complement-symmetric-entropy-v1,0.0,0.4594385348449603,0.4594385348449603,0.1331879416708071,0.4594385348449603,0.0,5.551115123125783e-17,-0.12713564551284678,-0.09556404444027461,5.551115123125783e-17
"and(subset_eq(difference(B, A), index(cardinality(B), union(A, B))), subset_eq(index(cardinality(B), A), difference(A, B)))",0.0,0.5630876764382076,0.45021986297061445,0.12464595026128611,0.5630876764382076,complement-symmetric-entropy-v1,0.0,0.5630876764382076,0.5630876764382076,0.0817911736762067,0.5630876764382076,0.0,0.0,-0.11286781346759311,0.04285477658507941,0.0
"and(or(subset_eq(A, difference(A, A)), greater_than(cardinality(B), cardinality(A))), subset_eq(index(cardinality(B), union(A, B)), A))",0.9658239599513517,0.0,0.13096344108988167,0.9023233034711448,0.9658239599513517,complement-symmetric-entropy-v1,0.9658239599513516,0.0,0.038015294801239,0.9182801156170612,0.9658239599513516,1.1102230246251565e-16,0.0,0.09294814628864267,-0.015956812145916488,1.1102230246251565e-16
"subset_eq(index(cardinality(difference(A, B)), union(A, B)), union(difference(B, A), index(cardinality(B), difference(A, B))))",0.0,0.0,0.37382384427811977,0.5823748701493879,0.5823748701493879,complement-symmetric-entropy-v1,0.0,0.0,0.2775657996171689,0.5968802322352846,0.5968802322352846,0.0,0.0,0.09625804466095089,-0.0145053620858967,-0.0145053620858967
"or(and(not(subset_eq(B, A)), subset_eq(A, difference(A, B))), greater_than(cardinality(intersection(A, B)), cardinality(difference(A, B))))",0.34349429014484933,0.09531190613710872,0.0,0.6081976488297786,0.6081976488297786,complement-symmetric-entropy-v1,0.3434942901448493,0.0953119061371087,0.0,0.4536627413744841,0.4536627413744841,5.551115123125783e-17,1.3877787807814457e-17,0.0,0.15453490745529447,0.15453490745529447
"subset_eq(index(cardinality(difference(B, A)), union(A, B)), union(A, index(cardinality(A), B)))",0.0,0.0,0.6412185035149995,0.30355200085888967,0.6412185035149995,complement-symmetric-entropy-v1,0.0,0.0,0.3140909126655509,0.0,0.3140909126655509,0.0,0.0,0.32712759084944865,0.30355200085888967,0.32712759084944865
"subset_eq(intersection(A, B), index(cardinality(difference(B, A)), union(A, B)))",0.0,0.0,0.8258291604359329,0.8258291604359329,0.8258291604359329,complement-symmetric-entropy-v1,0.0,0.0,0.8466766258324956,0.8466766258324956,0.8466766258324956,0.0,0.0,-0.02084746539656268,-0.02084746539656268,-0.02084746539656268
"or(subset_eq(index(cardinality(A), union(A, B)), index(cardinality(A), B)), greater_than(cardinality(difference(A, B)), cardinality(B)))",0.0,0.0,0.4010835552716525,0.3641255966838993,0.4010835552716525,complement-symmetric-entropy-v1,0.0,0.0,0.0,0.0,0.0,0.0,0.0,0.4010835552716525,0.3641255966838993,0.4010835552716525
"subset_eq(difference(index(cardinality(B), union(A, B)), index(cardinality(B), difference(A, B))), difference(index(cardinality(A), union(A, B)), B))",0.0,0.0,0.28103116829995134,0.605962130486928,0.605962130486928,complement-symmetric-entropy-v1,0.0,0.0,0.0,0.5960260927379173,0.5960260927379173,0.0,0.0,0.28103116829995134,0.009936037749010751,0.009936037749010751
"subset_eq(union(A, index(cardinality(A), union(A, B))), difference(A, index(cardinality(A), B)))",0.0,0.7588609393432452,0.7888174770579369,0.05482682891410795,0.7888174770579369,complement-symmetric-entropy-v1,0.0,0.7588609393432452,0.789035325478747,0.0,0.789035325478747,0.0,0.0,-0.00021784842081007394,0.05482682891410795,-0.00021784842081007394
"subset_eq(index(cardinality(difference(A, B)), union(A, B)), index(cardinality(B), difference(A, B)))",0.0,0.8281635547823495,1.0,0.3905517906348064,1.0,complement-symmetric-entropy-v1,0.0,0.8281635547823495,1.0,0.6035085490712382,1.0,0.0,0.0,0.0,-0.2129567584364318,0.0
"subset_eq(index(cardinality(difference(B, A)), union(difference(A, B), difference(B, A))), difference(union(A, B), index(cardinality(A), union(A, B))))",0.0,0.0,0.33208047733163026,0.298476584481818,0.33208047733163026,complement-symmetric-entropy-v1,0.0,0.0,0.0,0.0,0.0,0.0,0.0,0.33208047733163026,0.298476584481818,0.33208047733163026
"subset_eq(intersection(A, B), difference(index(cardinality(B), union(A, B)), index(cardinality(A), union(A, B))))",0.0,0.0,0.8898998060290871,0.6725367620511213,0.8898998060290871,complement-symmetric-entropy-v1,0.0,0.0,0.8490292660644659,0.6953118630220759,0.8490292660644659,0.0,0.0,0.0408705399646212,-0.022775100970954587,0.0408705399646212
"subset_eq(index(cardinality(difference(A, A)), union(difference(A, B), difference(B, A))), A)",0.0,1.0,1.0,0.05984914962271781,1.0,complement-symmetric-entropy-v1,0.0,1.0,1.0,0.0,1.0,0.0,0.0,0.0,0.05984914962271781,0.0
"subset_eq(difference(index(cardinality(A), union(A, B)), index(cardinality(A), B)), difference(A, index(cardinality(B), A)))",0.0,0.0,0.31111965478841386,0.44306153762245715,0.44306153762245715,complement-symmetric-entropy-v1,0.0,0.0,0.0,0.0,0.0,0.0,0.0,0.31111965478841386,0.44306153762245715,0.44306153762245715
"subset_eq(union(index(cardinality(B), A), index(cardinality(A), difference(B, A))), index(cardinality(difference(B, A)), union(A, B)))",0.0,0.18249270209403268,0.2451270936000245,0.04980236720126785,0.2451270936000245,complement-symmetric-entropy-v1,0.0,0.1824927020940326,0.1824927020940326,0.4960502201862045,0.4960502201862045,0.0,8.326672684688674e-17,0.0626343915059919,-0.44624785298493663,-0.25092312658618
"or(subset_eq(A, index(cardinality(B), A)), subset_eq(index(cardinality(B), A), index(cardinality(A), union(A, B))))",1.0,0.0,0.2171552016406182,1.0,1.0,complement-symmetric-entropy-v1,1.0,0.0,0.0,1.0,1.0,0.0,0.0,0.2171552016406182,0.0,0.0
"subset_eq(union(B, index(cardinality(B), difference(A, B))), difference(A, index(cardinality(B), A)))",0.23486281430086575,0.45761901333664967,0.01960455712631093,0.01960455712631093,0.45761901333664967,complement-symmetric-entropy-v1,0.2348628143008657,0.4576190133366496,0.4576190133366496,0.1893544803284064,0.4576190133366496,5.551115123125783e-17,5.551115123125783e-17,-0.4380144562103387,-0.16974992320209548,5.551115123125783e-17
"subset_eq(union(index(cardinality(B), A), index(cardinality(A), difference(B, A))), union(difference(A, B), index(cardinality(A), union(A, B))))",0.0,0.0,0.3294587424186092,0.28858461663654955,0.3294587424186092,complement-symmetric-entropy-v1,0.0,0.0,0.2499308730053999,0.2328014992395989,0.2499308730053999,0.0,0.0,0.07952786941320927,0.05578311739695066,0.07952786941320927
"subset_eq(index(cardinality(B), union(difference(A, B), difference(B, A))), difference(B, index(cardinality(A), B)))",0.7031938224997536,0.0,0.036094354313260246,0.36713196347055965,0.7031938224997536,complement-symmetric-entropy-v1,0.7031938224997536,0.0,0.0,0.4169166607303358,0.7031938224997536,0.0,0.0,0.036094354313260246,-0.049784697259776134,0.0
"or(greater_than(cardinality(B), cardinality(A)), subset_eq(index(cardinality(B), union(A, B)), index(cardinality(B), A)))",0.0,0.0,0.3165705048234896,0.40695272393317794,0.40695272393317794,complement-symmetric-entropy-v1,0.0,0.0,0.0,0.0,0.0,0.0,0.0,0.3165705048234896,0.40695272393317794,0.40695272393317794
"subset_eq(index(cardinality(intersection(A, B)), difference(B, A)), difference(index(cardinality(A), B), index(cardinality(A), difference(B, A))))",0.0,1.0,0.25496192318409316,0.04128988929906696,1.0,complement-symmetric-entropy-v1,0.0,1.0,0.3909919151710631,0.0,1.0,0.0,0.0,-0.1360299919869699,0.04128988929906696,0.0
"and(not(subset_eq(A, B)), subset_eq(A, index(cardinality(B), union(A, B))))",0.389784331761969,0.3064104415441029,1.0,0.0,1.0,complement-symmetric-entropy-v1,0.389784331761969,0.3064104415441029,1.0,0.7397926311235918,1.0,0.0,0.0,0.0,-0.7397926311235918,0.0
"subset_eq(union(index(cardinality(A), B), index(cardinality(B), A)), index(cardinality(difference(A, B)), intersection(A, B)))",0.28737046885978756,0.19294611284610363,0.006319489289457025,0.006319489289457025,0.28737046885978756,complement-symmetric-entropy-v1,0.2873704688597875,0.1929461128461036,0.2120705135579029,0.2873704688597875,0.2873704688597875,5.551115123125783e-17,2.7755575615628914e-17,-0.20575102426844588,-0.2810509795703305,5.551115123125783e-17
"or(subset_eq(index(cardinality(B), A), B), subset_eq(index(cardinality(B), union(A, B)), intersection(A, B)))",0.7400390152236616,0.0,0.032494484980424176,0.8401787476443152,0.8401787476443152,complement-symmetric-entropy-v1,0.7400390152236616,0.0,0.0,0.6380388240975743,0.7400390152236616,0.0,0.0,0.032494484980424176,0.20213992354674093,0.10013973242065366
"subset_eq(union(index(cardinality(A), B), index(cardinality(B), A)), difference(index(cardinality(A), B), index(cardinality(A), union(A, B))))",0.32097362519433104,0.23742252098605554,0.006411155934194723,0.006411155934194723,0.32097362519433104,complement-symmetric-entropy-v1,0.320973625194331,0.2374225209860555,0.2374225209860555,0.320973625194331,0.320973625194331,5.551115123125783e-17,2.7755575615628914e-17,-0.2310113650518608,-0.31456246926013626,5.551115123125783e-17
"and(subset_eq(index(cardinality(B), union(A, B)), index(cardinality(B), A)), greater_than(cardinality(A), cardinality(difference(B, A))))",0.05086794934597938,0.7767351877630444,0.6956882092349328,0.0,0.7767351877630444,complement-symmetric-entropy-v1,0.0508679493459793,0.7767351877630444,0.405860406014359,0.0,0.7767351877630444,7.632783294297951e-17,0.0,0.2898278032205738,0.0,0.0
"subset_eq(difference(A, B), index(cardinality(difference(B, A)), union(difference(A, B), difference(B, A))))",0.42053444010175955,0.0,0.16913823990625898,0.6301593296705605,0.6301593296705605,complement-symmetric-entropy-v1,0.4205344401017595,0.0,0.0,0.4205344401017595,0.4205344401017595,5.551115123125783e-17,0.0,0.16913823990625898,0.20962488956880104,0.20962488956880104
"or(subset_eq(B, difference(A, A)), and(not(subset_eq(A, B)), equals(cardinality(A), cardinality(B))))",0.0,0.31836342191430356,0.27474739354373356,0.1479709544240677,0.31836342191430356,complement-symmetric-entropy-v1,0.0,0.3183634219143035,0.3824331507989047,0.3183634219143035,0.3824331507989047,0.0,5.551115123125783e-17,-0.10768575725517116,-0.1703924674902358,-0.06406972888460116
"subset_eq(difference(index(cardinality(B), union(A, B)), A), index(cardinality(intersection(A, B)), difference(B, A)))",0.0,0.0,0.5077698410206247,0.4267154130098565,0.5077698410206247,complement-symmetric-entropy-v1,0.0,0.0,0.0,0.0,0.0,0.0,0.0,0.5077698410206247,0.4267154130098565,0.5077698410206247
"or(or(and(subset_eq(A, B), subset_eq(B, A)), subset_eq(A, difference(A, B))), greater_than(cardinality(difference(A, B)), cardinality(B)))",0.0,0.0,0.77370707319572,0.5748770415214624,0.77370707319572,complement-symmetric-entropy-v1,0.0,0.0,0.5483456569418759,0.3540747019175806,0.5483456569418759,0.0,0.0,0.2253614162538441,0.22080233960388174,0.2253614162538441
"or(subset_eq(A, difference(A, B)), greater_than(cardinality(intersection(A, B)), cardinality(difference(B, A))))",0.0,0.0,0.6113081337019484,0.39221868688288297,0.6113081337019484,complement-symmetric-entropy-v1,0.0,0.0,0.4007039896138961,0.0,0.4007039896138961,0.0,0.0,0.21060414408805228,0.39221868688288297,0.21060414408805228
"and(subset_eq(intersection(A, B), index(cardinality(A), B)), greater_than(cardinality(difference(B, A)), cardinality(intersection(A, B))))",0.2255870796681887,0.03685208408560037,0.0,0.8745286149785269,0.8745286149785269,complement-symmetric-entropy-v1,0.2255870796681887,0.0368520840856003,0.5482173350546813,0.8975070388203744,0.8975070388203744,0.0,6.938893903907228e-17,-0.5482173350546813,-0.02297842384184756,-0.02297842384184756
"or(subset_eq(intersection(A, B), index(cardinality(A), union(A, B))), subset_eq(index(cardinality(B), union(A, B)), B))",0.0,0.0,0.35568420904034437,0.763124024169579,0.763124024169579,complement-symmetric-entropy-v1,0.0,0.0,0.0,0.642373433059339,0.642373433059339,0.0,0.0,0.35568420904034437,0.12075059111024,0.12075059111024
"subset_eq(index(cardinality(difference(A, B)), index(cardinality(A), B)), index(cardinality(difference(A, A)), difference(B, A)))",0.0,0.0,1.0,0.3169939350216351,1.0,complement-symmetric-entropy-v1,0.0,0.0,1.0,0.0,1.0,0.0,0.0,0.0,0.3169939350216351,0.0
"subset_eq(union(difference(A, B), index(cardinality(A), union(A, B))), index(cardinality(difference(A, A)), union(difference(A, B), difference(B, A))))",0.19010902468076363,0.0,0.19358669799477335,0.2975453573371749,0.2975453573371749,complement-symmetric-entropy-v1,0.1901090246807636,0.0,0.3677458063542965,0.1901090246807636,0.3677458063542965,2.7755575615628914e-17,0.0,-0.17415910835952314,0.10743633265641131,-0.07020044901712158
"and(subset_eq(index(cardinality(A), union(A, B)), B), subset_eq(index(cardinality(A), difference(B, A)), index(cardinality(A), B)))",0.0,0.0,0.40236860198483093,0.2810606262042411,0.40236860198483093,complement-symmetric-entropy-v1,0.0,0.0,0.1340726424933765,0.0,0.1340726424933765,0.0,0.0,0.26829595949145446,0.2810606262042411,0.26829595949145446
"or(and(subset_eq(B, A), not(subset_eq(A, B))), greater_than(cardinality(difference(B, A)), cardinality(intersection(A, B))))",0.005655307937498022,0.005655307937498022,0.4909454621253978,0.3565001486062267,0.4909454621253978,complement-symmetric-entropy-v1,0.005655307937498,0.005655307937498,0.4057996863010109,0.0643642376117721,0.4057996863010109,2.168404344971009e-17,2.168404344971009e-17,0.08514577582438693,0.2921359109944546,0.08514577582438693
"or(or(subset_eq(A, B), equals(cardinality(A), cardinality(B))), subset_eq(intersection(A, B), index(cardinality(B), union(A, B))))",0.0,0.0,0.4128088914602104,0.7061946473398861,0.7061946473398861,complement-symmetric-entropy-v1,0.0,0.0,0.0,0.6398784118758508,0.6398784118758508,0.0,0.0,0.4128088914602104,0.06631623546403531,0.06631623546403531
"and(or(not(subset_eq(B, A)), subset_eq(A, difference(A, B))), not(subset_eq(A, difference(A, A))))",0.12265103249181153,0.15592961568783192,0.18523569369077886,0.0,0.18523569369077886,complement-symmetric-entropy-v1,0.1226510324918115,0.1559296156878319,0.2540633339054605,0.6558635591997884,0.6558635591997884,2.7755575615628914e-17,2.7755575615628914e-17,-0.06882764021468163,-0.6558635591997884,-0.4706278655090096
"subset_eq(union(index(cardinality(B), union(A, B)), index(cardinality(B), difference(A, B))), union(difference(B, A), index(cardinality(A), B)))",0.880703710895725,0.0,0.06861773876328658,0.878974374714008,0.880703710895725,complement-symmetric-entropy-v1,0.880703710895725,0.0,0.0,0.8628811335303567,0.880703710895725,0.0,0.0,0.06861773876328658,0.016093241183651297,0.0
"or(and(subset_eq(A, B), not(subset_eq(B, A))), not(subset_eq(A, difference(A, B))))",1.0,0.1594376926441884,0.0,0.20311936222395055,1.0,complement-symmetric-entropy-v1,1.0,0.1594376926441884,0.0,0.1594376926441884,1.0,0.0,0.0,0.0,0.04368166957976216,0.0
"subset_eq(difference(index(cardinality(B), union(A, B)), intersection(A, B)), difference(B, index(cardinality(A), B)))",0.47629997061938056,0.0,0.047750464001552695,0.39463024786680745,0.47629997061938056,complement-symmetric-entropy-v1,0.4762999706193805,0.0,0.0,0.5179031874938816,0.5179031874938816,5.551115123125783e-17,0.0,0.047750464001552695,-0.1232729396270742,-0.04160321687450108
"subset_eq(index(cardinality(difference(A, A)), B), index(cardinality(difference(B, A)), union(difference(A, B), difference(B, A))))",0.0,0.538797461264943,0.6603212241429078,0.3497282237539753,0.6603212241429078,complement-symmetric-entropy-v1,0.0,0.538797461264943,0.7977281559685974,0.5607540774503533,0.7977281559685974,0.0,0.0,-0.13740693182568953,-0.21102585369637805,-0.13740693182568953
"or(subset_eq(difference(B, A), index(cardinality(B), union(A, B))), subset_eq(index(cardinality(B), union(A, B)), A))",0.0,0.0,0.6049682294600256,0.37592828065716244,0.6049682294600256,complement-symmetric-entropy-v1,0.0,0.0,0.0,0.0,0.0,0.0,0.0,0.6049682294600256,0.37592828065716244,0.6049682294600256
"subset_eq(index(cardinality(B), union(A, B)), index(cardinality(intersection(A, B)), B))",0.5383341890429358,0.0,0.07025150629826582,0.5134168946805362,0.5383341890429358,complement-symmetric-entropy-v1,0.5383341890429358,0.0,0.0,0.5557989207799681,0.5557989207799681,0.0,0.0,0.07025150629826582,-0.04238202609943187,-0.017464731737032224
"or(subset_eq(B, A), greater_than(cardinality(B), cardinality(difference(A, B))))",0.0,0.0,0.2038205607131679,0.5475242436021457,0.5475242436021457,complement-symmetric-entropy-v1,0.0,0.0,0.0,0.0,0.0,0.0,0.0,0.2038205607131679,0.5475242436021457,0.5475242436021457
"or(subset_eq(B, index(cardinality(A), union(A, B))), subset_eq(index(cardinality(B), union(A, B)), index(cardinality(B), A)))",0.0,0.0,0.48608916853889184,0.4929484569239063,0.4929484569239063,complement-symmetric-entropy-v1,0.0,0.0,0.0,0.0,0.0,0.0,0.0,0.48608916853889184,0.4929484569239063,0.4929484569239063
"and(greater_than(cardinality(A), cardinality(difference(B, A))), greater_than(cardinality(intersection(A, B)), cardinality(difference(A, B))))",0.5581695332448595,0.5581695332448595,0.0,0.0,0.5581695332448595,complement-symmetric-entropy-v1,0.5581695332448595,0.5581695332448595,0.2378708568063998,0.2378708568063998,0.5581695332448595,0.0,0.0,-0.2378708568063998,-0.2378708568063998,0.0
"subset_eq(index(cardinality(intersection(A, B)), difference(B, A)), intersection(index(cardinality(A), B), index(cardinality(A), union(A, B))))",0.0,0.0,0.26988345754041076,0.14940279021307545,0.26988345754041076,complement-symmetric-entropy-v1,0.0,0.0,0.1479709544240677,0.0,0.1479709544240677,0.0,0.0,0.12191250311634305,0.14940279021307545,0.12191250311634305
"subset_eq(intersection(B, index(cardinality(A), union(A, B))), union(index(cardinality(B), A), index(cardinality(A), difference(B, A))))",0.0,0.0,0.7168654254665421,0.28278136112178587,0.7168654254665421,complement-symmetric-entropy-v1,0.0,0.0,0.6621060354805295,0.0,0.6621060354805295,0.0,0.0,0.0547593899860126,0.28278136112178587,0.0547593899860126
"and(subset_eq(intersection(A, B), index(cardinality(A), B)), subset_eq(index(cardinality(B), union(A, B)), difference(A, B)))",0.0,0.0,0.6749472514419562,0.7532521490342776,0.7532521490342776,complement-symmetric-entropy-v1,0.0,0.0,0.6817250396465637,0.7717981905507625,0.7717981905507625,0.0,0.0,-0.006777788204607504,-0.018546041516484868,-0.018546041516484868
"subset_eq(index(cardinality(difference(A, A)), A), union(index(cardinality(A), B), index(cardinality(B), union(A, B))))",0.0,0.0,0.6540539835566773,0.9205367554347369,0.9205367554347369,complement-symmetric-entropy-v1,0.0,0.0,0.6225279560415939,0.9138534862724272,0.9138534862724272,0.0,0.0,0.03152602751508338,0.006683269162309657,0.006683269162309657
"subset_eq(difference(index(cardinality(B), A), index(cardinality(B), difference(A, B))), index(cardinality(difference(B, A)), union(difference(A, B), difference(B, A))))",0.0,0.0,0.3476032722580722,0.8177007716674002,0.8177007716674002,complement-symmetric-entropy-v1,0.0,0.0,0.0,0.6415378801034213,0.6415378801034213,0.0,0.0,0.3476032722580722,0.1761628915639789,0.1761628915639789
"or(and(not(subset_eq(B, A)), greater_than(cardinality(A), cardinality(B))), or(and(subset_eq(A, B), subset_eq(B, A)), subset_eq(A, difference(A, B))))",0.0,0.0,0.612635404459134,0.612635404459134,0.612635404459134,complement-symmetric-entropy-v1,0.0,0.0,0.4342268582887079,0.2945915116560538,0.4342268582887079,0.0,0.0,0.17840854617042612,0.3180438928030802,0.17840854617042612
"subset_eq(difference(B, index(cardinality(A), B)), index(cardinality(difference(A, B)), B))",0.0,0.1996330519325501,0.545730861868235,0.545730861868235,0.545730861868235,complement-symmetric-entropy-v1,0.0,0.1996330519325501,0.7403625490538651,0.8343134660363483,0.8343134660363483,0.0,0.0,-0.19463168718563006,-0.2885826041681132,-0.2885826041681132
"subset_eq(intersection(A, index(cardinality(B), union(A, B))), index(cardinality(difference(A, A)), intersection(A, B)))",0.4983126637233799,0.0,0.050331732446856625,0.7159976945553064,0.7159976945553064,complement-symmetric-entropy-v1,0.4983126637233799,0.0,0.0,0.6944539914408805,0.6944539914408805,0.0,0.0,0.050331732446856625,0.021543703114425883,0.021543703114425883
"or(subset_eq(index(cardinality(B), union(A, B)), union(difference(A, B), difference(B, A))), equals(cardinality(intersection(A, B)), cardinality(difference(A, B))))",0.0,0.0,0.5768075888774533,0.8140161958339819,0.8140161958339819,complement-symmetric-entropy-v1,0.0,0.0,0.0,0.380106355739047,0.380106355739047,0.0,0.0,0.5768075888774533,0.4339098400949349,0.4339098400949349
"subset_eq(index(cardinality(difference(A, B)), union(A, B)), index(cardinality(intersection(A, B)), difference(A, B)))",0.0,0.44275367529513754,0.6308708277163703,0.29680184620592953,0.6308708277163703,complement-symmetric-entropy-v1,0.0,0.4427536752951375,0.7603329935487406,0.4535128254302992,0.7603329935487406,0.0,5.551115123125783e-17,-0.12946216583237036,-0.15671097922436966,-0.12946216583237036
"subset_eq(index(cardinality(difference(A, B)), B), index(cardinality(difference(A, A)), union(difference(A, B), difference(B, A))))",0.0,0.0,0.6006830553535394,0.3659585865387669,0.6006830553535394,complement-symmetric-entropy-v1,0.0,0.0,0.3612721594397826,0.2418130428394144,0.3612721594397826,0.0,0.0,0.2394108959137568,0.12414554369935249,0.2394108959137568
"or(subset_eq(index(cardinality(B), A), B), equals(cardinality(intersection(A, B)), cardinality(difference(B, A))))",0.0,0.0,0.2076185385004159,0.822948810711744,0.822948810711744,complement-symmetric-entropy-v1,0.0,0.0,0.0,0.5830505265741677,0.5830505265741677,0.0,0.0,0.2076185385004159,0.2398982841375763,0.2398982841375763
"and(not(subset_eq(A, difference(A, A))), subset_eq(index(cardinality(A), B), index(cardinality(A), difference(B, A))))",0.14274954467462264,0.4427548633043261,0.8609260449089362,0.0,0.8609260449089362,complement-symmetric-entropy-v1,0.1427495446746226,0.4427548633043261,0.7813544172265374,0.0,0.7813544172265374,2.7755575615628914e-17,0.0,0.07957162768239878,0.0,0.07957162768239878
"or(subset_eq(A, index(cardinality(B), A)), subset_eq(union(difference(A, B), difference(B, A)), index(cardinality(A), B)))",0.3665737766989149,0.0,0.39656298308199056,0.520660729070586,0.520660729070586,complement-symmetric-entropy-v1,0.3665737766989149,0.0,0.2921219251174508,0.5136760568494392,0.5136760568494392,0.0,0.0,0.10444105796453979,0.006984672221146848,0.006984672221146848
"and(subset_eq(difference(A, B), index(cardinality(B), union(A, B))), greater_than(cardinality(intersection(A, B)), cardinality(difference(B, A))))",0.43203230936906256,0.45881051600535416,0.0,0.0,0.45881051600535416,complement-symmetric-entropy-v1,0.4320323093690625,0.4588105160053541,0.2013277576929691,0.3491508156880077,0.4588105160053541,5.551115123125783e-17,5.551115123125783e-17,-0.2013277576929691,-0.3491508156880077,5.551115123125783e-17
"subset_eq(difference(A, index(cardinality(B), union(A, B))), index(cardinality(difference(A, B)), B))",0.49294066914419377,0.0,0.5508283260342517,0.8151512165898582,0.8151512165898582,complement-symmetric-entropy-v1,0.4929406691441937,0.0,0.6321915980298072,0.8878544112523286,0.8878544112523286,5.551115123125783e-17,0.0,-0.08136327199555549,-0.07270319466247033,-0.07270319466247033
"or(subset_eq(difference(A, B), index(cardinality(B), union(A, B))), equals(cardinality(B), cardinality(difference(A, B))))",0.3468555662309202,0.0,0.19655325252562605,0.6845520099357856,0.6845520099357856,complement-symmetric-entropy-v1,0.3468555662309202,0.0,0.0,0.4967974041154377,0.4967974041154377,0.0,0.0,0.19655325252562605,0.18775460582034786,0.18775460582034786
"or(or(subset_eq(A, B), subset_eq(A, difference(A, B))), subset_eq(index(cardinality(A), B), A))",0.0,0.0,0.7566930973369748,0.5708840741550897,0.7566930973369748,complement-symmetric-entropy-v1,0.0,0.0,0.0,0.0,0.0,0.0,0.0,0.7566930973369748,0.5708840741550897,0.7566930973369748
"subset_eq(index(cardinality(difference(A, B)), union(difference(A, B), difference(B, A))), intersection(B, index(cardinality(A), union(A, B))))",0.0,0.0,0.8043451831752955,0.33799363574665,0.8043451831752955,complement-symmetric-entropy-v1,0.0,0.0,0.7032409656261487,0.0,0.7032409656261487,0.0,0.0,0.10110421754914678,0.33799363574665,0.10110421754914678
"and(not(greater_than(cardinality(B), cardinality(A))), subset_eq(index(cardinality(B), union(A, B)), difference(B, A)))",0.23324753027537026,0.32865899421743305,0.015072455573367893,0.015072455573367893,0.32865899421743305,complement-symmetric-entropy-v1,0.2332475302753702,0.328658994217433,0.3325681494675401,0.271167383294306,0.3325681494675401,5.551115123125783e-17,5.551115123125783e-17,-0.3174956938941722,-0.2560949277209381,-0.003909155250107044
"subset_eq(union(intersection(A, B), index(cardinality(B), union(A, B))), difference(B, index(cardinality(A), union(A, B))))",0.31397342431459807,0.0,0.08239226169373826,0.33015139724442355,0.33015139724442355,complement-symmetric-entropy-v1,0.313973424314598,0.0,0.1228403192932248,0.2724727855447943,0.313973424314598,5.551115123125783e-17,0.0,-0.04044805759948654,0.057678611699629234,0.016177972929825535
"subset_eq(index(cardinality(intersection(A, B)), B), A)",0.0,0.7790522479901814,0.38435675328575136,0.05984914962271781,0.7790522479901814,complement-symmetric-entropy-v1,0.0,0.7790522479901814,0.3662243818322922,0.0,0.7790522479901814,0.0,0.0,0.01813237145345914,0.05984914962271781,0.0
"or(subset_eq(B, index(cardinality(A), union(A, B))), subset_eq(index(cardinality(B), union(A, B)), index(cardinality(A), difference(B, A))))",0.0,0.0,0.3394846422352509,1.0,1.0,complement-symmetric-entropy-v1,0.0,0.0,0.0,1.0,1.0,0.0,0.0,0.3394846422352509,0.0,0.0
"subset_eq(index(cardinality(difference(A, B)), A), difference(difference(A, B), index(cardinality(B), difference(A, B))))",0.0,0.0,0.681089015876885,0.42618645100856023,0.681089015876885,complement-symmetric-entropy-v1,0.0,0.0,0.681089015876885,0.3301217164591926,0.681089015876885,0.0,0.0,0.0,0.09606473454936765,0.0
"or(subset_eq(index(cardinality(B), union(A, B)), difference(A, B)), equals(cardinality(intersection(A, B)), cardinality(difference(B, A))))",0.0,0.0,0.2907303291863833,0.5064088542505718,0.5064088542505718,complement-symmetric-entropy-v1,0.0,0.0,0.0,0.4241425390446569,0.4241425390446569,0.0,0.0,0.2907303291863833,0.08226631520591493,0.08226631520591493
"and(subset_eq(index(cardinality(A), B), difference(B, A)), subset_eq(index(cardinality(A), union(A, B)), difference(A, B)))",0.0,0.6501687755838095,0.8116758225908755,0.06782106733086435,0.8116758225908755,complement-symmetric-entropy-v1,0.0,0.6501687755838095,0.8295045902698418,0.0,0.8295045902698418,0.0,0.0,-0.01782876767896635,0.06782106733086435,-0.01782876767896635
"subset_eq(A, index(cardinality(intersection(A, B)), union(difference(A, B), difference(B, A))))",0.434757466811326,0.0,1.0,1.0,1.0,complement-symmetric-entropy-v1,0.434757466811326,0.0,1.0,1.0,1.0,0.0,0.0,0.0,0.0,0.0
"subset_eq(difference(A, index(cardinality(A), B)), index(cardinality(difference(A, B)), A))",0.9130837760904628,0.0,0.1835677040084006,0.9545169571168113,0.9545169571168113,complement-symmetric-entropy-v1,0.9130837760904628,0.0,0.2725566289661735,0.9631984086492932,0.9631984086492932,0.0,0.0,-0.08898892495777289,-0.008681451532481899,-0.008681451532481899
"subset_eq(difference(index(cardinality(A), union(A, B)), intersection(A, B)), intersection(B, index(cardinality(B), union(A, B))))",0.0,0.4918172950396065,0.37494813410742656,0.053657364337435176,0.4918172950396065,complement-symmetric-entropy-v1,0.0,0.4918172950396065,0.2894741351119843,0.0,0.4918172950396065,0.0,0.0,0.08547399899544228,0.053657364337435176,0.0
"subset_eq(union(A, index(cardinality(A), difference(B, A))), difference(A, index(cardinality(B), union(A, B))))",0.3751516275520984,0.19858323926790677,0.006903256260048951,0.006903256260048951,0.3751516275520984,complement-symmetric-entropy-v1,0.3751516275520984,0.1985832392679067,0.1307822147900794,0.4415836785713186,0.4415836785713186,0.0,8.326672684688674e-17,-0.12387895853003045,-0.43468042231126963,-0.06643205101922017
"or(or(subset_eq(A, B), subset_eq(B, difference(A, A))), greater_than(cardinality(intersection(A, B)), cardinality(difference(A, B))))",0.0,0.0,0.15985273155937985,0.5815702960827147,0.5815702960827147,complement-symmetric-entropy-v1,0.0,0.0,0.0,0.3975569631398098,0.3975569631398098,0.0,0.0,0.15985273155937985,0.1840133329429049,0.1840133329429049
"subset_eq(difference(index(cardinality(A), union(A, B)), index(cardinality(B), difference(A, B))), index(cardinality(difference(A, A)), union(difference(A, B), difference(B, A))))",0.0,0.0,0.699241427779059,0.22700321740125773,0.699241427779059,complement-symmetric-entropy-v1,0.0,0.0,0.5480962016950246,0.0,0.5480962016950246,0.0,0.0,0.15114522608403436,0.22700321740125773,0.15114522608403436
"and(or(subset_eq(A, B), subset_eq(A, difference(A, B))), subset_eq(index(cardinality(A), union(A, B)), index(cardinality(A), difference(B, A))))",0.0,0.0,0.46124122041448357,0.6854048830178505,0.6854048830178505,complement-symmetric-entropy-v1,0.0,0.0,0.3744326325634708,0.4909057314883917,0.4909057314883917,0.0,0.0,0.08680858785101275,0.19449915152945885,0.19449915152945885
"subset_eq(difference(union(difference(A, B), difference(B, A)), index(cardinality(A), union(A, B))), index(cardinality(difference(A, A)), A))",0.28052716682788725,0.28052716682788725,0.315421754731661,0.315421754731661,0.315421754731661,complement-symmetric-entropy-v1,0.2805271668278872,0.2805271668278872,0.38363159374341,0.38363159374341,0.38363159374341,5.551115123125783e-17,5.551115123125783e-17,-0.06820983901174899,-0.06820983901174899,-0.06820983901174899
"or(and(subset_eq(A, B), subset_eq(B, A)), equals(cardinality(A), cardinality(difference(B, A))))",0.3885308284562766,0.137204196355325,0.009670835674153166,0.009670835674153166,0.3885308284562766,complement-symmetric-entropy-v1,0.3885308284562766,0.137204196355325,0.1954922608462722,0.3885308284562766,0.3885308284562766,0.0,0.0,-0.18582142517211903,-0.37885999278212346,0.0
"or(or(not(subset_eq(A, B)), subset_eq(A, difference(A, A))), greater_than(cardinality(difference(B, A)), cardinality(A)))",0.0,0.0,0.7097883049105415,0.25142005843940385,0.7097883049105415,complement-symmetric-entropy-v1,0.0,0.0,0.5394550719978837,0.1542980456838028,0.5394550719978837,0.0,0.0,0.17033323291265778,0.09712201275560106,0.17033323291265778
"subset_eq(difference(index(cardinality(A), union(A, B)), index(cardinality(B), union(A, B))), difference(difference(A, B), index(cardinality(B), A)))",0.0,0.5610938403127033,0.45909698639838026,0.053657364337435176,0.5610938403127033,complement-symmetric-entropy-v1,0.0,0.5610938403127033,0.582335852342811,0.0,0.582335852342811,0.0,0.0,-0.12323886594443079,0.053657364337435176,-0.021242012030107782
"subset_eq(union(A, index(cardinality(A), B)), index(cardinality(A), union(A, B)))",0.6742089127678241,0.0,0.3760057523643373,1.0,1.0,complement-symmetric-entropy-v1,0.6742089127678241,0.0,0.6530279786771435,1.0,1.0,0.0,0.0,-0.27702222631280615,0.0,0.0
"subset_eq(union(difference(B, A), index(cardinality(B), A)), index(cardinality(difference(A, B)), intersection(A, B)))",0.3186343780072425,0.38199942235260087,0.02996013638552486,0.02996013638552486,0.38199942235260087,complement-symmetric-entropy-v1,0.3186343780072425,0.3819994223526008,0.3819994223526008,0.2663706010395654,0.3819994223526008,0.0,5.551115123125783e-17,-0.35203928596707595,-0.23641046465404053,5.551115123125783e-17
"subset_eq(union(index(cardinality(A), B), index(cardinality(A), difference(B, A))), difference(index(cardinality(A), union(A, B)), A))",0.0,0.0,0.7861628627805769,0.2747628158862885,0.7861628627805769,complement-symmetric-entropy-v1,0.0,0.0,0.5246690470527229,0.0,0.5246690470527229,0.0,0.0,0.261493815727854,0.2747628158862885,0.261493815727854
"and(subset_eq(A, difference(A, B)), subset_eq(index(cardinality(B), A), index(cardinality(B), union(A, B))))",0.0,0.0,0.8470283858584791,0.9588284394000957,0.9588284394000957,complement-symmetric-entropy-v1,0.0,0.0,0.8286424605612663,0.93935154219894,0.93935154219894,0.0,0.0,0.018385925297212724,0.01947689720115564,0.01947689720115564
"subset_eq(index(cardinality(intersection(A, B)), difference(A, B)), index(cardinality(intersection(A, B)), union(A, B)))",0.0,0.0,0.31377213998929643,0.37476358951591726,0.37476358951591726,complement-symmetric-entropy-v1,0.0,0.0,0.0,0.1877050109622551,0.1877050109622551,0.0,0.0,0.31377213998929643,0.18705857855366217,0.18705857855366217
"subset_eq(index(cardinality(intersection(A, B)), A), difference(A, index(cardinality(B), union(A, B))))",0.6498114552231786,0.0,0.059189042857587415,0.7868534844253535,0.7868534844253535,complement-symmetric-entropy-v1,0.6498114552231786,0.0,0.0,0.7933947833455179,0.7933947833455179,0.0,0.0,0.059189042857587415,-0.006541298920164418,-0.006541298920164418
"and(not(subset_eq(A, difference(A, A))), subset_eq(difference(B, A), index(cardinality(A), union(A, B))))",0.05726585197331491,0.7480917676692258,1.0,0.0,1.0,complement-symmetric-entropy-v1,0.0572658519733149,0.7480917676692258,1.0,0.0,1.0,6.938893903907228e-18,0.0,0.0,0.0,0.0
"and(subset_eq(index(cardinality(B), union(A, B)), A), subset_eq(index(cardinality(A), union(A, B)), index(cardinality(A), B)))",0.0,0.0,0.3912948828538869,0.4406386949944029,0.4406386949944029,complement-symmetric-entropy-v1,0.0,0.0,0.0,0.0,0.0,0.0,0.0,0.3912948828538869,0.4406386949944029,0.4406386949944029
"subset_eq(union(intersection(A, B), index(cardinality(B), union(A, B))), difference(index(cardinality(B), union(A, B)), index(cardinality(A), difference(B, A))))",0.0,0.0,0.8898998060290871,0.5155513254696515,0.8898998060290871,complement-symmetric-entropy-v1,0.0,0.0,0.8186609599008474,0.6081976488297786,0.8186609599008474,0.0,0.0,0.07123884612823972,-0.09264632336012701,0.07123884612823972
"or(subset_eq(A, B), subset_eq(index(cardinality(A), difference(B, A)), A))",0.0,0.0,0.6293991066688157,0.25398331735051727,0.6293991066688157,complement-symmetric-entropy-v1,0.0,0.0,0.0,0.0,0.0,0.0,0.0,0.6293991066688157,0.25398331735051727,0.6293991066688157
"subset_eq(difference(index(cardinality(B), union(A, B)), index(cardinality(B), difference(A, B))), difference(difference(A, B), index(cardinality(B), A)))",0.0,0.0,0.321515687862305,0.7254700084688032,0.7254700084688032,complement-symmetric-entropy-v1,0.0,0.0,0.0,0.6170639527611927,0.6170639527611927,0.0,0.0,0.321515687862305,0.10840605570761042,0.10840605570761042
"or(subset_eq(A, index(cardinality(B), union(A, B))), subset_eq(index(cardinality(A), union(A, B)), difference(A, B)))",0.0,0.0,0.8032067838100108,0.2756598399788115,0.8032067838100108,complement-symmetric-entropy-v1,0.0,0.0,0.7876281234309455,0.0,0.7876281234309455,0.0,0.0,0.015578660379065301,0.2756598399788115,0.015578660379065301
"subset_eq(index(cardinality(intersection(A, B)), difference(B, A)), index(cardinality(difference(A, A)), union(A, B)))",0.0,0.0,0.3782117334865919,0.3111575350639745,0.3782117334865919,complement-symmetric-entropy-v1,0.0,0.0,0.2685403545362559,0.0,0.2685403545362559,0.0,0.0,0.10967137895033596,0.3111575350639745,0.10967137895033596
"subset_eq(index(cardinality(difference(A, B)), union(difference(A, B), difference(B, A))), union(A, index(cardinality(A), B)))",0.0,0.0,0.5865226482702108,0.2688078071329154,0.5865226482702108,complement-symmetric-entropy-v1,0.0,0.0,0.3925435706526169,0.0,0.3925435706526169,0.0,0.0,0.19397907761759392,0.2688078071329154,0.19397907761759392
"subset_eq(difference(difference(B, A), index(cardinality(A), union(A, B))), index(cardinality(difference(A, B)), union(difference(A, B), difference(B, A))))",0.0,0.37638486352911993,0.5714896710487938,0.15654273571100086,0.5714896710487938,complement-symmetric-entropy-v1,0.0,0.3763848635291199,0.3271056046261431,0.0,0.3763848635291199,0.0,5.551115123125783e-17,0.2443840664226507,0.15654273571100086,0.1951048075196739
"and(subset_eq(intersection(A, B), index(cardinality(A), B)), subset_eq(index(cardinality(B), union(A, B)), index(cardinality(B), A)))",0.0,0.0,0.6468998635616621,0.7785298562299043,0.7785298562299043,complement-symmetric-entropy-v1,0.0,0.0,0.6472872349448583,0.8140963212977331,0.8140963212977331,0.0,0.0,-0.0003873713831962222,-0.03556646506782879,-0.03556646506782879
"and(or(subset_eq(A, difference(A, B)), equals(cardinality(A), cardinality(B))), subset_eq(index(cardinality(B), union(A, B)), A))",0.0,0.0,0.4381243789597685,0.37196383009336975,0.4381243789597685,complement-symmetric-entropy-v1,0.0,0.0,0.3641843022415073,0.2839779719749419,0.3641843022415073,0.0,0.0,0.07394007671826125,0.08798585811842785,0.07394007671826125
"and(subset_eq(A, B), or(not(subset_eq(B, A)), subset_eq(A, difference(A, A))))",1.0,0.0,0.1594376926441884,1.0,1.0,complement-symmetric-entropy-v1,1.0,0.0,0.0338991798982575,1.0,1.0,0.0,0.0,0.1255385127459309,0.0,0.0
"and(subset_eq(A, index(cardinality(A), B)), subset_eq(index(cardinality(A), B), A))",0.5534266017572456,0.23213986314426327,0.06402456851782645,0.06402456851782645,0.5534266017572456,complement-symmetric-entropy-v1,0.5534266017572456,0.2321398631442632,0.5186954772350623,0.6713158298637301,0.6713158298637301,0.0,8.326672684688674e-17,-0.4546709087172358,-0.6072912613459036,-0.1178892281064845
"subset_eq(difference(intersection(A, B), index(cardinality(B), A)), index(cardinality(difference(A, B)), intersection(A, B)))",0.0,0.0,0.8989842822057975,0.8128864439351119,0.8989842822057975,complement-symmetric-entropy-v1,0.0,0.0,0.8989842822057975,0.7692184673295257,0.8989842822057975,0.0,0.0,0.0,0.04366797660558619,0.0
"subset_eq(index(cardinality(A), union(A, B)), difference(A, index(cardinality(A), B)))",0.0,0.7580486739495901,0.7890420252659278,0.054238084556275545,0.7890420252659278,complement-symmetric-entropy-v1,0.0,0.7580486739495901,0.7883411370198299,0.0,0.7883411370198299,0.0,0.0,0.0007008882460979304,0.054238084556275545,0.0007008882460979304
"and(not(greater_than(cardinality(A), cardinality(B))), subset_eq(index(cardinality(A), B), A))",0.3607469942714854,0.17662470907757455,0.00558003073280644,0.00558003073280644,0.3607469942714854,complement-symmetric-entropy-v1,0.3607469942714854,0.1766247090775745,0.1573829326074329,0.3607469942714854,0.3607469942714854,0.0,5.551115123125783e-17,-0.15180290187462647,-0.35516696353867894,0.0
"or(equals(cardinality(A), cardinality(B)), subset_eq(A, index(cardinality(A), union(A, B))))",0.3694400847721967,0.0,0.09149443997629914,0.353363351461331,0.3694400847721967,complement-symmetric-entropy-v1,0.3694400847721967,0.0,0.1968097661197597,0.3694400847721967,0.3694400847721967,0.0,0.0,-0.10531532614346056,-0.016076733310865676,0.0
"subset_eq(difference(B, index(cardinality(B), union(A, B))), index(cardinality(difference(A, A)), intersection(A, B)))",0.0,0.775949927363572,0.736881905526848,0.12464595026128611,0.775949927363572,complement-symmetric-entropy-v1,0.0,0.775949927363572,0.8804008661485673,0.3481778169083707,0.8804008661485673,0.0,0.0,-0.14351896062171932,-0.22353186664708458,-0.10445093878499523
"subset_eq(index(cardinality(difference(B, A)), union(A, B)), difference(union(A, B), index(cardinality(A), B)))",0.0,0.0,0.6437627397957426,0.3231115605146895,0.6437627397957426,complement-symmetric-entropy-v1,0.0,0.0,0.2322778139285881,0.0,0.2322778139285881,0.0,0.0,0.4114849258671545,0.3231115605146895,0.4114849258671545
"subset_eq(index(cardinality(intersection(A, B)), index(cardinality(A), union(A, B))), difference(A, index(cardinality(B), union(A, B))))",0.0,0.8742017640583484,0.3549914819406951,0.028189629057530752,0.8742017640583484,complement-symmetric-entropy-v1,0.0,0.8742017640583484,0.2154227280675928,0.0,0.8742017640583484,0.0,0.0,0.13956875387310227,0.028189629057530752,0.0
"and(subset_eq(intersection(A, B), index(cardinality(A), union(A, B))), subset_eq(index(cardinality(B), union(A, B)), index(cardinality(A), B)))",0.6930626018330839,0.0,0.32663394543259305,0.8921944083563201,0.8921944083563201,complement-symmetric-entropy-v1,0.6930626018330839,0.0,0.5084913952442158,0.9254062180883804,0.9254062180883804,0.0,0.0,-0.18185744981162277,-0.03321180973206028,-0.03321180973206028
"or(or(subset_eq(A, B), equals(cardinality(A), cardinality(B))), subset_eq(index(cardinality(A), union(A, B)), union(difference(A, B), difference(B, A))))",0.0,0.0,0.59727943030858,0.59727943030858,0.59727943030858,complement-symmetric-entropy-v1,0.0,0.0,0.0,0.0,0.0,0.0,0.0,0.59727943030858,0.59727943030858,0.59727943030858
"subset_eq(union(index(cardinality(B), A), index(cardinality(A), difference(B, A))), difference(B, index(cardinality(B), union(A, B))))",0.8117717095639855,0.0,0.047253169421045293,0.6449019043846012,0.8117717095639855,complement-symmetric-entropy-v1,0.8117717095639855,0.0,0.0,0.8117717095639855,0.8117717095639855,0.0,0.0,0.047253169421045293,-0.16686980517938432,0.0
"subset_eq(difference(A, index(cardinality(B), difference(A, B))), difference(B, index(cardinality(A), B)))",0.4396564980247607,0.0,0.28170713989740515,0.5567845188797884,0.5567845188797884,complement-symmetric-entropy-v1,0.4396564980247607,0.0,0.1339046622520465,0.630596120059012,0.630596120059012,0.0,0.0,0.14780247764535864,-0.07381160117922358,-0.07381160117922358
"and(or(subset_eq(B, A), subset_eq(A, difference(A, B))), subset_eq(index(cardinality(B), union(A, B)), difference(A, B)))",0.0,0.0,0.6423604120139099,0.47870484184871176,0.6423604120139099,complement-symmetric-entropy-v1,0.0,0.0,0.6268153013234833,0.1980640252192543,0.6268153013234833,0.0,0.0,0.015545110690426633,0.28064081662945745,0.015545110690426633
"or(and(not(subset_eq(A, B)), equals(cardinality(A), cardinality(B))), subset_eq(A, index(cardinality(A), union(A, B))))",0.38416382784451086,0.0,0.11341629811897991,0.40526542595353043,0.40526542595353043,complement-symmetric-entropy-v1,0.3841638278445108,0.0,0.2703973938609018,0.4587767385921014,0.4587767385921014,5.551115123125783e-17,0.0,-0.15698109574192187,-0.05351131263857095,-0.05351131263857095
"subset_eq(index(cardinality(intersection(A, B)), index(cardinality(B), union(A, B))), difference(A, index(cardinality(B), A)))",0.7434889802543105,0.0,0.02724048216900732,0.3178623816015357,0.7434889802543105,complement-symmetric-entropy-v1,0.7434889802543105,0.0,0.0,0.2328014992395989,0.7434889802543105,0.0,0.0,0.02724048216900732,0.08506088236193679,0.0
"or(subset_eq(intersection(A, B), index(cardinality(B), A)), subset_eq(difference(A, B), index(cardinality(A), union(A, B))))",0.0,0.0,0.44888131537053744,0.7761731670537612,0.7761731670537612,complement-symmetric-entropy-v1,0.0,0.0,0.0,0.6715665494556983,0.6715665494556983,0.0,0.0,0.44888131537053744,0.10460661759806289,0.10460661759806289
"and(not(subset_eq(A, difference(A, B))), subset_eq(index(cardinality(A), B), difference(B, A)))",0.5507335874110453,0.675569565030606,0.0,0.0,0.675569565030606,complement-symmetric-entropy-v1,0.5507335874110453,0.675569565030606,0.2030199770783638,0.0813519945176216,0.675569565030606,0.0,0.0,-0.2030199770783638,-0.0813519945176216,0.0
"subset_eq(union(index(cardinality(A), difference(B, A)), index(cardinality(B), union(A, B))), index(cardinality(difference(A, A)), union(A, B)))",0.0,0.0,0.2975453573371749,0.4994403751558788,0.4994403751558788,complement-symmetric-entropy-v1,0.0,0.0,0.0817911736762067,0.7279598132452101,0.7279598132452101,0.0,0.0,0.2157541836609682,-0.22851943808933128,-0.22851943808933128
"subset_eq(difference(B, index(cardinality(A), B)), index(cardinality(difference(A, B)), A))",0.0,0.2872657311072132,0.755320680410748,0.4602175597735587,0.755320680410748,complement-symmetric-entropy-v1,0.0,0.2872657311072132,0.8406176554953726,0.6884740380272251,0.8406176554953726,0.0,0.0,-0.08529697508462464,-0.22825647825366635,-0.08529697508462464
"and(not(subset_eq(B, A)), subset_eq(intersection(A, B), index(cardinality(A), union(A, B))))",0.2696702683110055,0.04348028881371968,0.0,0.9631610418308802,0.9631610418308802,complement-symmetric-entropy-v1,0.2696702683110055,0.0434802888137196,0.5534790559643781,0.9668337905380244,0.9668337905380244,0.0,8.326672684688674e-17,-0.5534790559643781,-0.00367274870714418,-0.00367274870714418
"subset_eq(index(cardinality(difference(B, A)), union(A, B)), union(intersection(A, B), index(cardinality(A), union(A, B))))",0.40867332365633213,0.0,0.059189042857587415,0.2625883353616353,0.40867332365633213,complement-symmetric-entropy-v1,0.4086733236563321,0.0,0.1430751762549155,0.3218891002506087,0.4086733236563321,5.551115123125783e-17,0.0,-0.08388613339732809,-0.0593007648889734,5.551115123125783e-17
"subset_eq(index(cardinality(B), union(difference(A, B), difference(B, A))), union(index(cardinality(B), A), index(cardinality(A), union(A, B))))",0.0,0.0,0.21595240965380624,0.2864121830042601,0.2864121830042601,complement-symmetric-entropy-v1,0.0,0.0,0.0,0.3061777174366417,0.3061777174366417,0.0,0.0,0.21595240965380624,-0.019765534432381604,-0.019765534432381604
"or(or(subset_eq(A, B), equals(cardinality(A), cardinality(B))), subset_eq(B, index(cardinality(B), union(A, B))))",0.0,0.0,0.26533798428508726,0.4628646153503533,0.4628646153503533,complement-symmetric-entropy-v1,0.0,0.0,0.0,0.4614642634636866,0.4614642634636866,0.0,0.0,0.26533798428508726,0.0014003518866667064,0.0014003518866667064
"subset_eq(index(cardinality(intersection(A, B)), union(difference(A, B), difference(B, A))), union(A, index(cardinality(A), difference(B, A))))",0.0,0.0,0.39055741427540813,0.3034283395287888,0.39055741427540813,complement-symmetric-entropy-v1,0.0,0.0,0.0,0.0,0.0,0.0,0.0,0.39055741427540813,0.3034283395287888,0.39055741427540813
"or(subset_eq(A, index(cardinality(A), union(A, B))), subset_eq(index(cardinality(A), B), index(cardinality(B), union(A, B))))",0.0,0.0,0.8667229719004003,0.3109246233035866,0.8667229719004003,complement-symmetric-entropy-v1,0.0,0.0,0.8413988897445,0.0,0.8413988897445,0.0,0.0,0.025324082155900318,0.3109246233035866,0.025324082155900318
"and(not(subset_eq(A, difference(A, B))), subset_eq(index(cardinality(A), union(A, B)), index(cardinality(A), difference(B, A))))",0.21818625926218926,0.6016180190591801,0.0,0.0,0.6016180190591801,complement-symmetric-entropy-v1,0.2181862592621892,0.6016180190591801,0.5407459634406704,0.0357205650778764,0.6016180190591801,5.551115123125783e-17,0.0,-0.5407459634406704,-0.0357205650778764,0.0
"subset_eq(intersection(A, B), difference(A, index(cardinality(A), union(A, B))))",0.0,0.0,0.766911378429355,0.42184649366971483,0.766911378429355,complement-symmetric-entropy-v1,0.0,0.0,0.4918307207513149,0.0,0.4918307207513149,0.0,0.0,0.2750806576780401,0.42184649366971483,0.2750806576780401
"subset_eq(difference(index(cardinality(B), union(A, B)), index(cardinality(A), B)), difference(A, index(cardinality(B), difference(A, B))))",0.5660356521056602,0.0,0.031131115113546826,0.47290335922210136,0.5660356521056602,complement-symmetric-entropy-v1,0.5660356521056602,0.0,0.0,0.3372027420401381,0.5660356521056602,0.0,0.0,0.031131115113546826,0.13570061718196325,0.0
"or(subset_eq(A, difference(A, B)), subset_eq(difference(A, B), index(cardinality(B), union(A, B))))",0.0,0.0,0.5114807164327528,1.0,1.0,complement-symmetric-entropy-v1,0.0,0.0,0.0,1.0,1.0,0.0,0.0,0.5114807164327528,0.0,0.0
"subset_eq(union(difference(A, B), index(cardinality(A), union(A, B))), index(cardinality(A), union(difference(A, B), difference(B, A))))",0.4510390325273944,0.0,0.23119324406637698,0.6278601623878866,0.6278601623878866,complement-symmetric-entropy-v1,0.4510390325273944,0.0,0.2853020777630255,0.479407060246187,0.479407060246187,0.0,0.0,-0.05410883369664854,0.14845310214169954,0.14845310214169954
"subset_eq(index(cardinality(difference(B, A)), B), union(index(cardinality(A), B), index(cardinality(B), union(A, B))))",0.0,0.0,0.5818850187676003,0.5474682367484676,0.5818850187676003,complement-symmetric-entropy-v1,0.0,0.0,0.4617402408278198,0.5261532089232885,0.5261532089232885,0.0,0.0,0.12014477793978057,0.021315027825179023,0.05573180984431181
"subset_eq(difference(union(difference(A, B), difference(B, A)), index(cardinality(B), difference(A, B))), index(cardinality(intersection(A, B)), union(A, B)))",0.20806700638372333,0.2578178649623444,0.17998723556539886,0.17998723556539886,0.2578178649623444,complement-symmetric-entropy-v1,0.2080670063837233,0.2578178649623444,0.351067265491205,0.3187228789699575,0.351067265491205,2.7755575615628914e-17,0.0,-0.17108002992580612,-0.13873564340455863,-0.0932494005288606
"or(subset_eq(difference(A, B), index(cardinality(A), union(A, B))), subset_eq(index(cardinality(A), difference(B, A)), index(cardinality(A), union(A, B))))",0.0,0.0,0.669083694690364,0.41103715800044427,0.669083694690364,complement-symmetric-entropy-v1,0.0,0.0,0.0,0.0,0.0,0.0,0.0,0.669083694690364,0.41103715800044427,0.669083694690364
"or(or(subset_eq(A, B), greater_than(cardinality(B), cardinality(A))), subset_eq(A, index(cardinality(B), union(A, B))))",0.8638502028636466,0.0,0.23279306805668876,1.0,1.0,complement-symmetric-entropy-v1,0.8638502028636466,0.0,0.0,1.0,1.0,0.0,0.0,0.23279306805668876,0.0,0.0
"subset_eq(index(cardinality(difference(A, B)), difference(B, A)), index(cardinality(difference(A, A)), B))",0.0,0.0,0.7369611097128899,0.288671317987255,0.7369611097128899,complement-symmetric-entropy-v1,0.0,0.0,0.4132195729164012,0.0,0.4132195729164012,0.0,0.0,0.32374153679648865,0.288671317987255,0.32374153679648865
"subset_eq(index(cardinality(intersection(A, B)), B), union(difference(B, A), index(cardinality(A), B)))",0.0,0.0,0.6361650478971701,0.5818591097502981,0.6361650478971701,complement-symmetric-entropy-v1,0.0,0.0,0.0,0.0,0.0,0.0,0.0,0.6361650478971701,0.5818591097502981,0.6361650478971701
"subset_eq(union(index(cardinality(A), union(A, B)), index(cardinality(B), union(A, B))), difference(union(A, B), index(cardinality(A), difference(B, A))))",0.0,1.0,0.7385708930874104,0.023842853890938875,1.0,complement-symmetric-entropy-v1,0.0,1.0,0.6603212241429078,0.0,1.0,0.0,0.0,0.07824966894450258,0.023842853890938875,0.0
"and(or(subset_eq(A, difference(A, B)), greater_than(cardinality(A), cardinality(B))), subset_eq(index(cardinality(B), union(A, B)), difference(A, B)))",0.0,0.0,0.7476665553896472,0.3882433643594858,0.7476665553896472,complement-symmetric-entropy-v1,0.0,0.0,0.8179627910313483,0.3423763986338555,0.8179627910313483,0.0,0.0,-0.07029623564170107,0.045866965725630315,-0.07029623564170107
"or(subset_eq(B, index(cardinality(A), B)), equals(cardinality(A), cardinality(difference(B, A))))",0.0,0.1433248927252343,0.3336095395564814,0.3336095395564814,0.3336095395564814,complement-symmetric-entropy-v1,0.0,0.1433248927252343,0.3546040269137896,0.4999607457092544,0.4999607457092544,0.0,0.0,-0.02099448735730819,-0.166351206152773,-0.166351206152773
"subset_eq(index(cardinality(intersection(A, B)), union(difference(A, B), difference(B, A))), index(cardinality(difference(B, A)), A))",0.0,0.48757536294251447,0.17755783964654193,0.06942776767600711,0.48757536294251447,complement-symmetric-entropy-v1,0.0,0.4875753629425144,0.2012690377709053,0.1301405201206474,0.4875753629425144,0.0,5.551115123125783e-17,-0.02371119812436337,-0.06071275244464028,5.551115123125783e-17
"or(subset_eq(A, difference(A, A)), subset_eq(index(cardinality(A), union(A, B)), index(cardinality(B), difference(A, B))))",0.0,0.0,1.0,0.2065023385014061,1.0,complement-symmetric-entropy-v1,0.0,0.0,1.0,0.0,1.0,0.0,0.0,0.0,0.2065023385014061,0.0
"or(subset_eq(A, index(cardinality(B), union(A, B))), subset_eq(difference(A, B), index(cardinality(B), A)))",0.5129746618119866,0.0,0.27268750416936327,0.8732330691309071,0.8732330691309071,complement-symmetric-entropy-v1,0.5129746618119866,0.0,0.0,0.7508335047800065,0.7508335047800065,0.0,0.0,0.27268750416936327,0.1223995643509006,0.1223995643509006
"subset_eq(difference(index(cardinality(B), union(A, B)), index(cardinality(B), A)), union(index(cardinality(A), union(A, B)), index(cardinality(A), difference(B, A))))",0.0,0.0,0.416126469505683,0.4468814014222655,0.4468814014222655,complement-symmetric-entropy-v1,0.0,0.0,0.0,0.0,0.0,0.0,0.0,0.416126469505683,0.4468814014222655,0.4468814014222655
"and(or(subset_eq(A, B), equals(cardinality(A), cardinality(B))), not(subset_eq(A, difference(A, B))))",0.7772444267219255,0.3057399751712663,0.0,0.0,0.7772444267219255,complement-symmetric-entropy-v1,0.7772444267219255,0.3057399751712663,0.0487635925727353,0.4886978768629459,0.7772444267219255,0.0,0.0,-0.0487635925727353,-0.4886978768629459,0.0
"subset_eq(B, difference(index(cardinality(A), union(A, B)), index(cardinality(A), B)))",0.0,0.6000580683418499,1.0,0.4823036311791902,1.0,complement-symmetric-entropy-v1,0.0,0.6000580683418499,1.0,0.8869348603562821,1.0,0.0,0.0,0.0,-0.40463122917709193,0.0
"subset_eq(index(cardinality(difference(A, A)), difference(B, A)), index(cardinality(difference(A, B)), union(A, B)))",0.0,0.0,0.4894744300392787,0.381972438920697,0.4894744300392787,complement-symmetric-entropy-v1,0.0,0.0,0.2111931899103003,0.0,0.2111931899103003,0.0,0.0,0.27828124012897837,0.381972438920697,0.27828124012897837
"subset_eq(index(cardinality(intersection(A, B)), B), index(cardinality(A), difference(B, A)))",0.0,0.0,0.8513511603973047,0.2550105531864377,0.8513511603973047,complement-symmetric-entropy-v1,0.0,0.0,0.6632452463468914,0.0,0.6632452463468914,0.0,0.0,0.18810591405041333,0.2550105531864377,0.18810591405041333
"or(and(not(subset_eq(A, B)), greater_than(cardinality(B), cardinality(A))), subset_eq(B, index(cardinality(A), B)))",0.0,0.14513850630907288,0.30423539876518757,0.30423539876518757,0.30423539876518757,complement-symmetric-entropy-v1,0.0,0.1451385063090728,0.3719293214230125,0.6472872349448583,0.6472872349448583,0.0,8.326672684688674e-17,-0.06769392265782492,-0.3430518361796707,-0.3430518361796707
"or(and(subset_eq(A, difference(A, B)), equals(cardinality(A), cardinality(B))), subset_eq(A, index(cardinality(B), A)))",0.3650211438779817,0.0,0.7429413349026494,0.7429413349026494,0.7429413349026494,complement-symmetric-entropy-v1,0.3650211438779817,0.0,0.6729386572363745,0.743724825226337,0.743724825226337,0.0,0.0,0.07000267766627488,-0.00078349032368763,-0.00078349032368763
"subset_eq(index(cardinality(difference(B, A)), B), union(A, index(cardinality(A), difference(B, A))))",0.0,0.0,0.665389054608714,0.4662010588100891,0.665389054608714,complement-symmetric-entropy-v1,0.0,0.0,0.3124003042640036,0.0,0.3124003042640036,0.0,0.0,0.3529887503447104,0.4662010588100891,0.3529887503447104
"subset_eq(difference(intersection(A, B), index(cardinality(B), A)), index(cardinality(difference(A, A)), A))",0.0,0.0,0.818311317487645,0.818311317487645,0.818311317487645,complement-symmetric-entropy-v1,0.0,0.0,0.8639258129478719,0.7036285783926115,0.8639258129478719,0.0,0.0,-0.04561449546022689,0.11468273909503346,-0.04561449546022689
"subset_eq(union(index(cardinality(A), B), index(cardinality(B), A)), difference(index(cardinality(B), union(A, B)), A))",0.3030809880480254,0.2441217928820093,0.006903256260048951,0.006903256260048951,0.3030809880480254,complement-symmetric-entropy-v1,0.3030809880480254,0.2441217928820093,0.2441217928820093,0.3030809880480254,0.3030809880480254,0.0,0.0,-0.23721853662196035,-0.29617773178797646,0.0
"subset_eq(index(cardinality(B), union(difference(A, B), difference(B, A))), index(cardinality(A), union(difference(A, B), difference(B, A))))",0.6415214210483886,0.0,0.03723618857847111,0.3240023557818209,0.6415214210483886,complement-symmetric-entropy-v1,0.6415214210483886,0.0,0.0,0.4683176790937836,0.6415214210483886,0.0,0.0,0.03723618857847111,-0.14431532331196267,0.0
"subset_eq(union(index(cardinality(A), B), index(cardinality(B), difference(A, B))), index(cardinality(A), union(difference(A, B), difference(B, A))))",0.25097774457422806,0.0,0.047750464001552695,0.22570903320606117,0.25097774457422806,complement-symmetric-entropy-v1,0.250977744574228,0.0,0.3384027145178501,0.250977744574228,0.3384027145178501,5.551115123125783e-17,0.0,-0.2906522505162974,-0.02526871136816683,-0.08742496994362203
"subset_eq(index(cardinality(difference(A, B)), index(cardinality(A), B)), index(cardinality(difference(A, A)), A))",0.0,0.5816581155071262,0.8514184386919448,0.02947768936475592,0.8514184386919448,complement-symmetric-entropy-v1,0.0,0.5816581155071262,0.7915390069977604,0.0,0.7915390069977604,0.0,0.0,0.059879431694184415,0.02947768936475592,0.059879431694184415
"subset_eq(union(difference(A, B), index(cardinality(A), B)), union(index(cardinality(B), A), index(cardinality(A), union(A, B))))",0.5558669337786367,0.0,0.1892351813048483,0.704539857870006,0.704539857870006,complement-symmetric-entropy-v1,0.5558669337786367,0.0,0.0,0.8323106809440981,0.8323106809440981,0.0,0.0,0.1892351813048483,-0.12777082307409215,-0.12777082307409215
"or(subset_eq(A, B), subset_eq(index(cardinality(A), union(A, B)), index(cardinality(A), difference(B, A))))",0.0,0.0,0.4009246970013295,0.43862192968031266,0.43862192968031266,complement-symmetric-entropy-v1,0.0,0.0,0.0,0.0,0.0,0.0,0.0,0.4009246970013295,0.43862192968031266,0.43862192968031266
"subset_eq(union(index(cardinality(A), union(A, B)), index(cardinality(A), difference(B, A))), index(cardinality(intersection(A, B)), B))",0.0,0.0,0.463116740689536,0.22164215060506332,0.463116740689536,complement-symmetric-entropy-v1,0.0,0.0,0.1453207801604501,0.0,0.1453207801604501,0.0,0.0,0.3177959605290859,0.22164215060506332,0.3177959605290859
"or(subset_eq(intersection(A, B), index(cardinality(B), union(A, B))), subset_eq(index(cardinality(B), union(A, B)), index(cardinality(B), A)))",0.0,0.0,0.6423614726388761,0.5985321956697696,0.6423614726388761,complement-symmetric-entropy-v1,0.0,0.0,0.0,0.0,0.0,0.0,0.0,0.6423614726388761,0.5985321956697696,0.6423614726388761
"subset_eq(index(cardinality(difference(B, A)), union(difference(A, B), difference(B, A))), union(B, index(cardinality(A), union(A, B))))",0.7784277351801476,0.0,0.047750464001552695,0.6951165022724481,0.7784277351801476,complement-symmetric-entropy-v1,0.7784277351801476,0.0,0.0,0.7784277351801476,0.7784277351801476,0.0,0.0,0.047750464001552695,-0.08331123290769948,0.0
"and(or(subset_eq(B, A), greater_than(cardinality(B), cardinality(A))), subset_eq(index(cardinality(A), difference(B, A)), index(cardinality(A), B)))",0.0,0.0,0.347440353948957,0.2713841635588331,0.347440353948957,complement-symmetric-entropy-v1,0.0,0.0,0.050359006020324,0.0,0.050359006020324,0.0,0.0,0.297081347928633,0.2713841635588331,0.297081347928633
"and(not(subset_eq(A, B)), subset_eq(index(cardinality(B), union(A, B)), index(cardinality(A), B)))",0.591774839988783,0.3663562146837943,0.0,0.0,0.591774839988783,complement-symmetric-entropy-v1,0.591774839988783,0.3663562146837943,0.3381951583835045,0.591774839988783,0.591774839988783,0.0,0.0,-0.3381951583835045,-0.591774839988783,0.0
"subset_eq(union(index(cardinality(A), union(A, B)), index(cardinality(B), union(A, B))), union(intersection(A, B), index(cardinality(A), B)))",0.621644328642927,0.0,0.07025150629826582,0.4622475070235399,0.621644328642927,complement-symmetric-entropy-v1,0.621644328642927,0.0,0.0,0.3181947253856868,0.621644328642927,0.0,0.0,0.07025150629826582,0.14405278163785307,0.0
"and(or(subset_eq(B, A), subset_eq(A, difference(A, B))), greater_than(cardinality(A), cardinality(difference(B, A))))",0.04627645336226094,1.0,1.0,0.0,1.0,complement-symmetric-entropy-v1,0.0462764533622609,1.0,1.0,0.0,1.0,4.163336342344337e-17,0.0,0.0,0.0,0.0
"subset_eq(index(cardinality(difference(A, B)), A), union(difference(A, B), index(cardinality(A), union(A, B))))",0.0,0.0,0.5437965038455141,0.46605273355490295,0.5437965038455141,complement-symmetric-entropy-v1,0.0,0.0,0.5534219151838147,0.4252979266987516,0.5534219151838147,0.0,0.0,-0.009625411338300527,0.04075480685615135,-0.009625411338300527
"subset_eq(index(cardinality(difference(B, A)), A), difference(A, index(cardinality(A), B)))",0.0,0.0,0.7566930973369748,0.5708840741550897,0.7566930973369748,complement-symmetric-entropy-v1,0.0,0.0,0.0,0.0,0.0,0.0,0.0,0.7566930973369748,0.5708840741550897,0.7566930973369748
"subset_eq(union(index(cardinality(A), difference(B, A)), index(cardinality(B), union(A, B))), index(cardinality(difference(A, B)), A))",0.4358949740556255,0.3068033429277358,0.00605665287669066,0.00605665287669066,0.4358949740556255,complement-symmetric-entropy-v1,0.4358949740556255,0.3068033429277358,0.1439785539586814,0.2273382882544117,0.4358949740556255,0.0,0.0,-0.13792190108199073,-0.22128163537772105,0.0
"subset_eq(index(cardinality(A), union(difference(A, B), difference(B, A))), index(cardinality(A), union(A, B)))",0.0,0.0,0.7762651462074432,0.44103447729187306,0.7762651462074432,complement-symmetric-entropy-v1,0.0,0.0,0.3348696352807165,0.0,0.3348696352807165,0.0,0.0,0.44139551092672674,0.44103447729187306,0.44139551092672674
"and(subset_eq(index(cardinality(A), difference(B, A)), index(cardinality(B), union(A, B))), subset_eq(index(cardinality(B), union(A, B)), index(cardinality(A), difference(B, A))))",0.5575899273885838,0.18560100465837792,0.010887854408004216,0.010887854408004216,0.5575899273885838,complement-symmetric-entropy-v1,0.5575899273885838,0.1856010046583779,0.0803501709374334,0.5800252722535393,0.5800252722535393,0.0,2.7755575615628914e-17,-0.06946231652942918,-0.5691374178455351,-0.022435344864955464
"or(and(subset_eq(B, A), not(subset_eq(A, B))), greater_than(cardinality(intersection(A, B)), cardinality(difference(A, B))))",0.07738143767113448,0.38952502721741467,0.35083085129588387,0.0,0.38952502721741467,complement-symmetric-entropy-v1,0.0773814376711344,0.3895250272174146,0.0773814376711344,0.0,0.3895250272174146,8.326672684688674e-17,5.551115123125783e-17,0.2734494136247495,0.0,5.551115123125783e-17
"or(and(not(subset_eq(B, A)), greater_than(cardinality(A), cardinality(B))), or(and(subset_eq(A, B), subset_eq(B, A)), subset_eq(A, difference(A, A))))",0.22800113821340529,0.0,0.1835677040084006,0.2344820030001855,0.2344820030001855,complement-symmetric-entropy-v1,0.2280011382134052,0.0,0.3791223451046833,0.2280011382134052,0.3791223451046833,8.326672684688674e-17,0.0,-0.19555464109628268,0.00648086478678031,-0.14464034210449778
"subset_eq(index(cardinality(difference(A, A)), union(A, B)), difference(A, B))",0.0,1.0,1.0,0.11341629811897991,1.0,complement-symmetric-entropy-v1,0.0,1.0,1.0,0.5042778748764699,1.0,0.0,0.0,0.0,-0.39086157675749,0.0
"not(subset_eq(index(cardinality(A), union(A, B)), B))",0.37476358951591726,0.42184649366971483,0.0,0.0,0.42184649366971483,complement-symmetric-entropy-v1,0.3747635895159172,0.4218464936697148,0.5324968139999786,0.4644101855250906,0.5324968139999786,5.551115123125783e-17,5.551115123125783e-17,-0.5324968139999786,-0.4644101855250906,-0.11065032033026378
"subset_eq(difference(difference(A, B), index(cardinality(B), difference(A, B))), index(cardinality(intersection(A, B)), union(difference(A, B), difference(B, A))))",0.47605590055356395,0.0,0.22987126587557394,0.6623713114846694,0.6623713114846694,complement-symmetric-entropy-v1,0.4760559005535639,0.0,0.0,0.7593998217808209,0.7593998217808209,5.551115123125783e-17,0.0,0.22987126587557394,-0.09702851029615145,-0.09702851029615145
"subset_eq(difference(difference(B, A), index(cardinality(A), union(A, B))), index(cardinality(intersection(A, B)), B))",0.0,0.7985375669356665,1.0,0.30780947101226175,1.0,complement-symmetric-entropy-v1,0.0,0.7985375669356665,1.0,0.0,1.0,0.0,0.0,0.0,0.30780947101226175,0.0
"subset_eq(index(cardinality(B), union(difference(A, B), difference(B, A))), index(cardinality(difference(B, A)), B))",1.0,0.0,0.04348028881371968,0.2696702683110055,1.0,complement-symmetric-entropy-v1,1.0,0.0,0.0,0.3600540508421096,1.0,0.0,0.0,0.04348028881371968,-0.09038378253110413,0.0
"or(subset_eq(index(cardinality(A), union(A, B)), difference(A, B)), greater_than(cardinality(intersection(A, B)), cardinality(difference(B, A))))",0.0,0.6956882092349328,0.5456935272537256,0.05086794934597938,0.6956882092349328,complement-symmetric-entropy-v1,0.0,0.6956882092349328,0.5206520952732485,0.0,0.6956882092349328,0.0,0.0,0.025041431980477036,0.05086794934597938,0.0
"subset_eq(union(index(cardinality(A), B), index(cardinality(B), A)), union(intersection(A, B), index(cardinality(B), difference(A, B))))",0.0,0.4125224220233057,0.37462563236373714,0.04393305638101985,0.4125224220233057,complement-symmetric-entropy-v1,0.0,0.4125224220233057,0.3637591515439099,0.1122668934657264,0.4125224220233057,0.0,0.0,0.010866480819827218,-0.06833383708470654,0.0
"or(not(greater_than(cardinality(A), cardinality(B))), equals(cardinality(intersection(A, B)), cardinality(difference(B, A))))",0.0,0.0,0.23999617189328282,1.0,1.0,complement-symmetric-entropy-v1,0.0,0.0,0.0,1.0,1.0,0.0,0.0,0.23999617189328282,0.0,0.0
"or(and(not(subset_eq(A, B)), equals(cardinality(A), cardinality(B))), not(subset_eq(A, difference(A, B))))",0.6045660887070492,0.6045660887070492,0.0,0.0,0.6045660887070492,complement-symmetric-entropy-v1,0.6045660887070492,0.6045660887070492,0.1690706906370336,0.1690706906370336,0.6045660887070492,0.0,0.0,-0.1690706906370336,-0.1690706906370336,0.0
"subset_eq(index(cardinality(difference(A, B)), B), difference(difference(B, A), index(cardinality(A), B)))",0.0,0.2583049408021806,0.5575408676018322,0.054238084556275545,0.5575408676018322,complement-symmetric-entropy-v1,0.0,0.2583049408021806,0.3741399897786971,0.1700253305527741,0.3741399897786971,0.0,0.0,0.18340087782313508,-0.11578724599649856,0.18340087782313508
"or(not(greater_than(cardinality(A), cardinality(B))), equals(cardinality(intersection(A, B)), cardinality(difference(A, B))))",0.8753910476761732,0.0,0.03723618857847111,0.8618563013818574,0.8753910476761732,complement-symmetric-entropy-v1,0.8753910476761732,0.0,0.0,0.521941659413478,0.8753910476761732,0.0,0.0,0.03723618857847111,0.3399146419683794,0.0
"subset_eq(index(cardinality(B), union(A, B)), union(intersection(A, B), index(cardinality(A), difference(B, A))))",0.6095526608710172,0.0,0.06119932254927796,0.5131004062947826,0.6095526608710172,complement-symmetric-entropy-v1,0.6095526608710172,0.0,0.0,0.3707463020299673,0.6095526608710172,0.0,0.0,0.06119932254927796,0.14235410426481532,0.0
"and(subset_eq(index(cardinality(B), A), difference(A, B)), subset_eq(index(cardinality(B), union(A, B)), difference(B, A)))",0.6501687755838095,0.0,0.06782106733086435,0.8116758225908755,0.8116758225908755,complement-symmetric-entropy-v1,0.6501687755838095,0.0,0.0,0.8295045902698418,0.8295045902698418,0.0,0.0,0.06782106733086435,-0.01782876767896635,-0.01782876767896635
"subset_eq(difference(difference(B, A), index(cardinality(B), union(A, B))), difference(index(cardinality(A), union(A, B)), index(cardinality(A), B)))",0.0,0.7727435937041173,0.8778894712221496,0.07194158198445133,0.8778894712221496,complement-symmetric-entropy-v1,0.0,0.7727435937041173,0.942325334709153,0.0,0.942325334709153,0.0,0.0,-0.06443586348700348,0.07194158198445133,-0.06443586348700348
"subset_eq(difference(difference(A, B), index(cardinality(B), union(A, B))), index(cardinality(difference(A, A)), difference(A, B)))",0.8772149071511536,0.0,0.1711900441992774,1.0,1.0,complement-symmetric-entropy-v1,0.8772149071511536,0.0,0.0,1.0,1.0,0.0,0.0,0.1711900441992774,0.0,0.0
"or(or(subset_eq(B, A), greater_than(cardinality(A), cardinality(B))), subset_eq(B, index(cardinality(B), union(A, B))))",0.0,1.0,1.0,0.07643378761501296,1.0,complement-symmetric-entropy-v1,0.0,1.0,1.0,0.0,1.0,0.0,0.0,0.0,0.07643378761501296,0.0
"or(or(and(subset_eq(A, B), subset_eq(B, A)), subset_eq(B, difference(A, A))), equals(cardinality(intersection(A, B)), cardinality(difference(A, B))))",0.0,0.0,0.35863968404198077,0.2183069583479177,0.35863968404198077,complement-symmetric-entropy-v1,0.0,0.0,0.4425372790339114,0.1591055186343588,0.4425372790339114,0.0,0.0,-0.08389759499193061,0.0592014397135589,-0.08389759499193061
"and(or(subset_eq(B, A), greater_than(cardinality(A), cardinality(B))), subset_eq(index(cardinality(A), union(A, B)), union(difference(A, B), difference(B, A))))",0.0,1.0,1.0,0.08563655855471386,1.0,complement-symmetric-entropy-v1,0.0,1.0,1.0,0.0,1.0,0.0,0.0,0.0,0.08563655855471386,0.0
"subset_eq(difference(intersection(A, B), index(cardinality(B), A)), index(cardinality(difference(A, B)), union(A, B)))",0.0,0.0,0.863094361798463,0.6734930450677232,0.863094361798463,complement-symmetric-entropy-v1,0.0,0.0,0.878717367514845,0.6319062353446299,0.878717367514845,0.0,0.0,-0.015623005716381977,0.041586809723093365,-0.015623005716381977
"subset_eq(union(intersection(A, B), index(cardinality(B), union(A, B))), index(cardinality(intersection(A, B)), difference(B, A)))",0.36859812641282497,0.0,0.4608792909880117,0.6842495605771775,0.6842495605771775,complement-symmetric-entropy-v1,0.3685981264128249,0.0,0.7521785771294351,0.8207145467010369,0.8207145467010369,5.551115123125783e-17,0.0,-0.2912992861414234,-0.1364649861238595,-0.1364649861238595
"and(greater_than(cardinality(B), cardinality(A)), subset_eq(intersection(A, B), index(cardinality(A), B)))",0.7296149066990799,0.02724048216900732,0.0,0.8350872860262137,0.8350872860262137,complement-symmetric-entropy-v1,0.7296149066990799,0.0272404821690073,0.459712388363962,0.8843811599125776,0.8843811599125776,0.0,1.734723475976807e-17,-0.459712388363962,-0.04929387388636386,-0.04929387388636386
"and(subset_eq(index(cardinality(A), B), A), subset_eq(index(cardinality(B), A), difference(A, B)))",0.0,0.3994460959148839,0.3463710065664919,0.04485415499027745,0.3994460959148839,complement-symmetric-entropy-v1,0.0,0.3994460959148839,0.3524573588348223,0.1022539755441747,0.3994460959148839,0.0,0.0,-0.0060863522683304305,-0.05739982055389725,0.0
"subset_eq(intersection(B, index(cardinality(A), union(A, B))), intersection(A, index(cardinality(A), B)))",0.0,0.4409202066429969,0.5966421940051554,0.050331732446856625,0.5966421940051554,complement-symmetric-entropy-v1,0.0,0.4409202066429969,0.47865575844702,0.0,0.47865575844702,0.0,0.0,0.11798643555813537,0.050331732446856625,0.11798643555813537
"and(not(subset_eq(B, A)), subset_eq(index(cardinality(A), union(A, B)), index(cardinality(A), difference(B, A))))",1.0,0.02138967192524832,0.0,1.0,1.0,complement-symmetric-entropy-v1,1.0,0.0213896719252483,0.6186320274498884,1.0,1.0,0.0,2.0816681711721685e-17,-0.6186320274498884,0.0,0.0
"or(or(subset_eq(B, A), equals(cardinality(A), cardinality(B))), subset_eq(index(cardinality(B), union(A, B)), B))",0.0,0.0,0.3277338879335365,0.4653050644655027,0.4653050644655027,complement-symmetric-entropy-v1,0.0,0.0,0.0,0.0,0.0,0.0,0.0,0.3277338879335365,0.4653050644655027,0.4653050644655027
"subset_eq(difference(index(cardinality(A), union(A, B)), index(cardinality(B), difference(A, B))), difference(difference(A, B), index(cardinality(B), A)))",0.0,0.5943002728881457,0.7506428231542954,0.07194158198445133,0.7506428231542954,complement-symmetric-entropy-v1,0.0,0.5943002728881457,0.7216053704720022,0.0,0.7216053704720022,0.0,0.0,0.029037452682293186,0.07194158198445133,0.029037452682293186
"and(subset_eq(index(cardinality(B), union(A, B)), B), subset_eq(index(cardinality(A), union(A, B)), index(cardinality(A), difference(B, A))))",0.29334638924330214,0.0,0.16907069063703362,0.3026437863383471,0.3026437863383471,complement-symmetric-entropy-v1,0.2933463892433021,0.0,0.3984257352792253,0.1635563848226108,0.3984257352792253,5.551115123125783e-17,0.0,-0.2293550446421917,0.1390874015157363,-0.09578194894087821
"or(or(subset_eq(A, difference(A, B)), greater_than(cardinality(A), cardinality(B))), subset_eq(index(cardinality(B), union(A, B)), index(cardinality(A), B)))",0.0,0.0,0.5600669186065855,0.5384079360646138,0.5600669186065855,complement-symmetric-entropy-v1,0.0,0.0,0.0,0.0,0.0,0.0,0.0,0.5600669186065855,0.5384079360646138,0.5600669186065855
"subset_eq(intersection(A, index(cardinality(A), B)), index(cardinality(difference(B, A)), B))",0.0,0.0,0.7846146290501931,0.48282904266583326,0.7846146290501931,complement-symmetric-entropy-v1,0.0,0.0,0.2984867053038192,0.0,0.2984867053038192,0.0,0.0,0.48612792374637387,0.48282904266583326,0.48612792374637387
"subset_eq(index(cardinality(intersection(A, B)), union(A, B)), index(cardinality(difference(A, B)), union(difference(A, B), difference(B, A))))",0.5687267591975629,0.0,0.1594376926441884,0.33441644988987385,0.5687267591975629,complement-symmetric-entropy-v1,0.5687267591975629,0.0,0.1631561713693402,0.463083750001202,0.5687267591975629,0.0,0.0,-0.0037184787251518248,-0.12866730011132815,0.0
"subset_eq(index(cardinality(difference(B, A)), A), union(index(cardinality(B), A), index(cardinality(A), union(A, B))))",0.0,0.0,0.3203484623850793,1.0,1.0,complement-symmetric-entropy-v1,0.0,0.0,0.4906795285185508,1.0,1.0,0.0,0.0,-0.1703310661334715,0.0,0.0
"subset_eq(difference(A, index(cardinality(B), difference(A, B))), index(cardinality(difference(B, A)), union(A, B)))",0.41020190628626685,0.0,0.8433425593893591,1.0,1.0,complement-symmetric-entropy-v1,0.4102019062862668,0.0,0.9088093535134696,1.0,1.0,5.551115123125783e-17,0.0,-0.0654667941241105,0.0,0.0
"subset_eq(difference(index(cardinality(A), union(A, B)), index(cardinality(B), difference(A, B))), index(cardinality(intersection(A, B)), A))",0.0,0.6038228131114936,0.6941911424389917,0.06402652218092797,0.6941911424389917,complement-symmetric-entropy-v1,0.0,0.6038228131114936,0.624393960349793,0.0,0.624393960349793,0.0,0.0,0.06979718208919872,0.06402652218092797,0.06979718208919872
"subset_eq(intersection(intersection(A, B), index(cardinality(B), union(A, B))), index(cardinality(difference(B, A)), intersection(A, B)))",0.0,0.0,0.5077698410206247,0.7209171430648903,0.7209171430648903,complement-symmetric-entropy-v1,0.0,0.0,0.0,0.3145421569882425,0.3145421569882425,0.0,0.0,0.5077698410206247,0.4063749860766478,0.4063749860766478
"and(not(subset_eq(union(A, B), difference(A, A))), subset_eq(index(cardinality(A), union(A, B)), union(difference(A, B), difference(B, A))))",0.014313174108574023,0.014313174108574023,0.6093748621672537,0.353788136441623,0.6093748621672537,complement-symmetric-entropy-v1,0.014313174108574,0.014313174108574,0.4776545754187945,0.0,0.4776545754187945,2.2551405187698492e-17,2.2551405187698492e-17,0.13172028674845915,0.353788136441623,0.13172028674845915
"subset_eq(intersection(B, index(cardinality(A), union(A, B))), index(cardinality(intersection(A, B)), A))",0.0,0.7187083534240079,0.7125847970678554,0.05602914020856664,0.7187083534240079,complement-symmetric-entropy-v1,0.0,0.7187083534240079,0.7461272019521603,0.0,0.7461272019521603,0.0,0.0,-0.03354240488430493,0.05602914020856664,-0.027418848528152462
"subset_eq(index(cardinality(intersection(A, B)), A), difference(B, index(cardinality(B), A)))",0.9008788221810818,0.0,0.08033132598833581,0.5423296556504842,0.9008788221810818,complement-symmetric-entropy-v1,0.9008788221810818,0.0,0.0,0.6492984371706606,0.9008788221810818,0.0,0.0,0.08033132598833581,-0.10696878152017641,0.0
"subset_eq(union(index(cardinality(B), A), index(cardinality(A), union(A, B))), index(cardinality(A), union(difference(A, B), difference(B, A))))",0.3515280308311285,0.0,0.12070798966365848,0.7401665456375801,0.7401665456375801,complement-symmetric-entropy-v1,0.3515280308311285,0.0,0.2876099961998494,0.4922337454478636,0.4922337454478636,0.0,0.0,-0.16690200653619092,0.24793280018971653,0.24793280018971653
"subset_eq(index(cardinality(A), union(A, B)), difference(B, index(cardinality(B), A)))",0.0,0.0,0.39005223202797856,0.4291361362302021,0.4291361362302021,complement-symmetric-entropy-v1,0.0,0.0,0.0,0.0,0.0,0.0,0.0,0.39005223202797856,0.4291361362302021,0.4291361362302021
"and(subset_eq(index(cardinality(A), B), difference(B, A)), equals(cardinality(intersection(A, B)), cardinality(difference(B, A))))",0.0,0.5975733807765343,0.17606233478791844,0.17606233478791844,0.5975733807765343,complement-symmetric-entropy-v1,0.0,0.5975733807765343,0.3698234105045084,0.5592233576627049,0.5975733807765343,0.0,0.0,-0.19376107571658996,-0.3831610228747865,0.0
"subset_eq(difference(index(cardinality(A), B), index(cardinality(A), difference(B, A))), difference(index(cardinality(B), union(A, B)), A))",0.0,0.0,0.8491716626774559,0.2888707399152499,0.8491716626774559,complement-symmetric-entropy-v1,0.0,0.0,0.7299449285617428,0.0,0.7299449285617428,0.0,0.0,0.11922673411571316,0.2888707399152499,0.11922673411571316
"and(or(not(subset_eq(A, B)), subset_eq(A, difference(A, A))), subset_eq(index(cardinality(B), difference(A, B)), index(cardinality(A), union(A, B))))",0.262301217567369,0.0,0.050331732446856625,0.20777611467030466,0.262301217567369,complement-symmetric-entropy-v1,0.262301217567369,0.0,0.4409202066429969,0.3462885561248922,0.4409202066429969,0.0,0.0,-0.3905884741961403,-0.13851244145458752,-0.1786189890756279
"subset_eq(index(cardinality(B), union(difference(A, B), difference(B, A))), index(cardinality(difference(A, A)), A))",0.0,0.0,0.24343918848100388,0.41861576435344094,0.41861576435344094,complement-symmetric-entropy-v1,0.0,0.0,0.0,0.3156926875757605,0.3156926875757605,0.0,0.0,0.24343918848100388,0.10292307677768042,0.10292307677768042
"subset_eq(difference(difference(A, B), index(cardinality(A), union(A, B))), index(cardinality(difference(A, A)), union(A, B)))",0.6664908809894832,0.0,0.24970936930229548,0.7277179272226832,0.7277179272226832,complement-symmetric-entropy-v1,0.6664908809894832,0.0,0.0,0.7820776778370704,0.7820776778370704,0.0,0.0,0.24970936930229548,-0.05435975061438714,-0.05435975061438714
"and(subset_eq(A, index(cardinality(A), union(A, B))), subset_eq(index(cardinality(A), union(A, B)), A))",0.5540527203499385,0.15657726521865445,0.031410029666408934,0.031410029666408934,0.5540527203499385,complement-symmetric-entropy-v1,0.5540527203499385,0.1565772652186544,0.6827596502478864,0.6827596502478864,0.6827596502478864,0.0,5.551115123125783e-17,-0.6513496205814775,-0.6513496205814775,-0.12870692989794796
"subset_eq(difference(index(cardinality(A), union(A, B)), index(cardinality(B), difference(A, B))), difference(index(cardinality(B), union(A, B)), B))",0.0,0.7629680928265327,0.874071128587128,0.08239226169373826,0.874071128587128,complement-symmetric-entropy-v1,0.0,0.7629680928265327,0.7894495915071309,0.0,0.7894495915071309,0.0,0.0,0.08462153707999709,0.08239226169373826,0.08462153707999709
"subset_eq(index(cardinality(B), union(A, B)), difference(A, index(cardinality(B), difference(A, B))))",0.4830026608339466,0.0,0.036094354313260246,0.43987307388535823,0.4830026608339466,complement-symmetric-entropy-v1,0.4830026608339466,0.0,0.0,0.253935750633209,0.4830026608339466,0.0,0.0,0.036094354313260246,0.18593732325214923,0.0
"or(subset_eq(B, difference(A, A)), greater_than(cardinality(difference(B, A)), cardinality(A)))",0.0,0.0,0.35582322545444867,1.0,1.0,complement-symmetric-entropy-v1,0.0,0.0,0.6067938410799092,1.0,1.0,0.0,0.0,-0.2509706156254605,0.0,0.0
"subset_eq(index(cardinality(B), A), intersection(index(cardinality(B), union(A, B)), index(cardinality(B), difference(A, B))))",0.0,0.0,0.28795997857474687,0.8421437223220755,0.8421437223220755,complement-symmetric-entropy-v1,0.0,0.0,0.0,0.728272809348661,0.728272809348661,0.0,0.0,0.28795997857474687,0.11387091297341445,0.11387091297341445
"and(subset_eq(index(cardinality(B), union(A, B)), A), subset_eq(index(cardinality(B), difference(A, B)), B))",0.5711208602830229,0.0,0.04215178582943613,0.4645220390131951,0.5711208602830229,complement-symmetric-entropy-v1,0.5711208602830229,0.0,0.0,0.3781039265553697,0.5711208602830229,0.0,0.0,0.04215178582943613,0.08641811245782544,0.0
"subset_eq(union(index(cardinality(A), union(A, B)), index(cardinality(A), difference(B, A))), union(index(cardinality(A), B), index(cardinality(B), A)))",0.0,0.0,0.399575954312145,0.22163877464520554,0.399575954312145,complement-symmetric-entropy-v1,0.0,0.0,0.1008030186282954,0.0,0.1008030186282954,0.0,0.0,0.2987729356838496,0.22163877464520554,0.2987729356838496
"and(and(not(subset_eq(A, B)), subset_eq(A, difference(A, B))), subset_eq(index(cardinality(B), union(A, B)), A))",0.02537556199692137,0.3798616432962063,0.9425184024721647,0.0,0.9425184024721647,complement-symmetric-entropy-v1,0.0253755619969213,0.3798616432962063,0.9576271127255804,0.6365553926309926,0.9576271127255804,6.938893903907228e-17,0.0,-0.015108710253415758,-0.6365553926309926,-0.015108710253415758
"and(or(subset_eq(A, difference(A, B)), equals(cardinality(A), cardinality(B))), greater_than(cardinality(B), cardinality(difference(A, B))))",0.3869407931946094,0.040030673712095566,0.0,0.28764024918739506,0.3869407931946094,complement-symmetric-entropy-v1,0.3869407931946094,0.0400306737120955,0.1978540617741239,0.3869407931946094,0.3869407931946094,0.0,6.245004513516506e-17,-0.1978540617741239,-0.09930054400721433,0.0
"subset_eq(index(cardinality(difference(B, A)), A), index(cardinality(difference(A, A)), intersection(A, B)))",0.4209303784077749,0.0,0.048253892890909866,0.5731364810101328,0.5731364810101328,complement-symmetric-entropy-v1,0.4209303784077749,0.0,0.0927400945848538,0.3672302040064976,0.4209303784077749,0.0,0.0,-0.04448620169394393,0.20590627700363523,0.1522061026023579
"subset_eq(intersection(intersection(A, B), index(cardinality(B), union(A, B))), index(cardinality(difference(A, B)), intersection(A, B)))",0.0,0.0,0.3735178450634944,0.5926075921530718,0.5926075921530718,complement-symmetric-entropy-v1,0.0,0.0,0.0,0.3209316313799256,0.3209316313799256,0.0,0.0,0.3735178450634944,0.2716759607731462,0.2716759607731462
"and(subset_eq(intersection(A, B), index(cardinality(B), union(A, B))), greater_than(cardinality(A), cardinality(difference(B, A))))",0.02947768936475592,0.6082306935427881,0.9516260219805429,0.0,0.9516260219805429,complement-symmetric-entropy-v1,0.0294776893647559,0.6082306935427881,0.9618589164079544,0.4425844744783034,0.9618589164079544,2.0816681711721685e-17,0.0,-0.010232894427411487,-0.4425844744783034,-0.010232894427411487
"or(subset_eq(difference(B, A), index(cardinality(B), union(A, B))), subset_eq(index(cardinality(B), A), index(cardinality(B), union(A, B))))",0.0,0.0,0.46119352771085675,0.6491730225703994,0.6491730225703994,complement-symmetric-entropy-v1,0.0,0.0,0.0,0.0,0.0,0.0,0.0,0.46119352771085675,0.6491730225703994,0.6491730225703994
"subset_eq(index(cardinality(difference(A, B)), union(A, B)), difference(union(A, B), index(cardinality(A), B)))",0.0,1.0,0.8030773918351184,0.01949936587140244,1.0,complement-symmetric-entropy-v1,0.0,1.0,0.6133314570010145,0.0,1.0,0.0,0.0,0.18974593483410385,0.01949936587140244,0.0
"and(not(subset_eq(A, B)), subset_eq(index(cardinality(B), difference(A, B)), index(cardinality(B), A)))",0.10525736371799088,0.7699185840527206,0.5090813579689513,0.0,0.7699185840527206,complement-symmetric-entropy-v1,0.1052573637179908,0.7699185840527206,0.7699185840527206,0.1629601680237697,0.7699185840527206,8.326672684688674e-17,0.0,-0.26083722608376936,-0.1629601680237697,0.0
"or(subset_eq(index(cardinality(B), A), index(cardinality(A), union(A, B))), greater_than(cardinality(difference(A, B)), cardinality(B)))",0.0,0.0,0.3060695762252933,0.6930626018330839,0.6930626018330839,complement-symmetric-entropy-v1,0.0,0.0,0.0,0.5539405971394273,0.5539405971394273,0.0,0.0,0.3060695762252933,0.13912200469365654,0.13912200469365654
"or(and(not(subset_eq(A, B)), greater_than(cardinality(B), cardinality(A))), or(subset_eq(A, difference(A, B)), equals(cardinality(A), cardinality(B))))",0.0,0.0,0.3719926418842383,0.3719926418842383,0.3719926418842383,complement-symmetric-entropy-v1,0.0,0.0,0.2817673857377127,0.3689583809670874,0.3689583809670874,0.0,0.0,0.0902252561465256,0.0030342609171509216,0.0030342609171509216
"subset_eq(difference(index(cardinality(A), union(A, B)), intersection(A, B)), difference(A, index(cardinality(B), A)))",0.0,0.47629997061938056,0.39463024786680745,0.047750464001552695,0.47629997061938056,complement-symmetric-entropy-v1,0.0,0.4762999706193805,0.5179031874938816,0.0,0.5179031874938816,0.0,5.551115123125783e-17,-0.1232729396270742,0.047750464001552695,-0.04160321687450108
"and(subset_eq(index(cardinality(B), union(A, B)), B), greater_than(cardinality(B), cardinality(difference(A, B))))",1.0,0.07194158198445133,0.0,1.0,1.0,complement-symmetric-entropy-v1,1.0,0.0719415819844513,0.0,1.0,1.0,0.0,2.7755575615628914e-17,0.0,0.0,0.0
"or(subset_eq(difference(B, A), index(cardinality(A), union(A, B))), subset_eq(index(cardinality(B), union(A, B)), difference(A, B)))",0.0,0.0,0.5082616650932463,0.5019504017334903,0.5082616650932463,complement-symmetric-entropy-v1,0.0,0.0,0.0,0.0,0.0,0.0,0.0,0.5082616650932463,0.5019504017334903,0.5082616650932463
"or(subset_eq(index(cardinality(A), union(A, B)), B), greater_than(cardinality(intersection(A, B)), cardinality(difference(A, B))))",0.0,0.0,0.35986912663893134,0.42422885890578477,0.42422885890578477,complement-symmetric-entropy-v1,0.0,0.0,0.0,0.0,0.0,0.0,0.0,0.35986912663893134,0.42422885890578477,0.42422885890578477
"subset_eq(index(cardinality(difference(A, A)), intersection(A, B)), difference(A, index(cardinality(A), union(A, B))))",0.0,0.0,0.5401332649642925,0.34864456541551614,0.5401332649642925,complement-symmetric-entropy-v1,0.0,0.0,0.1712830126429501,0.0,0.1712830126429501,0.0,0.0,0.3688502523213424,0.34864456541551614,0.3688502523213424
"subset_eq(difference(index(cardinality(B), union(A, B)), index(cardinality(A), B)), index(cardinality(intersection(A, B)), union(difference(A, B), difference(B, A))))",0.0,0.0,0.15682284671795155,0.5892966518328093,0.5892966518328093,complement-symmetric-entropy-v1,0.0,0.0,0.0,0.5107617929162838,0.5107617929162838,0.0,0.0,0.15682284671795155,0.07853485891652556,0.07853485891652556
"or(and(not(subset_eq(A, B)), greater_than(cardinality(B), cardinality(A))), subset_eq(union(A, B), index(cardinality(A), B)))",0.5349961751054622,0.12021784778117273,0.10768008912189753,0.10768008912189753,0.5349961751054622,complement-symmetric-entropy-v1,0.5349961751054622,0.1202178477811727,0.3206393147186163,0.6237535498291281,0.6237535498291281,0.0,2.7755575615628914e-17,-0.21295922559671876,-0.5160734607072306,-0.08875737472366596
"and(subset_eq(difference(A, B), index(cardinality(B), A)), equals(cardinality(B), cardinality(difference(A, B))))",0.3117007640370749,0.4687295822571419,0.1144113373116199,0.1144113373116199,0.4687295822571419,complement-symmetric-entropy-v1,0.3117007640370749,0.4687295822571419,0.720470604553406,0.6104436626930871,0.720470604553406,0.0,0.0,-0.606059267241786,-0.49603232538146724,-0.25174102229626405
"subset_eq(index(cardinality(difference(B, A)), A), intersection(index(cardinality(A), union(A, B)), index(cardinality(B), union(A, B))))",0.8324696192768842,0.0,0.07932969852082605,1.0,1.0,complement-symmetric-entropy-v1,0.8324696192768842,0.0,0.3424275831838749,1.0,1.0,0.0,0.0,-0.26309788466304884,0.0,0.0
"subset_eq(difference(index(cardinality(A), union(A, B)), index(cardinality(B), difference(A, B))), difference(B, index(cardinality(A), difference(B, A))))",0.0,0.49199210348880207,0.5120732176409488,0.03319136567036207,0.5120732176409488,complement-symmetric-entropy-v1,0.0,0.491992103488802,0.2964655842782807,0.0,0.491992103488802,0.0,5.551115123125783e-17,0.21560763336266814,0.03319136567036207,0.020081114152146806
"or(subset_eq(index(cardinality(B), A), B), greater_than(cardinality(difference(A, B)), cardinality(intersection(A, B))))",0.0,0.0,0.34677207170062363,0.6556549896467583,0.6556549896467583,complement-symmetric-entropy-v1,0.0,0.0,0.0,0.3478899493221663,0.3478899493221663,0.0,0.0,0.34677207170062363,0.30776504032459195,0.30776504032459195
"and(or(subset_eq(A, B), greater_than(cardinality(B), cardinality(A))), subset_eq(index(cardinality(A), union(A, B)), intersection(A, B)))",0.5051360648371792,0.23324753027537026,0.015072455573367893,0.015072455573367893,0.5051360648371792,complement-symmetric-entropy-v1,0.5051360648371792,0.2332475302753702,0.1314317772412594,0.4866712263173036,0.5051360648371792,0.0,5.551115123125783e-17,-0.11635932166789151,-0.4715987707439357,0.0
"and(or(not(subset_eq(B, A)), subset_eq(A, difference(A, A))), subset_eq(index(cardinality(A), union(A, B)), union(difference(A, B), difference(B, A))))",0.4359164533832196,0.0,0.0633032099407621,0.6501687755838095,0.6501687755838095,complement-symmetric-entropy-v1,0.4359164533832196,0.0,0.2795488203985187,0.7024843780916561,0.7024843780916561,0.0,0.0,-0.2162456104577566,-0.052315602507846615,-0.052315602507846615
"or(subset_eq(difference(B, A), index(cardinality(B), union(A, B))), subset_eq(index(cardinality(B), difference(A, B)), index(cardinality(B), union(A, B))))",0.0,0.0,0.41103715800044427,0.669083694690364,0.669083694690364,complement-symmetric-entropy-v1,0.0,0.0,0.0,0.0,0.0,0.0,0.0,0.41103715800044427,0.669083694690364,0.669083694690364
"or(and(subset_eq(A, B), subset_eq(B, A)), subset_eq(B, index(cardinality(B), union(A, B))))",0.0,0.4822152694235152,0.6678807377140086,0.20979439205525752,0.6678807377140086,complement-symmetric-entropy-v1,0.0,0.4822152694235152,0.5197565396647799,0.3432668961772298,0.5197565396647799,0.0,0.0,0.14812419804922872,-0.13347250412197226,0.14812419804922872
"subset_eq(intersection(A, index(cardinality(A), union(A, B))), union(index(cardinality(A), B), index(cardinality(B), union(A, B))))",0.0,0.0,0.3895028471679195,0.4433891115975872,0.4433891115975872,complement-symmetric-entropy-v1,0.0,0.0,0.0,0.0,0.0,0.0,0.0,0.3895028471679195,0.4433891115975872,0.4433891115975872
"subset_eq(difference(B, index(cardinality(A), union(A, B))), index(cardinality(difference(A, B)), B))",0.0,0.21954018815135934,0.7866269867574149,0.5508283260342517,0.7866269867574149,complement-symmetric-entropy-v1,0.0,0.2195401881513593,0.8499494054426721,0.8499494054426721,0.8499494054426721,0.0,2.7755575615628914e-17,-0.06332241868525712,-0.29912107940842037,-0.06332241868525712
"or(subset_eq(intersection(A, B), index(cardinality(B), A)), subset_eq(index(cardinality(A), union(A, B)), index(cardinality(B), A)))",0.0,0.0,1.0,0.4894744300392787,1.0,complement-symmetric-entropy-v1,0.0,0.0,1.0,0.0,1.0,0.0,0.0,0.0,0.4894744300392787,0.0
"and(or(subset_eq(A, B), subset_eq(A, difference(A, B))), or(subset_eq(B, difference(A, A)), greater_than(cardinality(B), cardinality(A))))",0.0,0.0,0.19847255927748342,1.0,1.0,complement-symmetric-entropy-v1,0.0,0.0,0.0437218537076685,1.0,1.0,0.0,0.0,0.1547507055698149,0.0,0.0
"subset_eq(union(intersection(A, B), index(cardinality(B), A)), difference(difference(A, B), index(cardinality(A), union(A, B))))",0.0,0.0,0.8492547315678299,0.8996439399733243,0.8996439399733243,complement-symmetric-entropy-v1,0.0,0.0,0.8293667511581977,0.8293667511581977,0.8293667511581977,0.0,0.0,0.019887980409632244,0.07027718881512657,0.07027718881512657
"or(not(or(subset_eq(A, B), subset_eq(B, A))), subset_eq(A, index(cardinality(A), B)))",0.4735158735604501,0.0,0.059189042857587415,0.5085941395047752,0.5085941395047752,complement-symmetric-entropy-v1,0.4735158735604501,0.0,0.3356053566058059,0.5954276461567626,0.5954276461567626,0.0,0.0,-0.2764163137482185,-0.08683350665198741,-0.08683350665198741
"subset_eq(difference(index(cardinality(A), union(A, B)), index(cardinality(A), difference(B, A))), difference(index(cardinality(B), union(A, B)), intersection(A, B)))",0.0,0.0,0.5434546780349117,0.2843564848162542,0.5434546780349117,complement-symmetric-entropy-v1,0.0,0.0,0.4876227657288597,0.0,0.4876227657288597,0.0,0.0,0.055831912306051945,0.2843564848162542,0.055831912306051945
"subset_eq(union(difference(A, B), index(cardinality(A), union(A, B))), difference(A, index(cardinality(B), union(A, B))))",0.2661732054316651,0.2661732054316651,0.00669933952399826,0.00669933952399826,0.2661732054316651,complement-symmetric-entropy-v1,0.2661732054316651,0.2661732054316651,0.2104548754344869,0.2104548754344869,0.2661732054316651,0.0,0.0,-0.20375553591048864,-0.20375553591048864,0.0
"subset_eq(index(cardinality(intersection(A, B)), A), difference(index(cardinality(B), A), index(cardinality(B), difference(A, B))))",0.3687451782099863,0.0,0.06782106733086435,0.4436524182228284,0.4436524182228284,complement-symmetric-entropy-v1,0.3687451782099863,0.0,0.0,0.1105502546874798,0.3687451782099863,0.0,0.0,0.06782106733086435,0.3331021635353486,0.0749072400128421
"subset_eq(index(cardinality(intersection(A, B)), union(difference(A, B), difference(B, A))), index(cardinality(difference(A, A)), B))",0.37672922763437167,0.0,0.05482682891410795,0.28218470405158536,0.37672922763437167,complement-symmetric-entropy-v1,0.3767292276343716,0.0,0.1005115787409701,0.2289629038949757,0.3767292276343716,5.551115123125783e-17,0.0,-0.045684749826862145,0.053221800156609655,5.551115123125783e-17
"subset_eq(index(cardinality(difference(B, A)), intersection(A, B)), difference(A, index(cardinality(B), union(A, B))))",0.0,0.0,0.2985164946301656,0.736163226547881,0.736163226547881,complement-symmetric-entropy-v1,0.0,0.0,0.0,0.2148411165539473,0.2148411165539473,0.0,0.0,0.2985164946301656,0.5213221099939337,0.5213221099939337
"subset_eq(index(cardinality(B), union(difference(A, B), difference(B, A))), intersection(A, index(cardinality(B), union(A, B))))",0.0,0.0,0.2954813444881659,0.3409922991219603,0.3409922991219603,complement-symmetric-entropy-v1,0.0,0.0,0.0,0.1710049012468714,0.1710049012468714,0.0,0.0,0.2954813444881659,0.16998739787508887,0.16998739787508887
"and(or(subset_eq(A, difference(A, B)), equals(cardinality(A), cardinality(B))), not(or(subset_eq(A, B), subset_eq(B, A))))",0.32405636866738896,0.32405636866738896,0.0,0.0,0.32405636866738896,complement-symmetric-entropy-v1,0.3240563686673889,0.3240563686673889,0.3841638278445108,0.3841638278445108,0.3841638278445108,5.551115123125783e-17,5.551115123125783e-17,-0.3841638278445108,-0.3841638278445108,-0.06010745917712185
"subset_eq(union(index(cardinality(A), B), index(cardinality(B), difference(A, B))), index(cardinality(difference(A, A)), A))",0.0,0.36127215943978264,0.21804823136989293,0.05482682891410795,0.36127215943978264,complement-symmetric-entropy-v1,0.0,0.3612721594397826,0.4087038290348859,0.167845953037399,0.4087038290348859,0.0,5.551115123125783e-17,-0.19065559766499296,-0.11301912412329104,-0.047431669595103254
"subset_eq(union(index(cardinality(B), A), index(cardinality(A), difference(B, A))), difference(difference(A, B), index(cardinality(B), union(A, B))))",0.4039108835949603,0.2243149272709991,0.0037458541903501175,0.0037458541903501175,0.4039108835949603,complement-symmetric-entropy-v1,0.4039108835949603,0.2243149272709991,0.2243149272709991,0.4188197279356147,0.4188197279356147,0.0,0.0,-0.220569073080649,-0.4150738737452646,-0.014908844340654426
"subset_eq(union(index(cardinality(A), B), index(cardinality(B), difference(A, B))), difference(difference(A, B), index(cardinality(A), union(A, B))))",0.0,0.8141322702214712,0.6736981809450868,0.048763592572735326,0.8141322702214712,complement-symmetric-entropy-v1,0.0,0.8141322702214712,0.8141322702214712,0.0,0.8141322702214712,0.0,0.0,-0.14043408927638434,0.048763592572735326,0.0
"subset_eq(index(cardinality(intersection(A, B)), union(difference(A, B), difference(B, A))), union(A, index(cardinality(A), union(A, B))))",0.0,0.0,0.4388423638049703,0.19787499534846587,0.4388423638049703,complement-symmetric-entropy-v1,0.0,0.0,0.1622710675210136,0.0,0.1622710675210136,0.0,0.0,0.2765712962839567,0.19787499534846587,0.2765712962839567
"and(not(and(subset_eq(A, B), subset_eq(B, A))), subset_eq(index(cardinality(A), union(A, B)), intersection(A, B)))",0.053657364337435176,0.5583388559161546,0.40380641744023094,0.0,0.5583388559161546,complement-symmetric-entropy-v1,0.0536573643374351,0.5583388559161546,0.3015882638368419,0.0064552972016682,0.5583388559161546,7.632783294297951e-17,0.0,0.10221815360338904,-0.0064552972016682,0.0
"and(or(not(subset_eq(B, A)), subset_eq(A, difference(A, B))), subset_eq(index(cardinality(A), B), A))",0.0,0.26601946490853023,0.23266844632513106,0.06626644491834377,0.26601946490853023,complement-symmetric-entropy-v1,0.0,0.2660194649085302,0.3197318648441828,0.3197318648441828,0.3197318648441828,0.0,5.551115123125783e-17,-0.08706341851905175,-0.25346541992583904,-0.05371239993565258
"and(not(subset_eq(A, B)), greater_than(cardinality(difference(B, A)), cardinality(A)))",0.6293991066688157,0.25398331735051727,0.0,0.0,0.6293991066688157,complement-symmetric-entropy-v1,0.6293991066688157,0.2539833173505172,0.6293991066688157,0.7105589451644925,0.7105589451644925,0.0,5.551115123125783e-17,-0.6293991066688157,-0.7105589451644925,-0.08115983849567676
"subset_eq(difference(difference(A, B), index(cardinality(B), difference(A, B))), index(cardinality(B), union(difference(A, B), difference(B, A))))",0.5568583453076951,0.0,0.30104923408511963,1.0,1.0,complement-symmetric-entropy-v1,0.5568583453076951,0.0,0.0,1.0,1.0,0.0,0.0,0.30104923408511963,0.0,0.0
"subset_eq(index(cardinality(B), A), index(cardinality(difference(B, A)), union(A, B)))",0.0,0.0,0.2840359603660214,0.9652618479923813,0.9652618479923813,complement-symmetric-entropy-v1,0.0,0.0,0.0,0.9273201524270328,0.9273201524270328,0.0,0.0,0.2840359603660214,0.03794169556534854,0.03794169556534854
"subset_eq(difference(index(cardinality(B), union(A, B)), intersection(A, B)), index(cardinality(intersection(A, B)), difference(B, A)))",0.4422251824950938,0.0,0.05482682891410795,0.4226741361726636,0.4422251824950938,complement-symmetric-entropy-v1,0.4422251824950938,0.0,0.0,0.4252602596859576,0.4422251824950938,0.0,0.0,0.05482682891410795,-0.002586123513294014,0.0
"subset_eq(index(cardinality(difference(A, B)), union(A, B)), union(difference(B, A), index(cardinality(A), union(A, B))))",0.0,0.0,0.4377105822126396,0.7969465601241502,0.7969465601241502,complement-symmetric-entropy-v1,0.0,0.0,0.3219199820739453,0.8136253393514279,0.8136253393514279,0.0,0.0,0.1157906001386943,-0.016678779227277674,-0.016678779227277674
"subset_eq(union(intersection(A, B), index(cardinality(A), union(A, B))), difference(intersection(A, B), index(cardinality(B), union(A, B))))",0.0,0.38876768081800006,0.29199852316946606,0.1117047330308969,0.38876768081800006,complement-symmetric-entropy-v1,0.0,0.388767680818,0.2127776790695226,0.144965626590824,0.388767680818,0.0,5.551115123125783e-17,0.07922084409994345,-0.03326089355992709,5.551115123125783e-17
"or(or(subset_eq(A, difference(A, B)), equals(cardinality(A), cardinality(B))), greater_than(cardinality(difference(A, B)), cardinality(B)))",0.0,0.0,0.45439180996543926,0.3543789540709861,0.45439180996543926,complement-symmetric-entropy-v1,0.0,0.0,0.3903913668492367,0.1893299348783194,0.3903913668492367,0.0,0.0,0.06400044311620257,0.16504901919266668,0.06400044311620257
"subset_eq(index(cardinality(intersection(A, B)), union(difference(A, B), difference(B, A))), difference(union(A, B), index(cardinality(A), union(A, B))))",0.0,0.3696468790388254,0.6504795118992324,0.026303284003553418,0.6504795118992324,complement-symmetric-entropy-v1,0.0,0.3696468790388254,0.3696468790388254,0.0,0.3696468790388254,0.0,0.0,0.28083263286040694,0.026303284003553418,0.28083263286040694
"or(subset_eq(B, index(cardinality(A), B)), greater_than(cardinality(difference(A, B)), cardinality(intersection(A, B))))",0.0,0.25360407564250986,1.0,0.3265764634119025,1.0,complement-symmetric-entropy-v1,0.0,0.2536040756425098,1.0,0.3729407396187745,1.0,0.0,5.551115123125783e-17,0.0,-0.046364276206872,0.0
"subset_eq(difference(A, index(cardinality(A), B)), index(cardinality(difference(B, A)), B))",0.7095325678103428,0.0,0.29680184620592953,1.0,1.0,complement-symmetric-entropy-v1,0.7095325678103428,0.0,0.4323151489371963,1.0,1.0,0.0,0.0,-0.13551330273126677,0.0,0.0
"subset_eq(difference(union(A, B), index(cardinality(A), union(A, B))), index(cardinality(intersection(A, B)), union(A, B)))",0.36591204572506597,0.36591204572506597,1.0,1.0,1.0,complement-symmetric-entropy-v1,0.3659120457250659,0.3659120457250659,1.0,1.0,1.0,5.551115123125783e-17,5.551115123125783e-17,0.0,0.0,0.0
"subset_eq(index(cardinality(intersection(A, B)), difference(A, B)), index(cardinality(B), union(A, B)))",0.0,0.0,0.24131153739314293,0.36864384362718305,0.36864384362718305,complement-symmetric-entropy-v1,0.0,0.0,0.0,0.1469915509520585,0.1469915509520585,0.0,0.0,0.24131153739314293,0.22165229267512457,0.22165229267512457
"or(and(subset_eq(A, difference(A, B)), equals(cardinality(A), cardinality(B))), subset_eq(difference(A, B), index(cardinality(B), A)))",0.4687151077205365,0.0,0.26120027119094824,0.7751554437268062,0.7751554437268062,complement-symmetric-entropy-v1,0.4687151077205365,0.0,0.0,0.6085475898074026,0.6085475898074026,0.0,0.0,0.26120027119094824,0.16660785391940358,0.16660785391940358
"or(subset_eq(A, index(cardinality(A), union(A, B))), subset_eq(index(cardinality(A), union(A, B)), index(cardinality(A), B)))",0.0,0.0,0.4628646153503533,0.488993317364788,0.488993317364788,complement-symmetric-entropy-v1,0.0,0.0,0.0,0.0,0.0,0.0,0.0,0.4628646153503533,0.488993317364788,0.488993317364788
"or(and(subset_eq(A, difference(A, B)), equals(cardinality(A), cardinality(B))), subset_eq(A, index(cardinality(B), union(A, B))))",0.3914169725748232,0.0,0.7626747026069107,0.7944615745733755,0.7944615745733755,complement-symmetric-entropy-v1,0.3914169725748232,0.0,0.6806570631189783,0.8088001411369383,0.8088001411369383,0.0,0.0,0.08201763948793239,-0.014338566563562805,-0.014338566563562805
"or(subset_eq(intersection(A, B), index(cardinality(B), A)), subset_eq(difference(B, A), index(cardinality(A), union(A, B))))",0.0,0.0,1.0,0.4922337454478636,1.0,complement-symmetric-entropy-v1,0.0,0.0,1.0,0.0,1.0,0.0,0.0,0.0,0.4922337454478636,0.0
"subset_eq(index(cardinality(A), union(A, B)), intersection(intersection(A, B), index(cardinality(B), union(A, B))))",0.0,0.8824247535826727,0.7110616807202523,0.09938437942556089,0.8824247535826727,complement-symmetric-entropy-v1,0.0,0.8824247535826727,0.6853001414191866,0.0,0.8824247535826727,0.0,0.0,0.025761539301065728,0.09938437942556089,0.0
"or(equals(cardinality(intersection(A, B)), cardinality(difference(B, A))), greater_than(cardinality(difference(B, A)), cardinality(A)))",0.0,0.0,0.15208200713308195,0.7626136596505988,0.7626136596505988,complement-symmetric-entropy-v1,0.0,0.0,0.1877075916013285,0.8641706664999871,0.8641706664999871,0.0,0.0,-0.03562558446824654,-0.10155700684938829,-0.10155700684938829
"not(subset_eq(difference(B, A), index(cardinality(A), difference(B, A))))",1.0,0.1785956867446673,0.0,0.6111759406728261,1.0,complement-symmetric-entropy-v1,1.0,0.1785956867446673,0.115170740269666,0.8828145566023111,1.0,0.0,0.0,-0.115170740269666,-0.271638615929485,0.0
"subset_eq(difference(index(cardinality(B), union(A, B)), index(cardinality(A), union(A, B))), difference(index(cardinality(B), A), B))",0.0,0.0,0.2522069628594855,0.3813771554491334,0.3813771554491334,complement-symmetric-entropy-v1,0.0,0.0,0.0,0.2082724093138784,0.2082724093138784,0.0,0.0,0.2522069628594855,0.17310474613525503,0.17310474613525503
"subset_eq(index(cardinality(B), union(A, B)), index(cardinality(difference(A, A)), difference(B, A)))",0.498011859912329,0.0,0.08453393046470747,0.6468067403933556,0.6468067403933556,complement-symmetric-entropy-v1,0.498011859912329,0.0,0.0,0.5949253955660272,0.5949253955660272,0.0,0.0,0.08453393046470747,0.051881344827328424,0.051881344827328424
"subset_eq(index(cardinality(intersection(A, B)), union(A, B)), index(cardinality(difference(B, A)), difference(A, B)))",0.0,0.558795418369129,0.4847742479453838,0.22549271715945918,0.558795418369129,complement-symmetric-entropy-v1,0.0,0.558795418369129,0.544484959657626,0.2290576637455943,0.558795418369129,0.0,0.0,-0.05971071171224218,-0.003564946586135126,0.0
"or(subset_eq(difference(A, B), index(cardinality(B), union(A, B))), greater_than(cardinality(difference(B, A)), cardinality(A)))",0.7398503314423021,0.0,0.19860550065323468,1.0,1.0,complement-symmetric-entropy-v1,0.7398503314423021,0.0,0.0,1.0,1.0,0.0,0.0,0.19860550065323468,0.0,0.0
"and(subset_eq(difference(A, B), index(cardinality(A), union(A, B))), subset_eq(index(cardinality(A), union(A, B)), A))",0.46308375000120205,0.16315617136934024,0.009315908830978437,0.009315908830978437,0.46308375000120205,complement-symmetric-entropy-v1,0.463083750001202,0.1631561713693402,0.1690752272916702,0.463083750001202,0.463083750001202,5.551115123125783e-17,2.7755575615628914e-17,-0.15975931846069177,-0.45376784117022356,5.551115123125783e-17
"or(and(subset_eq(A, difference(A, B)), greater_than(cardinality(B), cardinality(A))), subset_eq(B, index(cardinality(A), union(A, B))))",0.0,0.0,0.6854048830178505,1.0,1.0,complement-symmetric-entropy-v1,0.0,0.0,0.854636806100119,1.0,1.0,0.0,0.0,-0.16923192308226853,0.0,0.0
"subset_eq(difference(A, B), difference(index(cardinality(B), union(A, B)), index(cardinality(B), difference(A, B))))",0.7477059574276123,0.0,0.07458904125639076,1.0,1.0,complement-symmetric-entropy-v1,0.7477059574276123,0.0,0.0,1.0,1.0,0.0,0.0,0.07458904125639076,0.0,0.0
"subset_eq(union(index(cardinality(A), B), index(cardinality(B), union(A, B))), difference(union(difference(A, B), difference(B, A)), index(cardinality(B), difference(A, B))))",0.3018634660841931,0.0,0.047253169421045293,0.48402108038883873,0.48402108038883873,complement-symmetric-entropy-v1,0.3018634660841931,0.0,0.1473235464951975,0.4536627413744841,0.4536627413744841,0.0,0.0,-0.1000703770741522,0.03035833901435464,0.03035833901435464
"subset_eq(index(cardinality(difference(A, B)), union(A, B)), difference(difference(B, A), index(cardinality(B), union(A, B))))",0.0,0.0,0.26548779299530223,0.7177093157913992,0.7177093157913992,complement-symmetric-entropy-v1,0.0,0.0,0.2414984911551295,0.7773523021880924,0.7773523021880924,0.0,0.0,0.023989301840172728,-0.05964298639669319,-0.05964298639669319
"subset_eq(difference(B, A), index(cardinality(difference(B, A)), union(difference(A, B), difference(B, A))))",0.0,0.8023866111250645,0.7187083534240079,0.07738143767113448,0.8023866111250645,complement-symmetric-entropy-v1,0.0,0.8023866111250645,0.8023866111250645,0.0,0.8023866111250645,0.0,0.0,-0.08367825770105664,0.07738143767113448,0.0
"or(subset_eq(A, index(cardinality(A), B)), subset_eq(index(cardinality(A), B), difference(B, A)))",0.0,0.0,0.9001868625781286,0.6169182614608798,0.9001868625781286,complement-symmetric-entropy-v1,0.0,0.0,0.5677187790869396,0.0,0.5677187790869396,0.0,0.0,0.33246808349118906,0.6169182614608798,0.33246808349118906
"subset_eq(difference(index(cardinality(A), union(A, B)), index(cardinality(B), difference(A, B))), index(cardinality(difference(B, A)), union(difference(A, B), difference(B, A))))",0.0,0.6015712309168142,0.6727761095085338,0.06259108614261322,0.6727761095085338,complement-symmetric-entropy-v1,0.0,0.6015712309168142,0.6329549351080008,0.0,0.6329549351080008,0.0,0.0,0.03982117440053301,0.06259108614261322,0.03982117440053301
"and(subset_eq(difference(B, A), index(cardinality(A), B)), equals(cardinality(A), cardinality(difference(B, A))))",0.4687295822571419,0.3117007640370749,0.1144113373116199,0.1144113373116199,0.4687295822571419,complement-symmetric-entropy-v1,0.4687295822571419,0.3117007640370749,0.6104436626930871,0.720470604553406,0.720470604553406,0.0,0.0,-0.49603232538146724,-0.606059267241786,-0.25174102229626405
"subset_eq(difference(intersection(A, B), index(cardinality(B), union(A, B))), index(cardinality(difference(A, A)), union(A, B)))",0.0,0.0,0.83339122878515,0.6730863053606144,0.83339122878515,complement-symmetric-entropy-v1,0.0,0.0,0.8333668668550065,0.6664908809894832,0.8333668668550065,0.0,0.0,2.436193014354604e-05,0.006595424371131253,2.436193014354604e-05
"subset_eq(difference(index(cardinality(B), union(A, B)), index(cardinality(A), difference(B, A))), intersection(intersection(A, B), index(cardinality(A), union(A, B))))",0.83339122878515,0.0,0.0890794964892917,0.8519213398742377,0.8519213398742377,complement-symmetric-entropy-v1,0.83339122878515,0.0,0.0,0.7770188904994668,0.83339122878515,0.0,0.0,0.0890794964892917,0.07490244937477086,0.018530111089087642
"and(or(subset_eq(A, B), not(subset_eq(B, A))), subset_eq(intersection(A, B), index(cardinality(A), union(A, B))))",0.26834102011654226,0.0,0.10525736371799088,0.9633306798200356,0.9633306798200356,complement-symmetric-entropy-v1,0.2683410201165422,0.0,0.5608858969208899,0.9668879977626516,0.9668879977626516,5.551115123125783e-17,0.0,-0.455628533202899,-0.003557317942615934,-0.003557317942615934
"and(subset_eq(index(cardinality(B), union(A, B)), difference(B, A)), subset_eq(index(cardinality(A), difference(B, A)), index(cardinality(A), union(A, B))))",0.4916038481344436,0.0,0.08563655855471386,0.3210536030353689,0.4916038481344436,complement-symmetric-entropy-v1,0.4916038481344436,0.0,0.051411172504306,0.5867410166516649,0.5867410166516649,0.0,0.0,0.03422538605040786,-0.265687413616296,-0.09513716851722132
"subset_eq(union(index(cardinality(B), union(A, B)), index(cardinality(B), difference(A, B))), union(index(cardinality(B), A), index(cardinality(A), union(A, B))))",0.0,0.0,0.2592105123789723,0.36082368806650267,0.36082368806650267,complement-symmetric-entropy-v1,0.0,0.0,0.0,0.1916449100113856,0.1916449100113856,0.0,0.0,0.2592105123789723,0.16917877805511708,0.16917877805511708
"or(subset_eq(B, index(cardinality(B), union(A, B))), subset_eq(index(cardinality(B), union(A, B)), index(cardinality(A), difference(B, A))))",0.0,0.0,0.36542351246803406,0.7969465601241502,0.7969465601241502,complement-symmetric-entropy-v1,0.0,0.0,0.0,0.8291938197768176,0.8291938197768176,0.0,0.0,0.36542351246803406,-0.03224725965266739,-0.03224725965266739
"subset_eq(difference(index(cardinality(A), union(A, B)), index(cardinality(B), union(A, B))), difference(B, index(cardinality(A), difference(B, A))))",0.0,0.49724197320314734,0.39656141228723485,0.02915301750727539,0.49724197320314734,complement-symmetric-entropy-v1,0.0,0.4972419732031473,0.3889214172141586,0.0,0.4972419732031473,0.0,5.551115123125783e-17,0.007639995073076222,0.02915301750727539,5.551115123125783e-17
"subset_eq(difference(union(difference(A, B), difference(B, A)), index(cardinality(A), B)), index(cardinality(difference(A, B)), union(A, B)))",0.4232765008368822,0.1284050863656272,0.055455952089963345,0.10176460563914858,0.4232765008368822,complement-symmetric-entropy-v1,0.4232765008368822,0.1284050863656272,0.1944498953985032,0.4079993139035485,0.4232765008368822,0.0,0.0,-0.13899394330853984,-0.3062347082643999,0.0
"or(subset_eq(index(cardinality(B), union(A, B)), index(cardinality(B), difference(A, B))), greater_than(cardinality(intersection(A, B)), cardinality(difference(B, A))))",0.0,0.0,0.3790998197520399,0.347440353948957,0.3790998197520399,complement-symmetric-entropy-v1,0.0,0.0,0.0,0.0,0.0,0.0,0.0,0.3790998197520399,0.347440353948957,0.3790998197520399
"and(not(subset_eq(B, A)), subset_eq(index(cardinality(A), union(A, B)), intersection(A, B)))",0.766911378429355,0.42184649366971483,0.0,0.0,0.766911378429355,complement-symmetric-entropy-v1,0.766911378429355,0.4218464936697148,0.2125938551804215,0.4644101855250906,0.766911378429355,0.0,5.551115123125783e-17,-0.2125938551804215,-0.4644101855250906,0.0
"subset_eq(union(index(cardinality(A), union(A, B)), index(cardinality(B), difference(A, B))), difference(B, index(cardinality(A), B)))",0.23965184940854956,0.46127349004639273,0.005434060407740082,0.005434060407740082,0.46127349004639273,complement-symmetric-entropy-v1,0.2396518494085495,0.4612734900463927,0.4103511959593344,0.1569929586030407,0.4612734900463927,5.551115123125783e-17,5.551115123125783e-17,-0.4049171355515943,-0.1515588981953006,5.551115123125783e-17
"subset_eq(difference(A, index(cardinality(B), union(A, B))), index(cardinality(difference(A, A)), union(A, B)))",0.32129457648181325,0.0,0.5123010623219155,0.8380456320854288,0.8380456320854288,complement-symmetric-entropy-v1,0.3212945764818132,0.0,0.7898073239429552,0.8811610278054949,0.8811610278054949,5.551115123125783e-17,0.0,-0.27750626162103964,-0.04311539572006606,-0.04311539572006606
"and(or(subset_eq(B, A), not(subset_eq(A, B))), subset_eq(intersection(A, B), index(cardinality(A), union(A, B))))",0.0,0.23731405025281527,0.685640367824266,0.12464595026128611,0.685640367824266,complement-symmetric-entropy-v1,0.0,0.2373140502528152,0.7633602060049276,0.665517020445592,0.7633602060049276,0.0,5.551115123125783e-17,-0.07771983818066164,-0.5408710701843059,-0.07771983818066164
"and(not(subset_eq(A, difference(A, B))), subset_eq(difference(B, A), index(cardinality(A), B)))",0.23065573862382016,0.6648105531836657,0.0,0.0,0.6648105531836657,complement-symmetric-entropy-v1,0.2306557386238201,0.6648105531836657,0.52005928205343,0.0376238972305325,0.6648105531836657,5.551115123125783e-17,0.0,-0.52005928205343,-0.0376238972305325,0.0
"subset_eq(difference(index(cardinality(B), union(A, B)), index(cardinality(A), union(A, B))), difference(difference(A, B), index(cardinality(B), A)))",0.6301467147755528,0.0,0.050331732446856625,0.5708922052294325,0.6301467147755528,complement-symmetric-entropy-v1,0.6301467147755528,0.0,0.0,0.6424650310918256,0.6424650310918256,0.0,0.0,0.050331732446856625,-0.07157282586239311,-0.012318316316272782
"and(subset_eq(intersection(A, B), index(cardinality(B), A)), subset_eq(index(cardinality(A), union(A, B)), B))",0.0,0.0,0.7009154585179066,0.6305836057751115,0.7009154585179066,complement-symmetric-entropy-v1,0.0,0.0,0.7035271349209506,0.5625563869476446,0.7035271349209506,0.0,0.0,-0.00261167640304405,0.06802721882746687,-0.00261167640304405
"and(subset_eq(intersection(A, B), index(cardinality(A), B)), subset_eq(index(cardinality(A), union(A, B)), B))",0.0,0.0,0.5324595320892358,0.8708198667236753,0.8708198667236753,complement-symmetric-entropy-v1,0.0,0.0,0.5623591220851138,0.8776832976695002,0.8776832976695002,0.0,0.0,-0.02989958999587805,-0.006863430945824867,-0.006863430945824867
"and(or(subset_eq(B, A), greater_than(cardinality(A), cardinality(B))), subset_eq(index(cardinality(A), union(A, B)), A))",0.0,1.0,1.0,0.09149443997629914,1.0,complement-symmetric-entropy-v1,0.0,1.0,1.0,0.0,1.0,0.0,0.0,0.0,0.09149443997629914,0.0
"subset_eq(index(cardinality(difference(A, B)), union(A, B)), index(cardinality(difference(A, A)), A))",0.0,0.22217966982825044,0.20149362199549048,0.11881483579112917,0.22217966982825044,complement-symmetric-entropy-v1,0.0,0.2221796698282504,0.1325457816516817,0.4663426881365232,0.4663426881365232,0.0,2.7755575615628914e-17,0.06894784034380877,-0.347527852345394,-0.24416301830827275
"subset_eq(index(cardinality(difference(A, B)), difference(B, A)), index(cardinality(intersection(A, B)), union(A, B)))",0.0,0.0,0.8552100792001622,0.2583357679526753,0.8552100792001622,complement-symmetric-entropy-v1,0.0,0.0,0.7794206560498811,0.0,0.7794206560498811,0.0,0.0,0.07578942315028114,0.2583357679526753,0.07578942315028114
"or(subset_eq(intersection(A, B), index(cardinality(B), A)), subset_eq(index(cardinality(B), union(A, B)), union(difference(A, B), difference(B, A))))",0.0,0.0,0.5644906882037993,0.8496022692595475,0.8496022692595475,complement-symmetric-entropy-v1,0.0,0.0,0.0,0.5805425030942116,0.5805425030942116,0.0,0.0,0.5644906882037993,0.2690597661653359,0.2690597661653359
"and(or(subset_eq(A, B), greater_than(cardinality(A), cardinality(B))), subset_eq(index(cardinality(A), B), index(cardinality(A), difference(B, A))))",0.0,0.0,0.8624250738256066,0.17804306351513632,0.8624250738256066,complement-symmetric-entropy-v1,0.0,0.0,0.6457592107058422,0.0,0.6457592107058422,0.0,0.0,0.21666586311976443,0.17804306351513632,0.21666586311976443
"and(subset_eq(A, B), greater_than(cardinality(A), cardinality(difference(B, A))))",0.5239107098446271,0.3735178450634944,0.0,0.0,0.5239107098446271,complement-symmetric-entropy-v1,0.5239107098446271,0.3735178450634944,0.167541048741971,0.434757466811326,0.5239107098446271,0.0,0.0,-0.167541048741971,-0.434757466811326,0.0
"and(or(subset_eq(B, difference(A, A)), greater_than(cardinality(A), cardinality(B))), subset_eq(index(cardinality(B), union(A, B)), A))",0.0,0.9665854085788346,0.9073602500079712,0.11341629811897991,0.9665854085788346,complement-symmetric-entropy-v1,0.0,0.9665854085788346,0.9665854085788346,0.041718529306579,0.9665854085788346,0.0,0.0,-0.05922515857086341,0.0716977688124009,0.0
"subset_eq(index(cardinality(difference(A, B)), difference(B, A)), index(cardinality(difference(B, A)), B))",0.0,0.9278320479030322,0.9653831346215241,0.03647150016123257,0.9653831346215241,complement-symmetric-entropy-v1,0.0,0.9278320479030322,0.9278320479030322,0.0,0.9278320479030322,0.0,0.0,0.037551086718491944,0.03647150016123257,0.037551086718491944
"subset_eq(difference(index(cardinality(A), union(A, B)), intersection(A, B)), union(index(cardinality(A), B), index(cardinality(B), difference(A, B))))",0.0,0.0,0.35195129524873825,0.3202640424183588,0.35195129524873825,complement-symmetric-entropy-v1,0.0,0.0,0.0,0.0,0.0,0.0,0.0,0.35195129524873825,0.3202640424183588,0.35195129524873825
"subset_eq(union(index(cardinality(A), B), index(cardinality(B), A)), index(cardinality(difference(A, B)), difference(B, A)))",0.5078990971147468,0.0,0.06703741262941643,0.4377105822126396,0.5078990971147468,complement-symmetric-entropy-v1,0.5078990971147468,0.0,0.1584481698810289,0.5078990971147468,0.5078990971147468,0.0,0.0,-0.09141075725161246,-0.0701885149021072,0.0
"or(not(equals(cardinality(A), cardinality(B))), subset_eq(difference(B, A), index(cardinality(A), union(A, B))))",0.0,0.0,0.40417029019525164,0.38129901559144175,0.40417029019525164,complement-symmetric-entropy-v1,0.0,0.0,0.0,0.0,0.0,0.0,0.0,0.40417029019525164,0.38129901559144175,0.40417029019525164
"and(not(greater_than(cardinality(B), cardinality(A))), subset_eq(index(cardinality(B), difference(A, B)), index(cardinality(A), union(A, B))))",0.16427639903997981,0.4942074686921065,0.0040998232009928914,0.0040998232009928914,0.4942074686921065,complement-symmetric-entropy-v1,0.1642763990399798,0.4942074686921065,0.4942074686921065,0.1642763990399798,0.4942074686921065,2.7755575615628914e-17,0.0,-0.49010764549111363,-0.1601765758389869,0.0
"and(subset_eq(index(cardinality(A), union(A, B)), union(difference(A, B), difference(B, A))), subset_eq(index(cardinality(B), difference(A, B)), index(cardinality(B), union(A, B))))",0.0,0.0,0.3600513381754459,0.4187950299140155,0.4187950299140155,complement-symmetric-entropy-v1,0.0,0.0,0.3029618464446364,0.1625422391421428,0.3029618464446364,0.0,0.0,0.05708949173080946,0.2562527907718727,0.1158331834693791
"or(subset_eq(difference(A, B), index(cardinality(B), union(A, B))), subset_eq(index(cardinality(A), union(A, B)), index(cardinality(B), A)))",0.0,0.0,0.4347787217077712,0.46910418478961524,0.46910418478961524,complement-symmetric-entropy-v1,0.0,0.0,0.0,0.0,0.0,0.0,0.0,0.4347787217077712,0.46910418478961524,0.46910418478961524
"or(subset_eq(A, difference(A, B)), not(equals(cardinality(A), cardinality(B))))",0.0,0.0,0.3914397155416557,0.3914397155416557,0.3914397155416557,complement-symmetric-entropy-v1,0.0,0.0,0.0126834446615501,0.0126834446615501,0.0126834446615501,0.0,0.0,0.3787562708801056,0.3787562708801056,0.3787562708801056
"or(and(not(subset_eq(A, B)), greater_than(cardinality(B), cardinality(A))), equals(cardinality(intersection(A, B)), cardinality(difference(A, B))))",0.48424622970286724,0.0,0.11341629811897991,0.24287984500097726,0.48424622970286724,complement-symmetric-entropy-v1,0.4842462297028672,0.0,0.4842462297028672,0.3147061578359571,0.4842462297028672,5.551115123125783e-17,0.0,-0.3708299315838873,-0.07182631283497987,5.551115123125783e-17
"and(subset_eq(index(cardinality(B), A), index(cardinality(B), difference(A, B))), greater_than(cardinality(A), cardinality(difference(B, A))))",0.050331732446856625,0.4009246970013295,0.24797217528889304,0.0,0.4009246970013295,complement-symmetric-entropy-v1,0.0503317324468566,0.4009246970013295,0.4009246970013295,0.1907964851501203,0.4009246970013295,2.7755575615628914e-17,0.0,-0.15295252171243645,-0.1907964851501203,0.0
"subset_eq(union(index(cardinality(A), B), index(cardinality(B), union(A, B))), union(union(difference(A, B), difference(B, A)), index(cardinality(B), A)))",0.0,0.0,0.7535342289404436,0.40707884642158043,0.7535342289404436,complement-symmetric-entropy-v1,0.0,0.0,0.407965614355292,0.0,0.407965614355292,0.0,0.0,0.34556861458515165,0.40707884642158043,0.34556861458515165
"or(or(subset_eq(A, difference(A, A)), equals(cardinality(A), cardinality(B))), subset_eq(index(cardinality(A), union(A, B)), A))",0.0,0.0,0.613800155563462,0.23215055707672994,0.613800155563462,complement-symmetric-entropy-v1,0.0,0.0,0.5662874609865673,0.0,0.5662874609865673,0.0,0.0,0.047512694576894665,0.23215055707672994,0.047512694576894665
"subset_eq(index(cardinality(difference(A, B)), B), union(difference(B, A), index(cardinality(B), union(A, B))))",0.0,0.0,0.6156366412909056,0.3512452370350333,0.6156366412909056,complement-symmetric-entropy-v1,0.0,0.0,0.461462176618545,0.3618542573119562,0.461462176618545,0.0,0.0,0.15417446467236057,-0.010609020276922898,0.15417446467236057
"and(or(subset_eq(B, A), subset_eq(A, difference(A, B))), subset_eq(index(cardinality(B), difference(A, B)), index(cardinality(B), A)))",0.0,0.0,0.6134566587966661,0.5405619147751601,0.6134566587966661,complement-symmetric-entropy-v1,0.0,0.0,0.7939496520957324,0.0350840590731797,0.7939496520957324,0.0,0.0,-0.18049299329906632,0.5054778557019804,-0.18049299329906632
"and(subset_eq(index(cardinality(B), union(A, B)), index(cardinality(A), B)), equals(cardinality(A), cardinality(difference(B, A))))",0.538100691866125,0.2622994533700268,0.025223693767507993,0.025223693767507993,0.538100691866125,complement-symmetric-entropy-v1,0.538100691866125,0.2622994533700268,0.2363393681222579,0.576873635570478,0.576873635570478,0.0,0.0,-0.2111156743547499,-0.55164994180297,-0.038772943704353025
"subset_eq(union(index(cardinality(A), union(A, B)), index(cardinality(B), difference(A, B))), union(index(cardinality(B), A), index(cardinality(A), difference(B, A))))",0.0,0.0,0.39974361510330914,0.25139745845262296,0.39974361510330914,complement-symmetric-entropy-v1,0.0,0.0,0.5892966518328093,0.0348027783630381,0.5892966518328093,0.0,0.0,-0.1895530367295002,0.21659468008958485,-0.1895530367295002
"subset_eq(difference(B, index(cardinality(B), union(A, B))), index(cardinality(difference(A, A)), A))",0.0,0.721331281068111,0.7209932778532506,0.16907069063703362,0.721331281068111,complement-symmetric-entropy-v1,0.0,0.721331281068111,0.7958665772410918,0.5117722765273495,0.7958665772410918,0.0,0.0,-0.07487329938784115,-0.34270158589031585,-0.07453529617298082
"and(not(subset_eq(A, B)), subset_eq(index(cardinality(A), union(A, B)), difference(A, B)))",0.053657364337435176,0.6599655061321996,0.7876281234309455,0.0,0.7876281234309455,complement-symmetric-entropy-v1,0.0536573643374351,0.6599655061321996,0.8032067838100108,0.0536573643374351,0.8032067838100108,7.632783294297951e-17,0.0,-0.015578660379065301,-0.0536573643374351,-0.015578660379065301
"subset_eq(index(cardinality(difference(B, A)), difference(A, B)), difference(index(cardinality(A), union(A, B)), index(cardinality(B), difference(A, B))))",1.0,0.0,0.04215178582943613,1.0,1.0,complement-symmetric-entropy-v1,1.0,0.0,0.0,1.0,1.0,0.0,0.0,0.04215178582943613,0.0,0.0
"subset_eq(index(cardinality(intersection(A, B)), union(difference(A, B), difference(B, A))), intersection(A, index(cardinality(A), union(A, B))))",0.3924244324970523,0.3804521528336058,0.005093792325874591,0.005093792325874591,0.3924244324970523,complement-symmetric-entropy-v1,0.3924244324970523,0.3804521528336058,0.1658513710678367,0.1658513710678367,0.3924244324970523,0.0,0.0,-0.16075757874196211,-0.16075757874196211,0.0
"or(or(subset_eq(A, difference(A, A)), subset_eq(B, difference(A, A))), subset_eq(union(difference(A, B), difference(B, A)), index(cardinality(B), A)))",0.0,0.0,0.5804001496879183,0.47236382035906443,0.5804001496879183,complement-symmetric-entropy-v1,0.0,0.0,0.5223017244016319,0.3350392862119895,0.5223017244016319,0.0,0.0,0.05809842528628639,0.13732453414707496,0.05809842528628639
"or(subset_eq(index(cardinality(B), union(A, B)), intersection(A, B)), equals(cardinality(A), cardinality(difference(B, A))))",0.4762869985207926,0.0,0.04980236720126785,0.41431876496378484,0.4762869985207926,complement-symmetric-entropy-v1,0.4762869985207926,0.0,0.0,0.3763848635291199,0.4762869985207926,0.0,0.0,0.04980236720126785,0.03793390143466496,0.0
"subset_eq(union(index(cardinality(A), difference(B, A)), index(cardinality(B), difference(A, B))), index(cardinality(B), union(difference(A, B), difference(B, A))))",0.0,0.6756703050440072,0.4096666553567043,0.028189629057530752,0.6756703050440072,complement-symmetric-entropy-v1,0.0,0.6756703050440072,0.6756703050440072,0.0,0.6756703050440072,0.0,0.0,-0.26600364968730283,0.028189629057530752,0.0
"and(subset_eq(index(cardinality(B), union(A, B)), difference(B, A)), subset_eq(index(cardinality(A), union(A, B)), index(cardinality(B), difference(A, B))))",0.28075026291888416,0.3317094810550514,0.0366583010334397,0.0366583010334397,0.3317094810550514,complement-symmetric-entropy-v1,0.2807502629188841,0.3317094810550514,0.3392524809043821,0.3172003750047452,0.3392524809043821,5.551115123125783e-17,0.0,-0.3025941798709424,-0.2805420739713055,-0.0075429998493307115
"or(and(not(subset_eq(A, B)), equals(cardinality(A), cardinality(B))), subset_eq(union(A, B), index(cardinality(A), B)))",0.27985259466758516,0.2514024897738034,0.05432120183131417,0.1960791143763997,0.27985259466758516,complement-symmetric-entropy-v1,0.2798525946675851,0.2514024897738034,0.3224336297735782,0.3390652372389252,0.3390652372389252,5.551115123125783e-17,0.0,-0.26811242794226403,-0.1429861228625255,-0.05921264257134001
"subset_eq(union(index(cardinality(A), B), index(cardinality(B), A)), union(index(cardinality(A), union(A, B)), index(cardinality(B), difference(A, B))))",0.0,0.0,0.2726383759911535,0.49964902891024676,0.49964902891024676,complement-symmetric-entropy-v1,0.0,0.0,0.0,0.4421085045423515,0.4421085045423515,0.0,0.0,0.2726383759911535,0.05754052436789525,0.05754052436789525
"subset_eq(difference(intersection(A, B), index(cardinality(B), union(A, B))), index(cardinality(difference(B, A)), union(A, B)))",0.0,0.0,0.83339122878515,0.7277179272226832,0.83339122878515,complement-symmetric-entropy-v1,0.0,0.0,0.8156070148183192,0.5928379761735891,0.8156070148183192,0.0,0.0,0.01778421396683083,0.13487995104909412,0.01778421396683083
"subset_eq(B, difference(difference(B, A), index(cardinality(A), B)))",0.0,0.4743091785548528,1.0,0.22549271715945918,1.0,complement-symmetric-entropy-v1,0.0,0.4743091785548528,1.0,0.649460127355771,1.0,0.0,0.0,0.0,-0.4239674101963118,0.0
"subset_eq(index(cardinality(intersection(A, B)), B), union(A, index(cardinality(A), B)))",0.0,0.0,0.3024851202698031,0.3024851202698031,0.3024851202698031,complement-symmetric-entropy-v1,0.0,0.0,0.0,0.0,0.0,0.0,0.0,0.3024851202698031,0.3024851202698031,0.3024851202698031
"subset_eq(difference(union(A, B), index(cardinality(B), union(A, B))), index(cardinality(difference(A, A)), difference(A, B)))",0.19813539091823718,0.4873849477899379,0.5492609260584866,0.22920047204659022,0.5492609260584866,complement-symmetric-entropy-v1,0.1981353909182371,0.4873849477899379,0.7888689315611414,0.7888689315611414,0.7888689315611414,8.326672684688674e-17,0.0,-0.2396080055026547,-0.5596684595145511,-0.2396080055026547
"subset_eq(union(intersection(A, B), index(cardinality(A), B)), difference(index(cardinality(A), union(A, B)), index(cardinality(B), A)))",0.0,0.0,0.6063961604599366,0.7051898469102618,0.7051898469102618,complement-symmetric-entropy-v1,0.0,0.0,0.6755707221019404,0.8184005340594288,0.8184005340594288,0.0,0.0,-0.06917456164200375,-0.11321068714916704,-0.11321068714916704
"and(or(subset_eq(A, difference(A, B)), equals(cardinality(A), cardinality(B))), subset_eq(index(cardinality(A), union(A, B)), A))",0.0,0.3474412376207514,0.32249050038395544,0.12265103249181153,0.3474412376207514,complement-symmetric-entropy-v1,0.0,0.3474412376207514,0.372120521114846,0.2516811433844472,0.372120521114846,0.0,0.0,-0.04963002073089057,-0.12903011089263566,-0.024679283494094595
"and(subset_eq(index(cardinality(B), difference(A, B)), B), greater_than(cardinality(difference(A, B)), cardinality(intersection(A, B))))",0.3889085596832257,0.2038205607131679,0.0,0.0,0.3889085596832257,complement-symmetric-entropy-v1,0.3889085596832257,0.2038205607131679,0.4947879420490786,0.4487280960163041,0.4947879420490786,0.0,0.0,-0.4947879420490786,-0.4487280960163041,-0.10587938236585293
"subset_eq(union(intersection(A, B), index(cardinality(A), B)), index(cardinality(difference(A, A)), A))",0.0,0.23145431527634786,0.8658887887062374,0.1022539755441747,0.8658887887062374,complement-symmetric-entropy-v1,0.0,0.2314543152763478,0.8043575894394509,0.5601627541903614,0.8043575894394509,0.0,5.551115123125783e-17,0.06153119926678652,-0.45790877864618673,0.06153119926678652
"subset_eq(difference(difference(A, B), index(cardinality(B), A)), index(cardinality(difference(A, A)), difference(A, B)))",0.6367526950090581,0.0,0.15170386603338704,0.7758799564229324,0.7758799564229324,complement-symmetric-entropy-v1,0.6367526950090581,0.0,0.0,0.7239803211839702,0.7239803211839702,0.0,0.0,0.15170386603338704,0.05189963523896224,0.05189963523896224
"and(or(subset_eq(A, B), not(subset_eq(B, A))), subset_eq(index(cardinality(A), B), index(cardinality(A), union(A, B))))",0.6180995752513012,0.0,0.040865765397771314,0.5187198278707128,0.6180995752513012,complement-symmetric-entropy-v1,0.6180995752513012,0.0,0.0,0.6180995752513012,0.6180995752513012,0.0,0.0,0.040865765397771314,-0.09937974738058841,0.0
"and(subset_eq(intersection(A, B), index(cardinality(A), union(A, B))), subset_eq(index(cardinality(A), difference(B, A)), index(cardinality(B), union(A, B))))",0.0,0.29565219437784096,0.5882397150376736,0.12879988993992963,0.5882397150376736,complement-symmetric-entropy-v1,0.0,0.2956521943778409,0.7275147397646937,0.6557001494950307,0.7275147397646937,0.0,5.551115123125783e-17,-0.13927502472702014,-0.5269002595551011,-0.13927502472702014
"and(not(subset_eq(A, difference(A, A))), subset_eq(index(cardinality(B), difference(A, B)), B))",1.0,0.35582322545444867,0.0,0.0,1.0,complement-symmetric-entropy-v1,1.0,0.3558232254544486,0.1690706906370336,0.6227620608727307,1.0,0.0,5.551115123125783e-17,-0.1690706906370336,-0.6227620608727307,0.0
"subset_eq(index(cardinality(difference(B, A)), B), index(cardinality(difference(A, A)), A))",0.0,0.0,0.5583388559161546,0.5583388559161546,0.5583388559161546,complement-symmetric-entropy-v1,0.0,0.0,0.5108759347201143,0.2550266265303725,0.5108759347201143,0.0,0.0,0.04746292119604034,0.3033122293857821,0.04746292119604034
"subset_eq(index(cardinality(intersection(A, B)), union(difference(A, B), difference(B, A))), difference(index(cardinality(A), union(A, B)), index(cardinality(A), B)))",0.4447117457321279,0.41716217206250217,0.004502942137227239,0.004502942137227239,0.4447117457321279,complement-symmetric-entropy-v1,0.4447117457321279,0.4171621720625021,0.1855692029011358,0.1855692029011358,0.4447117457321279,0.0,5.551115123125783e-17,-0.18106626076390855,-0.18106626076390855,0.0
"and(subset_eq(B, A), not(subset_eq(A, difference(A, A))))",0.03921248762911278,1.0,1.0,0.0,1.0,complement-symmetric-entropy-v1,0.0392124876291127,1.0,1.0,0.0,1.0,8.326672684688674e-17,0.0,0.0,0.0,0.0
"subset_eq(difference(index(cardinality(B), A), B), index(cardinality(difference(B, A)), union(A, B)))",0.0,0.0,0.24853268921321947,0.8088001411369383,0.8088001411369383,complement-symmetric-entropy-v1,0.0,0.0,0.0,0.4994270451138937,0.4994270451138937,0.0,0.0,0.24853268921321947,0.30937309602304464,0.30937309602304464
"and(not(subset_eq(B, A)), subset_eq(index(cardinality(B), difference(A, B)), index(cardinality(A), union(A, B))))",1.0,0.10840411772158809,0.0,1.0,1.0,complement-symmetric-entropy-v1,1.0,0.108404117721588,0.108404117721588,1.0,1.0,0.0,8.326672684688674e-17,-0.108404117721588,0.0,0.0
"and(subset_eq(A, B), greater_than(cardinality(difference(B, A)), cardinality(A)))",1.0,0.02262006268008232,0.0,1.0,1.0,complement-symmetric-entropy-v1,1.0,0.0226200626800823,0.434757466811326,1.0,1.0,0.0,2.0816681711721685e-17,-0.434757466811326,0.0,0.0
"subset_eq(intersection(A, index(cardinality(A), union(A, B))), index(cardinality(difference(A, B)), intersection(A, B)))",0.0,0.0,0.5338207041810232,0.38674351579653576,0.5338207041810232,complement-symmetric-entropy-v1,0.0,0.0,0.201854190430089,0.0,0.201854190430089,0.0,0.0,0.3319665137509342,0.38674351579653576,0.3319665137509342
"and(not(greater_than(cardinality(A), cardinality(B))), subset_eq(index(cardinality(B), union(A, B)), A))",0.7986426816122976,0.0,0.06703741262941643,0.6794838988038986,0.7986426816122976,complement-symmetric-entropy-v1,0.7986426816122976,0.0,0.0,0.7060518927441259,0.7986426816122976,0.0,0.0,0.06703741262941643,-0.026567993940227352,0.0
"or(or(subset_eq(A, difference(A, B)), equals(cardinality(A), cardinality(B))), subset_eq(index(cardinality(A), union(A, B)), difference(B, A)))",0.0,0.0,0.6869393210703392,0.3711093654961862,0.6869393210703392,complement-symmetric-entropy-v1,0.0,0.0,0.3826998144418638,0.0,0.3826998144418638,0.0,0.0,0.3042395066284754,0.3711093654961862,0.3042395066284754
"and(not(equals(cardinality(A), cardinality(B))), subset_eq(difference(A, B), index(cardinality(B), difference(A, B))))",0.5772621496939319,0.002109938166487524,0.03573261727930621,0.8698229399657404,0.8698229399657404,complement-symmetric-entropy-v1,0.5772621496939319,0.0021099381664875,0.0349827353072786,0.9648692894516624,0.9648692894516624,0.0,2.3852447794681098e-17,0.000749881972027612,-0.09504634948592194,-0.09504634948592194
"subset_eq(index(cardinality(difference(B, A)), B), index(cardinality(difference(A, A)), difference(B, A)))",0.0,0.0,0.5107617929162838,0.7910083191187903,0.7910083191187903,complement-symmetric-entropy-v1,0.0,0.0,0.4675074609903634,0.6469659482715215,0.6469659482715215,0.0,0.0,0.043254331925920375,0.14404237084726879,0.14404237084726879
"subset_eq(index(cardinality(difference(A, B)), B), index(cardinality(difference(A, B)), A))",0.0,0.49921429742868073,0.6073989180086159,0.048253892890909866,0.6073989180086159,complement-symmetric-entropy-v1,0.0,0.4992142974286807,0.439725671821471,0.0450901383579323,0.4992142974286807,0.0,5.551115123125783e-17,0.1676732461871449,0.0031637545329775696,0.10818462057993522
"or(subset_eq(index(cardinality(B), union(A, B)), index(cardinality(A), B)), equals(cardinality(intersection(A, B)), cardinality(difference(B, A))))",0.0,0.0,0.1201834837506992,0.5949253955660272,0.5949253955660272,complement-symmetric-entropy-v1,0.0,0.0,0.0,0.7398722161658905,0.7398722161658905,0.0,0.0,0.1201834837506992,-0.1449468205998633,-0.1449468205998633
"and(subset_eq(index(cardinality(A), union(A, B)), union(difference(A, B), difference(B, A))), greater_than(cardinality(difference(A, B)), cardinality(intersection(A, B))))",0.04348028881371968,0.2696702683110055,1.0,0.0,1.0,complement-symmetric-entropy-v1,0.0434802888137196,0.2696702683110055,1.0,0.4029922902005156,1.0,8.326672684688674e-17,0.0,0.0,-0.4029922902005156,0.0
"subset_eq(intersection(B, index(cardinality(B), union(A, B))), difference(index(cardinality(A), union(A, B)), A))",0.0,0.0,0.34020950058816524,0.6013459138087915,0.6013459138087915,complement-symmetric-entropy-v1,0.0,0.0,0.0,0.3693452059199416,0.3693452059199416,0.0,0.0,0.34020950058816524,0.23200070788884997,0.23200070788884997
"or(subset_eq(index(cardinality(B), union(A, B)), difference(B, A)), greater_than(cardinality(intersection(A, B)), cardinality(difference(A, B))))",0.6956882092349328,0.0,0.05086794934597938,0.5456935272537256,0.6956882092349328,complement-symmetric-entropy-v1,0.6956882092349328,0.0,0.0,0.5206520952732485,0.6956882092349328,0.0,0.0,0.05086794934597938,0.025041431980477036,0.0
"subset_eq(union(intersection(A, B), index(cardinality(B), A)), index(cardinality(difference(B, A)), A))",0.0,0.0,0.7442062202358952,0.7442062202358952,0.7442062202358952,complement-symmetric-entropy-v1,0.0,0.0,0.8653055377185411,0.8334929285203643,0.8653055377185411,0.0,0.0,-0.12109931748264591,-0.08928670828446905,-0.12109931748264591
"and(greater_than(cardinality(A), cardinality(B)), subset_eq(B, index(cardinality(B), union(A, B))))",0.02262006268008232,0.8078796989645463,1.0,0.0,1.0,complement-symmetric-entropy-v1,0.0226200626800823,0.8078796989645463,1.0,0.6287820515577899,1.0,2.0816681711721685e-17,0.0,0.0,-0.6287820515577899,0.0
"or(and(not(subset_eq(A, B)), subset_eq(A, difference(A, B))), greater_than(cardinality(intersection(A, B)), cardinality(difference(A, B))))",0.09531190613710872,0.09531190613710872,0.3785352448819215,0.0,0.3785352448819215,complement-symmetric-entropy-v1,0.0953119061371087,0.0953119061371087,0.0953119061371087,0.3100154948055269,0.3100154948055269,1.3877787807814457e-17,1.3877787807814457e-17,0.28322333874481276,-0.3100154948055269,0.06851975007639455
"or(subset_eq(difference(A, B), index(cardinality(A), union(A, B))), subset_eq(index(cardinality(A), union(A, B)), difference(B, A)))",0.0,0.0,0.5261485259237366,0.5329500126786444,0.5329500126786444,complement-symmetric-entropy-v1,0.0,0.0,0.0,0.0,0.0,0.0,0.0,0.5261485259237366,0.5329500126786444,0.5329500126786444
"and(or(subset_eq(A, B), subset_eq(B, difference(A, A))), not(subset_eq(A, difference(A, A))))",0.03921248762911278,0.18665950705112289,0.14991591406740967,0.0,0.18665950705112289,complement-symmetric-entropy-v1,0.0392124876291127,0.1866595070511228,0.0392124876291127,0.7279598132452101,0.7279598132452101,8.326672684688674e-17,8.326672684688674e-17,0.11070342643829698,-0.7279598132452101,-0.5413003061940872
"or(subset_eq(intersection(A, B), index(cardinality(B), union(A, B))), subset_eq(index(cardinality(A), union(A, B)), A))",0.0,0.0,0.763124024169579,0.35568420904034437,0.763124024169579,complement-symmetric-entropy-v1,0.0,0.0,0.642373433059339,0.0,0.642373433059339,0.0,0.0,0.12075059111024,0.35568420904034437,0.12075059111024
"subset_eq(union(intersection(A, B), index(cardinality(A), B)), index(cardinality(difference(A, A)), intersection(A, B)))",0.0,0.3056342343704428,0.8808802772117098,0.0618898783861338,0.8808802772117098,complement-symmetric-entropy-v1,0.0,0.3056342343704428,0.7955180111546947,0.4640193856527957,0.7955180111546947,0.0,0.0,0.08536226605701513,-0.4021295072666619,0.08536226605701513
"subset_eq(difference(difference(A, B), index(cardinality(B), union(A, B))), index(cardinality(intersection(A, B)), union(A, B)))",0.6535834700031316,0.0,0.24970936930229548,0.7162411359156158,0.7162411359156158,complement-symmetric-entropy-v1,0.6535834700031316,0.0,0.0,0.7820776778370704,0.7820776778370704,0.0,0.0,0.24970936930229548,-0.0658365419214546,-0.0658365419214546
"subset_eq(union(A, index(cardinality(A), union(A, B))), union(difference(A, B), index(cardinality(A), B)))",0.0,0.0,0.5646260684788418,0.7659848870458418,0.7659848870458418,complement-symmetric-entropy-v1,0.0,0.0,0.694406592927044,0.8455167660664216,0.8455167660664216,0.0,0.0,-0.1297805244482022,-0.07953187902057979,-0.07953187902057979
"and(subset_eq(index(cardinality(A), B), difference(B, A)), greater_than(cardinality(intersection(A, B)), cardinality(difference(B, A))))",0.24656970698316116,1.0,0.0,0.0,1.0,complement-symmetric-entropy-v1,0.2465697069831611,1.0,0.4988337949534144,0.0400306737120955,1.0,5.551115123125783e-17,0.0,-0.4988337949534144,-0.0400306737120955,0.0
"subset_eq(index(cardinality(intersection(A, B)), difference(B, A)), union(index(cardinality(A), difference(B, A)), index(cardinality(B), union(A, B))))",0.0,0.0,0.3134245732162023,0.23324753027537026,0.3134245732162023,complement-symmetric-entropy-v1,0.0,0.0,0.0,0.0,0.0,0.0,0.0,0.3134245732162023,0.23324753027537026,0.3134245732162023
"or(and(not(subset_eq(A, B)), greater_than(cardinality(B), cardinality(A))), subset_eq(index(cardinality(A), union(A, B)), index(cardinality(A), difference(B, A))))",0.0,0.0,0.5335214066490319,0.2857962737079949,0.5335214066490319,complement-symmetric-entropy-v1,0.0,0.0,0.3192363041015629,0.0,0.3192363041015629,0.0,0.0,0.21428510254746902,0.2857962737079949,0.21428510254746902
"subset_eq(difference(index(cardinality(B), union(A, B)), index(cardinality(A), union(A, B))), index(cardinality(A), union(difference(A, B), difference(B, A))))",0.6655056954321283,0.0,0.05482682891410795,0.4226741361726636,0.6655056954321283,complement-symmetric-entropy-v1,0.6655056954321283,0.0,0.0,0.6655056954321283,0.6655056954321283,0.0,0.0,0.05482682891410795,-0.24283155925946476,0.0
"or(and(not(subset_eq(B, A)), greater_than(cardinality(A), cardinality(B))), greater_than(cardinality(difference(B, A)), cardinality(A)))",0.3240023557818209,0.03723618857847111,0.0,0.46831767909378363,0.46831767909378363,complement-symmetric-entropy-v1,0.3240023557818209,0.0372361885784711,0.4279731568224387,0.4335632549712362,0.4335632549712362,0.0,6.938893903907228e-18,-0.4279731568224387,0.03475442412254742,0.03475442412254742
"and(or(not(subset_eq(A, B)), subset_eq(B, difference(A, A))), subset_eq(index(cardinality(B), A), B))",0.22274600716262571,0.3424275831838749,0.004726393446518373,0.004726393446518373,0.3424275831838749,complement-symmetric-entropy-v1,0.2227460071626257,0.3424275831838749,0.3482221886623345,0.2718594588727547,0.3482221886623345,2.7755575615628914e-17,0.0,-0.34349579521581614,-0.2671330654262363,-0.0057946054784596135
"and(or(subset_eq(A, difference(A, A)), greater_than(cardinality(B), cardinality(A))), subset_eq(index(cardinality(A), B), difference(B, A)))",0.8416818631840949,0.0,0.16254223914214283,0.705548627818601,0.8416818631840949,complement-symmetric-entropy-v1,0.8416818631840949,0.0,0.2270475008614169,0.8416818631840949,0.8416818631840949,0.0,0.0,-0.06450526171927407,-0.13613323536549393,0.0
"or(and(subset_eq(B, A), not(subset_eq(A, B))), or(subset_eq(A, difference(A, A)), greater_than(cardinality(B), cardinality(A))))",0.0,0.0,0.2919734750760803,0.4451667192972759,0.4451667192972759,complement-symmetric-entropy-v1,0.0,0.0,0.005732178278044,0.005732178278044,0.005732178278044,0.0,0.0,0.2862412967980363,0.4394345410192319,0.4394345410192319
"or(subset_eq(index(cardinality(B), A), index(cardinality(A), union(A, B))), greater_than(cardinality(difference(B, A)), cardinality(intersection(A, B))))",0.8958261237222318,0.0,0.0346185363482574,1.0,1.0,complement-symmetric-entropy-v1,0.8958261237222318,0.0,0.0,1.0,1.0,0.0,0.0,0.0346185363482574,0.0,0.0
"subset_eq(difference(index(cardinality(A), B), A), difference(index(cardinality(A), difference(B, A)), index(cardinality(B), union(A, B))))",0.0,0.0,0.7522528924602949,0.2775286582625264,0.7522528924602949,complement-symmetric-entropy-v1,0.0,0.0,0.3748021123930052,0.0,0.3748021123930052,0.0,0.0,0.3774507800672897,0.2775286582625264,0.3774507800672897
"or(or(subset_eq(A, B), greater_than(cardinality(A), cardinality(B))), equals(cardinality(intersection(A, B)), cardinality(difference(A, B))))",0.0,0.0,0.44872809601630415,0.2038205607131679,0.44872809601630415,complement-symmetric-entropy-v1,0.0,0.0,0.0,0.0,0.0,0.0,0.0,0.44872809601630415,0.2038205607131679,0.44872809601630415
"or(or(subset_eq(A, B), subset_eq(A, difference(A, B))), subset_eq(index(cardinality(A), union(A, B)), difference(B, A)))",0.0,0.0,0.6557835809277306,0.6096615123042508,0.6557835809277306,complement-symmetric-entropy-v1,0.0,0.0,0.0,0.0,0.0,0.0,0.0,0.6557835809277306,0.6096615123042508,0.6557835809277306
"subset_eq(index(cardinality(difference(A, B)), B), index(cardinality(difference(A, B)), difference(B, A)))",0.0,0.0,0.5986053993224484,0.46884111757114877,0.5986053993224484,complement-symmetric-entropy-v1,0.0,0.0,0.4590154619805843,0.3170717820154473,0.4590154619805843,0.0,0.0,0.1395899373418641,0.1517693355557015,0.1395899373418641
"or(subset_eq(B, A), greater_than(cardinality(intersection(A, B)), cardinality(difference(A, B))))",0.0,0.3870818950930016,0.3524708766273187,0.05542378364565437,0.3870818950930016,complement-symmetric-entropy-v1,0.0,0.3870818950930016,0.0732073915521579,0.0,0.3870818950930016,0.0,0.0,0.2792634850751608,0.05542378364565437,0.0
"subset_eq(difference(union(difference(A, B), difference(B, A)), index(cardinality(A), B)), index(cardinality(difference(A, A)), union(difference(A, B), difference(B, A))))",0.20297068131114004,0.16711065868008712,0.09106876619095605,0.09106876619095605,0.20297068131114004,complement-symmetric-entropy-v1,0.20297068131114,0.1671106586800871,0.1467410454329492,0.20297068131114,0.20297068131114,5.551115123125783e-17,2.7755575615628914e-17,-0.05567227924199314,-0.11190191512018394,5.551115123125783e-17
"not(or(or(subset_eq(A, B), subset_eq(B, A)), subset_eq(A, difference(A, B))))",0.6578957833575159,0.6578957833575159,0.0,0.0,0.6578957833575159,complement-symmetric-entropy-v1,0.6578957833575159,0.6578957833575159,0.3653062605585373,0.3653062605585373,0.6578957833575159,0.0,0.0,-0.3653062605585373,-0.3653062605585373,0.0
"subset_eq(index(cardinality(intersection(A, B)), index(cardinality(B), union(A, B))), union(A, index(cardinality(A), union(A, B))))",0.0,0.0,0.42921016333233797,0.3028605478680897,0.42921016333233797,complement-symmetric-entropy-v1,0.0,0.0,0.0,0.0,0.0,0.0,0.0,0.42921016333233797,0.3028605478680897,0.42921016333233797
"or(and(subset_eq(B, A), not(subset_eq(A, B))), subset_eq(intersection(A, B), index(cardinality(B), union(A, B))))",0.0,0.0,1.0,0.3440438337174936,1.0,complement-symmetric-entropy-v1,0.0,0.0,1.0,0.0750590833527776,1.0,0.0,0.0,0.0,0.268984750364716,0.0
"or(subset_eq(index(cardinality(A), union(A, B)), B), subset_eq(index(cardinality(B), union(A, B)), index(cardinality(A), B)))",0.0,0.0,0.34052796097768134,0.510039584462906,0.510039584462906,complement-symmetric-entropy-v1,0.0,0.0,0.0,0.0,0.0,0.0,0.0,0.34052796097768134,0.510039584462906,0.510039584462906
"subset_eq(difference(index(cardinality(A), B), A), index(cardinality(difference(A, B)), union(difference(A, B), difference(B, A))))",0.0,0.0,0.6860204202495696,0.28491785948388537,0.6860204202495696,complement-symmetric-entropy-v1,0.0,0.0,0.2551596144215764,0.0,0.2551596144215764,0.0,0.0,0.43086080582799313,0.28491785948388537,0.43086080582799313
"subset_eq(union(index(cardinality(A), union(A, B)), index(cardinality(B), union(A, B))), index(cardinality(difference(A, A)), difference(A, B)))",0.0,0.4572847585601405,0.41401393753781246,0.1594376926441884,0.4572847585601405,complement-symmetric-entropy-v1,0.0,0.4572847585601405,0.4572847585601405,0.3119928869116724,0.4572847585601405,0.0,0.0,-0.04327082102232804,-0.15255519426748398,0.0
"subset_eq(intersection(A, index(cardinality(A), B)), index(cardinality(A), union(A, B)))",0.0,0.0,0.7451984570885329,0.5865701643149835,0.7451984570885329,complement-symmetric-entropy-v1,0.0,0.0,0.0,0.0,0.0,0.0,0.0,0.7451984570885329,0.5865701643149835,0.7451984570885329
"subset_eq(index(cardinality(difference(A, B)), B), intersection(A, index(cardinality(B), union(A, B))))",0.0,1.0,1.0,0.07932969852082605,1.0,complement-symmetric-entropy-v1,0.0,1.0,1.0,0.3424275831838749,1.0,0.0,0.0,0.0,-0.26309788466304884,0.0
"or(or(subset_eq(A, difference(A, B)), equals(cardinality(A), cardinality(B))), greater_than(cardinality(difference(B, A)), cardinality(A)))",0.0,0.0,0.3543789540709861,0.45439180996543926,0.45439180996543926,complement-symmetric-entropy-v1,0.0,0.0,0.1893299348783194,0.3903913668492367,0.3903913668492367,0.0,0.0,0.16504901919266668,0.06400044311620257,0.06400044311620257
"and(not(greater_than(cardinality(B), cardinality(A))), greater_than(cardinality(intersection(A, B)), cardinality(difference(A, B))))",0.44598050524037347,0.543961012195971,0.0,0.0,0.543961012195971,complement-symmetric-entropy-v1,0.4459805052403734,0.543961012195971,0.373452893112292,0.1963842891052397,0.543961012195971,5.551115123125783e-17,0.0,-0.373452893112292,-0.1963842891052397,0.0
"not(subset_eq(index(cardinality(B), union(A, B)), index(cardinality(B), A)))",0.44160266264670434,0.38659630686880886,0.0,0.0,0.44160266264670434,complement-symmetric-entropy-v1,0.4416026626467043,0.3865963068688088,0.3865963068688088,0.4416026626467043,0.4416026626467043,5.551115123125783e-17,5.551115123125783e-17,-0.3865963068688088,-0.4416026626467043,5.551115123125783e-17
"or(subset_eq(intersection(A, B), index(cardinality(B), A)), subset_eq(difference(B, A), index(cardinality(A), B)))",0.0,0.0,0.8824247535826727,0.4999025769475056,0.8824247535826727,complement-symmetric-entropy-v1,0.0,0.0,0.726220689064947,0.0,0.726220689064947,0.0,0.0,0.15620406451772573,0.4999025769475056,0.15620406451772573
"or(and(not(subset_eq(A, B)), equals(cardinality(A), cardinality(B))), subset_eq(B, index(cardinality(A), union(A, B))))",0.0,0.31657542126023097,0.33385205614249613,0.32335199160658445,0.33385205614249613,complement-symmetric-entropy-v1,0.0,0.3165754212602309,0.4045537558644148,0.330155239221398,0.4045537558644148,0.0,5.551115123125783e-17,-0.07070169972191864,-0.006803247614813546,-0.07070169972191864
"or(subset_eq(A, B), subset_eq(intersection(A, B), index(cardinality(A), B)))",0.0,0.0,0.5291658344560255,1.0,1.0,complement-symmetric-entropy-v1,0.0,0.0,0.0,1.0,1.0,0.0,0.0,0.5291658344560255,0.0,0.0
"subset_eq(index(cardinality(difference(A, B)), A), difference(difference(A, B), index(cardinality(B), union(A, B))))",0.0,0.0,0.705526957789248,0.5183633763468172,0.705526957789248,complement-symmetric-entropy-v1,0.0,0.0,0.7011191382084625,0.3875357668769026,0.7011191382084625,0.0,0.0,0.00440781958078551,0.13082760946991456,0.00440781958078551
"subset_eq(difference(index(cardinality(B), union(A, B)), index(cardinality(A), union(A, B))), index(cardinality(intersection(A, B)), index(cardinality(B), A)))",0.0,0.0,0.2325917142933106,0.4894744300392787,0.4894744300392787,complement-symmetric-entropy-v1,0.0,0.0,0.0,0.5202019893838363,0.5202019893838363,0.0,0.0,0.2325917142933106,-0.03072755934455762,-0.03072755934455762
"subset_eq(intersection(index(cardinality(A), union(A, B)), index(cardinality(B), union(A, B))), index(cardinality(difference(A, B)), intersection(A, B)))",0.0,0.0,0.32223830011555954,0.32223830011555954,0.32223830011555954,complement-symmetric-entropy-v1,0.0,0.0,0.0,0.0,0.0,0.0,0.0,0.32223830011555954,0.32223830011555954,0.32223830011555954
"or(subset_eq(B, index(cardinality(A), union(A, B))), greater_than(cardinality(intersection(A, B)), cardinality(difference(A, B))))",0.0,0.13621160908812924,0.19133194326529734,0.15985273155937985,0.19133194326529734,complement-symmetric-entropy-v1,0.0,0.1362116090881292,0.0423975780904882,0.3261647520985155,0.3261647520985155,0.0,2.7755575615628914e-17,0.14893436517480915,-0.16631202053913563,-0.13483280883321813
"and(not(greater_than(cardinality(A), cardinality(B))), subset_eq(index(cardinality(A), union(A, B)), difference(A, B)))",0.32865899421743305,0.23324753027537026,0.015072455573367893,0.015072455573367893,0.32865899421743305,complement-symmetric-entropy-v1,0.328658994217433,0.2332475302753702,0.271167383294306,0.3325681494675401,0.3325681494675401,5.551115123125783e-17,5.551115123125783e-17,-0.2560949277209381,-0.3174956938941722,-0.003909155250107044
"not(subset_eq(difference(A, B), index(cardinality(B), difference(A, B))))",0.1785956867446673,1.0,0.6111759406728261,0.0,1.0,complement-symmetric-entropy-v1,0.1785956867446673,1.0,0.8828145566023111,0.115170740269666,1.0,0.0,0.0,-0.271638615929485,-0.115170740269666,0.0
"and(not(subset_eq(B, A)), subset_eq(difference(B, A), index(cardinality(B), union(A, B))))",0.3168798341872261,0.45954741054672277,0.0,0.0,0.45954741054672277,complement-symmetric-entropy-v1,0.3168798341872261,0.4595474105467227,0.502392373946976,0.3887445220645376,0.502392373946976,0.0,5.551115123125783e-17,-0.502392373946976,-0.3887445220645376,-0.04284496340025323
"and(subset_eq(index(cardinality(A), B), A), subset_eq(index(cardinality(B), difference(A, B)), B))",0.26502979318936104,0.3067250378434495,0.0032534559748913505,0.0032534559748913505,0.3067250378434495,complement-symmetric-entropy-v1,0.265029793189361,0.3067250378434495,0.2718165296701668,0.265029793189361,0.3067250378434495,5.551115123125783e-17,0.0,-0.26856307369527543,-0.26177633721446963,0.0
"subset_eq(intersection(A, B), index(cardinality(difference(B, A)), B))",0.0,0.0,1.0,1.0,1.0,complement-symmetric-entropy-v1,0.0,0.0,1.0,1.0,1.0,0.0,0.0,0.0,0.0,0.0
"or(subset_eq(B, A), subset_eq(intersection(A, B), index(cardinality(A), union(A, B))))",0.0,0.0,0.8324016652971138,0.5624630909298609,0.8324016652971138,complement-symmetric-entropy-v1,0.0,0.0,0.799146126217944,0.0,0.799146126217944,0.0,0.0,0.03325553907916978,0.5624630909298609,0.03325553907916978
"subset_eq(index(cardinality(B), union(A, B)), union(A, index(cardinality(A), B)))",0.0,0.0,0.344792362433605,0.3866543668187433,0.3866543668187433,complement-symmetric-entropy-v1,0.0,0.0,0.0,0.0,0.0,0.0,0.0,0.344792362433605,0.3866543668187433,0.3866543668187433
"or(or(subset_eq(B, A), greater_than(cardinality(B), cardinality(A))), subset_eq(B, index(cardinality(B), union(A, B))))",0.0,0.0,0.3920989738490428,0.463116740689536,0.463116740689536,complement-symmetric-entropy-v1,0.0,0.0,0.0,0.0,0.0,0.0,0.0,0.3920989738490428,0.463116740689536,0.463116740689536
"or(or(subset_eq(A, B), equals(cardinality(A), cardinality(B))), subset_eq(difference(B, A), index(cardinality(A), union(A, B))))",0.0,0.0,0.385439500283567,0.32223830011555954,0.385439500283567,complement-symmetric-entropy-v1,0.0,0.0,0.0,0.0,0.0,0.0,0.0,0.385439500283567,0.32223830011555954,0.385439500283567
"and(subset_eq(index(cardinality(B), union(A, B)), A), subset_eq(index(cardinality(A), B), index(cardinality(B), union(A, B))))",0.0,0.8244685359825366,0.6767553293609855,0.05853860808717681,0.8244685359825366,complement-symmetric-entropy-v1,0.0,0.8244685359825366,0.7928234763730424,0.0,0.8244685359825366,0.0,0.0,-0.11606814701205692,0.05853860808717681,0.0
"or(subset_eq(index(cardinality(A), B), A), subset_eq(index(cardinality(A), union(A, B)), union(difference(A, B), difference(B, A))))",0.0,0.0,0.7629501736489037,0.615373322949039,0.7629501736489037,complement-symmetric-entropy-v1,0.0,0.0,0.0,0.0,0.0,0.0,0.0,0.7629501736489037,0.615373322949039,0.7629501736489037
"and(or(subset_eq(A, difference(A, B)), greater_than(cardinality(B), cardinality(A))), subset_eq(index(cardinality(B), A), index(cardinality(A), union(A, B))))",0.7216053704720022,0.0,0.07194158198445133,1.0,1.0,complement-symmetric-entropy-v1,0.7216053704720022,0.0,0.0598491496227178,1.0,1.0,0.0,0.0,0.012092432361733532,0.0,0.0
"subset_eq(difference(union(difference(A, B), difference(B, A)), index(cardinality(B), union(A, B))), index(cardinality(difference(A, A)), union(difference(A, B), difference(B, A))))",0.24449967752892066,0.2990048828179983,0.17871889754846992,0.17871889754846992,0.2990048828179983,complement-symmetric-entropy-v1,0.2444996775289206,0.2990048828179983,0.2990048828179983,0.2139229538152529,0.2990048828179983,5.551115123125783e-17,0.0,-0.12028598526952838,-0.03520405626678297,0.0
"subset_eq(difference(union(difference(A, B), difference(B, A)), index(cardinality(B), union(A, B))), index(cardinality(difference(A, B)), B))",0.26098217720741734,0.23496734583656687,0.17568248723229918,0.17568248723229918,0.26098217720741734,complement-symmetric-entropy-v1,0.2609821772074173,0.2349673458365668,0.3073173514656819,0.3555821943187429,0.3555821943187429,5.551115123125783e-17,5.551115123125783e-17,-0.13163486423338272,-0.1798997070864437,-0.09460001711132554
"subset_eq(union(index(cardinality(B), A), index(cardinality(A), difference(B, A))), index(cardinality(difference(B, A)), A))",0.0,0.2722733018749146,0.2576391770198695,0.053084487055320206,0.2722733018749146,complement-symmetric-entropy-v1,0.0,0.2722733018749146,0.2722733018749146,0.3848523507837988,0.3848523507837988,0.0,0.0,-0.014634124855045116,-0.3317678637284786,-0.1125790489088842
"and(or(subset_eq(A, B), greater_than(cardinality(A), cardinality(B))), not(subset_eq(union(A, B), difference(A, A))))",0.0070090160810935,0.0070090160810935,0.37073981162143055,0.24536214998510053,0.37073981162143055,complement-symmetric-entropy-v1,0.0070090160810935,0.0070090160810935,0.0,0.0,0.0070090160810935,0.0,0.0,0.37073981162143055,0.24536214998510053,0.36373079554033705
"subset_eq(index(cardinality(A), B), index(cardinality(difference(A, A)), intersection(A, B)))",0.0,0.6001895070546546,0.862407230143185,0.038015294801239,0.862407230143185,complement-symmetric-entropy-v1,0.0,0.6001895070546546,0.7136813428809776,0.0,0.7136813428809776,0.0,0.0,0.14872588726220737,0.038015294801239,0.14872588726220737
"subset_eq(index(cardinality(difference(A, A)), difference(A, B)), difference(index(cardinality(B), A), index(cardinality(B), difference(A, B))))",0.52705229988357,0.0,0.09531190613710872,0.6725367620511213,0.6725367620511213,complement-symmetric-entropy-v1,0.52705229988357,0.0,0.0,0.5659530637913346,0.5659530637913346,0.0,0.0,0.09531190613710872,0.10658369825978675,0.10658369825978675
"or(or(subset_eq(A, difference(A, B)), equals(cardinality(A), cardinality(B))), subset_eq(index(cardinality(B), union(A, B)), index(cardinality(A), B)))",0.0,0.0,0.32070996958573106,0.9152302571049948,0.9152302571049948,complement-symmetric-entropy-v1,0.0,0.0,0.0,0.8932447761794409,0.8932447761794409,0.0,0.0,0.32070996958573106,0.02198548092555397,0.02198548092555397
"and(subset_eq(index(cardinality(B), A), B), greater_than(cardinality(difference(A, B)), cardinality(intersection(A, B))))",0.29492659216356376,0.19638428910523975,0.0,0.0,0.29492659216356376,complement-symmetric-entropy-v1,0.2949265921635637,0.1963842891052397,0.5369765754052223,0.4977454278973234,0.5369765754052223,5.551115123125783e-17,5.551115123125783e-17,-0.5369765754052223,-0.4977454278973234,-0.2420499832416585
"subset_eq(union(index(cardinality(A), difference(B, A)), index(cardinality(B), difference(A, B))), index(cardinality(intersection(A, B)), B))",0.48700597658446043,0.0,0.03647150016123257,0.18257541905346597,0.48700597658446043,complement-symmetric-entropy-v1,0.4870059765844604,0.0,0.1402538025025926,0.4870059765844604,0.4870059765844604,5.551115123125783e-17,0.0,-0.10378230234136002,-0.3044305575309944,5.551115123125783e-17
"or(subset_eq(A, index(cardinality(A), union(A, B))), subset_eq(index(cardinality(B), union(A, B)), index(cardinality(A), difference(B, A))))",0.8489710685896851,0.0,0.09799698901363885,1.0,1.0,complement-symmetric-entropy-v1,0.8489710685896851,0.0,0.0,1.0,1.0,0.0,0.0,0.09799698901363885,0.0,0.0
"subset_eq(index(cardinality(A), union(A, B)), union(A, index(cardinality(A), B)))",0.0,0.0,0.48973574386476226,0.41376383872046374,0.48973574386476226,complement-symmetric-entropy-v1,0.0,0.0,0.0,0.0,0.0,0.0,0.0,0.48973574386476226,0.41376383872046374,0.48973574386476226
"and(subset_eq(difference(A, B), index(cardinality(B), union(A, B))), subset_eq(index(cardinality(A), B), index(cardinality(A), difference(B, A))))",0.34267364968792413,0.0,0.3309801303243647,0.4775012733051509,0.4775012733051509,complement-symmetric-entropy-v1,0.3426736496879241,0.0,0.3115955761490788,0.4748907260855369,0.4748907260855369,5.551115123125783e-17,0.0,0.019384554175285895,0.0026105472196140123,0.0026105472196140123
"subset_eq(difference(A, index(cardinality(A), B)), index(cardinality(difference(A, A)), union(A, B)))",0.6323645599495876,0.0,0.5867744326730636,0.8115636271237874,0.8115636271237874,complement-symmetric-entropy-v1,0.6323645599495876,0.0,0.4989423395363447,0.8749597113576522,0.8749597113576522,0.0,0.0,0.08783209313671891,-0.06339608423386478,-0.06339608423386478
"or(greater_than(cardinality(B), cardinality(difference(A, B))), greater_than(cardinality(difference(B, A)), cardinality(intersection(A, B))))",0.6771127816308367,0.1725056177751173,0.0,1.0,1.0,complement-symmetric-entropy-v1,0.6771127816308367,0.1725056177751173,0.0,1.0,1.0,0.0,0.0,0.0,0.0,0.0
"and(or(subset_eq(A, B), not(subset_eq(B, A))), or(subset_eq(B, A), subset_eq(A, difference(A, B))))",0.18523569369077886,0.0,0.12265103249181153,0.7385458642090807,0.7385458642090807,complement-symmetric-entropy-v1,0.1852356936907788,0.0,0.372120521114846,0.4548711916145315,0.4548711916145315,5.551115123125783e-17,0.0,-0.24946948862303447,0.28367467259454926,0.28367467259454926
"subset_eq(difference(index(cardinality(B), union(A, B)), index(cardinality(A), difference(B, A))), index(cardinality(difference(B, A)), intersection(A, B)))",0.4692790795517602,0.0,0.08453393046470747,0.6718661927140672,0.6718661927140672,complement-symmetric-entropy-v1,0.4692790795517602,0.0,0.0,0.5054409579097128,0.5054409579097128,0.0,0.0,0.08453393046470747,0.16642523480435445,0.16642523480435445
"subset_eq(difference(union(difference(A, B), difference(B, A)), index(cardinality(A), difference(B, A))), index(cardinality(difference(A, A)), union(A, B)))",0.2706291284398782,0.17175492163533523,0.1637938925320156,0.1637938925320156,0.2706291284398782,complement-symmetric-entropy-v1,0.2706291284398782,0.1717549216353352,0.2812733789447651,0.3693913256199146,0.3693913256199146,0.0,2.7755575615628914e-17,-0.11747948641274952,-0.20559743308789902,-0.09876219718003643
"or(or(subset_eq(A, B), subset_eq(A, difference(A, B))), greater_than(cardinality(difference(A, B)), cardinality(B)))",0.0,0.0,0.5677059303670426,0.7289344859306022,0.7289344859306022,complement-symmetric-entropy-v1,0.0,0.0,0.0,0.7405537124077634,0.7405537124077634,0.0,0.0,0.5677059303670426,-0.011619226477161182,-0.011619226477161182
"subset_eq(index(cardinality(difference(A, B)), A), intersection(B, index(cardinality(B), union(A, B))))",0.0,0.0,0.8916260492232804,0.6269516829303248,0.8916260492232804,complement-symmetric-entropy-v1,0.0,0.0,0.8826551887531154,0.5398347114495621,0.8826551887531154,0.0,0.0,0.008970860470164932,0.0871169714807627,0.008970860470164932
"subset_eq(difference(index(cardinality(A), B), index(cardinality(A), difference(B, A))), difference(index(cardinality(A), union(A, B)), A))",0.0,0.0,0.7817369535097987,0.3416795398232807,0.7817369535097987,complement-symmetric-entropy-v1,0.0,0.0,0.4531748564196987,0.0,0.4531748564196987,0.0,0.0,0.3285620970901,0.3416795398232807,0.3285620970901
"and(subset_eq(union(difference(A, B), difference(B, A)), index(cardinality(A), B)), greater_than(cardinality(A), cardinality(difference(B, A))))",0.42836970490870363,0.3847670320530713,0.0,0.0,0.42836970490870363,complement-symmetric-entropy-v1,0.4283697049087036,0.3847670320530713,0.2745981697604572,0.3590387321891179,0.4283697049087036,5.551115123125783e-17,0.0,-0.2745981697604572,-0.3590387321891179,5.551115123125783e-17
"subset_eq(index(cardinality(intersection(A, B)), B), difference(difference(B, A), index(cardinality(A), difference(B, A))))",0.0,0.35220897464639156,0.8621384846687281,0.0376238972305325,0.8621384846687281,complement-symmetric-entropy-v1,0.0,0.3522089746463915,0.6770310351731142,0.0,0.6770310351731142,0.0,5.551115123125783e-17,0.18510744949561386,0.0376238972305325,0.18510744949561386
"and(or(not(subset_eq(B, A)), subset_eq(A, difference(A, B))), subset_eq(index(cardinality(A), union(A, B)), index(cardinality(A), difference(B, A))))",0.0,0.0,0.5957106520007466,1.0,1.0,complement-symmetric-entropy-v1,0.0,0.0,0.6806570631189783,1.0,1.0,0.0,0.0,-0.08494641111823176,0.0,0.0
"or(greater_than(cardinality(A), cardinality(B)), subset_eq(index(cardinality(B), union(A, B)), B))",0.0,0.0,0.45555829315283947,0.42380057492162215,0.45555829315283947,complement-symmetric-entropy-v1,0.0,0.0,0.0,0.0,0.0,0.0,0.0,0.45555829315283947,0.42380057492162215,0.45555829315283947
"or(subset_eq(A, index(cardinality(B), A)), greater_than(cardinality(intersection(A, B)), cardinality(difference(B, A))))",0.12028528776131098,0.0,0.12076336303665569,0.12076336303665569,0.12076336303665569,complement-symmetric-entropy-v1,0.1202852877613109,0.0,0.3465939449931131,0.0375688316208778,0.3465939449931131,8.326672684688674e-17,0.0,-0.2258305819564574,0.0831945314157779,-0.2258305819564574
"subset_eq(difference(B, index(cardinality(A), B)), index(cardinality(difference(A, B)), union(A, B)))",0.0,0.2497352988901841,0.8098454858172137,0.6008521490919845,0.8098454858172137,complement-symmetric-entropy-v1,0.0,0.2497352988901841,0.8568033152975434,0.8568033152975434,0.8568033152975434,0.0,0.0,-0.04695782948032967,-0.2559511662055589,-0.04695782948032967
"subset_eq(index(cardinality(A), union(A, B)), union(intersection(A, B), index(cardinality(A), difference(B, A))))",0.0,0.0,0.39607028163518754,0.23607211998058086,0.39607028163518754,complement-symmetric-entropy-v1,0.0,0.0,0.2586937481019615,0.0,0.2586937481019615,0.0,0.0,0.13737653353322604,0.23607211998058086,0.13737653353322604
"subset_eq(index(cardinality(difference(A, A)), intersection(A, B)), index(cardinality(difference(A, A)), union(A, B)))",0.0,0.0,0.48232980426530225,0.48232980426530225,0.48232980426530225,complement-symmetric-entropy-v1,0.0,0.0,0.3412218814210991,0.3412218814210991,0.3412218814210991,0.0,0.0,0.14110792284420315,0.14110792284420315,0.14110792284420315
"and(or(not(subset_eq(A, B)), subset_eq(A, difference(A, A))), subset_eq(index(cardinality(B), A), index(cardinality(B), union(A, B))))",0.0,0.0,0.5187198278707128,0.20958700027702692,0.5187198278707128,complement-symmetric-entropy-v1,0.0,0.0,0.6180995752513012,0.109217620314152,0.6180995752513012,0.0,0.0,-0.09937974738058841,0.10036937996287493,-0.09937974738058841
"subset_eq(index(cardinality(difference(A, A)), intersection(A, B)), index(cardinality(B), A))",0.0,0.0,0.8682751574826024,0.684919879279652,0.8682751574826024,complement-symmetric-entropy-v1,0.0,0.0,0.8653055377185411,0.6646362077526702,0.8653055377185411,0.0,0.0,0.002969619764061293,0.02028367152698185,0.002969619764061293
"subset_eq(difference(difference(B, A), index(cardinality(B), union(A, B))), index(cardinality(difference(A, B)), difference(B, A)))",0.0,0.3761813393062958,0.525973554565373,0.1401170335718286,0.525973554565373,complement-symmetric-entropy-v1,0.0,0.3761813393062958,0.3761813393062958,0.0,0.3761813393062958,0.0,0.0,0.14979221525907715,0.1401170335718286,0.14979221525907715
"subset_eq(index(cardinality(B), union(A, B)), difference(B, index(cardinality(A), union(A, B))))",0.4402922357239738,0.0,0.059189042857587415,0.5248718833478918,0.5248718833478918,complement-symmetric-entropy-v1,0.4402922357239738,0.0,0.0,0.3859095341701077,0.4402922357239738,0.0,0.0,0.059189042857587415,0.1389623491777841,0.08457964762391801
"or(subset_eq(index(cardinality(B), union(A, B)), A), subset_eq(index(cardinality(A), union(A, B)), difference(B, A)))",0.0,0.0,0.4388797076101739,0.41755610234962226,0.4388797076101739,complement-symmetric-entropy-v1,0.0,0.0,0.0,0.0,0.0,0.0,0.0,0.4388797076101739,0.41755610234962226,0.4388797076101739
"and(or(subset_eq(A, B), greater_than(cardinality(A), cardinality(B))), subset_eq(index(cardinality(B), union(A, B)), union(difference(A, B), difference(B, A))))",0.0,0.0,0.3122893836444476,0.4318444806994991,0.4318444806994991,complement-symmetric-entropy-v1,0.0,0.0,0.0,0.2350990696242393,0.2350990696242393,0.0,0.0,0.3122893836444476,0.1967454110752598,0.1967454110752598
"subset_eq(union(index(cardinality(A), B), index(cardinality(A), difference(B, A))), index(cardinality(intersection(A, B)), B))",0.0,0.0,0.743724825226337,0.23868537497528663,0.743724825226337,complement-symmetric-entropy-v1,0.0,0.0,0.3161050997311595,0.0,0.3161050997311595,0.0,0.0,0.42761972549517746,0.23868537497528663,0.42761972549517746
"subset_eq(intersection(A, index(cardinality(B), union(A, B))), difference(index(cardinality(B), A), index(cardinality(B), difference(A, B))))",0.3938006358981083,0.0,0.040446059096190035,0.45405315556772574,0.45405315556772574,complement-symmetric-entropy-v1,0.3938006358981083,0.0,0.0,0.2101844420024338,0.3938006358981083,0.0,0.0,0.040446059096190035,0.24386871356529194,0.06025251966961742
"not(subset_eq(index(cardinality(B), union(A, B)), index(cardinality(A), difference(B, A))))",0.10840411772158809,1.0,0.9200584770735712,0.0,1.0,complement-symmetric-entropy-v1,0.108404117721588,1.0,0.8034910301169751,0.108404117721588,1.0,8.326672684688674e-17,0.0,0.11656744695659615,-0.108404117721588,0.0
"subset_eq(difference(index(cardinality(A), union(A, B)), index(cardinality(B), union(A, B))), difference(union(difference(A, B), difference(B, A)), index(cardinality(A), B)))",0.0,0.8552247393194856,0.8629055295209629,0.038809502002166374,0.8629055295209629,complement-symmetric-entropy-v1,0.0,0.8552247393194856,0.9035534685222898,0.0,0.9035534685222898,0.0,0.0,-0.040647939001326905,0.038809502002166374,-0.040647939001326905
"subset_eq(union(index(cardinality(A), B), index(cardinality(B), difference(A, B))), index(cardinality(difference(A, B)), B))",0.2722733018749146,0.0,0.053084487055320206,0.2576391770198695,0.2722733018749146,complement-symmetric-entropy-v1,0.2722733018749146,0.0,0.3848523507837988,0.2722733018749146,0.3848523507837988,0.0,0.0,-0.3317678637284786,-0.014634124855045116,-0.1125790489088842
"subset_eq(index(cardinality(A), union(A, B)), union(index(cardinality(A), B), index(cardinality(B), A)))",0.0,0.0,0.3548784261951262,0.3598687139040928,0.3598687139040928,complement-symmetric-entropy-v1,0.0,0.0,0.0,0.0,0.0,0.0,0.0,0.3548784261951262,0.3598687139040928,0.3598687139040928
"or(and(subset_eq(A, B), not(subset_eq(B, A))), subset_eq(B, index(cardinality(B), A)))",0.0,0.0,0.3041172002524637,0.7542653456910728,0.7542653456910728,complement-symmetric-entropy-v1,0.0,0.0,0.0386385243155286,0.6655209393775838,0.6655209393775838,0.0,0.0,0.2654786759369351,0.08874440631348901,0.08874440631348901
"or(not(greater_than(cardinality(B), cardinality(A))), subset_eq(A, index(cardinality(B), union(A, B))))",0.0,0.0,1.0,0.2832693897082358,1.0,complement-symmetric-entropy-v1,0.0,0.0,1.0,0.0,1.0,0.0,0.0,0.0,0.2832693897082358,0.0
"and(not(subset_eq(A, B)), subset_eq(difference(A, B), index(cardinality(B), union(A, B))))",0.27677918539276924,0.4702991662664049,0.27621497483058755,0.0,0.4702991662664049,complement-symmetric-entropy-v1,0.2767791853927692,0.4702991662664049,0.4702991662664049,0.5928653760108875,0.5928653760108875,5.551115123125783e-17,0.0,-0.19408419143581734,-0.5928653760108875,-0.12256620974448262
"and(or(subset_eq(A, B), not(subset_eq(B, A))), subset_eq(index(cardinality(B), difference(A, B)), index(cardinality(B), union(A, B))))",1.0,0.0,0.03723618857847111,0.9656121688469567,1.0,complement-symmetric-entropy-v1,1.0,0.0,0.0,0.928812219526668,1.0,0.0,0.0,0.03723618857847111,0.03679994932028863,0.0
"subset_eq(difference(index(cardinality(B), difference(A, B)), index(cardinality(B), union(A, B))), index(cardinality(difference(A, B)), A))",0.0,0.0,0.3018482021114963,0.6870564427588375,0.6870564427588375,complement-symmetric-entropy-v1,0.0,0.0,0.0,0.2676840987416601,0.2676840987416601,0.0,0.0,0.3018482021114963,0.4193723440171774,0.4193723440171774
"subset_eq(union(intersection(A, B), index(cardinality(A), union(A, B))), difference(index(cardinality(A), union(A, B)), index(cardinality(B), union(A, B))))",0.0,0.0,0.4266729024378956,0.5937647067303562,0.5937647067303562,complement-symmetric-entropy-v1,0.0,0.0,0.5630876764382076,0.665517020445592,0.665517020445592,0.0,0.0,-0.136414774000312,-0.07175231371523583,-0.07175231371523583
"and(or(subset_eq(A, difference(A, A)), greater_than(cardinality(B), cardinality(A))), subset_eq(index(cardinality(B), union(A, B)), intersection(A, B)))",1.0,0.0,0.15070372403914112,0.8966356129933443,1.0,complement-symmetric-entropy-v1,1.0,0.0,0.0349827353072786,0.9164127854331564,1.0,0.0,0.0,0.11572098873186251,-0.01977717243981214,0.0
"subset_eq(difference(difference(B, A), index(cardinality(B), union(A, B))), difference(index(cardinality(A), B), index(cardinality(A), difference(B, A))))",0.0,0.7352126766861493,0.6710818047155469,0.07458904125639076,0.7352126766861493,complement-symmetric-entropy-v1,0.0,0.7352126766861493,0.8163042725097808,0.0,0.8163042725097808,0.0,0.0,-0.14522246779423387,0.07458904125639076,-0.08109159582363146
"or(subset_eq(intersection(A, B), index(cardinality(B), union(A, B))), subset_eq(index(cardinality(B), A), difference(A, B)))",0.0,0.0,0.6122275569656457,0.8977478429951038,0.8977478429951038,complement-symmetric-entropy-v1,0.0,0.0,0.0,0.5492609260584866,0.5492609260584866,0.0,0.0,0.6122275569656457,0.34848691693661715,0.34848691693661715
"subset_eq(index(cardinality(difference(B, A)), B), index(cardinality(difference(B, A)), union(difference(A, B), difference(B, A))))",0.0,0.0,0.660572815425368,0.660572815425368,0.660572815425368,complement-symmetric-entropy-v1,0.0,0.0,0.7284307367411125,0.6951165022724481,0.7284307367411125,0.0,0.0,-0.06785792131574442,-0.03454368684708009,-0.06785792131574442
"subset_eq(union(difference(A, B), index(cardinality(A), union(A, B))), index(cardinality(difference(A, B)), A))",0.3768292531213553,0.25142005843940385,0.013294103071222696,0.013294103071222696,0.3768292531213553,complement-symmetric-entropy-v1,0.3768292531213553,0.2514200584394038,0.2646183890087868,0.3034283395287888,0.3768292531213553,0.0,5.551115123125783e-17,-0.2513242859375641,-0.2901342364575661,0.0
"and(subset_eq(index(cardinality(B), union(A, B)), union(difference(A, B), difference(B, A))), subset_eq(index(cardinality(B), difference(A, B)), index(cardinality(A), union(A, B))))",0.5910381513910565,0.0,0.038809502002166374,0.8801834629444006,0.8801834629444006,complement-symmetric-entropy-v1,0.5910381513910565,0.0,0.0,0.7533955505357303,0.7533955505357303,0.0,0.0,0.038809502002166374,0.12678791240867038,0.12678791240867038
"and(not(subset_eq(A, difference(A, A))), subset_eq(index(cardinality(A), difference(B, A)), index(cardinality(A), B)))",0.5056968691637627,1.0,0.9491408500219187,0.0,1.0,complement-symmetric-entropy-v1,0.5056968691637627,1.0,0.8632700419145509,0.0,1.0,0.0,0.0,0.0858708081073678,0.0,0.0
"or(or(subset_eq(A, B), not(subset_eq(B, A))), equals(cardinality(B), cardinality(difference(A, B))))",0.8372759896775667,0.0,0.027555420506497064,0.8466501660185137,0.8466501660185137,complement-symmetric-entropy-v1,0.8372759896775667,0.0,0.0,0.6179995250209216,0.8372759896775667,0.0,0.0,0.027555420506497064,0.22865064099759214,0.00937417634094706
"subset_eq(union(index(cardinality(B), A), index(cardinality(A), union(A, B))), difference(index(cardinality(B), A), B))",0.0,0.6096038973237241,0.5030664855322925,0.1479709544240677,0.6096038973237241,complement-symmetric-entropy-v1,0.0,0.6096038973237241,0.6096038973237241,0.1072674221460654,0.6096038973237241,0.0,0.0,-0.10653741179143161,0.040703532278002316,0.0
"and(or(subset_eq(A, B), subset_eq(A, difference(A, B))), subset_eq(index(cardinality(A), difference(B, A)), index(cardinality(B), union(A, B))))",0.0,0.184425330743201,0.5048044588199924,0.08453393046470747,0.5048044588199924,complement-symmetric-entropy-v1,0.0,0.184425330743201,0.1356012061512574,0.5442268424030166,0.5442268424030166,0.0,0.0,0.369203252668735,-0.4596929119383091,-0.03942238358302419
"subset_eq(difference(B, A), index(cardinality(difference(A, A)), B))",0.0,1.0,1.0,0.33429889532769086,1.0,complement-symmetric-entropy-v1,0.0,1.0,1.0,0.0,1.0,0.0,0.0,0.0,0.33429889532769086,0.0
"or(subset_eq(difference(B, A), index(cardinality(A), union(A, B))), subset_eq(index(cardinality(A), union(A, B)), index(cardinality(B), difference(A, B))))",0.0,0.7039744613293029,1.0,0.20582311722493907,1.0,complement-symmetric-entropy-v1,0.0,0.7039744613293029,1.0,0.0,1.0,0.0,0.0,0.0,0.20582311722493907,0.0
"or(subset_eq(index(cardinality(A), B), index(cardinality(B), union(A, B))), greater_than(cardinality(intersection(A, B)), cardinality(difference(A, B))))",0.0,0.8092923196912047,0.7322533281305481,0.02107943450068872,0.8092923196912047,complement-symmetric-entropy-v1,0.0,0.8092923196912047,0.4684573194694158,0.0,0.8092923196912047,0.0,0.0,0.2637960086611323,0.02107943450068872,0.0
"or(subset_eq(index(cardinality(A), union(A, B)), union(difference(A, B), difference(B, A))), greater_than(cardinality(A), cardinality(difference(B, A))))",0.0,0.0,0.7888689315611414,0.2925921207187997,0.7888689315611414,complement-symmetric-entropy-v1,0.0,0.0,0.4911653906746797,0.0,0.4911653906746797,0.0,0.0,0.29770354088646167,0.2925921207187997,0.29770354088646167
"subset_eq(union(index(cardinality(A), B), index(cardinality(B), difference(A, B))), index(cardinality(difference(B, A)), B))",0.2686140533029262,0.35587430719228463,0.0032191439543490796,0.0032191439543490796,0.35587430719228463,complement-symmetric-entropy-v1,0.2686140533029262,0.3558743071922846,0.2965606865813717,0.2686140533029262,0.3558743071922846,0.0,5.551115123125783e-17,-0.2933415426270226,-0.2653949093485771,5.551115123125783e-17
"subset_eq(union(index(cardinality(A), B), index(cardinality(B), A)), difference(A, B))",0.0,0.5692181797326632,0.4433536392377533,0.06119932254927796,0.5692181797326632,complement-symmetric-entropy-v1,0.0,0.5692181797326632,0.5692181797326632,0.0702515062982658,0.5692181797326632,0.0,0.0,-0.12586454049490992,-0.00905218374898785,0.0
"or(or(subset_eq(A, B), greater_than(cardinality(B), cardinality(A))), subset_eq(B, index(cardinality(B), union(A, B))))",0.0,0.0,0.29631017052841846,0.8032067838100108,0.8032067838100108,complement-symmetric-entropy-v1,0.0,0.0,0.0,0.8201971442254001,0.8201971442254001,0.0,0.0,0.29631017052841846,-0.01699036041538937,-0.01699036041538937
"subset_eq(difference(A, index(cardinality(B), A)), index(cardinality(difference(A, A)), A))",0.34332310653599707,0.0,0.5945958561623963,1.0,1.0,complement-symmetric-entropy-v1,0.343323106535997,0.0,0.865337881210337,1.0,1.0,5.551115123125783e-17,0.0,-0.27074202504794065,0.0,0.0
"and(or(subset_eq(A, B), subset_eq(A, difference(A, B))), not(greater_than(cardinality(A), cardinality(B))))",0.7744436222723974,0.0,0.07643378761501296,1.0,1.0,complement-symmetric-entropy-v1,0.7744436222723974,0.0,0.0,1.0,1.0,0.0,0.0,0.07643378761501296,0.0,0.0
"subset_eq(union(difference(B, A), index(cardinality(A), union(A, B))), index(cardinality(B), union(difference(A, B), difference(B, A))))",0.0,0.7905481478267841,0.9092304435913421,0.10681218687875316,0.9092304435913421,complement-symmetric-entropy-v1,0.0,0.7905481478267841,0.9668337905380244,0.0,0.9668337905380244,0.0,0.0,-0.05760334694668234,0.10681218687875316,-0.05760334694668234
"subset_eq(union(index(cardinality(A), B), index(cardinality(A), union(A, B))), union(difference(A, B), index(cardinality(A), difference(B, A))))",0.0,0.0,0.7510580999102668,0.29795583115906554,0.7510580999102668,complement-symmetric-entropy-v1,0.0,0.0,0.7245193611383978,0.0,0.7245193611383978,0.0,0.0,0.026538738771869075,0.29795583115906554,0.026538738771869075
"subset_eq(union(index(cardinality(B), union(A, B)), index(cardinality(B), difference(A, B))), difference(A, index(cardinality(A), union(A, B))))",0.0,0.0,0.3758685301268697,0.3507484784935214,0.3758685301268697,complement-symmetric-entropy-v1,0.0,0.0,0.0,0.0,0.0,0.0,0.0,0.3758685301268697,0.3507484784935214,0.3758685301268697
"subset_eq(union(index(cardinality(B), union(A, B)), index(cardinality(B), difference(A, B))), difference(B, index(cardinality(A), union(A, B))))",0.6273388252810865,0.0,0.06626644491834377,0.6049062993579215,0.6273388252810865,complement-symmetric-entropy-v1,0.6273388252810865,0.0,0.0,0.4659595429081409,0.6273388252810865,0.0,0.0,0.06626644491834377,0.1389467564497806,0.0
"subset_eq(intersection(index(cardinality(A), union(A, B)), index(cardinality(B), union(A, B))), index(cardinality(difference(A, A)), intersection(A, B)))",0.0,0.0,0.32168810316876884,0.32168810316876884,0.32168810316876884,complement-symmetric-entropy-v1,0.0,0.0,0.0,0.0,0.0,0.0,0.0,0.32168810316876884,0.32168810316876884,0.32168810316876884
"and(subset_eq(index(cardinality(B), union(A, B)), difference(B, A)), greater_than(cardinality(difference(B, A)), cardinality(intersection(A, B))))",0.5524409220678863,0.032494484980424176,0.0,0.7856426026764789,0.7856426026764789,complement-symmetric-entropy-v1,0.5524409220678863,0.0324944849804241,0.3838447158238099,0.8568033152975434,0.8568033152975434,0.0,7.632783294297951e-17,-0.3838447158238099,-0.07116071262106449,-0.07116071262106449
"subset_eq(index(cardinality(difference(B, A)), union(A, B)), difference(union(A, B), index(cardinality(A), union(A, B))))",0.0,0.0,0.5641816754095323,0.17303951208247437,0.5641816754095323,complement-symmetric-entropy-v1,0.0,0.0,0.3754092016076368,0.0,0.3754092016076368,0.0,0.0,0.18877247380189555,0.17303951208247437,0.18877247380189555
"and(not(subset_eq(B, difference(A, A))), subset_eq(index(cardinality(B), union(A, B)), index(cardinality(A), B)))",0.9206758317420949,0.046761875911055406,0.0,0.7933910111222731,0.9206758317420949,complement-symmetric-entropy-v1,0.9206758317420948,0.0467618759110554,0.0,0.9206758317420948,0.9206758317420948,1.1102230246251565e-16,6.938893903907228e-18,0.0,-0.12728482061982171,1.1102230246251565e-16
"subset_eq(union(index(cardinality(A), union(A, B)), index(cardinality(B), difference(A, B))), difference(union(difference(A, B), difference(B, A)), index(cardinality(B), union(A, B))))",0.22262055474832554,0.0,0.05482682891410795,0.2419121149351975,0.2419121149351975,complement-symmetric-entropy-v1,0.2226205547483255,0.0,0.173737754085163,0.1390589911762715,0.2226205547483255,2.7755575615628914e-17,0.0,-0.11891092517105506,0.102853123758926,0.019291560186871975
"and(not(subset_eq(B, A)), subset_eq(A, index(cardinality(B), union(A, B))))",0.5972216766614381,0.02107943450068872,0.0,1.0,1.0,complement-symmetric-entropy-v1,0.5972216766614381,0.0210794345006887,0.859920335109273,1.0,1.0,0.0,2.0816681711721685e-17,-0.859920335109273,0.0,0.0
"subset_eq(index(cardinality(difference(B, A)), union(A, B)), union(difference(B, A), index(cardinality(A), B)))",0.8334691584360069,0.0,0.09799698901363885,0.510682868695567,0.8334691584360069,complement-symmetric-entropy-v1,0.8334691584360069,0.0,0.247963089077619,0.6648537907410503,0.8334691584360069,0.0,0.0,-0.14996610006398015,-0.15417092204548333,0.0
"subset_eq(difference(union(A, B), index(cardinality(A), B)), index(cardinality(difference(A, A)), difference(B, A)))",0.5371348348480924,0.17345936413942142,0.37572340402349913,0.37572340402349913,0.5371348348480924,complement-symmetric-entropy-v1,0.5371348348480924,0.1734593641394214,0.6491730225703994,0.7567839328499332,0.7567839328499332,0.0,2.7755575615628914e-17,-0.2734496185469003,-0.38106052882643404,-0.21964909800184074
"and(subset_eq(index(cardinality(A), difference(B, A)), A), subset_eq(index(cardinality(B), union(A, B)), index(cardinality(A), B)))",0.5806459256469256,0.1997116367615751,0.010667233365810103,0.010667233365810103,0.5806459256469256,complement-symmetric-entropy-v1,0.5806459256469256,0.1997116367615751,0.1000127965342325,0.5581695332448595,0.5806459256469256,0.0,0.0,-0.0893455631684224,-0.5475022998790494,0.0
"or(subset_eq(index(cardinality(A), union(A, B)), B), subset_eq(index(cardinality(A), B), index(cardinality(A), difference(B, A))))",0.0,0.0,0.7451984570885329,0.7071227426217979,0.7451984570885329,complement-symmetric-entropy-v1,0.0,0.0,0.0,0.0,0.0,0.0,0.0,0.7451984570885329,0.7071227426217979,0.7451984570885329
"or(subset_eq(intersection(A, B), index(cardinality(B), union(A, B))), greater_than(cardinality(intersection(A, B)), cardinality(difference(A, B))))",0.0,0.0,0.39312576189446546,0.5427332300490011,0.5427332300490011,complement-symmetric-entropy-v1,0.0,0.0,0.0,0.3600331179969008,0.3600331179969008,0.0,0.0,0.39312576189446546,0.1827001120521003,0.1827001120521003
"subset_eq(index(cardinality(difference(B, A)), A), difference(B, index(cardinality(A), union(A, B))))",0.532820831320311,0.0,0.04627645336226094,0.574995168878684,0.574995168878684,complement-symmetric-entropy-v1,0.532820831320311,0.0,0.0,0.4186299266467428,0.532820831320311,0.0,0.0,0.04627645336226094,0.15636524223194115,0.042174337558372965
"and(subset_eq(intersection(A, B), index(cardinality(B), union(A, B))), subset_eq(index(cardinality(B), union(A, B)), index(cardinality(A), B)))",0.6597072126073725,0.0,0.4823036311791902,0.8142159501832705,0.8142159501832705,complement-symmetric-entropy-v1,0.6597072126073725,0.0,0.5213252158051289,0.8186017256136054,0.8186017256136054,0.0,0.0,-0.03902158462593874,-0.004385775430334915,-0.004385775430334915
"subset_eq(index(cardinality(difference(A, B)), B), difference(B, index(cardinality(B), union(A, B))))",0.0,0.0,0.3973119701048049,0.6407947801275917,0.6407947801275917,complement-symmetric-entropy-v1,0.0,0.0,0.0,0.0,0.0,0.0,0.0,0.3973119701048049,0.6407947801275917,0.6407947801275917
"subset_eq(difference(index(cardinality(B), union(A, B)), intersection(A, B)), index(cardinality(difference(B, A)), union(difference(A, B), difference(B, A))))",0.0,0.0,0.4547691943616443,0.9241514364661435,0.9241514364661435,complement-symmetric-entropy-v1,0.0,0.0,0.0,0.8566934565444725,0.8566934565444725,0.0,0.0,0.4547691943616443,0.06745797992167102,0.06745797992167102
"subset_eq(index(cardinality(intersection(A, B)), A), index(cardinality(difference(B, A)), union(difference(A, B), difference(B, A))))",0.0,0.0,0.3264302463906167,0.9426510389115448,0.9426510389115448,complement-symmetric-entropy-v1,0.0,0.0,0.0,0.836369344629594,0.836369344629594,0.0,0.0,0.3264302463906167,0.10628169428195078,0.10628169428195078
"subset_eq(union(difference(A, B), index(cardinality(A), difference(B, A))), index(cardinality(intersection(A, B)), index(cardinality(A), union(A, B))))",0.6183314378602591,0.0,0.14532078016045014,0.4651457014131297,0.6183314378602591,complement-symmetric-entropy-v1,0.6183314378602591,0.0,0.0744157101931329,0.7252894448489761,0.7252894448489761,0.0,0.0,0.07090506996731724,-0.26014374343584634,-0.10695800698871694
"and(not(or(subset_eq(A, B), subset_eq(B, A))), subset_eq(intersection(A, B), index(cardinality(A), B)))",0.22436907115639448,0.22436907115639448,0.0,0.0,0.22436907115639448,complement-symmetric-entropy-v1,0.2243690711563944,0.2243690711563944,0.6175115548458123,0.6930164136016113,0.6930164136016113,8.326672684688674e-17,8.326672684688674e-17,-0.6175115548458123,-0.6930164136016113,-0.4686473424452168
"or(subset_eq(difference(B, A), index(cardinality(B), union(A, B))), subset_eq(index(cardinality(A), union(A, B)), index(cardinality(A), difference(B, A))))",0.0,0.0,0.6108395435652476,0.26436440351993495,0.6108395435652476,complement-symmetric-entropy-v1,0.0,0.0,0.6212087686809542,0.0,0.6212087686809542,0.0,0.0,-0.010369225115706593,0.26436440351993495,-0.010369225115706593
"subset_eq(index(cardinality(difference(A, A)), union(difference(A, B), difference(B, A))), union(A, index(cardinality(A), difference(B, A))))",0.0,0.0,1.0,0.23234189000915106,1.0,complement-symmetric-entropy-v1,0.0,0.0,1.0,0.0,1.0,0.0,0.0,0.0,0.23234189000915106,0.0
"or(subset_eq(A, index(cardinality(B), A)), subset_eq(index(cardinality(B), difference(A, B)), B))",1.0,0.0,0.15552006192633172,1.0,1.0,complement-symmetric-entropy-v1,1.0,0.0,0.0,1.0,1.0,0.0,0.0,0.15552006192633172,0.0,0.0
"subset_eq(difference(index(cardinality(B), union(A, B)), B), index(cardinality(difference(B, A)), index(cardinality(B), difference(A, B))))",0.0,0.0,0.23802280600153447,0.6418128682346831,0.6418128682346831,complement-symmetric-entropy-v1,0.0,0.0,0.0,0.5076555540758703,0.5076555540758703,0.0,0.0,0.23802280600153447,0.13415731415881282,0.13415731415881282
"or(not(equals(cardinality(A), cardinality(B))), greater_than(cardinality(intersection(A, B)), cardinality(difference(A, B))))",0.015479483931779114,0.015479483931779114,0.28106121891454927,0.28106121891454927,0.28106121891454927,complement-symmetric-entropy-v1,0.0154794839317791,0.0154794839317791,0.0,0.0,0.0154794839317791,1.3877787807814457e-17,1.3877787807814457e-17,0.28106121891454927,0.28106121891454927,0.26558173498277016
"or(subset_eq(B, index(cardinality(A), union(A, B))), subset_eq(index(cardinality(A), union(A, B)), difference(A, B)))",0.0,0.633760652831792,0.9006188011823193,0.3551402889922235,0.9006188011823193,complement-symmetric-entropy-v1,0.0,0.633760652831792,0.8763124522792656,0.0,0.8763124522792656,0.0,0.0,0.02430634890305372,0.3551402889922235,0.02430634890305372
"or(subset_eq(difference(A, B), index(cardinality(B), union(A, B))), subset_eq(index(cardinality(A), union(A, B)), difference(A, B)))",0.0,0.0,0.4497493136849535,0.4724932477950773,0.4724932477950773,complement-symmetric-entropy-v1,0.0,0.0,0.0,0.0,0.0,0.0,0.0,0.4497493136849535,0.4724932477950773,0.4724932477950773
"or(subset_eq(union(difference(A, B), difference(B, A)), index(cardinality(B), A)), equals(cardinality(A), cardinality(difference(B, A))))",0.307731486842444,0.16141900526140085,0.2825353431812606,0.03787075892258851,0.307731486842444,complement-symmetric-entropy-v1,0.307731486842444,0.1614190052614008,0.2309425285411889,0.330155239221398,0.330155239221398,0.0,5.551115123125783e-17,0.051592814640071705,-0.2922844802988095,-0.022423752378954
"and(subset_eq(intersection(A, B), index(cardinality(B), A)), subset_eq(index(cardinality(A), B), index(cardinality(B), union(A, B))))",0.0,0.4285085230018957,0.8736412245723091,0.14025380250259267,0.8736412245723091,complement-symmetric-entropy-v1,0.0,0.4285085230018957,0.8972442003848967,0.5704240498580775,0.8972442003848967,0.0,0.0,-0.023602975812587634,-0.4301702473554848,-0.023602975812587634
"or(subset_eq(index(cardinality(A), union(A, B)), A), subset_eq(index(cardinality(B), union(A, B)), union(difference(A, B), difference(B, A))))",0.0,0.0,0.6757449912634017,0.6257428652036421,0.6757449912634017,complement-symmetric-entropy-v1,0.0,0.0,0.0,0.0,0.0,0.0,0.0,0.6757449912634017,0.6257428652036421,0.6757449912634017
"and(or(not(subset_eq(A, B)), subset_eq(B, difference(A, A))), subset_eq(index(cardinality(B), A), index(cardinality(B), difference(A, B))))",0.0,0.37785040439073914,0.4031520743122563,0.07194158198445133,0.4031520743122563,complement-symmetric-entropy-v1,0.0,0.3778504043907391,0.4609932391273631,0.3524975430368169,0.4609932391273631,0.0,5.551115123125783e-17,-0.057841164815106816,-0.2805559610523656,-0.057841164815106816
"or(subset_eq(A, B), or(subset_eq(B, difference(A, A)), equals(cardinality(A), cardinality(B))))",0.0,0.0,0.21692006519523666,0.4916038481344436,0.4916038481344436,complement-symmetric-entropy-v1,0.0,0.0,0.0,0.5539163846301955,0.5539163846301955,0.0,0.0,0.21692006519523666,-0.06231253649575197,-0.06231253649575197
"and(or(subset_eq(B, A), not(subset_eq(A, B))), subset_eq(index(cardinality(A), union(A, B)), union(difference(A, B), difference(B, A))))",0.0,0.6063984596444105,0.9195870221404088,0.04128988929906696,0.9195870221404088,complement-symmetric-entropy-v1,0.0,0.6063984596444105,0.8389614913647618,0.0,0.8389614913647618,0.0,0.0,0.08062553077564694,0.04128988929906696,0.08062553077564694
"and(not(subset_eq(A, difference(A, A))), subset_eq(index(cardinality(A), B), index(cardinality(A), union(A, B))))",0.3497282237539753,0.6280459375022696,0.6674809336332801,0.0,0.6674809336332801,complement-symmetric-entropy-v1,0.3497282237539753,0.6280459375022696,0.3497282237539753,0.0,0.6280459375022696,0.0,0.0,0.3177527098793048,0.0,0.039434996131010536
"subset_eq(index(cardinality(difference(A, B)), A), union(index(cardinality(B), union(A, B)), index(cardinality(B), difference(A, B))))",0.0,0.0,0.8459594923175189,0.4044713949241914,0.8459594923175189,complement-symmetric-entropy-v1,0.0,0.0,0.878974374714008,0.3474736041025347,0.878974374714008,0.0,0.0,-0.03301488239648909,0.05699779082165668,-0.03301488239648909
"subset_eq(union(A, index(cardinality(A), B)), difference(difference(A, B), index(cardinality(B), union(A, B))))",0.28994056201718565,0.3993087820688669,0.050242358885366545,0.050242358885366545,0.3993087820688669,complement-symmetric-entropy-v1,0.2899405620171856,0.3993087820688669,0.6898382150560783,0.6240246419883954,0.6898382150560783,5.551115123125783e-17,0.0,-0.6395958561707118,-0.5737822831030288,-0.29052943298721146
"or(and(subset_eq(B, A), not(subset_eq(A, B))), equals(cardinality(B), cardinality(difference(A, B))))",0.0,0.7287849763980812,0.6557457202453205,0.09799698901363885,0.7287849763980812,complement-symmetric-entropy-v1,0.0,0.7287849763980812,0.7287849763980812,0.0462764533622609,0.7287849763980812,0.0,0.0,-0.07303925615276063,0.05172053565137795,0.0
"subset_eq(union(index(cardinality(A), difference(B, A)), index(cardinality(B), union(A, B))), union(difference(A, B), index(cardinality(A), union(A, B))))",0.0,0.0,0.32452197976240127,0.3330785294727081,0.3330785294727081,complement-symmetric-entropy-v1,0.0,0.0,0.1594376926441884,0.2374032863742278,0.2374032863742278,0.0,0.0,0.16508428711821288,0.0956752430984803,0.0956752430984803
"and(subset_eq(A, B), subset_eq(index(cardinality(A), difference(B, A)), A))",0.5736840131876305,0.20515827910104245,0.012982462719515309,0.012982462719515309,0.5736840131876305,complement-symmetric-entropy-v1,0.5736840131876305,0.2051582791010424,0.0904183130428727,0.5736840131876305,0.5736840131876305,0.0,5.551115123125783e-17,-0.0774358503233574,-0.5607015504681152,0.0
"subset_eq(index(cardinality(A), B), difference(index(cardinality(A), union(A, B)), A))",0.0,0.0,0.7165257685382393,0.28146920517984375,0.7165257685382393,complement-symmetric-entropy-v1,0.0,0.0,0.387961785525876,0.0,0.387961785525876,0.0,0.0,0.32856398301236334,0.28146920517984375,0.32856398301236334
"subset_eq(union(index(cardinality(A), B), index(cardinality(B), union(A, B))), index(cardinality(difference(A, A)), intersection(A, B)))",0.29220727242551736,0.2741459938275719,0.011854971242684198,0.011854971242684198,0.29220727242551736,complement-symmetric-entropy-v1,0.2922072724255173,0.2741459938275719,0.2741459938275719,0.2602593126813199,0.2922072724255173,5.551115123125783e-17,0.0,-0.2622910225848877,-0.2484043414386357,5.551115123125783e-17
"or(or(subset_eq(A, B), greater_than(cardinality(B), cardinality(A))), subset_eq(intersection(A, B), index(cardinality(B), union(A, B))))",0.0,0.0,0.5000023927089098,0.8303289911266286,0.8303289911266286,complement-symmetric-entropy-v1,0.0,0.0,0.0,0.7875153276050775,0.7875153276050775,0.0,0.0,0.5000023927089098,0.04281366352155114,0.04281366352155114
"or(subset_eq(B, index(cardinality(A), B)), greater_than(cardinality(intersection(A, B)), cardinality(difference(B, A))))",0.0,0.5999711602020343,0.5660615776289759,0.12076336303665569,0.5999711602020343,complement-symmetric-entropy-v1,0.0,0.5999711602020343,0.41473548202708,0.0,0.5999711602020343,0.0,0.0,0.15132609560189592,0.12076336303665569,0.0
"and(not(subset_eq(A, difference(A, B))), subset_eq(index(cardinality(B), union(A, B)), difference(A, B)))",0.5583388559161546,0.33993390586904193,0.0,0.0,0.5583388559161546,complement-symmetric-entropy-v1,0.5583388559161546,0.3399339058690419,0.0536573643374351,0.3122893836444476,0.5583388559161546,0.0,5.551115123125783e-17,-0.0536573643374351,-0.3122893836444476,0.0
"subset_eq(union(intersection(A, B), index(cardinality(A), B)), index(cardinality(difference(A, B)), A))",0.0,0.23666439117531168,0.8671135677486929,0.09938437942556089,0.8671135677486929,complement-symmetric-entropy-v1,0.0,0.2366643911753116,0.8044214524249719,0.5437965038455141,0.8044214524249719,0.0,8.326672684688674e-17,0.06269211532372099,-0.44441212441995326,0.06269211532372099
"and(or(subset_eq(A, B), subset_eq(A, difference(A, B))), subset_eq(index(cardinality(B), union(A, B)), B))",0.6517337985798858,0.0,0.08563655855471386,0.8352165081678968,0.8352165081678968,complement-symmetric-entropy-v1,0.6517337985798858,0.0,0.0,0.8652613458010635,0.8652613458010635,0.0,0.0,0.08563655855471386,-0.030044837633166677,-0.030044837633166677
"and(or(subset_eq(B, A), greater_than(cardinality(B), cardinality(A))), subset_eq(intersection(A, B), index(cardinality(B), union(A, B))))",0.0,0.0,0.5437085615751243,0.6345794760233026,0.6345794760233026,complement-symmetric-entropy-v1,0.0,0.0,0.6140299002697442,0.6312179237213272,0.6312179237213272,0.0,0.0,-0.07032133869461998,0.0033615523019753235,0.0033615523019753235
"and(or(or(subset_eq(A, B), subset_eq(B, A)), equals(cardinality(A), cardinality(B))), or(not(subset_eq(A, B)), subset_eq(A, difference(A, A))))",0.0,0.0,0.47471423373508903,0.177353293384226,0.47471423373508903,complement-symmetric-entropy-v1,0.0,0.0,0.5777344858684901,0.0664355307826908,0.5777344858684901,0.0,0.0,-0.10302025213340105,0.11091776260153521,-0.10302025213340105
"subset_eq(intersection(intersection(A, B), index(cardinality(A), union(A, B))), index(cardinality(intersection(A, B)), A))",0.0,0.0,0.7000202822570851,0.3342726374675149,0.7000202822570851,complement-symmetric-entropy-v1,0.0,0.0,0.4093367546857296,0.0,0.4093367546857296,0.0,0.0,0.2906835275713555,0.3342726374675149,0.2906835275713555
"and(or(subset_eq(B, A), not(subset_eq(A, B))), subset_eq(difference(A, B), index(cardinality(A), union(A, B))))",0.3348541183628554,0.22739118531821356,0.016355139793123197,0.016355139793123197,0.3348541183628554,complement-symmetric-entropy-v1,0.3348541183628554,0.2273911853182135,0.2608330827981356,0.3348541183628554,0.3348541183628554,0.0,5.551115123125783e-17,-0.2444779430050124,-0.3184989785697322,0.0
"or(subset_eq(A, index(cardinality(A), union(A, B))), subset_eq(index(cardinality(B), union(A, B)), intersection(A, B)))",0.5750189795498393,0.0,0.059189042857587415,0.49276791059644853,0.5750189795498393,complement-symmetric-entropy-v1,0.5750189795498393,0.0,0.0,0.3638921730522364,0.5750189795498393,0.0,0.0,0.059189042857587415,0.1288757375442121,0.0
"subset_eq(difference(index(cardinality(B), union(A, B)), index(cardinality(B), A)), difference(difference(B, A), index(cardinality(A), union(A, B))))",0.0,0.0,0.36520066833245257,0.36520066833245257,0.36520066833245257,complement-symmetric-entropy-v1,0.0,0.0,0.0,0.0,0.0,0.0,0.0,0.36520066833245257,0.36520066833245257,0.36520066833245257
"or(subset_eq(intersection(A, B), index(cardinality(A), union(A, B))), subset_eq(union(difference(A, B), difference(B, A)), index(cardinality(A), B)))",0.0,0.0,0.5625869169449338,0.7850203500753136,0.7850203500753136,complement-symmetric-entropy-v1,0.0,0.0,0.2830874734711881,0.5815702960827147,0.5815702960827147,0.0,0.0,0.27949944347374567,0.20345005399259886,0.20345005399259886
"and(not(subset_eq(B, A)), subset_eq(B, index(cardinality(B), union(A, B))))",0.32915606809853304,0.528362852866046,0.0,0.0,0.528362852866046,complement-symmetric-entropy-v1,0.329156068098533,0.528362852866046,0.7349407495470102,0.7349407495470102,0.7349407495470102,5.551115123125783e-17,0.0,-0.7349407495470102,-0.7349407495470102,-0.20657789668096416
"and(not(subset_eq(A, B)), subset_eq(index(cardinality(B), difference(A, B)), index(cardinality(B), union(A, B))))",0.09149443997629914,0.6378023244010078,0.3057399751712663,0.0,0.6378023244010078,complement-symmetric-entropy-v1,0.0914944399762991,0.6378023244010078,0.6378023244010078,0.1944173313095362,0.6378023244010078,4.163336342344337e-17,0.0,-0.33206234922974154,-0.1944173313095362,0.0
"or(subset_eq(index(cardinality(A), union(A, B)), index(cardinality(B), A)), equals(cardinality(A), cardinality(difference(B, A))))",0.0,0.35587430719228463,0.5841127824783985,0.053657364337435176,0.5841127824783985,complement-symmetric-entropy-v1,0.0,0.3558743071922846,0.4205344401017595,0.0,0.4205344401017595,0.0,5.551115123125783e-17,0.16357834237663899,0.053657364337435176,0.16357834237663899
"subset_eq(index(cardinality(intersection(A, B)), union(difference(A, B), difference(B, A))), index(cardinality(B), union(A, B)))",0.0,0.6140712558712365,0.17847782132565682,0.05789761803455129,0.6140712558712365,complement-symmetric-entropy-v1,0.0,0.6140712558712365,0.2449749574739892,0.0745890412563907,0.6140712558712365,0.0,0.0,-0.06649713614833239,-0.016691423221839405,0.0
"or(or(subset_eq(A, B), greater_than(cardinality(A), cardinality(B))), subset_eq(intersection(A, B), index(cardinality(A), B)))",0.0,0.0,0.6068625125167084,0.545202558181914,0.6068625125167084,complement-symmetric-entropy-v1,0.0,0.0,0.0,0.0,0.0,0.0,0.0,0.6068625125167084,0.545202558181914,0.6068625125167084
"subset_eq(difference(B, index(cardinality(B), union(A, B))), index(cardinality(difference(B, A)), A))",0.0,0.6597454206805132,0.7209932778532506,0.16907069063703362,0.7209932778532506,complement-symmetric-entropy-v1,0.0,0.6597454206805132,0.7958665772410918,0.4187725841544255,0.7958665772410918,0.0,0.0,-0.07487329938784115,-0.24970189351739186,-0.07487329938784115
"and(or(subset_eq(A, difference(A, B)), greater_than(cardinality(A), cardinality(B))), subset_eq(difference(A, B), index(cardinality(B), union(A, B))))",0.23328908426944472,0.0,0.6155682611768216,0.6155682611768216,0.6155682611768216,complement-symmetric-entropy-v1,0.2332890842694447,0.0,0.6126494997073646,0.5497747378952036,0.6126494997073646,2.7755575615628914e-17,0.0,0.0029187614694570208,0.06579352328161803,0.0029187614694570208
"subset_eq(difference(index(cardinality(A), union(A, B)), index(cardinality(B), difference(A, B))), intersection(B, index(cardinality(B), union(A, B))))",0.0,0.696193618162251,0.6887671012307996,0.06942776767600711,0.696193618162251,complement-symmetric-entropy-v1,0.0,0.696193618162251,0.6734930450677232,0.0,0.696193618162251,0.0,0.0,0.015274056163076422,0.06942776767600711,0.0
"subset_eq(difference(difference(A, B), index(cardinality(B), A)), index(cardinality(A), union(difference(A, B), difference(B, A))))",0.5328890023613638,0.0,0.1942053456048073,0.8042638668717984,0.8042638668717984,complement-symmetric-entropy-v1,0.5328890023613638,0.0,0.0,0.713796913795462,0.713796913795462,0.0,0.0,0.1942053456048073,0.09046695307633645,0.09046695307633645
"and(subset_eq(index(cardinality(A), B), A), greater_than(cardinality(difference(B, A)), cardinality(A)))",0.8902388627659472,0.38810057972781564,0.0,0.0,0.8902388627659472,complement-symmetric-entropy-v1,0.8902388627659472,0.3881005797278156,0.4665687941855425,0.718570894432339,0.8902388627659472,0.0,5.551115123125783e-17,-0.4665687941855425,-0.718570894432339,0.0
"subset_eq(difference(index(cardinality(B), union(A, B)), index(cardinality(A), B)), difference(union(difference(A, B), difference(B, A)), index(cardinality(B), A)))",0.6736129784857969,0.0,0.04348028881371968,0.9201588079373954,0.9201588079373954,complement-symmetric-entropy-v1,0.6736129784857969,0.0,0.0,0.8431946782003394,0.8431946782003394,0.0,0.0,0.04348028881371968,0.07696412973705591,0.07696412973705591
"subset_eq(union(index(cardinality(A), union(A, B)), index(cardinality(B), union(A, B))), index(cardinality(A), union(difference(A, B), difference(B, A))))",0.3476734222402851,0.0,0.2003611198912788,0.5518619375860008,0.5518619375860008,complement-symmetric-entropy-v1,0.3476734222402851,0.0,0.2668623044515327,0.4224016887317514,0.4224016887317514,0.0,0.0,-0.06650118456025389,0.1294602488542494,0.1294602488542494
"subset_eq(union(index(cardinality(A), B), index(cardinality(B), union(A, B))), difference(union(A, B), index(cardinality(A), union(A, B))))",0.0,0.5672240611573176,0.681089015876885,0.06550784501721574,0.681089015876885,complement-symmetric-entropy-v1,0.0,0.5672240611573176,0.5397944865717798,0.0,0.5672240611573176,0.0,0.0,0.14129452930510522,0.06550784501721574,0.11386495471956737
"subset_eq(index(cardinality(difference(A, B)), union(difference(A, B), difference(B, A))), intersection(A, index(cardinality(B), union(A, B))))",0.0,0.6941474999882746,0.6931892959346269,0.0890794964892917,0.6941474999882746,complement-symmetric-entropy-v1,0.0,0.6941474999882746,0.6941474999882746,0.0,0.6941474999882746,0.0,0.0,-0.000958204053647771,0.0890794964892917,0.0
"subset_eq(union(A, index(cardinality(B), union(A, B))), index(cardinality(difference(A, B)), union(A, B)))",0.5798819274732321,0.0,0.32663394543259305,1.0,1.0,complement-symmetric-entropy-v1,0.5798819274732321,0.0,0.7045999697942724,1.0,1.0,0.0,0.0,-0.37796602436167936,0.0,0.0
"subset_eq(index(cardinality(difference(A, B)), difference(B, A)), difference(index(cardinality(A), B), index(cardinality(A), difference(B, A))))",0.0,0.7744493880634549,0.8769816131135542,0.0346185363482574,0.8769816131135542,complement-symmetric-entropy-v1,0.0,0.7744493880634549,0.8434356547782302,0.0,0.8434356547782302,0.0,0.0,0.03354595833532392,0.0346185363482574,0.03354595833532392
"or(or(subset_eq(A, difference(A, B)), equals(cardinality(A), cardinality(B))), subset_eq(index(cardinality(A), union(A, B)), index(cardinality(A), B)))",0.0,0.0,0.5897758750837849,0.629381317027166,0.629381317027166,complement-symmetric-entropy-v1,0.0,0.0,0.0,0.0,0.0,0.0,0.0,0.5897758750837849,0.629381317027166,0.629381317027166
"or(greater_than(cardinality(A), cardinality(B)), equals(cardinality(A), cardinality(difference(B, A))))",0.0,0.39739078766151803,0.581092600462711,0.05602914020856664,0.581092600462711,complement-symmetric-entropy-v1,0.0,0.397390787661518,0.4053474300777072,0.0233471795070233,0.4053474300777072,0.0,5.551115123125783e-17,0.17574517038500387,0.03268196070154334,0.17574517038500387
"and(or(subset_eq(B, A), greater_than(cardinality(B), cardinality(A))), subset_eq(index(cardinality(A), difference(B, A)), index(cardinality(A), union(A, B))))",0.0,0.0,0.3912948828538869,0.2468954929328515,0.3912948828538869,complement-symmetric-entropy-v1,0.0,0.0,0.0902745051349842,0.0,0.0902745051349842,0.0,0.0,0.3010203777189027,0.2468954929328515,0.3010203777189027
"or(subset_eq(intersection(A, B), index(cardinality(A), union(A, B))), subset_eq(difference(B, A), index(cardinality(A), B)))",0.0,0.0,0.8149357856360806,0.5705528269294271,0.8149357856360806,complement-symmetric-entropy-v1,0.0,0.0,0.622739023635523,0.0,0.622739023635523,0.0,0.0,0.19219676200055757,0.5705528269294271,0.19219676200055757
"and(subset_eq(index(cardinality(A), union(A, B)), index(cardinality(B), A)), subset_eq(index(cardinality(B), difference(A, B)), index(cardinality(B), union(A, B))))",0.0,0.8025455255194822,0.40376838592592135,0.12464595026128611,0.8025455255194822,complement-symmetric-entropy-v1,0.0,0.8025455255194822,0.7633602060049276,0.0392124876291127,0.8025455255194822,0.0,0.0,-0.35959182007900625,0.08543346263217341,0.0
"and(subset_eq(index(cardinality(B), union(A, B)), B), equals(cardinality(intersection(A, B)), cardinality(difference(A, B))))",0.5972180583567732,0.0,0.22549271715945918,0.22549271715945918,0.5972180583567732,complement-symmetric-entropy-v1,0.5972180583567732,0.0,0.5515709328976619,0.386370113053885,0.5972180583567732,0.0,0.0,-0.3260782157382027,-0.16087739589442585,0.0
"or(subset_eq(B, index(cardinality(B), A)), subset_eq(difference(A, B), index(cardinality(B), A)))",0.0,0.0,0.31250598253771433,0.6373681025888833,0.6373681025888833,complement-symmetric-entropy-v1,0.0,0.0,0.0,0.5097549132471926,0.5097549132471926,0.0,0.0,0.31250598253771433,0.12761318934169075,0.12761318934169075
"and(subset_eq(difference(A, B), index(cardinality(A), union(A, B))), subset_eq(index(cardinality(B), union(A, B)), index(cardinality(A), difference(B, A))))",0.9414785360962264,0.0,0.115170740269666,1.0,1.0,complement-symmetric-entropy-v1,0.9414785360962264,0.0,0.0,1.0,1.0,0.0,0.0,0.115170740269666,0.0,0.0
"subset_eq(difference(A, index(cardinality(B), union(A, B))), index(cardinality(difference(B, A)), union(A, B)))",0.29471457791995637,0.0,0.5246669943836613,0.7129337271598682,0.7129337271598682,complement-symmetric-entropy-v1,0.2947145779199563,0.0,0.7848472975961219,0.7848472975961219,0.7848472975961219,5.551115123125783e-17,0.0,-0.26018030321246066,-0.07191357043625368,-0.07191357043625368
"subset_eq(index(cardinality(A), union(A, B)), difference(difference(A, B), index(cardinality(B), A)))",0.0,0.5319844015308763,0.6298805176190623,0.07932969852082605,0.6298805176190623,complement-symmetric-entropy-v1,0.0,0.5319844015308763,0.638761165853539,0.0,0.638761165853539,0.0,0.0,-0.008880648234476762,0.07932969852082605,-0.008880648234476762
"subset_eq(difference(A, B), union(index(cardinality(B), A), index(cardinality(A), union(A, B))))",0.6126093521713144,0.0,0.1711375162970944,0.6750627133459559,0.6750627133459559,complement-symmetric-entropy-v1,0.6126093521713144,0.0,0.0,0.8152416854368231,0.8152416854368231,0.0,0.0,0.1711375162970944,-0.14017897209086716,-0.14017897209086716
"subset_eq(union(difference(A, B), index(cardinality(A), B)), index(cardinality(intersection(A, B)), index(cardinality(A), union(A, B))))",0.3857529628299966,0.0,0.32663394543259305,0.58229126850654,0.58229126850654,complement-symmetric-entropy-v1,0.3857529628299966,0.0,0.3682733967262402,0.4389954972841304,0.4389954972841304,0.0,0.0,-0.041639451293647156,0.1432957712224096,0.1432957712224096
"subset_eq(union(index(cardinality(A), B), index(cardinality(B), union(A, B))), index(cardinality(B), difference(A, B)))",0.0,0.47964453392418027,0.6213568313010693,0.2715607319994432,0.6213568313010693,complement-symmetric-entropy-v1,0.0,0.4796445339241802,0.4796445339241802,0.3093380928597199,0.4796445339241802,0.0,5.551115123125783e-17,0.14171229737688912,-0.03777736086027672,0.14171229737688912
"or(subset_eq(index(cardinality(B), union(A, B)), intersection(A, B)), subset_eq(index(cardinality(A), B), index(cardinality(A), difference(B, A))))",0.0,0.0,0.7409599636703481,0.5808357140127455,0.7409599636703481,complement-symmetric-entropy-v1,0.0,0.0,0.0,0.0,0.0,0.0,0.0,0.7409599636703481,0.5808357140127455,0.7409599636703481
"subset_eq(index(cardinality(difference(B, A)), B), index(cardinality(A), union(A, B)))",0.0,0.0,0.4497195766567773,0.8112443864810812,0.8112443864810812,complement-symmetric-entropy-v1,0.0,0.0,0.3640948121229598,0.8459594923175189,0.8459594923175189,0.0,0.0,0.08562476453381751,-0.034715105836437665,-0.034715105836437665
"or(subset_eq(B, index(cardinality(B), A)), greater_than(cardinality(B), cardinality(difference(A, B))))",0.0,0.0,0.10878851855431759,0.7853012213713564,0.7853012213713564,complement-symmetric-entropy-v1,0.0,0.0,0.0,0.5751805463666794,0.5751805463666794,0.0,0.0,0.10878851855431759,0.21012067500467702,0.21012067500467702
"and(and(not(subset_eq(A, B)), subset_eq(A, difference(A, B))), subset_eq(index(cardinality(A), B), index(cardinality(B), union(A, B))))",0.030796166734257557,0.35641154263795705,1.0,0.0,1.0,complement-symmetric-entropy-v1,0.0307961667342575,0.356411542637957,1.0,0.7285675404263174,1.0,5.898059818321144e-17,5.551115123125783e-17,0.0,-0.7285675404263174,0.0
"subset_eq(difference(index(cardinality(A), union(A, B)), index(cardinality(B), difference(A, B))), difference(index(cardinality(A), B), index(cardinality(A), difference(B, A))))",0.0,0.3380768792144433,0.43909789644416874,0.05984914962271781,0.43909789644416874,complement-symmetric-entropy-v1,0.0,0.3380768792144433,0.1258910190417446,0.0,0.3380768792144433,0.0,0.0,0.31320687740242414,0.05984914962271781,0.10102101722972545
"and(subset_eq(index(cardinality(B), union(A, B)), difference(B, A)), subset_eq(index(cardinality(B), A), index(cardinality(A), union(A, B))))",0.7188194119755648,0.0,0.06782106733086435,0.8116758225908755,0.8116758225908755,complement-symmetric-entropy-v1,0.7188194119755648,0.0,0.0,0.8139747540600596,0.8139747540600596,0.0,0.0,0.06782106733086435,-0.00229893146918414,-0.00229893146918414
"and(subset_eq(index(cardinality(B), union(A, B)), A), equals(cardinality(intersection(A, B)), cardinality(difference(A, B))))",0.49610032863865006,0.0,0.19591854048173463,0.19591854048173463,0.49610032863865006,complement-symmetric-entropy-v1,0.49610032863865,0.0,0.6549681676438984,0.2630560229719531,0.6549681676438984,5.551115123125783e-17,0.0,-0.4590496271621638,-0.06713748249021845,-0.15886783900524837
"subset_eq(index(cardinality(intersection(A, B)), union(difference(A, B), difference(B, A))), union(B, index(cardinality(B), A)))",0.0,0.0,0.20722611624911813,0.4128088914602104,0.4128088914602104,complement-symmetric-entropy-v1,0.0,0.0,0.0,0.128335442248394,0.128335442248394,0.0,0.0,0.20722611624911813,0.2844734492118164,0.2844734492118164
"subset_eq(union(index(cardinality(A), B), index(cardinality(B), A)), union(intersection(A, B), index(cardinality(A), union(A, B))))",0.4859412027707699,0.0,0.033899179898257525,0.40835574605089464,0.4859412027707699,complement-symmetric-entropy-v1,0.4859412027707699,0.0,0.0,0.5010439061880732,0.5010439061880732,0.0,0.0,0.033899179898257525,-0.09268816013717851,-0.015102703417303243
"subset_eq(index(cardinality(intersection(A, B)), B), union(A, index(cardinality(B), union(A, B))))",0.0,0.6678132902900386,0.3761589694760994,0.0457967746819572,0.6678132902900386,complement-symmetric-entropy-v1,0.0,0.6678132902900386,0.3595361065513018,0.0,0.6678132902900386,0.0,0.0,0.016622862924797588,0.0457967746819572,0.0
"subset_eq(union(index(cardinality(A), B), index(cardinality(B), union(A, B))), index(cardinality(difference(A, B)), difference(B, A)))",0.5453116653310953,0.0,0.1725056177751173,0.48237655345917196,0.5453116653310953,complement-symmetric-entropy-v1,0.5453116653310953,0.0,0.2293066893646713,0.5453116653310953,0.5453116653310953,0.0,0.0,-0.056801071589554,-0.06293511187192335,0.0
"subset_eq(difference(index(cardinality(B), union(A, B)), index(cardinality(B), A)), intersection(A, index(cardinality(A), union(A, B))))",0.0,0.0,0.34590265812055865,0.307406553677287,0.34590265812055865,complement-symmetric-entropy-v1,0.0,0.0,0.0,0.0,0.0,0.0,0.0,0.34590265812055865,0.307406553677287,0.34590265812055865
"or(and(not(subset_eq(B, A)), greater_than(cardinality(A), cardinality(B))), subset_eq(index(cardinality(B), union(A, B)), B))",0.4947498862161164,0.0,0.0346185363482574,0.5926495819188993,0.5926495819188993,complement-symmetric-entropy-v1,0.4947498862161164,0.0,0.0,0.4517194760781298,0.4947498862161164,0.0,0.0,0.0346185363482574,0.14093010584076948,0.0978996957027829
"and(subset_eq(index(cardinality(B), union(A, B)), intersection(A, B)), greater_than(cardinality(intersection(A, B)), cardinality(difference(A, B))))",0.9411273974399137,0.24656970698316116,0.0,0.0,0.9411273974399137,complement-symmetric-entropy-v1,0.9411273974399136,0.2465697069831611,0.0400306737120955,0.4308856601190989,0.9411273974399136,1.1102230246251565e-16,5.551115123125783e-17,-0.0400306737120955,-0.4308856601190989,1.1102230246251565e-16
"or(not(greater_than(cardinality(A), cardinality(B))), subset_eq(intersection(A, B), index(cardinality(B), A)))",0.0,0.0,0.36707453963629466,0.8651445060992028,0.8651445060992028,complement-symmetric-entropy-v1,0.0,0.0,0.0,0.8372759896775667,0.8372759896775667,0.0,0.0,0.36707453963629466,0.027868516421636125,0.027868516421636125
"subset_eq(union(index(cardinality(A), difference(B, A)), index(cardinality(B), union(A, B))), difference(index(cardinality(B), union(A, B)), A))",0.412839221486179,0.178321932072117,0.00614230580637376,0.00614230580637376,0.412839221486179,complement-symmetric-entropy-v1,0.412839221486179,0.178321932072117,0.1153756551698682,0.4879127492616061,0.4879127492616061,0.0,0.0,-0.10923334936349444,-0.48177044345523234,-0.07507352777542708
"subset_eq(difference(union(A, B), index(cardinality(B), union(A, B))), index(cardinality(intersection(A, B)), A))",0.29414476062788464,0.4194531841957173,1.0,0.37572340402349913,1.0,complement-symmetric-entropy-v1,0.2941447606278846,0.4194531841957173,1.0,0.8397076451525027,1.0,5.551115123125783e-17,0.0,0.0,-0.4639842411290036,0.0
"and(or(subset_eq(A, difference(A, B)), equals(cardinality(A), cardinality(B))), subset_eq(difference(B, A), index(cardinality(B), union(A, B))))",0.0,0.3969181659100668,0.4482282708597619,0.20979439205525752,0.4482282708597619,complement-symmetric-entropy-v1,0.0,0.3969181659100668,0.4115564337425889,0.2923319089861594,0.4115564337425889,0.0,0.0,0.036671837117173034,-0.08253751693090189,0.036671837117173034
"subset_eq(union(index(cardinality(A), B), index(cardinality(B), difference(A, B))), difference(index(cardinality(B), A), index(cardinality(B), union(A, B))))",0.15844816988102894,0.5078990971147468,0.004007107372752783,0.004007107372752783,0.5078990971147468,complement-symmetric-entropy-v1,0.1584481698810289,0.5078990971147468,0.5078990971147468,0.1584481698810289,0.5078990971147468,5.551115123125783e-17,0.0,-0.503891989741994,-0.1544410625082761,0.0
"and(subset_eq(index(cardinality(B), A), difference(A, B)), subset_eq(index(cardinality(A), union(A, B)), index(cardinality(A), B)))",0.0,0.0,0.2405562597027272,0.6180364774961173,0.6180364774961173,complement-symmetric-entropy-v1,0.0,0.0,0.0,0.288122997249946,0.288122997249946,0.0,0.0,0.2405562597027272,0.32991348024617134,0.32991348024617134
"subset_eq(index(cardinality(difference(A, B)), intersection(A, B)), index(cardinality(difference(A, A)), B))",0.0,0.0,0.8184554382805795,0.4165598349618609,0.8184554382805795,complement-symmetric-entropy-v1,0.0,0.0,0.3961503295884716,0.2097943920552575,0.3961503295884716,0.0,0.0,0.42230510869210797,0.2067654429066034,0.42230510869210797
"subset_eq(difference(B, index(cardinality(A), union(A, B))), index(cardinality(difference(B, A)), union(difference(A, B), difference(B, A))))",0.0,0.38371125532508576,0.8002842226034964,0.5594676617996219,0.8002842226034964,complement-symmetric-entropy-v1,0.0,0.3837112553250857,0.8836011410805952,0.7407106278416253,0.8836011410805952,0.0,5.551115123125783e-17,-0.08331691847709877,-0.1812429660420034,-0.08331691847709877
"subset_eq(difference(difference(B, A), index(cardinality(A), B)), index(cardinality(difference(A, A)), difference(B, A)))",0.0,0.6367526950090581,0.7758799564229324,0.15170386603338704,0.7758799564229324,complement-symmetric-entropy-v1,0.0,0.6367526950090581,0.7239803211839702,0.0,0.7239803211839702,0.0,0.0,0.05189963523896224,0.15170386603338704,0.05189963523896224
"or(subset_eq(index(cardinality(B), union(A, B)), difference(B, A)), equals(cardinality(A), cardinality(difference(B, A))))",0.633760652831792,0.0,0.05664309548194357,0.8021487576263914,0.8021487576263914,complement-symmetric-entropy-v1,0.633760652831792,0.0,0.0,0.7910083191187903,0.7910083191187903,0.0,0.0,0.05664309548194357,0.011140438507601047,0.011140438507601047
"and(or(subset_eq(A, B), subset_eq(B, A)), or(subset_eq(A, difference(A, B)), equals(cardinality(A), cardinality(B))))",0.0,0.0,0.6373074179163389,0.6373074179163389,0.6373074179163389,complement-symmetric-entropy-v1,0.0,0.0,0.4487280960163041,0.4487280960163041,0.4487280960163041,0.0,0.0,0.18857932190003485,0.18857932190003485,0.18857932190003485
"or(subset_eq(difference(A, B), index(cardinality(B), A)), subset_eq(index(cardinality(B), union(A, B)), intersection(A, B)))",0.2840016095711886,0.0,0.08699348673857221,0.3860113351450629,0.3860113351450629,complement-symmetric-entropy-v1,0.2840016095711886,0.0,0.0,0.2263358035244904,0.2840016095711886,0.0,0.0,0.08699348673857221,0.15967553162057252,0.10200972557387433
"subset_eq(union(index(cardinality(A), difference(B, A)), index(cardinality(B), union(A, B))), index(cardinality(difference(A, A)), B))",0.2553959880612754,0.0,0.10525736371799088,0.3829089246098498,0.3829089246098498,complement-symmetric-entropy-v1,0.2553959880612754,0.0,0.0917916515664005,0.5767796110957449,0.5767796110957449,0.0,0.0,0.013465712151590384,-0.19387068648589512,-0.19387068648589512
"and(subset_eq(intersection(A, B), index(cardinality(A), B)), subset_eq(index(cardinality(B), A), index(cardinality(A), union(A, B))))",0.4285085230018957,0.0,0.14025380250259267,0.8736412245723091,0.8736412245723091,complement-symmetric-entropy-v1,0.4285085230018957,0.0,0.5704240498580775,0.8972442003848967,0.8972442003848967,0.0,0.0,-0.4301702473554848,-0.023602975812587634,-0.023602975812587634
"subset_eq(intersection(B, index(cardinality(B), A)), index(cardinality(difference(A, B)), union(A, B)))",0.0,0.0,0.4957133431595242,0.7964717252049964,0.7964717252049964,complement-symmetric-entropy-v1,0.0,0.0,0.0,0.2452355354323276,0.2452355354323276,0.0,0.0,0.4957133431595242,0.5512361897726689,0.5512361897726689
"subset_eq(union(index(cardinality(B), A), index(cardinality(A), difference(B, A))), difference(union(A, B), index(cardinality(B), union(A, B))))",0.7955755403113569,0.0,0.040030673712095566,0.6113081337019484,0.7955755403113569,complement-symmetric-entropy-v1,0.7955755403113569,0.0,0.0,0.7955755403113569,0.7955755403113569,0.0,0.0,0.040030673712095566,-0.18426740660940855,0.0
"and(not(or(subset_eq(A, B), subset_eq(B, A))), subset_eq(index(cardinality(B), A), index(cardinality(B), union(A, B))))",0.43132301719671917,0.34340494199379124,0.0,0.0,0.43132301719671917,complement-symmetric-entropy-v1,0.4313230171967191,0.3434049419937912,0.3434049419937912,0.4373587786035223,0.4373587786035223,5.551115123125783e-17,5.551115123125783e-17,-0.3434049419937912,-0.4373587786035223,-0.00603576140680312
"or(subset_eq(B, index(cardinality(B), union(A, B))), subset_eq(difference(B, A), index(cardinality(A), union(A, B))))",0.0,0.6712758819870782,1.0,0.2134181277402053,1.0,complement-symmetric-entropy-v1,0.0,0.6712758819870782,1.0,0.0,1.0,0.0,0.0,0.0,0.2134181277402053,0.0
"and(not(equals(cardinality(A), cardinality(B))), subset_eq(index(cardinality(B), A), index(cardinality(B), union(A, B))))",0.006411155934194723,0.006411155934194723,0.23742252098605554,0.32097362519433104,0.32097362519433104,complement-symmetric-entropy-v1,0.0064111559341947,0.0064111559341947,0.0064111559341947,0.0064111559341947,0.0064111559341947,2.3418766925686896e-17,2.3418766925686896e-17,0.23101136505186085,0.3145624692601363,0.3145624692601363
"and(not(subset_eq(A, B)), or(subset_eq(A, difference(A, B)), greater_than(cardinality(B), cardinality(A))))",0.038015294801239,0.23323253019845203,0.7136813428809776,0.0,0.7136813428809776,complement-symmetric-entropy-v1,0.038015294801239,0.233232530198452,0.5482914942534033,0.6195726103198768,0.6195726103198768,0.0,2.7755575615628914e-17,0.16538984862757433,-0.6195726103198768,0.09410873256110086
"subset_eq(union(index(cardinality(A), difference(B, A)), index(cardinality(B), union(A, B))), index(cardinality(intersection(A, B)), A))",0.0,0.5829543618964739,0.4947090857988109,0.044390973915349186,0.5829543618964739,complement-symmetric-entropy-v1,0.0,0.5829543618964739,0.3487968628888964,0.0,0.5829543618964739,0.0,0.0,0.1459122229099145,0.044390973915349186,0.0
"and(or(subset_eq(A, B), greater_than(cardinality(A), cardinality(B))), subset_eq(intersection(A, B), index(cardinality(A), B)))",0.0,0.0,0.6854048830178505,0.584761363895814,0.6854048830178505,complement-symmetric-entropy-v1,0.0,0.0,0.656500802375396,0.7658824414559282,0.7658824414559282,0.0,0.0,0.028904080642454533,-0.1811210775601142,-0.08047755843807769
"or(or(subset_eq(A, difference(A, B)), greater_than(cardinality(A), cardinality(B))), subset_eq(A, index(cardinality(A), B)))",0.0,0.0,0.7904416844185589,0.36820939965429944,0.7904416844185589,complement-symmetric-entropy-v1,0.0,0.0,0.8327168449438382,0.0784355139538743,0.8327168449438382,0.0,0.0,-0.042275160525279354,0.28977388570042517,-0.042275160525279354
"subset_eq(index(cardinality(B), A), index(cardinality(difference(A, A)), intersection(A, B)))",0.6001895070546546,0.0,0.038015294801239,0.862407230143185,0.862407230143185,complement-symmetric-entropy-v1,0.6001895070546546,0.0,0.0,0.7136813428809776,0.7136813428809776,0.0,0.0,0.038015294801239,0.14872588726220737,0.14872588726220737
"and(or(subset_eq(A, B), greater_than(cardinality(B), cardinality(A))), subset_eq(index(cardinality(A), B), difference(B, A)))",0.6375314795423855,0.0,0.12464595026128611,0.565600156142861,0.6375314795423855,complement-symmetric-entropy-v1,0.6375314795423855,0.0,0.116314627838039,0.6375314795423855,0.6375314795423855,0.0,0.0,0.008331322423247106,-0.07193132339952457,0.0
"or(and(subset_eq(A, B), not(subset_eq(B, A))), subset_eq(A, index(cardinality(A), union(A, B))))",0.862407230143185,0.0,0.13096344108988167,1.0,1.0,complement-symmetric-entropy-v1,0.862407230143185,0.0,0.038015294801239,1.0,1.0,0.0,0.0,0.09294814628864267,0.0,0.0
"subset_eq(union(index(cardinality(B), A), index(cardinality(B), union(A, B))), difference(index(cardinality(B), union(A, B)), index(cardinality(A), difference(B, A))))",0.0,0.0,0.33494434346924495,0.421668453692165,0.421668453692165,complement-symmetric-entropy-v1,0.0,0.0,0.0,0.0,0.0,0.0,0.0,0.33494434346924495,0.421668453692165,0.421668453692165
"or(or(subset_eq(A, difference(A, A)), greater_than(cardinality(B), cardinality(A))), greater_than(cardinality(difference(A, B)), cardinality(intersection(A, B))))",0.0,0.0,0.3849028545776011,0.6111759406728261,0.6111759406728261,complement-symmetric-entropy-v1,0.0,0.0,0.0776362207116981,0.3702975048575134,0.3702975048575134,0.0,0.0,0.307266633865903,0.2408784358153127,0.2408784358153127
"and(and(not(subset_eq(B, A)), greater_than(cardinality(A), cardinality(B))), subset_eq(intersection(A, B), index(cardinality(A), union(A, B))))",0.26951767560666196,0.6108838939230882,0.0,0.0,0.6108838939230882,complement-symmetric-entropy-v1,0.2695176756066619,0.6108838939230882,0.6806825077360311,0.4700701647402733,0.6806825077360311,5.551115123125783e-17,0.0,-0.6806825077360311,-0.4700701647402733,-0.06979861381294294
"or(subset_eq(B, index(cardinality(B), union(A, B))), greater_than(cardinality(intersection(A, B)), cardinality(difference(B, A))))",0.0,0.8636756827588983,0.5763929230733335,0.07194158198445133,0.8636756827588983,complement-symmetric-entropy-v1,0.0,0.8636756827588983,0.4390978964441687,0.0,0.8636756827588983,0.0,0.0,0.13729502662916476,0.07194158198445133,0.0
"subset_eq(difference(union(difference(A, B), difference(B, A)), index(cardinality(B), union(A, B))), index(cardinality(difference(A, B)), A))",0.19309508954613408,0.4817455686175146,0.13823631305266904,0.07504484928333632,0.4817455686175146,complement-symmetric-entropy-v1,0.193095089546134,0.4817455686175146,0.4588105160053541,0.2212715946916378,0.4817455686175146,8.326672684688674e-17,0.0,-0.3205742029526851,-0.14622674540830147,0.0
"subset_eq(union(index(cardinality(A), B), index(cardinality(B), A)), difference(difference(A, B), index(cardinality(B), difference(A, B))))",0.19227269528361846,0.3523174330870953,0.0057321782780440644,0.0057321782780440644,0.3523174330870953,complement-symmetric-entropy-v1,0.1922726952836184,0.3523174330870953,0.3523174330870953,0.180510647357493,0.3523174330870953,5.551115123125783e-17,0.0,-0.3465852548090512,-0.17477846907944894,0.0
"subset_eq(difference(index(cardinality(A), B), index(cardinality(A), difference(B, A))), intersection(A, index(cardinality(A), union(A, B))))",0.0,0.0,0.7722101663805233,0.33569128374784374,0.7722101663805233,complement-symmetric-entropy-v1,0.0,0.0,0.5187244886497909,0.0,0.5187244886497909,0.0,0.0,0.2534856777307324,0.33569128374784374,0.2534856777307324
"or(subset_eq(index(cardinality(B), A), index(cardinality(A), union(A, B))), greater_than(cardinality(B), cardinality(difference(A, B))))",1.0,0.0,0.031807934819909844,1.0,1.0,complement-symmetric-entropy-v1,1.0,0.0,0.0,1.0,1.0,0.0,0.0,0.031807934819909844,0.0,0.0
"subset_eq(difference(difference(B, A), index(cardinality(A), difference(B, A))), difference(index(cardinality(A), union(A, B)), index(cardinality(B), union(A, B))))",0.0,0.3424275831838749,0.6655056954321283,0.12229861033427869,0.6655056954321283,complement-symmetric-entropy-v1,0.0,0.3424275831838749,0.7134109982258008,0.0,0.7134109982258008,0.0,0.0,-0.047905302793672444,0.12229861033427869,-0.047905302793672444
"subset_eq(difference(index(cardinality(B), A), B), difference(index(cardinality(B), union(A, B)), index(cardinality(B), difference(A, B))))",0.7626747026069107,0.0,0.026303284003553418,0.738141893285661,0.7626747026069107,complement-symmetric-entropy-v1,0.7626747026069107,0.0,0.0,0.4994270451138937,0.7626747026069107,0.0,0.0,0.026303284003553418,0.23871484817176736,0.0
"and(or(subset_eq(A, difference(A, B)), greater_than(cardinality(A), cardinality(B))), not(subset_eq(B, difference(A, A))))",0.08195679511966258,0.06476130387857704,0.0,0.321530991794743,0.321530991794743,complement-symmetric-entropy-v1,0.0819567951196625,0.064761303878577,0.7175709795130749,0.1316170477653649,0.7175709795130749,8.326672684688674e-17,4.163336342344337e-17,-0.7175709795130749,0.18991394402937808,-0.39603998771833193
"or(and(not(subset_eq(B, A)), subset_eq(A, difference(A, B))), equals(cardinality(intersection(A, B)), cardinality(difference(A, B))))",0.21392295381525295,0.0,0.07194158198445133,0.359076859999487,0.359076859999487,complement-symmetric-entropy-v1,0.2139229538152529,0.0,0.6866347362052474,0.3650425579756331,0.6866347362052474,5.551115123125783e-17,0.0,-0.6146931542207961,-0.0059656979761461,-0.3275578762057604
"subset_eq(difference(index(cardinality(A), union(A, B)), index(cardinality(B), union(A, B))), index(cardinality(difference(A, A)), difference(A, B)))",0.0,0.5358978616825534,0.45559334763425074,0.05542378364565437,0.5358978616825534,complement-symmetric-entropy-v1,0.0,0.5358978616825534,0.5558459011724035,0.0,0.5558459011724035,0.0,0.0,-0.10025255353815277,0.05542378364565437,-0.019948039489850133
"or(and(not(subset_eq(B, A)), subset_eq(A, difference(A, A))), greater_than(cardinality(A), cardinality(difference(B, A))))",0.007228621209681485,0.007228621209681485,0.7395985533460819,0.04741070606261455,0.7395985533460819,complement-symmetric-entropy-v1,0.0072286212096814,0.0072286212096814,0.9613985840585542,0.0,0.9613985840585542,8.500145032286355e-17,8.500145032286355e-17,-0.22180003071247223,0.04741070606261455,-0.22180003071247223
"and(equals(cardinality(B), cardinality(difference(A, B))), equals(cardinality(intersection(A, B)), cardinality(difference(B, A))))",0.4804925552987289,0.5600428442662713,0.05870311273362294,0.05870311273362294,0.5600428442662713,complement-symmetric-entropy-v1,0.4804925552987289,0.5600428442662713,0.5695975959862332,0.3347516531001939,0.5695975959862332,0.0,0.0,-0.5108944832526102,-0.27604854036657095,-0.009554751719961896
"or(or(or(subset_eq(A, B), subset_eq(B, A)), equals(cardinality(A), cardinality(B))), subset_eq(intersection(A, B), index(cardinality(B), A)))",0.0,0.0,0.5858953623110985,0.5952662055913114,0.5952662055913114,complement-symmetric-entropy-v1,0.0,0.0,0.0,0.0,0.0,0.0,0.0,0.5858953623110985,0.5952662055913114,0.5952662055913114
"and(not(subset_eq(B, A)), subset_eq(index(cardinality(B), union(A, B)), difference(A, B)))",0.4877541917172902,0.053657364337435176,0.0,0.7572149377846431,0.7572149377846431,complement-symmetric-entropy-v1,0.4877541917172902,0.0536573643374351,0.0536573643374351,0.6917280508849137,0.6917280508849137,0.0,7.632783294297951e-17,-0.0536573643374351,0.06548688689972937,0.06548688689972937
"or(subset_eq(index(cardinality(A), B), difference(B, A)), subset_eq(index(cardinality(A), union(A, B)), difference(A, B)))",0.0,0.0,0.7842163829909647,0.32168474251448753,0.7842163829909647,complement-symmetric-entropy-v1,0.0,0.0,0.4274158915734304,0.0,0.4274158915734304,0.0,0.0,0.35680049141753434,0.32168474251448753,0.35680049141753434
"and(subset_eq(difference(A, B), index(cardinality(A), union(A, B))), subset_eq(index(cardinality(A), difference(B, A)), index(cardinality(B), union(A, B))))",0.5133677692078058,0.1748662011678348,0.008093941641274749,0.008093941641274749,0.5133677692078058,complement-symmetric-entropy-v1,0.5133677692078058,0.1748662011678348,0.1063618570879968,0.5201192710037735,0.5201192710037735,0.0,0.0,-0.09826791544672205,-0.5120253293624988,-0.006751501795967729
"or(greater_than(cardinality(B), cardinality(A)), subset_eq(A, index(cardinality(B), union(A, B))))",0.8040462194196067,0.0,0.18002494246574463,1.0,1.0,complement-symmetric-entropy-v1,0.8040462194196067,0.0,0.0503317324468566,1.0,1.0,0.0,0.0,0.12969321001888803,0.0,0.0
"and(or(subset_eq(A, difference(A, B)), greater_than(cardinality(B), cardinality(A))), subset_eq(intersection(A, B), index(cardinality(A), union(A, B))))",0.0,0.0,0.7110616807202523,0.963963119829472,0.963963119829472,complement-symmetric-entropy-v1,0.0,0.0,0.7288684435649534,0.9670748155033524,0.9670748155033524,0.0,0.0,-0.017806762844701063,-0.003111695673880366,-0.003111695673880366
"and(not(subset_eq(A, difference(A, B))), subset_eq(intersection(A, B), index(cardinality(B), A)))",0.2714532795446165,0.7219768224855851,0.0,0.0,0.7219768224855851,complement-symmetric-entropy-v1,0.2714532795446165,0.7219768224855851,0.5914597907164008,0.389784331761969,0.7219768224855851,0.0,0.0,-0.5914597907164008,-0.389784331761969,0.0
"and(or(not(subset_eq(B, A)), subset_eq(A, difference(A, A))), subset_eq(index(cardinality(A), difference(B, A)), index(cardinality(B), union(A, B))))",0.4735158735604501,0.21508810962646852,0.0035455635134530317,0.0035455635134530317,0.4735158735604501,complement-symmetric-entropy-v1,0.4735158735604501,0.2150881096264685,0.2887465884903992,0.4735158735604501,0.4735158735604501,0.0,2.7755575615628914e-17,-0.28520102497694616,-0.4699703100469971,0.0
"subset_eq(index(cardinality(intersection(A, B)), union(difference(A, B), difference(B, A))), union(index(cardinality(A), union(A, B)), index(cardinality(B), difference(A, B))))",0.0,0.0,0.32405636866738896,0.1776072468161043,0.32405636866738896,complement-symmetric-entropy-v1,0.0,0.0,0.1134162981189799,0.0,0.1134162981189799,0.0,0.0,0.21064007054840905,0.1776072468161043,0.21064007054840905
"subset_eq(index(cardinality(difference(A, A)), intersection(A, B)), difference(index(cardinality(A), union(A, B)), index(cardinality(B), union(A, B))))",0.0,0.0,0.660572815425368,0.8693765918631892,0.8693765918631892,complement-symmetric-entropy-v1,0.0,0.0,0.625848250530652,0.8186473804946122,0.8186473804946122,0.0,0.0,0.03472456489471609,0.050729211368577,0.050729211368577
"greater_than(cardinality(difference(A, B)), cardinality(index(cardinality(B), union(A, B))))",0.2054009552984316,1.0,1.0,0.0,1.0,complement-symmetric-entropy-v1,0.2054009552984316,1.0,1.0,0.2054009552984316,1.0,0.0,0.0,0.0,-0.2054009552984316,0.0
"subset_eq(intersection(intersection(A, B), index(cardinality(B), union(A, B))), index(cardinality(difference(A, B)), union(A, B)))",0.0,0.0,0.4770886563225448,0.7485017127154908,0.7485017127154908,complement-symmetric-entropy-v1,0.0,0.0,0.0,0.3493680409417081,0.3493680409417081,0.0,0.0,0.4770886563225448,0.39913367177378273,0.39913367177378273
"subset_eq(union(index(cardinality(A), difference(B, A)), index(cardinality(B), union(A, B))), union(A, index(cardinality(A), union(A, B))))",0.0,0.0,0.5182185241428798,0.2585840247536739,0.5182185241428798,complement-symmetric-entropy-v1,0.0,0.0,0.3497282237539753,0.0,0.3497282237539753,0.0,0.0,0.16849030038890456,0.2585840247536739,0.16849030038890456
"subset_eq(union(difference(A, B), index(cardinality(A), union(A, B))), index(cardinality(difference(A, A)), union(A, B)))",0.24539183533090314,0.0,0.39656298308199056,0.39656298308199056,0.39656298308199056,complement-symmetric-entropy-v1,0.2453918353309031,0.0,0.4487280960163041,0.3334053622309589,0.4487280960163041,2.7755575615628914e-17,0.0,-0.05216511293431353,0.06315762085103166,-0.05216511293431353
"subset_eq(index(cardinality(intersection(A, B)), index(cardinality(A), B)), A)",0.0,1.0,0.6810015939076157,0.02262006268008232,1.0,complement-symmetric-entropy-v1,0.0,1.0,0.3771560028186169,0.0,1.0,0.0,0.0,0.30384559108899883,0.02262006268008232,0.0
"subset_eq(union(intersection(A, B), index(cardinality(B), difference(A, B))), index(cardinality(difference(A, A)), intersection(A, B)))",0.4551426557282414,0.0,0.05602914020856664,1.0,1.0,complement-symmetric-entropy-v1,0.4551426557282414,0.0,0.4381339955689927,1.0,1.0,0.0,0.0,-0.38210485536042604,0.0,0.0
"or(subset_eq(B, index(cardinality(B), A)), equals(cardinality(A), cardinality(difference(B, A))))",0.0,0.18003388689911826,0.3702403160065152,0.1354759830805431,0.3702403160065152,complement-symmetric-entropy-v1,0.0,0.1800338868991182,0.3805185116205807,0.4010056455183745,0.4010056455183745,0.0,5.551115123125783e-17,-0.01027819561406551,-0.2655296624378314,-0.030765329511859285
"and(or(subset_eq(B, difference(A, A)), greater_than(cardinality(B), cardinality(A))), subset_eq(intersection(A, B), index(cardinality(B), union(A, B))))",0.0,0.0,0.4847742479453838,0.8757371519812752,0.8757371519812752,complement-symmetric-entropy-v1,0.0,0.0,0.5813612411854957,0.9088093535134696,0.9088093535134696,0.0,0.0,-0.09658699324011188,-0.03307220153219437,-0.03307220153219437
"subset_eq(union(index(cardinality(A), difference(B, A)), index(cardinality(B), union(A, B))), difference(difference(A, B), index(cardinality(B), difference(A, B))))",0.29271261098293655,0.25898664823103046,0.005293895875162602,0.005293895875162602,0.29271261098293655,complement-symmetric-entropy-v1,0.2927126109829365,0.2589866482310304,0.1604642347628186,0.4268337850967549,0.4268337850967549,5.551115123125783e-17,5.551115123125783e-17,-0.155170338887656,-0.4215398892215923,-0.13412117411381835
"subset_eq(union(intersection(A, B), index(cardinality(B), A)), intersection(index(cardinality(A), union(A, B)), index(cardinality(B), union(A, B))))",0.4337901765968447,0.0,0.1875308612342813,0.7530341636715028,0.7530341636715028,complement-symmetric-entropy-v1,0.4337901765968447,0.0,0.6121261655808511,0.8725051900372028,0.8725051900372028,0.0,0.0,-0.4245953043465698,-0.11947102636570006,-0.11947102636570006
"subset_eq(union(index(cardinality(B), A), index(cardinality(A), union(A, B))), intersection(A, B))",0.3684422451708117,0.38416382784451086,0.00669933952399826,0.00669933952399826,0.38416382784451086,complement-symmetric-entropy-v1,0.3684422451708117,0.3841638278445108,0.2104548754344869,0.188323583344507,0.3841638278445108,0.0,5.551115123125783e-17,-0.20375553591048864,-0.18162424382050874,5.551115123125783e-17
"and(and(subset_eq(A, difference(A, B)), equals(cardinality(A), cardinality(B))), subset_eq(index(cardinality(A), union(A, B)), A))",0.3513356886900174,0.3513356886900174,0.07796700555683334,0.07796700555683334,0.3513356886900174,complement-symmetric-entropy-v1,0.3513356886900174,0.3513356886900174,0.6410391887401017,0.6410391887401017,0.6410391887401017,0.0,0.0,-0.5630721831832683,-0.5630721831832683,-0.2897035000500843
"subset_eq(union(B, index(cardinality(B), A)), difference(A, index(cardinality(B), difference(A, B))))",0.17516964209814267,0.667455960264052,0.010454211181140871,0.010454211181140871,0.667455960264052,complement-symmetric-entropy-v1,0.1751696420981426,0.667455960264052,0.667455960264052,0.0551349499375929,0.667455960264052,8.326672684688674e-17,0.0,-0.6570017490829111,-0.04468073875645203,0.0
"or(subset_eq(difference(B, A), index(cardinality(A), B)), greater_than(cardinality(difference(B, A)), cardinality(intersection(A, B))))",0.0,0.0,0.6098899755184854,0.5625563869476446,0.6098899755184854,complement-symmetric-entropy-v1,0.0,0.0,0.3501694672367372,0.0,0.3501694672367372,0.0,0.0,0.25972050828174825,0.5625563869476446,0.25972050828174825
"subset_eq(intersection(A, index(cardinality(B), union(A, B))), index(cardinality(difference(B, A)), intersection(A, B)))",0.4422251824950938,0.0,0.05482682891410795,0.6589399420324111,0.6589399420324111,complement-symmetric-entropy-v1,0.4422251824950938,0.0,0.0,0.653384735177179,0.653384735177179,0.0,0.0,0.05482682891410795,0.005555206855232142,0.005555206855232142
"and(not(subset_eq(A, difference(A, B))), greater_than(cardinality(B), cardinality(difference(A, B))))",1.0,0.43188991442344526,0.0,0.0,1.0,complement-symmetric-entropy-v1,1.0,0.4318899144234452,0.0662664449183437,0.5566988666692521,1.0,0.0,5.551115123125783e-17,-0.0662664449183437,-0.5566988666692521,0.0
"subset_eq(index(cardinality(intersection(A, B)), difference(B, A)), index(cardinality(difference(A, A)), B))",0.0,0.0,0.8207145467010369,0.4611816279485955,0.8207145467010369,complement-symmetric-entropy-v1,0.0,0.0,0.4608792909880117,0.0,0.4608792909880117,0.0,0.0,0.3598352557130252,0.4611816279485955,0.3598352557130252
"and(and(not(subset_eq(B, A)), greater_than(cardinality(A), cardinality(B))), subset_eq(index(cardinality(A), union(A, B)), intersection(A, B)))",0.5865701643149835,0.7451984570885329,0.0,0.0,0.7451984570885329,complement-symmetric-entropy-v1,0.5865701643149835,0.7451984570885329,0.5865701643149835,0.4459957648037214,0.7451984570885329,0.0,0.0,-0.5865701643149835,-0.4459957648037214,0.0
"and(equals(cardinality(intersection(A, B)), cardinality(difference(B, A))), greater_than(cardinality(B), cardinality(difference(A, B))))",0.5027877542123124,0.49656083326709977,0.0,0.0,0.5027877542123124,complement-symmetric-entropy-v1,0.5027877542123124,0.4965608332670997,0.291084031382086,0.6303602100229042,0.6303602100229042,0.0,5.551115123125783e-17,-0.291084031382086,-0.6303602100229042,-0.12757245581059184
"or(equals(cardinality(intersection(A, B)), cardinality(difference(A, B))), greater_than(cardinality(B), cardinality(difference(A, B))))",1.0,0.0,0.038015294801239,0.7054072644709242,1.0,complement-symmetric-entropy-v1,1.0,0.0,0.0,0.4508483789254357,1.0,0.0,0.0,0.038015294801239,0.25455888554548844,0.0
"subset_eq(union(index(cardinality(A), difference(B, A)), index(cardinality(B), union(A, B))), index(cardinality(difference(A, A)), difference(B, A)))",0.40787800252053097,0.0,0.10525736371799088,0.32676528812095185,0.40787800252053097,complement-symmetric-entropy-v1,0.4078780025205309,0.0,0.0917916515664005,0.4817826970801038,0.4817826970801038,5.551115123125783e-17,0.0,0.013465712151590384,-0.15501740895915195,-0.07390469455957283
"or(or(subset_eq(A, difference(A, A)), equals(cardinality(A), cardinality(B))), subset_eq(difference(B, A), index(cardinality(A), B)))",0.0,0.0,0.46605273355490295,0.2158985121655037,0.46605273355490295,complement-symmetric-entropy-v1,0.0,0.0,0.5304318963087227,0.0,0.5304318963087227,0.0,0.0,-0.06437916275381972,0.2158985121655037,-0.06437916275381972
"and(or(subset_eq(A, difference(A, B)), equals(cardinality(A), cardinality(B))), subset_eq(index(cardinality(A), union(A, B)), intersection(A, B)))",0.0,0.42184649366971483,0.32996162675425333,0.2567882728680404,0.42184649366971483,complement-symmetric-entropy-v1,0.0,0.4218464936697148,0.3532984242084085,0.2954813444881659,0.4218464936697148,0.0,5.551115123125783e-17,-0.023336797454155178,-0.038693071620125474,5.551115123125783e-17
"subset_eq(difference(index(cardinality(B), union(A, B)), A), union(index(cardinality(A), B), index(cardinality(A), union(A, B))))",0.0,0.0,0.4249913900868224,0.46779408675132716,0.46779408675132716,complement-symmetric-entropy-v1,0.0,0.0,0.0,0.0,0.0,0.0,0.0,0.4249913900868224,0.46779408675132716,0.46779408675132716
"subset_eq(difference(index(cardinality(B), union(A, B)), index(cardinality(A), difference(B, A))), index(cardinality(difference(B, A)), A))",0.0,0.0,0.1739030940969144,0.6727761095085338,0.6727761095085338,complement-symmetric-entropy-v1,0.0,0.0,0.0,0.7017069551242433,0.7017069551242433,0.0,0.0,0.1739030940969144,-0.028930845615709466,-0.028930845615709466
"or(subset_eq(B, index(cardinality(B), A)), subset_eq(index(cardinality(B), difference(A, B)), index(cardinality(B), A)))",0.0,0.0,0.38810057972781564,0.8902388627659472,0.8902388627659472,complement-symmetric-entropy-v1,0.0,0.0,0.0,0.7349751527059816,0.7349751527059816,0.0,0.0,0.38810057972781564,0.15526371005996564,0.15526371005996564
"subset_eq(index(cardinality(intersection(A, B)), union(difference(A, B), difference(B, A))), difference(index(cardinality(B), union(A, B)), index(cardinality(A), union(A, B))))",0.0,0.48757536294251447,0.21578507306836414,0.06942776767600711,0.48757536294251447,complement-symmetric-entropy-v1,0.0,0.4875753629425144,0.2012690377709053,0.0618898783861338,0.4875753629425144,0.0,5.551115123125783e-17,0.014516035297458846,0.007537889289873312,5.551115123125783e-17
"or(equals(cardinality(B), cardinality(difference(A, B))), equals(cardinality(intersection(A, B)), cardinality(difference(B, A))))",0.0,0.4046596002223287,0.23437369912328165,0.08563655855471386,0.4046596002223287,complement-symmetric-entropy-v1,0.0,0.4046596002223287,0.3404537680364464,0.4430773864047902,0.4430773864047902,0.0,0.0,-0.10608006891316474,-0.35744082785007636,-0.0384177861824615
"subset_eq(union(index(cardinality(A), union(A, B)), index(cardinality(B), difference(A, B))), index(cardinality(difference(A, B)), union(difference(A, B), difference(B, A))))",0.29053203881232337,0.0,0.0457967746819572,0.42215133894088497,0.42215133894088497,complement-symmetric-entropy-v1,0.2905320388123233,0.0,0.4155539493386998,0.2661029321788505,0.4155539493386998,5.551115123125783e-17,0.0,-0.3697571746567426,0.15604840676203446,0.006597389602185144
"subset_eq(difference(index(cardinality(A), union(A, B)), index(cardinality(A), B)), difference(union(difference(A, B), difference(B, A)), index(cardinality(B), union(A, B))))",0.0,0.0,0.33066619540427933,0.3348444754014065,0.3348444754014065,complement-symmetric-entropy-v1,0.0,0.0,0.0,0.0,0.0,0.0,0.0,0.33066619540427933,0.3348444754014065,0.3348444754014065
"and(or(not(subset_eq(A, B)), subset_eq(A, difference(A, A))), subset_eq(index(cardinality(A), difference(B, A)), index(cardinality(B), union(A, B))))",0.0,1.0,1.0,0.04258976125940206,1.0,complement-symmetric-entropy-v1,0.0,1.0,1.0,0.1100344977499727,1.0,0.0,0.0,0.0,-0.06744473649057064,0.0
"subset_eq(index(cardinality(difference(A, B)), union(difference(A, B), difference(B, A))), difference(B, index(cardinality(B), union(A, B))))",0.0,0.0,0.32331348063753973,0.4006025685620679,0.4006025685620679,complement-symmetric-entropy-v1,0.0,0.0,0.0,0.0,0.0,0.0,0.0,0.32331348063753973,0.4006025685620679,0.4006025685620679
"and(or(subset_eq(B, A), greater_than(cardinality(A), cardinality(B))), subset_eq(intersection(A, B), index(cardinality(B), union(A, B))))",0.0,0.7296149066990799,0.947331369082107,0.24993087300539996,0.947331369082107,complement-symmetric-entropy-v1,0.0,0.7296149066990799,0.959857165697045,0.4827187070408103,0.959857165697045,0.0,0.0,-0.012525796614938023,-0.23278783403541037,-0.012525796614938023
"and(or(subset_eq(A, B), greater_than(cardinality(B), cardinality(A))), subset_eq(index(cardinality(A), union(A, B)), difference(A, B)))",0.34472091638288493,0.26043464851422515,0.02996013638552486,0.02996013638552486,0.34472091638288493,complement-symmetric-entropy-v1,0.3447209163828849,0.2604346485142251,0.2724264234638349,0.3447209163828849,0.3447209163828849,5.551115123125783e-17,5.551115123125783e-17,-0.24246628707831003,-0.31476077999736,5.551115123125783e-17
"subset_eq(index(cardinality(A), difference(B, A)), index(cardinality(difference(A, B)), union(A, B)))",0.0,0.0,0.9491408500219187,0.24001939191965527,0.9491408500219187,complement-symmetric-entropy-v1,0.0,0.0,0.8632700419145509,0.0,0.8632700419145509,0.0,0.0,0.0858708081073678,0.24001939191965527,0.0858708081073678
"or(and(subset_eq(A, difference(A, B)), equals(cardinality(A), cardinality(B))), subset_eq(union(A, B), index(cardinality(B), A)))",0.28965918284101144,0.31670757049292964,0.6376250825425755,0.1627137377235106,0.6376250825425755,complement-symmetric-entropy-v1,0.2896591828410114,0.3167075704929296,0.6365763913193647,0.5969276065646361,0.6365763913193647,5.551115123125783e-17,5.551115123125783e-17,0.0010486912232108292,-0.43421386884112545,0.0010486912232108292
"or(and(not(subset_eq(A, B)), equals(cardinality(A), cardinality(B))), greater_than(cardinality(intersection(A, B)), cardinality(difference(A, B))))",0.5777344858684901,0.2328425687709048,0.0,0.0,0.5777344858684901,complement-symmetric-entropy-v1,0.5777344858684901,0.2328425687709048,0.0710893188343977,0.4441867995858972,0.5777344858684901,0.0,0.0,-0.0710893188343977,-0.4441867995858972,0.0
"subset_eq(union(index(cardinality(A), difference(B, A)), index(cardinality(B), difference(A, B))), difference(B, index(cardinality(B), union(A, B))))",0.7451306536669557,0.0,0.030132816608553492,0.48941207066098336,0.7451306536669557,complement-symmetric-entropy-v1,0.7451306536669557,0.0,0.0,0.7451306536669557,0.7451306536669557,0.0,0.0,0.030132816608553492,-0.2557185830059724,0.0
"subset_eq(index(cardinality(difference(B, A)), B), difference(B, index(cardinality(B), union(A, B))))",0.0,0.0,0.40371474443196675,0.5275347816882379,0.5275347816882379,complement-symmetric-entropy-v1,0.0,0.0,0.0,0.0837046249694529,0.0837046249694529,0.0,0.0,0.40371474443196675,0.44383015671878495,0.44383015671878495
"subset_eq(index(cardinality(difference(B, A)), union(difference(A, B), difference(B, A))), union(A, index(cardinality(B), union(A, B))))",0.0,0.0,0.6491730225703994,0.6639680097365789,0.6639680097365789,complement-symmetric-entropy-v1,0.0,0.0,0.0,0.0,0.0,0.0,0.0,0.6491730225703994,0.6639680097365789,0.6639680097365789
"subset_eq(index(cardinality(difference(A, A)), difference(A, B)), index(cardinality(difference(B, A)), A))",0.0,0.0,0.245454417284647,0.46025926790769556,0.46025926790769556,complement-symmetric-entropy-v1,0.0,0.0,0.0,0.2080914218151158,0.2080914218151158,0.0,0.0,0.245454417284647,0.25216784609257975,0.25216784609257975
"or(greater_than(cardinality(A), cardinality(B)), subset_eq(index(cardinality(A), union(A, B)), intersection(A, B)))",0.0,0.6564601320941037,0.6050046788190615,0.05086794934597938,0.6564601320941037,complement-symmetric-entropy-v1,0.0,0.6564601320941037,0.4165408710599015,0.0,0.6564601320941037,0.0,0.0,0.18846380775916,0.05086794934597938,0.0
"or(or(subset_eq(B, A), subset_eq(A, difference(A, A))), subset_eq(B, index(cardinality(A), union(A, B))))",0.0,0.0,1.0,0.3552393751663314,1.0,complement-symmetric-entropy-v1,0.0,0.0,1.0,0.0,1.0,0.0,0.0,0.0,0.3552393751663314,0.0
"subset_eq(union(index(cardinality(A), difference(B, A)), index(cardinality(B), union(A, B))), difference(intersection(A, B), index(cardinality(B), A)))",0.5547690814331103,0.24468087959688667,0.008823345113235348,0.008823345113235348,0.5547690814331103,complement-symmetric-entropy-v1,0.5547690814331103,0.2446808795968866,0.1114663431438705,0.4346974035589633,0.5547690814331103,0.0,5.551115123125783e-17,-0.10264299803063515,-0.42587405844572795,0.0
"subset_eq(union(intersection(A, B), index(cardinality(A), difference(B, A))), difference(B, index(cardinality(A), union(A, B))))",0.0,0.4693771756184568,0.8783287469468387,0.036094354313260246,0.8783287469468387,complement-symmetric-entropy-v1,0.0,0.4693771756184568,0.7410180443618115,0.0,0.7410180443618115,0.0,0.0,0.1373107025850272,0.036094354313260246,0.1373107025850272
"and(not(subset_eq(B, difference(A, A))), subset_eq(index(cardinality(A), B), index(cardinality(A), union(A, B))))",0.3497282237539753,0.3497282237539753,0.0,0.4063566674954242,0.4063566674954242,complement-symmetric-entropy-v1,0.3497282237539753,0.3497282237539753,0.0,0.3497282237539753,0.3497282237539753,0.0,0.0,0.0,0.05662844374144893,0.05662844374144893
"subset_eq(union(index(cardinality(A), B), index(cardinality(B), difference(A, B))), difference(union(A, B), index(cardinality(B), union(A, B))))",0.4844291563740817,0.0,0.02661450396430265,0.4160549807852002,0.4844291563740817,complement-symmetric-entropy-v1,0.4844291563740817,0.0,0.0,0.4844291563740817,0.4844291563740817,0.0,0.0,0.02661450396430265,-0.06837417558888148,0.0
"subset_eq(difference(index(cardinality(B), union(A, B)), B), index(cardinality(difference(A, A)), difference(A, B)))",0.0,0.0,0.35903873218911797,1.0,1.0,complement-symmetric-entropy-v1,0.0,0.0,0.0,1.0,1.0,0.0,0.0,0.35903873218911797,0.0,0.0
"and(not(and(subset_eq(A, B), subset_eq(B, A))), subset_eq(index(cardinality(A), difference(B, A)), A))",0.16907069063703362,0.7002393803883846,0.5601415663504188,0.0,0.7002393803883846,complement-symmetric-entropy-v1,0.1690706906370336,0.7002393803883846,0.6413914175415631,0.0098570415436499,0.7002393803883846,2.7755575615628914e-17,0.0,-0.08124985119114436,-0.0098570415436499,0.0
"subset_eq(difference(B, index(cardinality(A), difference(B, A))), index(cardinality(difference(A, A)), B))",0.0,0.39010097331406557,1.0,0.7379621962154155,1.0,complement-symmetric-entropy-v1,0.0,0.3901009733140655,1.0,0.8649878494449705,1.0,0.0,5.551115123125783e-17,0.0,-0.12702565322955506,0.0
"subset_eq(difference(intersection(A, B), index(cardinality(B), union(A, B))), index(cardinality(intersection(A, B)), A))",0.0,0.0,0.9662037626357594,0.5107617929162838,0.9662037626357594,complement-symmetric-entropy-v1,0.0,0.0,0.9673565372864232,0.6270173882703352,0.9673565372864232,0.0,0.0,-0.0011527746506638792,-0.11625559535405139,-0.0011527746506638792
"and(or(subset_eq(A, difference(A, A)), greater_than(cardinality(B), cardinality(A))), subset_eq(index(cardinality(A), difference(B, A)), index(cardinality(B), union(A, B))))",0.5556304411551984,0.23987461474373173,0.01159955295615156,0.01159955295615156,0.5556304411551984,complement-symmetric-entropy-v1,0.5556304411551984,0.2398746147437317,0.1144419645459302,0.577943982492173,0.577943982492173,0.0,2.7755575615628914e-17,-0.10284241158977864,-0.5663444295360215,-0.022313541336974607
"subset_eq(union(index(cardinality(A), B), index(cardinality(B), union(A, B))), difference(difference(B, A), index(cardinality(A), union(A, B))))",0.27677918539276924,0.23023621592458865,0.01682691238050349,0.01682691238050349,0.27677918539276924,complement-symmetric-entropy-v1,0.2767791853927692,0.2302362159245886,0.2605810749778603,0.2972415820983205,0.2972415820983205,5.551115123125783e-17,5.551115123125783e-17,-0.24375416259735683,-0.28041466971781703,-0.020462396705551278
"or(subset_eq(index(cardinality(A), B), A), subset_eq(index(cardinality(A), union(A, B)), A))",0.0,0.7210669409882176,0.8199772991229364,0.030132816608553492,0.8199772991229364,complement-symmetric-entropy-v1,0.0,0.7210669409882176,0.7700993576634391,0.0,0.7700993576634391,0.0,0.0,0.04987794145949731,0.030132816608553492,0.04987794145949731
"and(not(greater_than(cardinality(B), cardinality(A))), greater_than(cardinality(difference(A, B)), cardinality(intersection(A, B))))",0.038015294801239,0.7054072644709242,1.0,0.0,1.0,complement-symmetric-entropy-v1,0.038015294801239,0.7054072644709242,1.0,0.3270841374407596,1.0,0.0,0.0,0.0,-0.3270841374407596,0.0
"subset_eq(index(cardinality(difference(A, B)), B), union(index(cardinality(A), B), index(cardinality(B), A)))",0.0,0.0,1.0,0.3892459204055787,1.0,complement-symmetric-entropy-v1,0.0,0.0,1.0,0.3903142914012453,1.0,0.0,0.0,0.0,-0.0010683709956665899,0.0
"subset_eq(index(cardinality(difference(B, A)), union(A, B)), A)",0.0,0.0,0.8963858172182586,0.21238185225338602,0.8963858172182586,complement-symmetric-entropy-v1,0.0,0.0,0.8708198667236753,0.0,0.8708198667236753,0.0,0.0,0.025565950494583323,0.21238185225338602,0.025565950494583323
"or(subset_eq(index(cardinality(A), B), A), subset_eq(index(cardinality(A), union(A, B)), difference(B, A)))",0.0,0.0,0.6798518427498681,0.41653442213474057,0.6798518427498681,complement-symmetric-entropy-v1,0.0,0.0,0.0,0.0,0.0,0.0,0.0,0.6798518427498681,0.41653442213474057,0.6798518427498681
"subset_eq(index(cardinality(intersection(A, B)), A), index(cardinality(intersection(A, B)), B))",0.8826083761501926,0.0,0.09401229592659355,0.660572815425368,0.8826083761501926,complement-symmetric-entropy-v1,0.8826083761501926,0.0,0.0,0.6446010984135725,0.8826083761501926,0.0,0.0,0.09401229592659355,0.01597171701179556,0.0
"greater_than(cardinality(intersection(A, B)), cardinality(index(cardinality(A), difference(B, A))))",0.684919879279652,1.0,0.0,0.0,1.0,complement-symmetric-entropy-v1,0.684919879279652,1.0,0.3315014851122362,0.0966398244109594,1.0,0.0,0.0,-0.3315014851122362,-0.0966398244109594,0.0
"subset_eq(union(index(cardinality(A), B), index(cardinality(B), difference(A, B))), union(difference(B, A), index(cardinality(B), union(A, B))))",0.0,0.0,0.28858461663654955,0.3294587424186092,0.3294587424186092,complement-symmetric-entropy-v1,0.0,0.0,0.2328014992395989,0.2499308730053999,0.2499308730053999,0.0,0.0,0.05578311739695066,0.07952786941320927,0.07952786941320927
"subset_eq(index(cardinality(intersection(A, B)), difference(A, B)), index(cardinality(difference(A, B)), union(difference(A, B), difference(B, A))))",0.8261493023249831,0.0,0.03647150016123257,0.3715370301817513,0.8261493023249831,complement-symmetric-entropy-v1,0.8261493023249831,0.0,0.0,0.4870059765844604,0.8261493023249831,0.0,0.0,0.03647150016123257,-0.11546894640270905,0.0
"not(subset_eq(index(cardinality(B), union(A, B)), intersection(A, B)))",0.06703741262941643,0.4377105822126396,0.6493353819288192,0.0,0.6493353819288192,complement-symmetric-entropy-v1,0.0670374126294164,0.4377105822126396,0.7032401155141719,0.2760744717861372,0.7032401155141719,2.7755575615628914e-17,0.0,-0.05390473358535264,-0.2760744717861372,-0.05390473358535264
"subset_eq(union(index(cardinality(A), B), index(cardinality(A), union(A, B))), intersection(A, B))",0.0,0.6300531971763823,0.4497195766567773,0.06861773876328658,0.6300531971763823,complement-symmetric-entropy-v1,0.0,0.6300531971763823,0.3261647520985155,0.0,0.6300531971763823,0.0,0.0,0.12355482455826183,0.06861773876328658,0.0
"and(greater_than(cardinality(A), cardinality(B)), subset_eq(index(cardinality(B), A), index(cardinality(B), difference(A, B))))",0.024454589490458645,0.7699666197597836,1.0,0.0,1.0,complement-symmetric-entropy-v1,0.0244545894904586,0.7699666197597836,1.0,0.5879432606203363,1.0,4.5102810375396984e-17,0.0,0.0,-0.5879432606203363,0.0
"subset_eq(index(cardinality(difference(A, B)), B), index(cardinality(intersection(A, B)), A))",0.0,0.9005361470469693,0.9403852835191313,0.07550314355726251,0.9403852835191313,complement-symmetric-entropy-v1,0.0,0.9005361470469693,0.94250178510836,0.2690129961926025,0.94250178510836,0.0,0.0,-0.0021165015892287142,-0.19350985263533999,-0.0021165015892287142
"subset_eq(intersection(index(cardinality(B), A), index(cardinality(B), difference(A, B))), index(cardinality(difference(B, A)), union(A, B)))",0.0,0.0,0.25398331735051727,0.69508562789292,0.69508562789292,complement-symmetric-entropy-v1,0.0,0.0,0.0,0.2984867053038192,0.2984867053038192,0.0,0.0,0.25398331735051727,0.39659892258910084,0.39659892258910084
"subset_eq(difference(index(cardinality(A), union(A, B)), index(cardinality(A), B)), index(cardinality(intersection(A, B)), B))",0.0,0.0,0.3849088335116373,0.42843899384849116,0.42843899384849116,complement-symmetric-entropy-v1,0.0,0.0,0.0,0.0,0.0,0.0,0.0,0.3849088335116373,0.42843899384849116,0.42843899384849116
"subset_eq(difference(intersection(A, B), index(cardinality(B), union(A, B))), index(cardinality(difference(A, A)), A))",0.0,0.0,0.8158686392435757,0.8158686392435757,0.8158686392435757,complement-symmetric-entropy-v1,0.0,0.0,0.7889514780927174,0.7691860236159699,0.7889514780927174,0.0,0.0,0.026917161150858293,0.046682615627605784,0.026917161150858293
"or(subset_eq(B, index(cardinality(A), union(A, B))), subset_eq(index(cardinality(B), union(A, B)), A))",0.0,0.0,0.4468814014222655,0.4468814014222655,0.4468814014222655,complement-symmetric-entropy-v1,0.0,0.0,0.0,0.0,0.0,0.0,0.0,0.4468814014222655,0.4468814014222655,0.4468814014222655
"and(subset_eq(index(cardinality(A), union(A, B)), A), subset_eq(index(cardinality(B), union(A, B)), index(cardinality(A), difference(B, A))))",0.4937802515671461,0.19856338942130047,0.014684099571809828,0.014684099571809828,0.4937802515671461,complement-symmetric-entropy-v1,0.4937802515671461,0.1985633894213004,0.1330282181327271,0.5062290799545413,0.5062290799545413,0.0,8.326672684688674e-17,-0.11834411856091728,-0.4915449803827314,-0.012448828387395139
"subset_eq(index(cardinality(difference(A, B)), difference(B, A)), difference(B, index(cardinality(A), B)))",0.0,0.7010515894809826,0.7277720929717846,0.0304634257505616,0.7277720929717846,complement-symmetric-entropy-v1,0.0,0.7010515894809826,0.4328474876345817,0.0,0.7010515894809826,0.0,0.0,0.2949246053372029,0.0304634257505616,0.026720503490802017
"subset_eq(difference(index(cardinality(A), union(A, B)), index(cardinality(B), union(A, B))), index(cardinality(intersection(A, B)), index(cardinality(A), B)))",0.0,0.0,0.4894744300392787,0.2325917142933106,0.4894744300392787,complement-symmetric-entropy-v1,0.0,0.0,0.5202019893838363,0.0,0.5202019893838363,0.0,0.0,-0.03072755934455762,0.2325917142933106,-0.03072755934455762
"subset_eq(union(index(cardinality(B), A), index(cardinality(A), difference(B, A))), index(cardinality(intersection(A, B)), difference(A, B)))",0.0,0.26502979318936104,0.18846115158190102,0.054238084556275545,0.26502979318936104,complement-symmetric-entropy-v1,0.0,0.265029793189361,0.265029793189361,0.2718165296701668,0.2718165296701668,0.0,5.551115123125783e-17,-0.07656864160745996,-0.21757844511389124,-0.006786736480805744
"or(and(subset_eq(B, A), not(subset_eq(A, B))), subset_eq(A, index(cardinality(A), union(A, B))))",0.0,0.0,0.6931892959346269,0.3431763597410482,0.6931892959346269,complement-symmetric-entropy-v1,0.0,0.0,0.7903413388988411,0.0433392036166985,0.7903413388988411,0.0,0.0,-0.0971520429642142,0.2998371561243497,-0.0971520429642142
"subset_eq(union(intersection(A, B), index(cardinality(B), difference(A, B))), difference(B, index(cardinality(B), union(A, B))))",0.7308837527235439,0.0,0.04215178582943613,0.8816216087677987,0.8816216087677987,complement-symmetric-entropy-v1,0.7308837527235439,0.0,0.0,0.7649703228537548,0.7649703228537548,0.0,0.0,0.04215178582943613,0.11665128591404395,0.11665128591404395
"subset_eq(union(index(cardinality(A), difference(B, A)), index(cardinality(B), difference(A, B))), index(cardinality(A), B))",0.7041902851372797,0.0,0.030796166734257557,0.45531516643771497,0.7041902851372797,complement-symmetric-entropy-v1,0.7041902851372797,0.0,0.0919405902036031,0.7041902851372797,0.7041902851372797,0.0,0.0,-0.06114442346934554,-0.2488751186995647,0.0
"and(subset_eq(difference(B, A), index(cardinality(B), union(A, B))), subset_eq(index(cardinality(B), difference(A, B)), B))",0.18933976913721606,0.48747001273894497,0.008668846511404094,0.008668846511404094,0.48747001273894497,complement-symmetric-entropy-v1,0.189339769137216,0.4874700127389449,0.5198955006174149,0.1126671393288036,0.5198955006174149,5.551115123125783e-17,5.551115123125783e-17,-0.5112266541060108,-0.1039982928173995,-0.03242548787846988
"and(not(subset_eq(B, A)), subset_eq(intersection(A, B), index(cardinality(A), B)))",0.24114124042520313,0.03921248762911278,0.0,0.8793578592758411,0.8793578592758411,complement-symmetric-entropy-v1,0.2411412404252031,0.0392124876291127,0.5630876764382076,0.8988585292386116,0.8988585292386116,2.7755575615628914e-17,8.326672684688674e-17,-0.5630876764382076,-0.019500669962770556,-0.019500669962770556
"and(subset_eq(index(cardinality(B), union(A, B)), difference(B, A)), greater_than(cardinality(difference(A, B)), cardinality(B)))",0.41103715800044427,0.669083694690364,0.0,0.0,0.669083694690364,complement-symmetric-entropy-v1,0.4110371580004442,0.669083694690364,0.7489741158371868,0.6295266291428911,0.7489741158371868,5.551115123125783e-17,0.0,-0.7489741158371868,-0.6295266291428911,-0.07989042114682277
"and(or(subset_eq(A, B), subset_eq(A, difference(A, B))), not(subset_eq(union(A, B), difference(A, A))))",0.004784815692447486,0.004784815692447486,0.4441168460872509,0.7374551609582536,0.7374551609582536,complement-symmetric-entropy-v1,0.0047848156924474,0.0047848156924474,0.0,0.9658629192276156,0.9658629192276156,8.586881206085195e-17,8.586881206085195e-17,0.4441168460872509,-0.228407758269362,-0.228407758269362
"subset_eq(index(cardinality(difference(A, B)), A), index(cardinality(B), union(difference(A, B), difference(B, A))))",0.0,0.0,1.0,0.7110616807202523,1.0,complement-symmetric-entropy-v1,0.0,0.0,1.0,0.5920127010877729,1.0,0.0,0.0,0.0,0.1190489796324794,0.0
"subset_eq(index(cardinality(difference(B, A)), A), intersection(B, index(cardinality(B), union(A, B))))",0.7510580999102668,0.0,0.08563655855471386,0.9386782535949606,0.9386782535949606,complement-symmetric-entropy-v1,0.7510580999102668,0.0,0.2778374123643258,0.9426456247778284,0.9426456247778284,0.0,0.0,-0.19220085380961194,-0.003967371182867829,-0.003967371182867829
"subset_eq(index(cardinality(difference(A, B)), union(difference(A, B), difference(B, A))), difference(B, index(cardinality(A), B)))",0.0,0.42529792669875166,0.46605273355490295,0.0457967746819572,0.46605273355490295,complement-symmetric-entropy-v1,0.0,0.4252979266987516,0.1678634086149844,0.0,0.4252979266987516,0.0,5.551115123125783e-17,0.29818932493991857,0.0457967746819572,0.04075480685615135
"subset_eq(difference(difference(B, A), index(cardinality(A), difference(B, A))), index(cardinality(difference(A, B)), union(difference(A, B), difference(B, A))))",0.0,0.2460017445751237,0.5677059303670426,0.14199628403734255,0.5677059303670426,complement-symmetric-entropy-v1,0.0,0.2460017445751237,0.3033989416167024,0.0,0.3033989416167024,0.0,0.0,0.26430698875034025,0.14199628403734255,0.26430698875034025
"subset_eq(difference(A, index(cardinality(B), union(A, B))), index(cardinality(difference(A, A)), A))",0.499405586400536,0.0,0.46690354206499396,1.0,1.0,complement-symmetric-entropy-v1,0.499405586400536,0.0,0.709663180077941,1.0,1.0,0.0,0.0,-0.2427596380129471,0.0,0.0
"subset_eq(difference(A, index(cardinality(A), B)), difference(index(cardinality(A), union(A, B)), index(cardinality(B), union(A, B))))",0.7943088958658366,0.0,0.3760057523643373,0.9348513798876676,0.9348513798876676,complement-symmetric-entropy-v1,0.7943088958658366,0.0,0.5803237105800753,0.9220773387549448,0.9220773387549448,0.0,0.0,-0.20431795821573795,0.012774041132722846,0.012774041132722846
"subset_eq(difference(B, A), union(index(cardinality(A), B), index(cardinality(A), union(A, B))))",0.0,0.5065181205975828,0.9416767397532506,0.2108426279169361,0.9416767397532506,complement-symmetric-entropy-v1,0.0,0.5065181205975828,0.9670413427244022,0.0,0.9670413427244022,0.0,0.0,-0.025364602971151617,0.2108426279169361,-0.025364602971151617
"subset_eq(index(cardinality(B), union(difference(A, B), difference(B, A))), difference(index(cardinality(A), union(A, B)), index(cardinality(B), A)))",0.6334328120713837,0.0,0.036094354313260246,0.31292058314337956,0.6334328120713837,complement-symmetric-entropy-v1,0.6334328120713837,0.0,0.0,0.4968497746193674,0.6334328120713837,0.0,0.0,0.036094354313260246,-0.18392919147598785,0.0
"and(subset_eq(index(cardinality(A), union(A, B)), index(cardinality(B), A)), subset_eq(index(cardinality(B), difference(A, B)), index(cardinality(A), union(A, B))))",0.17701855311472003,0.5615918521408143,0.009146654074291827,0.009146654074291827,0.5615918521408143,complement-symmetric-entropy-v1,0.17701855311472,0.5615918521408143,0.5615918521408143,0.0885616637479228,0.5615918521408143,2.7755575615628914e-17,0.0,-0.5524451980665225,-0.07941500967363098,0.0
"subset_eq(difference(B, index(cardinality(A), B)), union(index(cardinality(A), union(A, B)), index(cardinality(B), union(A, B))))",0.0,0.3924568751188071,0.9147767730163203,0.437136787444233,0.9147767730163203,complement-symmetric-entropy-v1,0.0,0.3924568751188071,0.9108884073164254,0.6532899557726428,0.9108884073164254,0.0,0.0,0.0038883656998949245,-0.2161531683284098,0.0038883656998949245
"or(subset_eq(index(cardinality(B), union(A, B)), intersection(A, B)), equals(cardinality(intersection(A, B)), cardinality(difference(B, A))))",0.0,0.0,0.13604150408669313,0.33942666923158715,0.33942666923158715,complement-symmetric-entropy-v1,0.0,0.0,0.0,0.2871690786659133,0.2871690786659133,0.0,0.0,0.13604150408669313,0.05225759056567386,0.05225759056567386
"subset_eq(index(cardinality(intersection(A, B)), B), intersection(A, index(cardinality(A), union(A, B))))",0.0,0.6501687755838095,0.4436524182228284,0.06782106733086435,0.6501687755838095,complement-symmetric-entropy-v1,0.0,0.6501687755838095,0.3302578058455347,0.0,0.6501687755838095,0.0,0.0,0.1133946123772937,0.06782106733086435,0.0
"or(subset_eq(B, A), subset_eq(index(cardinality(B), difference(A, B)), B))",0.0,0.0,0.25398331735051727,0.6293991066688157,0.6293991066688157,complement-symmetric-entropy-v1,0.0,0.0,0.0,0.0,0.0,0.0,0.0,0.25398331735051727,0.6293991066688157,0.6293991066688157
"and(subset_eq(intersection(A, B), index(cardinality(B), union(A, B))), equals(cardinality(intersection(A, B)), cardinality(difference(A, B))))",0.5494048932576108,0.0,0.3760057523643373,0.3760057523643373,0.5494048932576108,complement-symmetric-entropy-v1,0.5494048932576108,0.0,0.6742089127678241,0.5723089709128297,0.6742089127678241,0.0,0.0,-0.2982031604034868,-0.19630321854849242,-0.12480401951021336
"or(subset_eq(index(cardinality(B), A), index(cardinality(A), union(A, B))), equals(cardinality(intersection(A, B)), cardinality(difference(A, B))))",0.8565658106241401,0.0,0.031131115113546826,0.854636806100119,0.8565658106241401,complement-symmetric-entropy-v1,0.8565658106241401,0.0,0.0,0.6039095215306117,0.8565658106241401,0.0,0.0,0.031131115113546826,0.2507272845695073,0.0
"subset_eq(difference(index(cardinality(A), union(A, B)), index(cardinality(B), difference(A, B))), index(cardinality(intersection(A, B)), B))",0.0,0.0,0.47276483461352736,0.39005223202797856,0.47276483461352736,complement-symmetric-entropy-v1,0.0,0.0,0.0,0.0,0.0,0.0,0.0,0.47276483461352736,0.39005223202797856,0.47276483461352736
"subset_eq(union(index(cardinality(B), A), index(cardinality(B), union(A, B))), index(cardinality(difference(A, A)), difference(B, A)))",0.7170381407352913,0.0,0.09401229592659355,0.7464938156577956,0.7464938156577956,complement-symmetric-entropy-v1,0.7170381407352913,0.0,0.0,0.7170381407352913,0.7170381407352913,0.0,0.0,0.09401229592659355,0.029455674922504338,0.029455674922504338
"and(subset_eq(intersection(A, B), index(cardinality(A), union(A, B))), subset_eq(index(cardinality(A), union(A, B)), index(cardinality(B), A)))",0.0,0.6597072126073725,0.8142159501832705,0.4823036311791902,0.8142159501832705,complement-symmetric-entropy-v1,0.0,0.6597072126073725,0.8186017256136054,0.5213252158051289,0.8186017256136054,0.0,0.0,-0.004385775430334915,-0.03902158462593874,-0.004385775430334915
"subset_eq(union(difference(B, A), index(cardinality(B), difference(A, B))), difference(index(cardinality(A), union(A, B)), index(cardinality(A), difference(B, A))))",0.21366676526379036,0.4548711916145315,0.007228621209681485,0.007228621209681485,0.4548711916145315,complement-symmetric-entropy-v1,0.2136667652637903,0.4548711916145315,0.5480134087025248,0.1266755057532012,0.5480134087025248,5.551115123125783e-17,0.0,-0.5407847874928433,-0.1194468845435197,-0.0931422170879933
"and(or(subset_eq(B, A), greater_than(cardinality(B), cardinality(A))), subset_eq(intersection(A, B), index(cardinality(B), A)))",0.0,0.0,0.584761363895814,0.6854048830178505,0.6854048830178505,complement-symmetric-entropy-v1,0.0,0.0,0.7658824414559282,0.656500802375396,0.7658824414559282,0.0,0.0,-0.1811210775601142,0.028904080642454533,-0.08047755843807769
"subset_eq(index(cardinality(difference(A, A)), intersection(A, B)), index(cardinality(intersection(A, B)), union(A, B)))",0.0,0.0,0.6407172630174631,0.6407172630174631,0.6407172630174631,complement-symmetric-entropy-v1,0.0,0.0,0.5748246883320827,0.5748246883320827,0.5748246883320827,0.0,0.0,0.06589257468538046,0.06589257468538046,0.06589257468538046
"subset_eq(union(index(cardinality(A), B), index(cardinality(B), difference(A, B))), difference(B, index(cardinality(A), difference(B, A))))",0.39771500410220906,0.2970662747672729,0.002460622317808303,0.002460622317808303,0.39771500410220906,complement-symmetric-entropy-v1,0.397715004102209,0.2970662747672729,0.2068320503305244,0.397715004102209,0.397715004102209,5.551115123125783e-17,0.0,-0.2043714280127161,-0.3952543817844007,5.551115123125783e-17
"and(subset_eq(index(cardinality(B), union(A, B)), A), greater_than(cardinality(difference(B, A)), cardinality(A)))",0.9557786577082632,0.024148578477069083,0.0,1.0,1.0,complement-symmetric-entropy-v1,0.9557786577082632,0.024148578477069,0.4704622643648848,1.0,1.0,0.0,8.326672684688674e-17,-0.4704622643648848,0.0,0.0
"or(and(not(subset_eq(A, B)), greater_than(cardinality(B), cardinality(A))), subset_eq(union(difference(A, B), difference(B, A)), index(cardinality(A), difference(B, A))))",0.39472193888570073,0.1191209212984845,0.06953783779931988,0.12795678042108394,0.39472193888570073,complement-symmetric-entropy-v1,0.3947219388857007,0.1191209212984845,0.1891554259698722,0.3947219388857007,0.3947219388857007,5.551115123125783e-17,0.0,-0.11961758817055232,-0.26676515846461674,5.551115123125783e-17
"subset_eq(index(cardinality(difference(B, A)), union(difference(A, B), difference(B, A))), index(cardinality(difference(B, A)), difference(A, B)))",0.0,0.0,0.4425372790339114,0.381972438920697,0.4425372790339114,complement-symmetric-entropy-v1,0.0,0.0,0.0,0.0,0.0,0.0,0.0,0.4425372790339114,0.381972438920697,0.4425372790339114
"and(or(subset_eq(A, difference(A, B)), equals(cardinality(A), cardinality(B))), subset_eq(difference(A, B), index(cardinality(A), union(A, B))))",0.3969181659100668,0.0,0.20979439205525752,0.4482282708597619,0.4482282708597619,complement-symmetric-entropy-v1,0.3969181659100668,0.0,0.2923319089861594,0.4115564337425889,0.4115564337425889,0.0,0.0,-0.08253751693090189,0.036671837117173034,0.036671837117173034
"subset_eq(index(cardinality(intersection(A, B)), B), index(cardinality(difference(A, A)), difference(B, A)))",0.0,0.0,1.0,0.4998205192122095,1.0,complement-symmetric-entropy-v1,0.0,0.0,1.0,0.0,1.0,0.0,0.0,0.0,0.4998205192122095,0.0
"or(equals(cardinality(A), cardinality(B)), subset_eq(index(cardinality(A), union(A, B)), intersection(A, B)))",0.0,0.4507149585668139,0.3545897416664956,0.04348028881371968,0.4507149585668139,complement-symmetric-entropy-v1,0.0,0.4507149585668139,0.3891453572389602,0.0,0.4507149585668139,0.0,0.0,-0.034555615572464615,0.04348028881371968,0.0
"subset_eq(index(cardinality(difference(A, B)), union(difference(A, B), difference(B, A))), union(index(cardinality(B), union(A, B)), index(cardinality(B), difference(A, B))))",0.0,0.7017069551242433,0.6727761095085338,0.06259108614261322,0.7017069551242433,complement-symmetric-entropy-v1,0.0,0.7017069551242433,0.7017069551242433,0.0,0.7017069551242433,0.0,0.0,-0.028930845615709466,0.06259108614261322,0.0
"subset_eq(difference(index(cardinality(B), union(A, B)), index(cardinality(A), union(A, B))), index(cardinality(difference(A, A)), difference(A, B)))",0.0,0.0,0.2666117545441131,0.5941159832302373,0.5941159832302373,complement-symmetric-entropy-v1,0.0,0.0,0.0,0.5762753998569107,0.5762753998569107,0.0,0.0,0.2666117545441131,0.017840583373326613,0.017840583373326613
"and(or(or(subset_eq(A, B), subset_eq(B, A)), equals(cardinality(A), cardinality(B))), subset_eq(index(cardinality(B), difference(A, B)), B))",0.5091586803319178,0.0,0.04215178582943613,0.3728202737099664,0.5091586803319178,complement-symmetric-entropy-v1,0.5091586803319178,0.0,0.0,0.3781039265553697,0.5091586803319178,0.0,0.0,0.04215178582943613,-0.005283652845403275,0.0
"or(subset_eq(index(cardinality(A), union(A, B)), intersection(A, B)), greater_than(cardinality(intersection(A, B)), cardinality(difference(A, B))))",0.0,0.47629997061938056,0.29875675853124395,0.047750464001552695,0.47629997061938056,complement-symmetric-entropy-v1,0.0,0.4762999706193805,0.0878192781866904,0.0,0.4762999706193805,0.0,5.551115123125783e-17,0.21093748034455356,0.047750464001552695,5.551115123125783e-17
"subset_eq(difference(index(cardinality(A), difference(B, A)), index(cardinality(A), B)), index(cardinality(difference(B, A)), B))",0.0,0.0,1.0,0.5377368934718156,1.0,complement-symmetric-entropy-v1,0.0,0.0,1.0,0.0,1.0,0.0,0.0,0.0,0.5377368934718156,0.0
"subset_eq(index(cardinality(difference(B, A)), union(A, B)), index(cardinality(difference(A, B)), intersection(A, B)))",0.558795418369129,0.0,0.22549271715945918,0.4847742479453838,0.558795418369129,complement-symmetric-entropy-v1,0.558795418369129,0.0,0.2321505570767299,0.5174203357522903,0.558795418369129,0.0,0.0,-0.00665783991727073,-0.032646087806906476,0.0
"or(subset_eq(index(cardinality(A), union(A, B)), A), greater_than(cardinality(difference(A, B)), cardinality(B)))",0.0,0.5937647067303562,0.7279598132452101,0.03921248762911278,0.7279598132452101,complement-symmetric-entropy-v1,0.0,0.5937647067303562,0.685640367824266,0.0,0.685640367824266,0.0,0.0,0.042319445420944124,0.03921248762911278,0.042319445420944124
"subset_eq(index(cardinality(A), union(difference(A, B), difference(B, A))), index(cardinality(intersection(A, B)), index(cardinality(A), B)))",0.0,0.0,0.2761066734205748,0.18702662647011603,0.2761066734205748,complement-symmetric-entropy-v1,0.0,0.0,0.2223579686699613,0.0,0.2223579686699613,0.0,0.0,0.053748704750613524,0.18702662647011603,0.053748704750613524
"subset_eq(index(cardinality(difference(A, B)), union(A, B)), index(cardinality(difference(B, A)), difference(A, B)))",0.0,0.6869393210703392,0.6308708277163703,0.29680184620592953,0.6869393210703392,complement-symmetric-entropy-v1,0.0,0.6869393210703392,0.6658390884009553,0.3341996054349171,0.6869393210703392,0.0,0.0,-0.03496826068458503,-0.03739775922898758,0.0
"subset_eq(index(cardinality(intersection(A, B)), union(difference(A, B), difference(B, A))), union(index(cardinality(A), B), index(cardinality(B), A)))",0.0,0.0,0.2426136012756347,0.2426136012756347,0.2426136012756347,complement-symmetric-entropy-v1,0.0,0.0,0.0773814376711344,0.0773814376711344,0.0773814376711344,0.0,0.0,0.1652321636045003,0.1652321636045003,0.1652321636045003
"subset_eq(index(cardinality(difference(A, B)), union(difference(A, B), difference(B, A))), A)",0.0,0.7790522479901814,0.7865160529135605,0.05984914962271781,0.7865160529135605,complement-symmetric-entropy-v1,0.0,0.7790522479901814,0.7790522479901814,0.0,0.7790522479901814,0.0,0.0,0.007463804923379169,0.05984914962271781,0.007463804923379169
"and(not(subset_eq(A, difference(A, A))), subset_eq(index(cardinality(A), union(A, B)), index(cardinality(B), difference(A, B))))",0.04258976125940206,0.9199512453104346,1.0,0.0,1.0,complement-symmetric-entropy-v1,0.042589761259402,0.9199512453104346,1.0,0.0,1.0,6.245004513516506e-17,0.0,0.0,0.0,0.0
"subset_eq(difference(index(cardinality(A), union(A, B)), index(cardinality(B), difference(A, B))), index(cardinality(intersection(A, B)), index(cardinality(A), B)))",0.0,0.0,0.8555068844394069,0.22857279925632124,0.8555068844394069,complement-symmetric-entropy-v1,0.0,0.0,0.8327535363256582,0.0,0.8327535363256582,0.0,0.0,0.02275334811374874,0.22857279925632124,0.02275334811374874
"or(and(not(subset_eq(A, B)), subset_eq(A, difference(A, B))), subset_eq(index(cardinality(A), union(A, B)), intersection(A, B)))",0.0,0.2777449790677199,0.6112764187108178,0.03921248762911278,0.6112764187108178,complement-symmetric-entropy-v1,0.0,0.2777449790677199,0.4622490469867895,0.0,0.4622490469867895,0.0,0.0,0.14902737172402836,0.03921248762911278,0.14902737172402836
"or(subset_eq(B, index(cardinality(A), union(A, B))), greater_than(cardinality(difference(A, B)), cardinality(B)))",0.0,0.656500802375396,1.0,0.39731055709997487,1.0,complement-symmetric-entropy-v1,0.0,0.656500802375396,1.0,0.656500802375396,1.0,0.0,0.0,0.0,-0.2591902452754211,0.0
"or(or(not(subset_eq(B, A)), subset_eq(A, difference(A, B))), subset_eq(difference(A, B), index(cardinality(B), A)))",0.0,0.0,0.31097949310792183,1.0,1.0,complement-symmetric-entropy-v1,0.0,0.0,0.0,1.0,1.0,0.0,0.0,0.31097949310792183,0.0,0.0
"or(or(subset_eq(A, difference(A, A)), equals(cardinality(A), cardinality(B))), subset_eq(index(cardinality(A), union(A, B)), intersection(A, B)))",0.0,0.0,0.3657297845325318,0.18993232258448844,0.3657297845325318,complement-symmetric-entropy-v1,0.0,0.0,0.3249782701127699,0.0,0.3249782701127699,0.0,0.0,0.04075151441976188,0.18993232258448844,0.04075151441976188
"or(not(greater_than(cardinality(A), cardinality(B))), subset_eq(index(cardinality(B), union(A, B)), difference(A, B)))",0.0,0.0,0.29833817190276657,0.7833978362291939,0.7833978362291939,complement-symmetric-entropy-v1,0.0,0.0,0.0,0.5176103503663227,0.5176103503663227,0.0,0.0,0.29833817190276657,0.26578748586287115,0.26578748586287115
"subset_eq(index(cardinality(difference(A, B)), difference(B, A)), index(cardinality(difference(B, A)), union(A, B)))",0.0,0.9256905556475779,0.9648692894516624,0.03498273530727869,0.9648692894516624,complement-symmetric-entropy-v1,0.0,0.925690555647578,0.8698229399657404,0.0,0.925690555647578,0.0,-1.1102230246251565e-16,0.09504634948592194,0.03498273530727869,0.03917873380408443
"and(or(subset_eq(B, A), equals(cardinality(A), cardinality(B))), subset_eq(index(cardinality(B), union(A, B)), difference(A, B)))",0.0,0.4808050818650256,0.42220952805304446,0.13318794167080716,0.4808050818650256,complement-symmetric-entropy-v1,0.0,0.4808050818650256,0.4935117630993411,0.1594228239055298,0.4935117630993411,0.0,0.0,-0.07130223504629662,-0.026234882234722645,-0.012706681234315509
"subset_eq(union(index(cardinality(B), A), index(cardinality(B), union(A, B))), difference(B, A))",0.9003495842819602,0.0,0.07369103271937927,0.9406633036996477,0.9406633036996477,complement-symmetric-entropy-v1,0.9003495842819602,0.0,0.0,0.9424220537263992,0.9424220537263992,0.0,0.0,0.07369103271937927,-0.001758750026751521,-0.001758750026751521
"subset_eq(index(cardinality(difference(B, A)), B), index(cardinality(difference(A, B)), union(difference(A, B), difference(B, A))))",0.0,0.0,0.5682205978520747,0.7861441661583036,0.7861441661583036,complement-symmetric-entropy-v1,0.0,0.0,0.4084299524787735,0.6817408969174517,0.6817408969174517,0.0,0.0,0.15979064537330118,0.10440326924085197,0.10440326924085197
"and(or(not(subset_eq(B, A)), subset_eq(A, difference(A, B))), subset_eq(index(cardinality(A), union(A, B)), index(cardinality(B), A)))",0.0,0.6429600850017445,0.6130492640852571,0.3760057523643373,0.6429600850017445,complement-symmetric-entropy-v1,0.0,0.6429600850017445,0.7347446738191499,0.3720844879263515,0.7347446738191499,0.0,0.0,-0.12169540973389281,0.003921264437985794,-0.09178458881740537
"or(subset_eq(A, B), greater_than(cardinality(difference(A, B)), cardinality(intersection(A, B))))",0.0,0.0,0.5706243224002101,0.6113081337019484,0.6113081337019484,complement-symmetric-entropy-v1,0.0,0.0,0.0,0.4007039896138961,0.4007039896138961,0.0,0.0,0.5706243224002101,0.21060414408805228,0.21060414408805228
"equals(cardinality(intersection(A, B)), cardinality(index(cardinality(A), union(A, B))))",0.0,0.3525839687313853,0.1037383676414142,0.1037383676414142,0.3525839687313853,complement-symmetric-entropy-v1,0.0,0.3525839687313853,0.2986245655790842,0.5684369080844822,0.5684369080844822,0.0,0.0,-0.19488619793766998,-0.464698540443068,-0.2158529393530969
"and(not(greater_than(cardinality(A), cardinality(B))), subset_eq(index(cardinality(A), B), index(cardinality(B), union(A, B))))",0.31367292242116296,0.2402024266819205,0.006601003082972179,0.006601003082972179,0.31367292242116296,complement-symmetric-entropy-v1,0.3136729224211629,0.2402024266819205,0.2402024266819205,0.3136729224211629,0.3136729224211629,5.551115123125783e-17,0.0,-0.2336014235989483,-0.3070719193381907,5.551115123125783e-17
"and(subset_eq(index(cardinality(A), union(A, B)), A), equals(cardinality(intersection(A, B)), cardinality(difference(B, A))))",0.0,0.5972180583567732,0.22549271715945918,0.22549271715945918,0.5972180583567732,complement-symmetric-entropy-v1,0.0,0.5972180583567732,0.386370113053885,0.5515709328976619,0.5972180583567732,0.0,0.0,-0.16087739589442585,-0.3260782157382027,0.0
"subset_eq(union(index(cardinality(A), difference(B, A)), index(cardinality(B), difference(A, B))), index(cardinality(A), union(difference(A, B), difference(B, A))))",0.6756703050440072,0.0,0.028189629057530752,0.4096666553567043,0.6756703050440072,complement-symmetric-entropy-v1,0.6756703050440072,0.0,0.0,0.6756703050440072,0.6756703050440072,0.0,0.0,0.028189629057530752,-0.26600364968730283,0.0
"subset_eq(index(cardinality(difference(A, B)), union(A, B)), difference(B, index(cardinality(A), union(A, B))))",0.0,0.40380641744023094,0.10864956744005994,0.053657364337435176,0.40380641744023094,complement-symmetric-entropy-v1,0.0,0.4038064174402309,0.0760112737864906,0.4121204989640955,0.4121204989640955,0.0,5.551115123125783e-17,0.032638293653569336,-0.35846313462666035,-0.008314081523864592
"subset_eq(index(cardinality(difference(A, B)), B), index(cardinality(difference(A, B)), intersection(A, B)))",0.0,0.636172803326347,0.7057463687244261,0.048253892890909866,0.7057463687244261,complement-symmetric-entropy-v1,0.0,0.636172803326347,0.4992142974286807,0.0,0.636172803326347,0.0,0.0,0.2065320712957454,0.048253892890909866,0.06957356539807913
"subset_eq(difference(index(cardinality(B), union(A, B)), index(cardinality(A), B)), index(cardinality(difference(B, A)), index(cardinality(B), difference(A, B))))",0.0,0.0,0.2035256242618937,0.7230300871053559,0.7230300871053559,complement-symmetric-entropy-v1,0.0,0.0,0.0,0.6240900233067604,0.6240900233067604,0.0,0.0,0.2035256242618937,0.09894006379859543,0.09894006379859543
"subset_eq(union(intersection(A, B), index(cardinality(B), difference(A, B))), index(cardinality(difference(B, A)), index(cardinality(B), A)))",0.0,0.0,0.823566264878649,0.823566264878649,0.823566264878649,complement-symmetric-entropy-v1,0.0,0.0,0.7731076936415482,0.916938374648808,0.916938374648808,0.0,0.0,0.05045857123710085,-0.09337210977015897,-0.09337210977015897
"and(not(greater_than(cardinality(B), cardinality(A))), subset_eq(index(cardinality(B), union(A, B)), A))",0.0,0.8258291604359329,0.6974261845838494,0.060519162466723064,0.8258291604359329,complement-symmetric-entropy-v1,0.0,0.8258291604359329,0.8258291604359329,0.0,0.8258291604359329,0.0,0.0,-0.1284029758520835,0.060519162466723064,0.0
"subset_eq(index(cardinality(intersection(A, B)), union(difference(A, B), difference(B, A))), index(cardinality(difference(B, A)), union(difference(A, B), difference(B, A))))",0.0,0.7003333162608008,0.13463243286613735,0.053084487055320206,0.7003333162608008,complement-symmetric-entropy-v1,0.0,0.7003333162608008,0.2722733018749146,0.1745143492030998,0.7003333162608008,0.0,0.0,-0.13764086900877726,-0.1214298621477796,0.0
"subset_eq(union(intersection(A, B), index(cardinality(A), union(A, B))), union(index(cardinality(A), B), index(cardinality(B), union(A, B))))",0.0,0.0,0.5182680583300273,0.5429949669669163,0.5429949669669163,complement-symmetric-entropy-v1,0.0,0.0,0.6110846737616163,0.6659031499743289,0.6659031499743289,0.0,0.0,-0.09281661543158903,-0.12290818300741257,-0.12290818300741257
"or(subset_eq(index(cardinality(B), union(A, B)), difference(B, A)), subset_eq(index(cardinality(B), difference(A, B)), index(cardinality(B), union(A, B))))",0.0,0.0,0.28994056201718565,0.8921777420719609,0.8921777420719609,complement-symmetric-entropy-v1,0.0,0.0,0.0,0.7167301283520953,0.7167301283520953,0.0,0.0,0.28994056201718565,0.1754476137198656,0.1754476137198656
"and(subset_eq(intersection(A, B), index(cardinality(B), union(A, B))), subset_eq(index(cardinality(A), union(A, B)), index(cardinality(B), A)))",0.0,0.6930626018330839,0.8921944083563201,0.32663394543259305,0.8921944083563201,complement-symmetric-entropy-v1,0.0,0.6930626018330839,0.9254062180883804,0.5084913952442158,0.9254062180883804,0.0,0.0,-0.03321180973206028,-0.18185744981162277,-0.03321180973206028
"and(subset_eq(index(cardinality(B), union(A, B)), difference(A, B)), subset_eq(index(cardinality(A), union(A, B)), index(cardinality(B), difference(A, B))))",0.0,0.6134293483614908,0.5567845188797884,0.17974736518247825,0.6134293483614908,complement-symmetric-entropy-v1,0.0,0.6134293483614908,0.630596120059012,0.1339046622520465,0.630596120059012,0.0,0.0,-0.07381160117922358,0.045842702930431745,-0.017166771697521233
"subset_eq(intersection(B, index(cardinality(A), union(A, B))), index(cardinality(intersection(A, B)), difference(B, A)))",0.0,0.0,0.764607008182421,0.4158590475312197,0.764607008182421,complement-symmetric-entropy-v1,0.0,0.0,0.5608681736124412,0.0,0.5608681736124412,0.0,0.0,0.20373883456997977,0.4158590475312197,0.20373883456997977
"subset_eq(index(cardinality(difference(B, A)), union(A, B)), union(index(cardinality(A), union(A, B)), index(cardinality(A), difference(B, A))))",0.7279598132452101,0.0,0.12464595026128611,0.579548590549625,0.7279598132452101,complement-symmetric-entropy-v1,0.7279598132452101,0.0,0.3024851202698031,0.7279598132452101,0.7279598132452101,0.0,0.0,-0.177839170008517,-0.14841122269558504,0.0
"subset_eq(difference(index(cardinality(A), union(A, B)), index(cardinality(B), union(A, B))), difference(union(difference(A, B), difference(B, A)), index(cardinality(B), difference(A, B))))",0.0,0.0,0.48659064921370243,0.30024040811717845,0.48659064921370243,complement-symmetric-entropy-v1,0.0,0.0,0.3278266489341203,0.0,0.3278266489341203,0.0,0.0,0.15876400027958215,0.30024040811717845,0.15876400027958215
"or(subset_eq(index(cardinality(A), union(A, B)), B), subset_eq(index(cardinality(B), difference(A, B)), B))",0.0,0.0,0.3075475019274484,0.6639680097365789,0.6639680097365789,complement-symmetric-entropy-v1,0.0,0.0,0.0,0.0,0.0,0.0,0.0,0.3075475019274484,0.6639680097365789,0.6639680097365789
"subset_eq(union(difference(B, A), index(cardinality(B), A)), difference(index(cardinality(B), union(A, B)), index(cardinality(B), difference(A, B))))",0.15482016250182562,0.5410445054994055,0.007703196815906699,0.007703196815906699,0.5410445054994055,complement-symmetric-entropy-v1,0.1548201625018256,0.5410445054994055,0.6026840706673917,0.0659906985715053,0.6026840706673917,2.7755575615628914e-17,0.0,-0.594980873851485,-0.0582875017555986,-0.06163956516798619
"subset_eq(index(cardinality(A), B), index(cardinality(difference(A, B)), intersection(A, B)))",0.0,0.610817560194097,0.8633532998067581,0.03961951431068933,0.8633532998067581,complement-symmetric-entropy-v1,0.0,0.610817560194097,0.6876541555407647,0.0,0.6876541555407647,0.0,0.0,0.17569914426599342,0.03961951431068933,0.17569914426599342
"and(not(subset_eq(A, difference(A, B))), subset_eq(index(cardinality(A), difference(B, A)), index(cardinality(A), B)))",0.7699185840527206,1.0,0.0,0.0,1.0,complement-symmetric-entropy-v1,0.7699185840527206,1.0,0.2247542415910756,0.1052573637179908,1.0,0.0,0.0,-0.2247542415910756,-0.1052573637179908,0.0
"subset_eq(difference(difference(A, B), index(cardinality(A), union(A, B))), index(cardinality(difference(B, A)), union(A, B)))",0.4977710093062747,0.0,0.17493373663196132,0.6583957614808157,0.6583957614808157,complement-symmetric-entropy-v1,0.4977710093062747,0.0,0.0,0.5165539353538486,0.5165539353538486,0.0,0.0,0.17493373663196132,0.14184182612696705,0.14184182612696705
"or(and(subset_eq(A, difference(A, B)), equals(cardinality(A), cardinality(B))), subset_eq(difference(A, B), index(cardinality(B), union(A, B))))",0.6107105076511337,0.0,0.2588640133378609,0.8808802772117098,0.8808802772117098,complement-symmetric-entropy-v1,0.6107105076511337,0.0,0.0,0.8266678511732782,0.8266678511732782,0.0,0.0,0.2588640133378609,0.05421242603843157,0.05421242603843157
"and(or(subset_eq(B, difference(A, A)), greater_than(cardinality(B), cardinality(A))), subset_eq(difference(A, B), index(cardinality(B), union(A, B))))",0.619690058314196,0.0,0.16382489280515256,1.0,1.0,complement-symmetric-entropy-v1,0.619690058314196,0.0,0.0384104672890887,1.0,1.0,0.0,0.0,0.12541442551606385,0.0,0.0
"and(not(and(subset_eq(A, B), subset_eq(B, A))), subset_eq(index(cardinality(B), union(A, B)), A))",0.010248405937320126,0.010248405937320126,0.28653270400116015,0.25032482701042624,0.28653270400116015,complement-symmetric-entropy-v1,0.0102484059373201,0.0102484059373201,0.0102484059373201,0.0102484059373201,0.0102484059373201,2.6020852139652106e-17,2.6020852139652106e-17,0.27628429806384003,0.24007642107310614,0.27628429806384003
"and(and(not(subset_eq(B, A)), subset_eq(A, difference(A, B))), subset_eq(index(cardinality(B), A), index(cardinality(B), union(A, B))))",0.3476734222402851,0.030132816608553492,0.0,0.9526584696695994,0.9526584696695994,complement-symmetric-entropy-v1,0.3476734222402851,0.0301328166085534,0.6636773824593127,0.9349516148026444,0.9349516148026444,0.0,9.367506770274758e-17,-0.6636773824593127,0.017706854866955002,0.017706854866955002
"and(not(subset_eq(A, difference(A, A))), subset_eq(index(cardinality(A), difference(B, A)), index(cardinality(B), union(A, B))))",0.29680184620592953,1.0,1.0,0.0,1.0,complement-symmetric-entropy-v1,0.2968018462059295,1.0,1.0,0.0,1.0,5.551115123125783e-17,0.0,0.0,0.0,0.0
"subset_eq(index(cardinality(difference(A, B)), A), index(cardinality(difference(A, B)), index(cardinality(A), B)))",0.0,0.0,0.739274159625422,0.9636558893456735,0.9636558893456735,complement-symmetric-entropy-v1,0.0,0.0,0.7067141172535863,0.942175145960212,0.942175145960212,0.0,0.0,0.03256004237183563,0.021480743385461465,0.021480743385461465
"subset_eq(index(cardinality(difference(A, A)), union(A, B)), A)",0.0,1.0,1.0,0.04128988929906696,1.0,complement-symmetric-entropy-v1,0.0,1.0,1.0,0.0,1.0,0.0,0.0,0.0,0.04128988929906696,0.0
"subset_eq(index(cardinality(difference(A, B)), index(cardinality(A), B)), union(A, index(cardinality(A), difference(B, A))))",0.0,0.0,0.7576079060589174,0.3147039670275439,0.7576079060589174,complement-symmetric-entropy-v1,0.0,0.0,0.5843880220280584,0.0,0.5843880220280584,0.0,0.0,0.17321988403085897,0.3147039670275439,0.17321988403085897
"and(or(subset_eq(B, A), not(subset_eq(A, B))), subset_eq(index(cardinality(B), difference(A, B)), B))",0.26151819302565904,0.392533590762449,0.0032882314319905293,0.0032882314319905293,0.392533590762449,complement-symmetric-entropy-v1,0.261518193025659,0.392533590762449,0.392533590762449,0.261518193025659,0.392533590762449,5.551115123125783e-17,0.0,-0.38924535933045845,-0.25822996159366846,0.0
"and(or(not(subset_eq(A, B)), subset_eq(A, difference(A, A))), subset_eq(index(cardinality(B), difference(A, B)), index(cardinality(B), A)))",0.0,0.0,0.5133345195680966,0.22810748487877086,0.5133345195680966,complement-symmetric-entropy-v1,0.0,0.0,0.7466158913441465,0.2010422034154992,0.7466158913441465,0.0,0.0,-0.2332813717760499,0.027065281463271668,-0.2332813717760499
"subset_eq(difference(index(cardinality(B), union(A, B)), index(cardinality(A), difference(B, A))), index(cardinality(difference(A, A)), intersection(A, B)))",0.5291055791173056,0.0,0.07643378761501296,0.6811665461392675,0.6811665461392675,complement-symmetric-entropy-v1,0.5291055791173056,0.0,0.0,0.5456328378876236,0.5456328378876236,0.0,0.0,0.07643378761501296,0.1355337082516439,0.1355337082516439
"subset_eq(index(cardinality(intersection(A, B)), A), difference(difference(A, B), index(cardinality(B), union(A, B))))",0.551248748927968,0.0,0.06703741262941643,0.7823242526165177,0.7823242526165177,complement-symmetric-entropy-v1,0.551248748927968,0.0,0.0,0.7841831737155274,0.7841831737155274,0.0,0.0,0.06703741262941643,-0.0018589210990096472,-0.0018589210990096472
"and(subset_eq(difference(A, B), index(cardinality(B), union(A, B))), subset_eq(index(cardinality(A), union(A, B)), index(cardinality(A), difference(B, A))))",0.28052716682788725,0.0,0.30095790570492387,0.47236382035906443,0.47236382035906443,complement-symmetric-entropy-v1,0.2805271668278872,0.0,0.3697939867728472,0.38363159374341,0.38363159374341,5.551115123125783e-17,0.0,-0.06883608106792333,0.08873222661565444,0.08873222661565444
"subset_eq(difference(difference(B, A), index(cardinality(A), B)), difference(index(cardinality(A), union(A, B)), index(cardinality(B), union(A, B))))",0.0,0.40585169031756085,0.6883464074404692,0.12545813433897623,0.6883464074404692,complement-symmetric-entropy-v1,0.0,0.4058516903175608,0.7028098731825743,0.0,0.7028098731825743,0.0,5.551115123125783e-17,-0.014463465742105108,0.12545813433897623,-0.014463465742105108
"and(or(subset_eq(A, B), greater_than(cardinality(B), cardinality(A))), subset_eq(A, index(cardinality(B), union(A, B))))",0.7832046226360867,0.0,0.665368680456883,1.0,1.0,complement-symmetric-entropy-v1,0.7832046226360867,0.0,0.7832046226360867,1.0,1.0,0.0,0.0,-0.11783594217920368,0.0,0.0
"and(subset_eq(index(cardinality(A), union(A, B)), difference(A, B)), equals(cardinality(A), cardinality(difference(B, A))))",0.38065437380527856,0.35049287354944403,0.05870311273362294,0.05870311273362294,0.38065437380527856,complement-symmetric-entropy-v1,0.3806543738052785,0.350492873549444,0.5600428442662713,0.60069850997218,0.60069850997218,5.551115123125783e-17,5.551115123125783e-17,-0.5013397315326483,-0.541995397238557,-0.22004413616690144
"and(not(or(subset_eq(A, B), subset_eq(B, A))), subset_eq(index(cardinality(A), union(A, B)), A))",0.4869362751208538,0.45149699591046444,0.0,0.0,0.4869362751208538,complement-symmetric-entropy-v1,0.4869362751208538,0.4514969959104644,0.4629824974938414,0.3600513381754459,0.4869362751208538,0.0,5.551115123125783e-17,-0.4629824974938414,-0.3600513381754459,0.0
"and(subset_eq(index(cardinality(A), B), index(cardinality(B), union(A, B))), greater_than(cardinality(B), cardinality(difference(A, B))))",0.41841285464281697,0.44755501751041205,0.0,0.0,0.44755501751041205,complement-symmetric-entropy-v1,0.4184128546428169,0.447555017510412,0.2481099706426246,0.3166780265320512,0.447555017510412,5.551115123125783e-17,5.551115123125783e-17,-0.2481099706426246,-0.3166780265320512,5.551115123125783e-17
"subset_eq(union(index(cardinality(A), difference(B, A)), index(cardinality(B), union(A, B))), index(cardinality(difference(A, A)), difference(A, B)))",0.0,0.29107915707800547,0.325612718274083,0.08135199451762165,0.325612718274083,complement-symmetric-entropy-v1,0.0,0.2910791570780054,0.1733952080753986,0.5337665031966885,0.5337665031966885,0.0,5.551115123125783e-17,0.1522175101986844,-0.45241450867906685,-0.2081537849226055
"subset_eq(index(cardinality(difference(B, A)), union(A, B)), index(cardinality(intersection(A, B)), difference(B, A)))",0.44275367529513754,0.0,0.29680184620592953,0.6308708277163703,0.6308708277163703,complement-symmetric-entropy-v1,0.4427536752951375,0.0,0.4535128254302992,0.7603329935487406,0.7603329935487406,5.551115123125783e-17,0.0,-0.15671097922436966,-0.12946216583237036,-0.12946216583237036
"subset_eq(union(index(cardinality(A), union(A, B)), index(cardinality(B), difference(A, B))), difference(intersection(A, B), index(cardinality(A), B)))",0.24468087959688667,0.5547690814331103,0.008823345113235348,0.008823345113235348,0.5547690814331103,complement-symmetric-entropy-v1,0.2446808795968866,0.5547690814331103,0.4346974035589633,0.1114663431438705,0.5547690814331103,5.551115123125783e-17,0.0,-0.42587405844572795,-0.10264299803063515,0.0
"and(subset_eq(index(cardinality(A), union(A, B)), index(cardinality(A), B)), greater_than(cardinality(difference(A, B)), cardinality(intersection(A, B))))",0.024454589490458645,0.5084913952442158,0.7384011237798402,0.0,0.7384011237798402,complement-symmetric-entropy-v1,0.0244545894904586,0.5084913952442158,0.8008570196217574,0.4186633567245119,0.8008570196217574,4.5102810375396984e-17,0.0,-0.06245589584191713,-0.4186633567245119,-0.06245589584191713
"subset_eq(intersection(A, B), index(cardinality(difference(A, B)), A))",0.0,0.0,1.0,1.0,1.0,complement-symmetric-entropy-v1,0.0,0.0,1.0,1.0,1.0,0.0,0.0,0.0,0.0,0.0
"subset_eq(union(index(cardinality(A), B), index(cardinality(B), A)), intersection(A, index(cardinality(A), union(A, B))))",0.32365425542086745,0.22056201100896866,0.004669023255800875,0.004669023255800875,0.32365425542086745,complement-symmetric-entropy-v1,0.3236542554208674,0.2205620110089686,0.1927776031066892,0.3236542554208674,0.3236542554208674,5.551115123125783e-17,5.551115123125783e-17,-0.18810857985088833,-0.3189852321650665,5.551115123125783e-17
"subset_eq(intersection(index(cardinality(A), B), index(cardinality(A), union(A, B))), index(cardinality(difference(B, A)), B))",0.0,0.8487520757126762,0.8514184386919448,0.02947768936475592,0.8514184386919448,complement-symmetric-entropy-v1,0.0,0.8487520757126762,0.64546731631637,0.0,0.8487520757126762,0.0,0.0,0.20595112237557478,0.02947768936475592,0.0026663629792685883
"and(not(subset_eq(A, difference(A, A))), subset_eq(index(cardinality(B), A), index(cardinality(B), union(A, B))))",0.3497282237539753,0.3497282237539753,0.4063566674954242,0.0,0.4063566674954242,complement-symmetric-entropy-v1,0.3497282237539753,0.3497282237539753,0.3497282237539753,0.0,0.3497282237539753,0.0,0.0,0.05662844374144893,0.0,0.05662844374144893
"subset_eq(index(cardinality(difference(B, A)), B), A)",0.0,0.0,0.7635681881742503,0.4275717631799092,0.7635681881742503,complement-symmetric-entropy-v1,0.0,0.0,0.4782562946392957,0.0,0.4782562946392957,0.0,0.0,0.2853118935349546,0.4275717631799092,0.2853118935349546
"or(subset_eq(B, difference(A, A)), subset_eq(A, index(cardinality(A), union(A, B))))",0.0,0.0,0.561390529569736,1.0,1.0,complement-symmetric-entropy-v1,0.0,0.0,0.7750735967176239,1.0,1.0,0.0,0.0,-0.21368306714788787,0.0,0.0
"or(greater_than(cardinality(A), cardinality(B)), greater_than(cardinality(intersection(A, B)), cardinality(difference(A, B))))",0.11341629811897991,0.4158710360188781,0.4777512822330119,0.0,0.4777512822330119,complement-symmetric-entropy-v1,0.1134162981189799,0.4158710360188781,0.1134162981189799,0.0,0.4158710360188781,1.3877787807814457e-17,0.0,0.364334984114032,0.0,0.061880246214133794
"and(or(not(subset_eq(B, A)), subset_eq(A, difference(A, A))), subset_eq(index(cardinality(A), union(A, B)), difference(A, B)))",0.31407530187770805,0.353788136441623,0.014313174108574023,0.014313174108574023,0.353788136441623,complement-symmetric-entropy-v1,0.314075301877708,0.353788136441623,0.5336018113570962,0.4653301024061044,0.5336018113570962,5.551115123125783e-17,0.0,-0.5192886372485221,-0.4510169282975304,-0.17981367491547318
"subset_eq(difference(intersection(A, B), index(cardinality(A), B)), index(cardinality(difference(B, A)), union(A, B)))",0.0,0.0,0.6734930450677232,0.863094361798463,0.863094361798463,complement-symmetric-entropy-v1,0.0,0.0,0.6319062353446299,0.878717367514845,0.878717367514845,0.0,0.0,0.041586809723093365,-0.015623005716381977,-0.015623005716381977
"and(subset_eq(difference(B, A), index(cardinality(A), union(A, B))), subset_eq(index(cardinality(B), difference(A, B)), index(cardinality(B), A)))",0.0,0.5409807611243383,0.5225025841947459,0.2583049408021806,0.5409807611243383,complement-symmetric-entropy-v1,0.0,0.5409807611243383,0.8030213486062817,0.0542380845562755,0.8030213486062817,0.0,0.0,-0.2805187644115358,0.2040668562459051,-0.26204058748194337
"or(and(subset_eq(A, difference(A, B)), equals(cardinality(A), cardinality(B))), subset_eq(union(difference(A, B), difference(B, A)), index(cardinality(A), difference(B, A))))",0.27923319429820115,0.266249475989922,0.09145709672515001,0.43248122737724826,0.43248122737724826,complement-symmetric-entropy-v1,0.2792331942982011,0.266249475989922,0.321356171964747,0.3366082777645641,0.3366082777645641,5.551115123125783e-17,0.0,-0.22989907523959696,0.09587294961268417,0.09587294961268417
"subset_eq(union(index(cardinality(B), A), index(cardinality(B), union(A, B))), difference(difference(A, B), index(cardinality(A), union(A, B))))",0.0,0.0,0.2594904248042059,0.5426744319884133,0.5426744319884133,complement-symmetric-entropy-v1,0.0,0.0,0.0,0.3261557627758499,0.3261557627758499,0.0,0.0,0.2594904248042059,0.21651866921256335,0.21651866921256335
"or(subset_eq(B, A), subset_eq(intersection(A, B), index(cardinality(A), B)))",0.0,0.0,0.8186262561258455,0.53620520007721,0.8186262561258455,complement-symmetric-entropy-v1,0.0,0.0,0.7418017036300679,0.0,0.7418017036300679,0.0,0.0,0.07682455249577758,0.53620520007721,0.07682455249577758
"subset_eq(index(cardinality(A), union(difference(A, B), difference(B, A))), index(cardinality(B), A))",0.0,0.9068600861951648,0.4065981981730886,0.04128988929906696,0.9068600861951648,complement-symmetric-entropy-v1,0.0,0.9068600861951648,0.3909919151710631,0.0,0.9068600861951648,0.0,0.0,0.015606283002025545,0.04128988929906696,0.0
"subset_eq(difference(B, index(cardinality(A), B)), index(cardinality(difference(B, A)), A))",0.0,0.4632053700315564,1.0,0.5665288644536468,1.0,complement-symmetric-entropy-v1,0.0,0.4632053700315564,1.0,0.7522528924602949,1.0,0.0,0.0,0.0,-0.1857240280066481,0.0
"subset_eq(index(cardinality(intersection(A, B)), index(cardinality(A), union(A, B))), index(cardinality(intersection(A, B)), B))",0.0,0.0,0.3169939350216351,0.3169939350216351,0.3169939350216351,complement-symmetric-entropy-v1,0.0,0.0,0.0,0.0,0.0,0.0,0.0,0.3169939350216351,0.3169939350216351,0.3169939350216351
"subset_eq(index(cardinality(difference(B, A)), union(A, B)), difference(B, index(cardinality(A), difference(B, A))))",0.5549944490603211,0.0,0.048763592572735326,0.2441214509506019,0.5549944490603211,complement-symmetric-entropy-v1,0.5549944490603211,0.0,0.0,0.3124840093133443,0.5549944490603211,0.0,0.0,0.048763592572735326,-0.06836255836274241,0.0
"and(or(subset_eq(A, B), greater_than(cardinality(B), cardinality(A))), subset_eq(intersection(A, B), index(cardinality(B), union(A, B))))",0.6570826808081106,0.0,0.3497282237539753,0.844137338751201,0.844137338751201,complement-symmetric-entropy-v1,0.6570826808081106,0.0,0.5116349532560058,0.8972406289706291,0.8972406289706291,0.0,0.0,-0.16190672950203056,-0.053103290219428056,-0.053103290219428056
"subset_eq(index(cardinality(difference(B, A)), union(A, B)), index(cardinality(intersection(A, B)), A))",0.0,0.0,0.580828623519037,0.580828623519037,0.580828623519037,complement-symmetric-entropy-v1,0.0,0.0,0.6338527544301145,0.591932058338074,0.6338527544301145,0.0,0.0,-0.053024130911077494,-0.011103434819037084,-0.053024130911077494
"subset_eq(index(cardinality(intersection(A, B)), union(A, B)), union(intersection(A, B), index(cardinality(A), difference(B, A))))",0.4486840696036355,0.0,0.08453393046470747,0.2516659007471924,0.4486840696036355,complement-symmetric-entropy-v1,0.4486840696036355,0.0,0.0941305469117709,0.2016432534842166,0.4486840696036355,0.0,0.0,-0.00959661644706343,0.05002264726297581,0.0
"subset_eq(intersection(A, index(cardinality(A), union(A, B))), difference(index(cardinality(B), union(A, B)), B))",0.0,0.0,0.6013459138087915,0.34020950058816524,0.6013459138087915,complement-symmetric-entropy-v1,0.0,0.0,0.3693452059199416,0.0,0.3693452059199416,0.0,0.0,0.23200070788884997,0.34020950058816524,0.23200070788884997
"subset_eq(intersection(B, index(cardinality(B), union(A, B))), union(index(cardinality(B), A), index(cardinality(A), difference(B, A))))",0.0,0.0,0.40755909221103015,0.4899477362337873,0.4899477362337873,complement-symmetric-entropy-v1,0.0,0.0,0.0,0.0,0.0,0.0,0.0,0.40755909221103015,0.4899477362337873,0.4899477362337873
"subset_eq(union(index(cardinality(B), A), index(cardinality(A), union(A, B))), difference(index(cardinality(A), union(A, B)), index(cardinality(A), difference(B, A))))",0.5589923739327864,0.15650336545164512,0.002991102792483491,0.002991102792483491,0.5589923739327864,complement-symmetric-entropy-v1,0.5589923739327864,0.1565033654516451,0.1565033654516451,0.5589923739327864,0.5589923739327864,0.0,2.7755575615628914e-17,-0.1535122626591616,-0.556001271140303,0.0
"subset_eq(difference(index(cardinality(B), union(A, B)), index(cardinality(B), A)), difference(index(cardinality(A), B), A))",0.0,0.0,0.3728202737099664,0.36761588428243785,0.3728202737099664,complement-symmetric-entropy-v1,0.0,0.0,0.0,0.0,0.0,0.0,0.0,0.3728202737099664,0.36761588428243785,0.3728202737099664
"or(and(not(subset_eq(A, B)), equals(cardinality(A), cardinality(B))), or(subset_eq(A, difference(A, A)), subset_eq(B, difference(A, A))))",0.0,0.0,0.3501014123335676,0.3501014123335676,0.3501014123335676,complement-symmetric-entropy-v1,0.0,0.0,0.3744046364686159,0.3744046364686159,0.3744046364686159,0.0,0.0,-0.024303224135048263,-0.024303224135048263,-0.024303224135048263
"subset_eq(index(cardinality(A), union(difference(A, B), difference(B, A))), difference(index(cardinality(A), union(A, B)), index(cardinality(A), B)))",0.0,0.8350872860262137,0.8457421106579619,0.02724048216900732,0.8457421106579619,complement-symmetric-entropy-v1,0.0,0.8350872860262137,0.6886151525703651,0.0,0.8350872860262137,0.0,0.0,0.1571269580875968,0.02724048216900732,0.010654824631748161
"and(subset_eq(index(cardinality(B), union(A, B)), A), greater_than(cardinality(difference(A, B)), cardinality(B)))",0.02599311901222945,0.9584343017722546,1.0,0.0,1.0,complement-symmetric-entropy-v1,0.0259931190122294,0.9584343017722546,1.0,0.5155821413010646,1.0,4.85722573273506e-17,0.0,0.0,-0.5155821413010646,0.0
"subset_eq(union(intersection(A, B), index(cardinality(A), union(A, B))), index(cardinality(B), union(A, B)))",0.0,0.40661609285524514,0.6024015698137225,0.20979439205525752,0.6024015698137225,complement-symmetric-entropy-v1,0.0,0.4066160928552451,0.7618640780022459,0.5132389583971699,0.7618640780022459,0.0,5.551115123125783e-17,-0.15946250818852337,-0.3034445663419124,-0.15946250818852337
"and(and(not(subset_eq(B, A)), greater_than(cardinality(A), cardinality(B))), subset_eq(index(cardinality(B), union(A, B)), difference(A, B)))",0.3306596908075138,0.634412892906006,0.0,0.0,0.634412892906006,complement-symmetric-entropy-v1,0.3306596908075138,0.634412892906006,0.634412892906006,0.4074953257024069,0.634412892906006,0.0,0.0,-0.634412892906006,-0.4074953257024069,0.0
"or(and(subset_eq(A, difference(A, B)), greater_than(cardinality(A), cardinality(B))), or(subset_eq(A, B), equals(cardinality(A), cardinality(B))))",0.0,0.0,0.2696702683110055,0.5025991029503971,0.5025991029503971,complement-symmetric-entropy-v1,0.0,0.0,0.0,0.5176122784712539,0.5176122784712539,0.0,0.0,0.2696702683110055,-0.015013175520856792,-0.015013175520856792
"and(or(subset_eq(B, A), greater_than(cardinality(B), cardinality(A))), subset_eq(index(cardinality(B), A), difference(A, B)))",0.0,0.0,0.1929711689660285,0.63177648490373,0.63177648490373,complement-symmetric-entropy-v1,0.0,0.0,0.0,0.2586085296636513,0.2586085296636513,0.0,0.0,0.1929711689660285,0.3731679552400787,0.3731679552400787
"subset_eq(difference(index(cardinality(B), union(A, B)), index(cardinality(A), union(A, B))), index(cardinality(difference(A, A)), A))",0.0,0.0,0.26118894742235066,0.5668779971247113,0.5668779971247113,complement-symmetric-entropy-v1,0.0,0.0,0.0,0.5914518696062057,0.5914518696062057,0.0,0.0,0.26118894742235066,-0.02457387248149434,-0.02457387248149434
"and(not(subset_eq(B, difference(A, A))), subset_eq(index(cardinality(A), difference(B, A)), A))",0.35582322545444867,1.0,0.0,0.0,1.0,complement-symmetric-entropy-v1,0.3558232254544486,1.0,0.6227620608727307,0.1690706906370336,1.0,5.551115123125783e-17,0.0,-0.6227620608727307,-0.1690706906370336,0.0
"and(or(not(subset_eq(A, B)), subset_eq(A, difference(A, A))), subset_eq(index(cardinality(B), union(A, B)), intersection(A, B)))",0.4290999055707767,0.0,0.17606233478791844,0.17606233478791844,0.4290999055707767,complement-symmetric-entropy-v1,0.4290999055707767,0.0,0.4739176258908719,0.2400376917685803,0.4739176258908719,0.0,0.0,-0.29785529110295345,-0.06397535698066187,-0.04481772032009518
"subset_eq(difference(B, index(cardinality(B), A)), difference(index(cardinality(A), union(A, B)), index(cardinality(B), union(A, B))))",0.0,0.46624429415981394,0.9395644061894712,0.4223146677829356,0.9395644061894712,complement-symmetric-entropy-v1,0.0,0.4662442941598139,0.956273253744254,0.5720128945185767,0.956273253744254,0.0,5.551115123125783e-17,-0.016708847554782746,-0.14969822673564115,-0.016708847554782746
"subset_eq(index(cardinality(difference(A, A)), union(A, B)), difference(A, index(cardinality(B), A)))",0.1971509545853386,0.7032409656261487,0.002899370819797964,0.002899370819797964,0.7032409656261487,complement-symmetric-entropy-v1,0.1971509545853386,0.7032409656261487,0.7032409656261487,0.086632963407304,0.7032409656261487,0.0,0.0,-0.7003415948063507,-0.08373359258750604,0.0
"subset_eq(difference(difference(B, A), index(cardinality(A), difference(B, A))), index(cardinality(intersection(A, B)), union(difference(A, B), difference(B, A))))",0.0,0.47605590055356395,0.6623713114846694,0.22987126587557394,0.6623713114846694,complement-symmetric-entropy-v1,0.0,0.4760559005535639,0.7593998217808209,0.0,0.7593998217808209,0.0,5.551115123125783e-17,-0.09702851029615145,0.22987126587557394,-0.09702851029615145
"subset_eq(union(index(cardinality(B), A), index(cardinality(A), difference(B, A))), difference(index(cardinality(B), difference(A, B)), index(cardinality(A), union(A, B))))",0.0,0.26502979318936104,0.22960095297218197,0.054238084556275545,0.26502979318936104,complement-symmetric-entropy-v1,0.0,0.265029793189361,0.265029793189361,0.2718165296701668,0.2718165296701668,0.0,5.551115123125783e-17,-0.035428840217179014,-0.21757844511389124,-0.006786736480805744
"or(greater_than(cardinality(B), cardinality(A)), subset_eq(index(cardinality(B), union(A, B)), A))",0.0,0.0,0.3290326065869438,0.45555829315283947,0.45555829315283947,complement-symmetric-entropy-v1,0.0,0.0,0.0,0.0,0.0,0.0,0.0,0.3290326065869438,0.45555829315283947,0.45555829315283947
"subset_eq(difference(index(cardinality(B), union(A, B)), index(cardinality(A), union(A, B))), difference(difference(B, A), index(cardinality(A), difference(B, A))))",0.6180704580233564,0.0,0.050331732446856625,0.4862024060965585,0.6180704580233564,complement-symmetric-entropy-v1,0.6180704580233564,0.0,0.0,0.6424650310918256,0.6424650310918256,0.0,0.0,0.050331732446856625,-0.1562626249952671,-0.02439457306846926
"subset_eq(index(cardinality(difference(A, B)), union(A, B)), difference(union(difference(A, B), difference(B, A)), index(cardinality(B), A)))",0.0,0.0,0.32714456751872034,0.5229989387695978,0.5229989387695978,complement-symmetric-entropy-v1,0.0,0.0,0.2843059724787092,0.4317909998027849,0.4317909998027849,0.0,0.0,0.04283859504001114,0.0912079389668129,0.0912079389668129
"or(subset_eq(difference(A, B), index(cardinality(B), A)), greater_than(cardinality(difference(B, A)), cardinality(A)))",0.5483456569418759,0.0,0.12229861033427869,0.77370707319572,0.77370707319572,complement-symmetric-entropy-v1,0.5483456569418759,0.0,0.0,0.6799863494116682,0.6799863494116682,0.0,0.0,0.12229861033427869,0.09372072378405172,0.09372072378405172
"or(subset_eq(index(cardinality(B), A), B), equals(cardinality(intersection(A, B)), cardinality(difference(A, B))))",0.7210669409882176,0.0,0.030132816608553492,0.7904920841349818,0.7904920841349818,complement-symmetric-entropy-v1,0.7210669409882176,0.0,0.0,0.5143356253950004,0.7210669409882176,0.0,0.0,0.030132816608553492,0.2761564587399814,0.06942514314676429
"subset_eq(union(index(cardinality(A), B), index(cardinality(A), union(A, B))), union(A, index(cardinality(A), difference(B, A))))",0.0,0.0,0.7207174360634704,0.2785824965506887,0.7207174360634704,complement-symmetric-entropy-v1,0.0,0.0,0.5311855063326578,0.0,0.5311855063326578,0.0,0.0,0.18953192973081257,0.2785824965506887,0.18953192973081257
"subset_eq(difference(difference(A, B), index(cardinality(B), difference(A, B))), index(cardinality(difference(B, A)), union(A, B)))",0.29294757666371274,0.0,0.1962784461334628,0.5458732390551928,0.5458732390551928,complement-symmetric-entropy-v1,0.2929475766637127,0.0,0.0,0.4322084827985485,0.4322084827985485,5.551115123125783e-17,0.0,0.1962784461334628,0.1136647562566443,0.1136647562566443
"subset_eq(union(index(cardinality(A), B), index(cardinality(A), union(A, B))), difference(A, B))",0.0,0.9003495842819602,0.9406633036996477,0.07369103271937927,0.9406633036996477,complement-symmetric-entropy-v1,0.0,0.9003495842819602,0.9424220537263992,0.0,0.9424220537263992,0.0,0.0,-0.001758750026751521,0.07369103271937927,-0.001758750026751521
"subset_eq(difference(index(cardinality(A), union(A, B)), index(cardinality(B), union(A, B))), difference(A, index(cardinality(A), B)))",0.0,0.7699185840527206,0.6961498385854439,0.04393305638101985,0.7699185840527206,complement-symmetric-entropy-v1,0.0,0.7699185840527206,0.7873925330882652,0.0,0.7873925330882652,0.0,0.0,-0.0912426945028213,0.04393305638101985,-0.017473949035544556
"subset_eq(difference(index(cardinality(A), B), A), index(cardinality(difference(A, B)), index(cardinality(A), difference(B, A))))",0.0,0.0,0.738141893285661,0.24853268921321947,0.738141893285661,complement-symmetric-entropy-v1,0.0,0.0,0.3696468790388254,0.0,0.3696468790388254,0.0,0.0,0.3684950142468356,0.24853268921321947,0.3684950142468356
"subset_eq(index(cardinality(difference(A, A)), difference(B, A)), difference(B, index(cardinality(A), union(A, B))))",0.0,0.6116601986218826,0.6802701923572448,0.03354386821316302,0.6802701923572448,complement-symmetric-entropy-v1,0.0,0.6116601986218826,0.6116601986218826,0.0,0.6116601986218826,0.0,0.0,0.06860999373536225,0.03354386821316302,0.06860999373536225
"subset_eq(index(cardinality(difference(A, A)), difference(A, B)), intersection(index(cardinality(A), union(A, B)), index(cardinality(B), union(A, B))))",0.7170381407352913,0.0,0.09401229592659355,0.7464938156577956,0.7464938156577956,complement-symmetric-entropy-v1,0.7170381407352913,0.0,0.0,0.8335052926424507,0.8335052926424507,0.0,0.0,0.09401229592659355,-0.08701147698465506,-0.08701147698465506
"subset_eq(union(index(cardinality(A), difference(B, A)), index(cardinality(B), union(A, B))), index(cardinality(difference(B, A)), index(cardinality(B), difference(A, B))))",0.0,0.2614822395891949,0.2478127179127939,0.14532078016045014,0.2614822395891949,complement-symmetric-entropy-v1,0.0,0.2614822395891949,0.1138790915840105,0.4400294516990329,0.4400294516990329,0.0,0.0,0.13393362632878342,-0.29470867153858277,-0.17854721210983798
"and(or(subset_eq(A, difference(A, B)), equals(cardinality(A), cardinality(B))), greater_than(cardinality(A), cardinality(difference(B, A))))",0.040030673712095566,0.3869407931946094,0.28764024918739506,0.0,0.3869407931946094,complement-symmetric-entropy-v1,0.0400306737120955,0.3869407931946094,0.3869407931946094,0.1978540617741239,0.3869407931946094,6.245004513516506e-17,0.0,-0.09930054400721433,-0.1978540617741239,0.0
"and(subset_eq(index(cardinality(A), B), A), subset_eq(index(cardinality(B), A), index(cardinality(B), difference(A, B))))",0.0,0.27240053388975294,0.29333607193630484,0.05984914962271781,0.29333607193630484,complement-symmetric-entropy-v1,0.0,0.2724005338897529,0.241760838100953,0.241760838100953,0.2724005338897529,0.0,5.551115123125783e-17,0.05157523383535184,-0.1819116884782352,0.02093553804655196
"subset_eq(intersection(A, index(cardinality(B), union(A, B))), difference(B, index(cardinality(A), union(A, B))))",0.47629997061938056,0.0,0.047750464001552695,0.5819584415030552,0.5819584415030552,complement-symmetric-entropy-v1,0.4762999706193805,0.0,0.0,0.5179031874938816,0.5179031874938816,5.551115123125783e-17,0.0,0.047750464001552695,0.06405525400917356,0.06405525400917356
"subset_eq(index(cardinality(intersection(A, B)), union(A, B)), union(union(difference(A, B), difference(B, A)), index(cardinality(B), A)))",0.0,0.0,0.6531574585031319,0.38826776000950314,0.6531574585031319,complement-symmetric-entropy-v1,0.0,0.0,0.3299616267542533,0.0,0.3299616267542533,0.0,0.0,0.3231958317488786,0.38826776000950314,0.3231958317488786
"subset_eq(index(cardinality(intersection(A, B)), union(difference(A, B), difference(B, A))), union(index(cardinality(A), B), index(cardinality(B), union(A, B))))",0.0,0.0,0.19376460545642038,0.19376460545642038,0.19376460545642038,complement-symmetric-entropy-v1,0.0,0.0,0.1008030186282954,0.1008030186282954,0.1008030186282954,0.0,0.0,0.09296158682812498,0.09296158682812498,0.09296158682812498
"not(subset_eq(index(cardinality(A), B), index(cardinality(B), union(A, B))))",1.0,0.0376238972305325,0.0,1.0,1.0,complement-symmetric-entropy-v1,1.0,0.0376238972305325,0.0376238972305325,1.0,1.0,0.0,0.0,-0.0376238972305325,0.0,0.0
"and(or(not(subset_eq(A, B)), subset_eq(B, difference(A, A))), subset_eq(index(cardinality(A), B), index(cardinality(A), difference(B, A))))",0.0,0.7379621962154155,1.0,0.044390973915349186,1.0,complement-symmetric-entropy-v1,0.0,0.7379621962154155,1.0,0.1037383676414142,1.0,0.0,0.0,0.0,-0.05934739372606501,0.0
"subset_eq(difference(B, index(cardinality(B), union(A, B))), difference(index(cardinality(A), union(A, B)), index(cardinality(A), B)))",0.0,0.5881982734141459,0.9096850682269387,0.23119324406637698,0.9096850682269387,complement-symmetric-entropy-v1,0.0,0.5881982734141459,0.9082380499049658,0.6301321708721199,0.9082380499049658,0.0,0.0,0.001447018321972915,-0.39893892680574294,0.001447018321972915
"and(or(subset_eq(A, B), subset_eq(A, difference(A, B))), subset_eq(index(cardinality(A), difference(B, A)), index(cardinality(A), union(A, B))))",0.0,0.0,0.519405811876424,0.5554306252347474,0.5554306252347474,complement-symmetric-entropy-v1,0.0,0.0,0.0640265221809279,0.6941911424389917,0.6941911424389917,0.0,0.0,0.45537928969549607,-0.13876051720424432,-0.13876051720424432
"subset_eq(difference(index(cardinality(B), union(A, B)), intersection(A, B)), index(cardinality(difference(A, B)), A))",0.5790338694466108,0.0,0.05251927635728282,0.33191203800244784,0.5790338694466108,complement-symmetric-entropy-v1,0.5790338694466108,0.0,0.0,0.2215096984642042,0.5790338694466108,0.0,0.0,0.05251927635728282,0.11040233953824363,0.0
"and(and(not(subset_eq(A, B)), greater_than(cardinality(B), cardinality(A))), subset_eq(index(cardinality(A), union(A, B)), intersection(A, B)))",0.7451984570885329,0.5865701643149835,0.0,0.0,0.7451984570885329,complement-symmetric-entropy-v1,0.7451984570885329,0.5865701643149835,0.4459957648037214,0.5865701643149835,0.7451984570885329,0.0,0.0,-0.4459957648037214,-0.5865701643149835,0.0
"subset_eq(intersection(A, B), difference(index(cardinality(B), union(A, B)), index(cardinality(A), B)))",0.0,0.0,0.9650283892324277,0.6164313669225203,0.9650283892324277,complement-symmetric-entropy-v1,0.0,0.0,0.9673127920552148,0.7162411359156158,0.9673127920552148,0.0,0.0,-0.0022844028227870794,-0.09980976899309546,-0.0022844028227870794
"subset_eq(difference(index(cardinality(A), union(A, B)), index(cardinality(A), difference(B, A))), difference(A, index(cardinality(B), A)))",0.0,0.0,0.4010056455183745,0.28570815644874026,0.4010056455183745,complement-symmetric-entropy-v1,0.0,0.0,0.405744245639829,0.0,0.405744245639829,0.0,0.0,-0.00473860012145455,0.28570815644874026,-0.00473860012145455
"subset_eq(index(cardinality(difference(B, A)), union(A, B)), difference(index(cardinality(A), union(A, B)), index(cardinality(A), B)))",0.43026274082492566,0.0,0.2715607319994432,0.5226484951181439,0.5226484951181439,complement-symmetric-entropy-v1,0.4302627408249256,0.0,0.4513762225455884,0.6227990970666153,0.6227990970666153,5.551115123125783e-17,0.0,-0.1798154905461452,-0.10015060194847136,-0.10015060194847136
"and(or(subset_eq(A, B), equals(cardinality(A), cardinality(B))), greater_than(cardinality(B), cardinality(difference(A, B))))",0.7741336651592936,0.05726585197331491,0.0,0.4942771351329882,0.7741336651592936,complement-symmetric-entropy-v1,0.7741336651592936,0.0572658519733149,0.0,0.5976898868076626,0.7741336651592936,0.0,6.938893903907228e-18,0.0,-0.10341275167467434,0.0
"subset_eq(difference(difference(A, B), index(cardinality(B), union(A, B))), index(cardinality(difference(B, A)), difference(A, B)))",0.2910448604836051,0.0,0.1617904843138045,0.632271625275095,0.632271625275095,complement-symmetric-entropy-v1,0.2910448604836051,0.0,0.0,0.2621830134423192,0.2910448604836051,0.0,0.0,0.1617904843138045,0.37008861183277575,0.34122676479148983
"and(subset_eq(index(cardinality(A), union(A, B)), index(cardinality(B), A)), equals(cardinality(intersection(A, B)), cardinality(difference(B, A))))",0.0,0.8140161958339819,0.5313534283885513,0.5313534283885513,0.8140161958339819,complement-symmetric-entropy-v1,0.0,0.8140161958339819,0.7153284542810224,0.4121654798794542,0.8140161958339819,0.0,0.0,-0.18397502589247117,0.11918794850909709,0.0
"or(subset_eq(intersection(A, B), index(cardinality(A), union(A, B))), greater_than(cardinality(A), cardinality(difference(B, A))))",0.0,0.0,0.848079377374823,0.30529810499536103,0.848079377374823,complement-symmetric-entropy-v1,0.0,0.0,0.7912260202358398,0.0,0.7912260202358398,0.0,0.0,0.05685335713898321,0.30529810499536103,0.05685335713898321
"or(subset_eq(difference(A, B), index(cardinality(B), union(A, B))), greater_than(cardinality(intersection(A, B)), cardinality(difference(B, A))))",0.24766952323199876,0.0,0.13175786222484775,0.4645220390131951,0.4645220390131951,complement-symmetric-entropy-v1,0.2476695232319987,0.0,0.0,0.0753230251504589,0.2476695232319987,5.551115123125783e-17,0.0,0.13175786222484775,0.3891990138627362,0.2168525157811964
"subset_eq(index(cardinality(A), B), index(cardinality(difference(B, A)), B))",0.0,0.8631646886601565,0.8572944679607832,0.03284159642303297,0.8631646886601565,complement-symmetric-entropy-v1,0.0,0.8631646886601565,0.6800884476434162,0.0,0.8631646886601565,0.0,0.0,0.17720602031736699,0.03284159642303297,0.0
"or(subset_eq(B, index(cardinality(B), union(A, B))), greater_than(cardinality(difference(A, B)), cardinality(B)))",0.0,1.0,1.0,0.17974736518247825,1.0,complement-symmetric-entropy-v1,0.0,1.0,1.0,0.6772693116066366,1.0,0.0,0.0,0.0,-0.49752194642415837,0.0
"or(subset_eq(index(cardinality(A), union(A, B)), difference(B, A)), greater_than(cardinality(A), cardinality(difference(B, A))))",0.0,0.0,0.7366998542551584,0.1993742916805975,0.7366998542551584,complement-symmetric-entropy-v1,0.0,0.0,0.4702245197094156,0.0,0.4702245197094156,0.0,0.0,0.2664753345457428,0.1993742916805975,0.2664753345457428
"or(and(not(subset_eq(B, A)), greater_than(cardinality(A), cardinality(B))), subset_eq(intersection(A, B), index(cardinality(A), union(A, B))))",0.0,0.0,0.5107617929162838,0.7910083191187903,0.7910083191187903,complement-symmetric-entropy-v1,0.0,0.0,0.5892966518328093,0.6469659482715215,0.6469659482715215,0.0,0.0,-0.07853485891652556,0.14404237084726879,0.14404237084726879
"subset_eq(index(cardinality(intersection(A, B)), A), union(index(cardinality(A), B), index(cardinality(A), union(A, B))))",0.8139747540600596,0.0,0.06782106733086435,0.6027112649920282,0.8139747540600596,complement-symmetric-entropy-v1,0.8139747540600596,0.0,0.0,0.7188194119755648,0.8139747540600596,0.0,0.0,0.06782106733086435,-0.11610814698353655,0.0
"and(subset_eq(index(cardinality(A), B), A), subset_eq(index(cardinality(B), difference(A, B)), index(cardinality(A), union(A, B))))",0.23716927071921912,0.3431763597410482,0.002991102792483491,0.002991102792483491,0.3431763597410482,complement-symmetric-entropy-v1,0.2371692707192191,0.3431763597410482,0.3036187234640878,0.2371692707192191,0.3431763597410482,2.7755575615628914e-17,0.0,-0.3006276206716043,-0.2341781679267356,0.0
"equals(cardinality(B), cardinality(index(cardinality(B), union(A, B))))",0.03683220728524672,0.7285675404263174,0.011116483430644197,0.011116483430644197,0.7285675404263174,complement-symmetric-entropy-v1,0.0368322072852467,0.7285675404263174,0.7285675404263174,0.8213862423818481,0.8213862423818481,2.0816681711721685e-17,0.0,-0.7174510569956732,-0.8102697589512039,-0.09281870195553066
"and(subset_eq(index(cardinality(B), A), difference(A, B)), subset_eq(index(cardinality(B), difference(A, B)), index(cardinality(B), union(A, B))))",0.0,0.0,0.25489302371963385,0.7944396275019814,0.7944396275019814,complement-symmetric-entropy-v1,0.0,0.0,0.0,0.5296751482831061,0.5296751482831061,0.0,0.0,0.25489302371963385,0.26476447921887525,0.26476447921887525
"and(or(subset_eq(A, B), not(subset_eq(B, A))), subset_eq(index(cardinality(B), union(A, B)), A))",0.5610938403127033,0.0,0.053657364337435176,0.5667899047668106,0.5667899047668106,complement-symmetric-entropy-v1,0.5610938403127033,0.0,0.0,0.5108759347201143,0.5610938403127033,0.0,0.0,0.053657364337435176,0.05591397004669629,0.005696064454107308
"subset_eq(difference(index(cardinality(B), union(A, B)), index(cardinality(A), union(A, B))), difference(A, index(cardinality(B), difference(A, B))))",0.49724197320314734,0.0,0.02915301750727539,0.39656141228723485,0.49724197320314734,complement-symmetric-entropy-v1,0.4972419732031473,0.0,0.0,0.3889214172141586,0.4972419732031473,5.551115123125783e-17,0.0,0.02915301750727539,0.007639995073076222,5.551115123125783e-17
"or(subset_eq(B, index(cardinality(B), A)), subset_eq(index(cardinality(B), union(A, B)), index(cardinality(A), B)))",0.0,0.0,0.21870671555493626,0.6662242254964463,0.6662242254964463,complement-symmetric-entropy-v1,0.0,0.0,0.0,0.6509785187817041,0.6509785187817041,0.0,0.0,0.21870671555493626,0.015245706714742235,0.015245706714742235
"and(or(subset_eq(A, difference(A, A)), greater_than(cardinality(A), cardinality(B))), subset_eq(difference(B, A), index(cardinality(A), union(A, B))))",0.0,0.619690058314196,1.0,0.16382489280515256,1.0,complement-symmetric-entropy-v1,0.0,0.619690058314196,1.0,0.0384104672890887,1.0,0.0,0.0,0.0,0.12541442551606385,0.0
"subset_eq(union(intersection(A, B), index(cardinality(B), difference(A, B))), union(index(cardinality(B), A), index(cardinality(B), union(A, B))))",0.0,0.0,0.8524764247856551,0.606223921938573,0.8524764247856551,complement-symmetric-entropy-v1,0.0,0.0,0.865337881210337,0.7274969535115572,0.865337881210337,0.0,0.0,-0.012861456424681839,-0.12127303157298419,-0.012861456424681839
"or(and(subset_eq(A, difference(A, B)), greater_than(cardinality(B), cardinality(A))), subset_eq(A, index(cardinality(B), union(A, B))))",0.5155821413010646,0.0,0.6155682611768216,1.0,1.0,complement-symmetric-entropy-v1,0.5155821413010646,0.0,0.8417270622923491,1.0,1.0,0.0,0.0,-0.22615880111552744,0.0,0.0
"and(or(not(subset_eq(A, B)), subset_eq(B, difference(A, A))), subset_eq(index(cardinality(B), union(A, B)), index(cardinality(B), A)))",0.0,1.0,1.0,0.1354759830805431,1.0,complement-symmetric-entropy-v1,0.0,1.0,1.0,0.0372361885784711,1.0,0.0,0.0,0.0,0.09823979450207199,0.0
"subset_eq(union(index(cardinality(B), A), index(cardinality(A), difference(B, A))), difference(index(cardinality(A), B), index(cardinality(B), union(A, B))))",0.676744966651217,0.0,0.054238084556275545,0.32706690538656935,0.676744966651217,complement-symmetric-entropy-v1,0.676744966651217,0.0,0.0391270920136562,0.676744966651217,0.676744966651217,0.0,0.0,0.015110992542619342,-0.3496780612646476,0.0
"and(or(subset_eq(A, difference(A, B)), greater_than(cardinality(A), cardinality(B))), subset_eq(index(cardinality(B), union(A, B)), A))",0.0,0.0,0.8960609251809418,0.25780104615098065,0.8960609251809418,complement-symmetric-entropy-v1,0.0,0.0,0.9425352947724034,0.0529501312654721,0.9425352947724034,0.0,0.0,-0.04647436959146156,0.20485091488550855,-0.04647436959146156
"and(subset_eq(B, index(cardinality(B), union(A, B))), subset_eq(index(cardinality(A), union(A, B)), index(cardinality(B), A)))",0.0,0.7905605949185108,1.0,0.40617574161030545,1.0,complement-symmetric-entropy-v1,0.0,0.7905605949185108,1.0,0.6287820515577899,1.0,0.0,0.0,0.0,-0.22260630994748443,0.0
"and(subset_eq(index(cardinality(B), union(A, B)), union(difference(A, B), difference(B, A))), greater_than(cardinality(intersection(A, B)), cardinality(difference(A, B))))",1.0,0.23065573862382016,0.0,0.0,1.0,complement-symmetric-entropy-v1,1.0,0.2306557386238201,0.0376238972305325,0.52005928205343,1.0,0.0,5.551115123125783e-17,-0.0376238972305325,-0.52005928205343,0.0
"or(subset_eq(B, index(cardinality(B), union(A, B))), subset_eq(index(cardinality(B), union(A, B)), index(cardinality(B), A)))",0.0,0.0,0.488993317364788,0.4628646153503533,0.488993317364788,complement-symmetric-entropy-v1,0.0,0.0,0.0,0.0,0.0,0.0,0.0,0.488993317364788,0.4628646153503533,0.488993317364788
"subset_eq(union(difference(A, B), difference(B, A)), union(index(cardinality(B), A), index(cardinality(B), difference(A, B))))",0.17224991733652228,0.45761901333664967,0.1862237952542063,0.10060752079022584,0.45761901333664967,complement-symmetric-entropy-v1,0.1722499173365222,0.4576190133366496,0.4576190133366496,0.2616690145097137,0.4576190133366496,8.326672684688674e-17,5.551115123125783e-17,-0.2713952180824433,-0.16106149371948786,5.551115123125783e-17
"and(not(subset_eq(A, difference(A, A))), subset_eq(union(difference(A, B), difference(B, A)), index(cardinality(B), A)))",0.24070055460174422,0.4277666415197121,0.19680382602853486,0.0,0.4277666415197121,complement-symmetric-entropy-v1,0.2407005546017442,0.4277666415197121,0.4277666415197121,0.2672986346083327,0.4277666415197121,2.7755575615628914e-17,0.0,-0.23096281549117725,-0.2672986346083327,0.0
"and(not(subset_eq(A, difference(A, B))), subset_eq(intersection(A, B), index(cardinality(A), union(A, B))))",0.5299569281089929,0.35068347494916763,0.0,0.0,0.5299569281089929,complement-symmetric-entropy-v1,0.5299569281089929,0.3506834749491676,0.3628456687535371,0.5684634615806621,0.5684634615806621,0.0,5.551115123125783e-17,-0.3628456687535371,-0.5684634615806621,-0.03850653347166921
"and(and(not(subset_eq(B, A)), greater_than(cardinality(A), cardinality(B))), subset_eq(intersection(A, B), index(cardinality(B), A)))",0.27459816976045726,0.615026707326688,0.0,0.0,0.615026707326688,complement-symmetric-entropy-v1,0.2745981697604572,0.615026707326688,0.6718055726368494,0.4558659561909587,0.6718055726368494,5.551115123125783e-17,0.0,-0.6718055726368494,-0.4558659561909587,-0.05677886531016141
"subset_eq(difference(A, B), union(index(cardinality(B), union(A, B)), index(cardinality(B), difference(A, B))))",0.4244044510281001,0.0,0.20582311722493907,1.0,1.0,complement-symmetric-entropy-v1,0.4244044510281001,0.0,0.0,1.0,1.0,0.0,0.0,0.20582311722493907,0.0,0.0
"or(subset_eq(index(cardinality(A), union(A, B)), index(cardinality(B), A)), greater_than(cardinality(intersection(A, B)), cardinality(difference(A, B))))",0.0,0.3902927181489514,0.3276030824223337,0.04627645336226094,0.3902927181489514,complement-symmetric-entropy-v1,0.0,0.3902927181489514,0.0915346165914111,0.0,0.3902927181489514,0.0,0.0,0.2360684658309226,0.04627645336226094,0.0
"and(subset_eq(difference(B, A), index(cardinality(A), difference(B, A))), subset_eq(index(cardinality(B), A), B))",0.23925514656521918,0.3617356475661948,0.07504484928333632,0.13823631305266904,0.3617356475661948,complement-symmetric-entropy-v1,0.2392551465652191,0.3617356475661948,0.5062290799545413,0.1330282181327271,0.5062290799545413,8.326672684688674e-17,0.0,-0.4311842306712049,0.005208094919941925,-0.14449343238834644
"subset_eq(union(index(cardinality(A), B), index(cardinality(B), union(A, B))), index(cardinality(difference(B, A)), intersection(A, B)))",0.24844370245589442,0.4192285990910847,0.01590654646513978,0.01590654646513978,0.4192285990910847,complement-symmetric-entropy-v1,0.2484437024558944,0.4192285990910847,0.2807903110888432,0.2484437024558944,0.4192285990910847,2.7755575615628914e-17,0.0,-0.26488376462370344,-0.2325371559907546,0.0
"subset_eq(index(cardinality(difference(B, A)), union(A, B)), difference(B, index(cardinality(A), B)))",0.4551426557282414,0.0,0.05602914020856664,0.2942906172834121,0.4551426557282414,complement-symmetric-entropy-v1,0.4551426557282414,0.0,0.0622588791791312,0.2612002711909482,0.4551426557282414,0.0,0.0,-0.006229738970564558,0.03309034609246392,0.0
"subset_eq(union(index(cardinality(B), A), index(cardinality(A), difference(B, A))), index(cardinality(intersection(A, B)), index(cardinality(B), union(A, B))))",0.0,0.21286423646528585,0.22960095297218197,0.054238084556275545,0.22960095297218197,complement-symmetric-entropy-v1,0.0,0.2128642364652858,0.2128642364652858,0.4399738974111822,0.4399738974111822,0.0,5.551115123125783e-17,0.016736716506896177,-0.38573581285490666,-0.21037294443900023
"or(subset_eq(intersection(A, B), index(cardinality(B), union(A, B))), equals(cardinality(intersection(A, B)), cardinality(difference(A, B))))",0.0,0.0,0.8481202506074546,0.3524708766273187,0.8481202506074546,complement-symmetric-entropy-v1,0.0,0.0,0.8954847938207282,0.326852164222291,0.8954847938207282,0.0,0.0,-0.04736454321327366,0.025618712405027666,-0.04736454321327366
"subset_eq(union(index(cardinality(A), B), index(cardinality(B), A)), difference(index(cardinality(B), A), index(cardinality(A), union(A, B))))",0.0,0.6883464074404692,0.5841127824783985,0.053657364337435176,0.6883464074404692,complement-symmetric-entropy-v1,0.0,0.6883464074404692,0.6883464074404692,0.0,0.6883464074404692,0.0,0.0,-0.10423362496207067,0.053657364337435176,0.0
"and(subset_eq(index(cardinality(A), union(A, B)), index(cardinality(B), A)), greater_than(cardinality(difference(A, B)), cardinality(B)))",0.025067964955491684,0.9010754963765706,1.0,0.0,1.0,complement-symmetric-entropy-v1,0.0250679649554916,0.9010754963765706,1.0,0.4926555354786645,1.0,8.326672684688674e-17,0.0,0.0,-0.4926555354786645,0.0
"and(subset_eq(intersection(A, B), index(cardinality(B), A)), equals(cardinality(intersection(A, B)), cardinality(difference(B, A))))",0.0,0.8731110984794861,0.7101456033251425,0.7101456033251425,0.8731110984794861,complement-symmetric-entropy-v1,0.0,0.8731110984794861,0.761327967526758,0.5680591341490359,0.8731110984794861,0.0,0.0,-0.05118236420161548,0.14208646917610668,0.0
"and(subset_eq(index(cardinality(A), union(A, B)), A), greater_than(cardinality(difference(A, B)), cardinality(B)))",0.02599311901222945,1.0,1.0,0.0,1.0,complement-symmetric-entropy-v1,0.0259931190122294,1.0,1.0,0.5155821413010646,1.0,4.85722573273506e-17,0.0,0.0,-0.5155821413010646,0.0
"or(subset_eq(difference(B, A), index(cardinality(B), union(A, B))), subset_eq(index(cardinality(A), union(A, B)), index(cardinality(A), B)))",0.0,0.0,0.36520066833245257,0.38509815227374766,0.38509815227374766,complement-symmetric-entropy-v1,0.0,0.0,0.0,0.0,0.0,0.0,0.0,0.36520066833245257,0.38509815227374766,0.38509815227374766
"subset_eq(intersection(A, index(cardinality(A), B)), index(cardinality(difference(A, B)), A))",0.0,0.0,0.8540954748691862,0.5960995570269776,0.8540954748691862,complement-symmetric-entropy-v1,0.0,0.0,0.412449341302805,0.0,0.412449341302805,0.0,0.0,0.44164613356638127,0.5960995570269776,0.44164613356638127
"and(subset_eq(index(cardinality(B), union(A, B)), A), subset_eq(index(cardinality(A), union(A, B)), difference(A, B)))",0.0,0.7621813840112105,0.77370707319572,0.07932969852082605,0.77370707319572,complement-symmetric-entropy-v1,0.0,0.7621813840112105,0.7888174770579369,0.0,0.7888174770579369,0.0,0.0,-0.015110403862216959,0.07932969852082605,-0.015110403862216959
"and(and(not(subset_eq(B, A)), subset_eq(A, difference(A, B))), or(subset_eq(A, B), greater_than(cardinality(A), cardinality(B))))",0.27762718293639677,0.02262006268008232,0.0,0.37715600281861694,0.37715600281861694,complement-symmetric-entropy-v1,0.2776271829363967,0.0226200626800823,0.7443976193984011,0.7305606013251074,0.7443976193984011,5.551115123125783e-17,2.0816681711721685e-17,-0.7443976193984011,-0.3534045985064904,-0.36724161657978416
"subset_eq(difference(B, index(cardinality(A), B)), index(cardinality(difference(A, B)), intersection(A, B)))",0.0,0.2464244937671708,0.6988644521431515,0.6988644521431515,0.6988644521431515,complement-symmetric-entropy-v1,0.0,0.2464244937671708,0.8246248242106514,0.8246248242106514,0.8246248242106514,0.0,0.0,-0.1257603720674999,-0.1257603720674999,-0.1257603720674999
"subset_eq(difference(difference(A, B), index(cardinality(B), union(A, B))), index(cardinality(B), union(difference(A, B), difference(B, A))))",0.5235421488615287,0.0,0.2108426279169361,0.8616657271992396,0.8616657271992396,complement-symmetric-entropy-v1,0.5235421488615287,0.0,0.0,0.8801219561461511,0.8801219561461511,0.0,0.0,0.2108426279169361,-0.018456228946911457,-0.018456228946911457
"or(subset_eq(index(cardinality(B), union(A, B)), B), subset_eq(index(cardinality(A), B), difference(B, A)))",0.0,0.0,0.7881327563761032,0.6562334799169578,0.7881327563761032,complement-symmetric-entropy-v1,0.0,0.0,0.0,0.0,0.0,0.0,0.0,0.7881327563761032,0.6562334799169578,0.7881327563761032
"subset_eq(difference(difference(A, B), index(cardinality(B), difference(A, B))), difference(index(cardinality(B), union(A, B)), index(cardinality(B), A)))",0.5900857128297013,0.0,0.2482656324716539,1.0,1.0,complement-symmetric-entropy-v1,0.5900857128297013,0.0,0.0,1.0,1.0,0.0,0.0,0.2482656324716539,0.0,0.0
"or(and(subset_eq(A, difference(A, B)), greater_than(cardinality(A), cardinality(B))), subset_eq(B, index(cardinality(A), B)))",0.0,0.4704622643648848,1.0,0.43724084825641873,1.0,complement-symmetric-entropy-v1,0.0,0.4704622643648848,1.0,0.7403625490538651,1.0,0.0,0.0,0.0,-0.3031217007974464,0.0
"subset_eq(index(cardinality(intersection(A, B)), union(difference(A, B), difference(B, A))), union(index(cardinality(B), A), index(cardinality(B), difference(A, B))))",0.0,0.5295861769470054,0.42059640674929333,0.06476130387857704,0.5295861769470054,complement-symmetric-entropy-v1,0.0,0.5295861769470054,0.2162330897103934,0.0,0.5295861769470054,0.0,0.0,0.20436331703889993,0.06476130387857704,0.0
"or(equals(cardinality(A), cardinality(B)), and(not(subset_eq(A, B)), subset_eq(A, difference(A, B))))",0.0,0.2775657996171689,0.40430286316647124,0.07458904125639076,0.40430286316647124,complement-symmetric-entropy-v1,0.0,0.2775657996171689,0.3456889445093787,0.2616560530785236,0.3456889445093787,0.0,0.0,0.058613918657092534,-0.1870670118221328,0.058613918657092534
"subset_eq(difference(difference(B, A), index(cardinality(A), union(A, B))), index(cardinality(difference(B, A)), B))",0.0,0.6546076065335048,0.6583957614808157,0.17493373663196132,0.6583957614808157,complement-symmetric-entropy-v1,0.0,0.6546076065335048,0.6666768543173205,0.0,0.6666768543173205,0.0,0.0,-0.0082810928365048,0.17493373663196132,-0.0082810928365048
"subset_eq(difference(index(cardinality(A), union(A, B)), index(cardinality(B), difference(A, B))), difference(intersection(A, B), index(cardinality(A), B)))",0.0,0.8486835033798664,0.7705696749897872,0.08345270652094539,0.8486835033798664,complement-symmetric-entropy-v1,0.0,0.8486835033798664,0.7383493994431314,0.0,0.8486835033798664,0.0,0.0,0.03222027554665585,0.08345270652094539,0.0
"subset_eq(index(cardinality(A), union(difference(A, B), difference(B, A))), index(cardinality(A), difference(B, A)))",0.0,0.0,0.2297016428539742,0.29184799853020404,0.29184799853020404,complement-symmetric-entropy-v1,0.0,0.0,0.0,0.0,0.0,0.0,0.0,0.2297016428539742,0.29184799853020404,0.29184799853020404
"subset_eq(difference(union(difference(A, B), difference(B, A)), index(cardinality(A), B)), index(cardinality(difference(A, A)), difference(B, A)))",0.6090866282284236,0.11793205242315463,0.06043506953823108,0.11101036156308453,0.6090866282284236,complement-symmetric-entropy-v1,0.6090866282284236,0.1179320524231546,0.1037799568187631,0.6090866282284236,0.6090866282284236,0.0,2.7755575615628914e-17,-0.04334488728053203,-0.4980762666653391,0.0
"or(and(not(subset_eq(A, B)), greater_than(cardinality(B), cardinality(A))), subset_eq(index(cardinality(A), union(A, B)), difference(B, A)))",0.0,0.0,0.5865193923782872,0.3683789095867096,0.5865193923782872,complement-symmetric-entropy-v1,0.0,0.0,0.3027134512842269,0.0,0.3027134512842269,0.0,0.0,0.2838059410940603,0.3683789095867096,0.2838059410940603
"subset_eq(union(index(cardinality(A), B), index(cardinality(B), union(A, B))), index(cardinality(difference(A, A)), A))",0.0,0.2366238139875646,0.5518619375860008,0.2003611198912788,0.5518619375860008,complement-symmetric-entropy-v1,0.0,0.2366238139875646,0.3519569039856643,0.4275717631799092,0.4275717631799092,0.0,0.0,0.19990503360033646,-0.2272106432886304,0.12429017440609158
"and(or(subset_eq(A, B), not(subset_eq(B, A))), or(subset_eq(A, difference(A, B)), greater_than(cardinality(A), cardinality(B))))",0.2321038300386391,0.0,0.12879988993992963,0.7156125607240093,0.7156125607240093,complement-symmetric-entropy-v1,0.2321038300386391,0.0,0.6284081749058057,0.5482618799531331,0.6284081749058057,0.0,0.0,-0.49960828496587606,0.16735068077087611,0.08720438581820356
"or(equals(cardinality(A), cardinality(B)), subset_eq(difference(B, A), index(cardinality(A), difference(B, A))))",0.0,0.5721716345722149,0.4798883253602031,0.19237392489525484,0.5721716345722149,complement-symmetric-entropy-v1,0.0,0.5721716345722149,0.5721716345722149,0.0,0.5721716345722149,0.0,0.0,-0.09228330921201178,0.19237392489525484,0.0
"subset_eq(difference(A, index(cardinality(B), union(A, B))), index(cardinality(difference(A, A)), intersection(A, B)))",0.4674144649915061,0.0,0.41514311469563603,1.0,1.0,complement-symmetric-entropy-v1,0.4674144649915061,0.0,0.5630876764382076,1.0,1.0,0.0,0.0,-0.14794456174257153,0.0,0.0
"and(or(subset_eq(A, B), subset_eq(A, difference(A, B))), subset_eq(index(cardinality(A), difference(B, A)), index(cardinality(A), B)))",0.0,0.0,0.5405619147751601,0.6134566587966661,0.6134566587966661,complement-symmetric-entropy-v1,0.0,0.0,0.0350840590731797,0.7939496520957324,0.7939496520957324,0.0,0.0,0.5054778557019804,-0.18049299329906632,-0.18049299329906632
"and(subset_eq(difference(A, B), index(cardinality(B), union(A, B))), greater_than(cardinality(A), cardinality(difference(B, A))))",0.3434544443670319,0.37896651121596125,0.09194059020360312,0.0,0.37896651121596125,complement-symmetric-entropy-v1,0.3434544443670319,0.3789665112159612,0.2324012656976858,0.38363159374341,0.38363159374341,0.0,5.551115123125783e-17,-0.14046067549408267,-0.38363159374341,-0.004665082527448738
"subset_eq(index(cardinality(intersection(A, B)), union(difference(A, B), difference(B, A))), A)",0.0,0.6082633343869166,0.4492663450041172,0.03921248762911278,0.6082633343869166,complement-symmetric-entropy-v1,0.0,0.6082633343869166,0.3705245374861482,0.0,0.6082633343869166,0.0,0.0,0.078741807517969,0.03921248762911278,0.0
"and(or(subset_eq(A, difference(A, A)), greater_than(cardinality(B), cardinality(A))), subset_eq(index(cardinality(A), union(A, B)), B))",0.9665854085788346,0.0,0.11341629811897991,0.9073602500079712,0.9665854085788346,complement-symmetric-entropy-v1,0.9665854085788346,0.0,0.041718529306579,0.9665854085788346,0.9665854085788346,0.0,0.0,0.0716977688124009,-0.05922515857086341,0.0
"subset_eq(index(cardinality(difference(B, A)), difference(A, B)), index(cardinality(B), union(difference(A, B), difference(B, A))))",0.0,0.0,0.25914545404404044,0.9641099314169629,0.9641099314169629,complement-symmetric-entropy-v1,0.0,0.0,0.0,0.9226226206691862,0.9226226206691862,0.0,0.0,0.25914545404404044,0.04148731074777667,0.04148731074777667
"subset_eq(union(index(cardinality(A), union(A, B)), index(cardinality(B), difference(A, B))), index(cardinality(difference(B, A)), B))",0.3068033429277358,0.4358949740556255,0.00605665287669066,0.00605665287669066,0.4358949740556255,complement-symmetric-entropy-v1,0.3068033429277358,0.4358949740556255,0.2273382882544117,0.1439785539586814,0.4358949740556255,0.0,0.0,-0.22128163537772105,-0.13792190108199073,0.0
"subset_eq(union(index(cardinality(A), B), index(cardinality(A), union(A, B))), difference(union(difference(A, B), difference(B, A)), index(cardinality(B), union(A, B))))",0.0,0.0,0.548913984540842,0.21540799856186843,0.548913984540842,complement-symmetric-entropy-v1,0.0,0.0,0.2776134560569936,0.0,0.2776134560569936,0.0,0.0,0.27130052848384834,0.21540799856186843,0.27130052848384834
"subset_eq(intersection(index(cardinality(B), A), index(cardinality(A), union(A, B))), B)",0.0,0.0,0.3548628366826426,0.6069269490373927,0.6069269490373927,complement-symmetric-entropy-v1,0.0,0.0,0.0,0.0,0.0,0.0,0.0,0.3548628366826426,0.6069269490373927,0.6069269490373927
"or(subset_eq(intersection(A, B), index(cardinality(A), union(A, B))), subset_eq(index(cardinality(B), union(A, B)), A))",0.0,0.0,0.6586672671655569,0.5637945818418458,0.6586672671655569,complement-symmetric-entropy-v1,0.0,0.0,0.0,0.0,0.0,0.0,0.0,0.6586672671655569,0.5637945818418458,0.6586672671655569
"subset_eq(index(cardinality(difference(B, A)), union(A, B)), index(cardinality(difference(A, B)), union(difference(A, B), difference(B, A))))",0.4345909038751017,0.0,0.1725056177751173,0.4063717601677771,0.4345909038751017,complement-symmetric-entropy-v1,0.4345909038751017,0.0,0.3342903536264338,0.48016470194466,0.48016470194466,0.0,0.0,-0.16178473585131647,-0.07379294177688289,-0.0455737980695583
"subset_eq(difference(index(cardinality(A), union(A, B)), index(cardinality(A), difference(B, A))), difference(intersection(A, B), index(cardinality(A), B)))",0.0,0.0,0.5566988666692521,0.21623308971039346,0.5566988666692521,complement-symmetric-entropy-v1,0.0,0.0,0.4899662010727372,0.0,0.4899662010727372,0.0,0.0,0.06673266559651486,0.21623308971039346,0.06673266559651486
"subset_eq(difference(A, B), union(index(cardinality(B), A), index(cardinality(B), union(A, B))))",0.5065181205975828,0.0,0.2108426279169361,0.9416767397532506,0.9416767397532506,complement-symmetric-entropy-v1,0.5065181205975828,0.0,0.0,0.9670413427244022,0.9670413427244022,0.0,0.0,0.2108426279169361,-0.025364602971151617,-0.025364602971151617
"subset_eq(union(difference(A, B), index(cardinality(B), A)), index(cardinality(difference(A, A)), difference(A, B)))",1.0,0.0,0.24810997064262463,1.0,1.0,complement-symmetric-entropy-v1,1.0,0.0,0.0,1.0,1.0,0.0,0.0,0.24810997064262463,0.0,0.0
"and(or(subset_eq(B, A), not(subset_eq(A, B))), not(subset_eq(A, difference(A, A))))",0.1594376926441884,1.0,1.0,0.0,1.0,complement-symmetric-entropy-v1,0.1594376926441884,1.0,1.0,0.0,1.0,0.0,0.0,0.0,0.0,0.0
"or(subset_eq(index(cardinality(B), union(A, B)), B), subset_eq(index(cardinality(A), union(A, B)), difference(B, A)))",0.0,0.0,0.35274313476563834,0.4975991398383086,0.4975991398383086,complement-symmetric-entropy-v1,0.0,0.0,0.0,0.0,0.0,0.0,0.0,0.35274313476563834,0.4975991398383086,0.4975991398383086
"subset_eq(difference(index(cardinality(A), union(A, B)), index(cardinality(B), union(A, B))), index(cardinality(intersection(A, B)), A))",0.0,0.544081245956428,0.44980211572856643,0.05482682891410795,0.544081245956428,complement-symmetric-entropy-v1,0.0,0.544081245956428,0.5541805928608217,0.0,0.5541805928608217,0.0,0.0,-0.10437847713225523,0.05482682891410795,-0.010099346904393625
"subset_eq(index(cardinality(difference(A, B)), difference(B, A)), index(cardinality(intersection(A, B)), union(difference(A, B), difference(B, A))))",0.0,0.0,1.0,0.26272983850148957,1.0,complement-symmetric-entropy-v1,0.0,0.0,1.0,0.0,1.0,0.0,0.0,0.0,0.26272983850148957,0.0
"subset_eq(index(cardinality(difference(B, A)), union(A, B)), index(cardinality(difference(A, A)), union(difference(A, B), difference(B, A))))",0.0,0.0,0.5092054335755523,0.30203238721684234,0.5092054335755523,complement-symmetric-entropy-v1,0.0,0.0,0.4361943398382336,0.1893074741933282,0.4361943398382336,0.0,0.0,0.07301109373731868,0.11272491302351414,0.07301109373731868
"subset_eq(intersection(index(cardinality(A), B), index(cardinality(A), union(A, B))), union(A, index(cardinality(A), difference(B, A))))",0.0,0.0,0.7648137252964364,0.3195544042897718,0.7648137252964364,complement-symmetric-entropy-v1,0.0,0.0,0.6133314570010145,0.0,0.6133314570010145,0.0,0.0,0.15148226829542188,0.3195544042897718,0.15148226829542188
"subset_eq(union(intersection(A, B), index(cardinality(A), difference(B, A))), index(cardinality(intersection(A, B)), union(A, B)))",0.0,0.0,0.7275198259710136,0.49986586873591066,0.7275198259710136,complement-symmetric-entropy-v1,0.0,0.0,0.8186504787419405,0.591650358526729,0.8186504787419405,0.0,0.0,-0.09113065277092691,-0.09178448979081832,-0.09113065277092691
"or(subset_eq(union(A, B), index(cardinality(B), A)), greater_than(cardinality(intersection(A, B)), cardinality(difference(A, B))))",0.4909454621253978,0.22320664330336193,0.05229471071987024,0.028656989756998263,0.4909454621253978,complement-symmetric-entropy-v1,0.4909454621253978,0.2232066433033619,0.0441807671320019,0.3458133127230124,0.4909454621253978,0.0,2.7755575615628914e-17,0.008113943587868343,-0.31715632296601415,0.0
"subset_eq(union(intersection(A, B), index(cardinality(A), difference(B, A))), index(cardinality(difference(A, B)), union(A, B)))",0.0,0.0,0.8008273443549212,0.6578476372963828,0.8008273443549212,complement-symmetric-entropy-v1,0.0,0.0,0.8182065550375401,0.7154577577154151,0.8182065550375401,0.0,0.0,-0.01737921068261894,-0.05761012041903224,-0.01737921068261894
"subset_eq(union(index(cardinality(A), B), index(cardinality(B), A)), index(cardinality(difference(A, B)), union(A, B)))",0.26036073515534974,0.0,0.07194158198445133,0.3110485080508617,0.3110485080508617,complement-symmetric-entropy-v1,0.2603607351553497,0.0,0.3163275683486701,0.1753133524524927,0.3163275683486701,5.551115123125783e-17,0.0,-0.24438598636421877,0.13573515559836902,-0.005279060297808391
"or(subset_eq(B, index(cardinality(B), union(A, B))), equals(cardinality(A), cardinality(difference(B, A))))",0.0,0.19010902468076363,0.40376838592592135,0.12464595026128611,0.40376838592592135,complement-symmetric-entropy-v1,0.0,0.1901090246807636,0.398690125788855,0.4261149516490327,0.4261149516490327,0.0,2.7755575615628914e-17,0.005078260137066359,-0.30146900138774657,-0.022346565723111333
"and(or(not(subset_eq(B, A)), subset_eq(A, difference(A, B))), subset_eq(difference(B, A), index(cardinality(B), union(A, B))))",0.0,0.48921794629476734,0.5321655089072166,0.28793294468658526,0.5321655089072166,complement-symmetric-entropy-v1,0.0,0.4892179462947673,0.6199188098689061,0.4133389944976803,0.6199188098689061,0.0,5.551115123125783e-17,-0.08775330096168954,-0.12540604981109504,-0.08775330096168954
"and(not(subset_eq(B, A)), subset_eq(index(cardinality(A), difference(B, A)), index(cardinality(B), union(A, B))))",0.6177720792843568,0.3110485080508617,0.0,0.0,0.6177720792843568,complement-symmetric-entropy-v1,0.6177720792843568,0.3110485080508617,0.2914541695457259,0.4753319280390622,0.6177720792843568,0.0,0.0,-0.2914541695457259,-0.4753319280390622,0.0
"and(subset_eq(index(cardinality(B), A), difference(A, B)), subset_eq(index(cardinality(A), B), index(cardinality(A), difference(B, A))))",0.0,0.0,0.4410655388268686,0.34909747671993574,0.4410655388268686,complement-symmetric-entropy-v1,0.0,0.0,0.40153562930988,0.115170740269666,0.40153562930988,0.0,0.0,0.03952990951698859,0.23392673645026973,0.03952990951698859
"and(or(subset_eq(A, B), not(subset_eq(B, A))), subset_eq(index(cardinality(A), B), A))",0.31354028070809714,0.24349112622389646,0.003961849205430523,0.003961849205430523,0.31354028070809714,complement-symmetric-entropy-v1,0.3135402807080971,0.2434911262238964,0.2163691861113851,0.3135402807080971,0.3135402807080971,5.551115123125783e-17,5.551115123125783e-17,-0.21240733690595456,-0.30957843150266656,5.551115123125783e-17
"subset_eq(difference(B, index(cardinality(B), A)), index(cardinality(difference(A, B)), A))",0.0,0.7095325678103428,1.0,0.29680184620592953,1.0,complement-symmetric-entropy-v1,0.0,0.7095325678103428,1.0,0.4323151489371963,1.0,0.0,0.0,0.0,-0.13551330273126677,0.0
"subset_eq(union(index(cardinality(A), B), index(cardinality(B), difference(A, B))), difference(union(A, B), index(cardinality(A), union(A, B))))",0.0,0.7955755403113569,0.6113081337019484,0.040030673712095566,0.7955755403113569,complement-symmetric-entropy-v1,0.0,0.7955755403113569,0.7955755403113569,0.0,0.7955755403113569,0.0,0.0,-0.18426740660940855,0.040030673712095566,0.0
"or(subset_eq(difference(A, B), index(cardinality(A), union(A, B))), subset_eq(index(cardinality(B), union(A, B)), A))",0.0,0.0,0.3823649114315849,0.39137321240229916,0.39137321240229916,complement-symmetric-entropy-v1,0.0,0.0,0.0,0.0,0.0,0.0,0.0,0.3823649114315849,0.39137321240229916,0.39137321240229916
"and(or(subset_eq(B, A), greater_than(cardinality(B), cardinality(A))), not(subset_eq(A, difference(A, B))))",0.42059640674929333,0.42059640674929333,0.0,0.0,0.42059640674929333,complement-symmetric-entropy-v1,0.4205964067492933,0.4205964067492933,0.064761303878577,0.064761303878577,0.4205964067492933,5.551115123125783e-17,5.551115123125783e-17,-0.064761303878577,-0.064761303878577,5.551115123125783e-17
"subset_eq(difference(intersection(A, B), index(cardinality(A), union(A, B))), index(cardinality(difference(A, B)), B))",0.0,0.0,0.5933890786766589,0.8152416854368231,0.8152416854368231,complement-symmetric-entropy-v1,0.0,0.0,0.5118312924321385,0.7796394765306696,0.7796394765306696,0.0,0.0,0.08155778624452037,0.03560220890615351,0.03560220890615351
"or(and(subset_eq(A, difference(A, B)), greater_than(cardinality(B), cardinality(A))), subset_eq(index(cardinality(A), union(A, B)), index(cardinality(B), difference(A, B))))",0.0,0.0,0.7109426468746205,0.25998263970578905,0.7109426468746205,complement-symmetric-entropy-v1,0.0,0.0,0.7727435937041173,0.0,0.7727435937041173,0.0,0.0,-0.06180094682949677,0.25998263970578905,-0.06180094682949677
"subset_eq(index(cardinality(A), union(difference(A, B), difference(B, A))), index(cardinality(difference(A, B)), difference(B, A)))",0.0,0.0,0.25199003493562466,0.17123867720281394,0.25199003493562466,complement-symmetric-entropy-v1,0.0,0.0,0.259166347092081,0.0,0.259166347092081,0.0,0.0,-0.00717631215645631,0.17123867720281394,-0.00717631215645631
"subset_eq(index(cardinality(intersection(A, B)), B), index(cardinality(intersection(A, B)), index(cardinality(B), union(A, B))))",0.0,0.8333264463637613,0.9636558893456735,0.1022539755441747,0.9636558893456735,complement-symmetric-entropy-v1,0.0,0.8333264463637613,0.942175145960212,0.0,0.942175145960212,0.0,0.0,0.021480743385461465,0.1022539755441747,0.021480743385461465
"or(subset_eq(index(cardinality(A), union(A, B)), difference(B, A)), subset_eq(index(cardinality(B), union(A, B)), index(cardinality(B), A)))",0.0,0.0,0.4867343671785387,0.44578707706493714,0.4867343671785387,complement-symmetric-entropy-v1,0.0,0.0,0.0,0.0,0.0,0.0,0.0,0.4867343671785387,0.44578707706493714,0.4867343671785387
"and(subset_eq(index(cardinality(A), B), index(cardinality(A), union(A, B))), subset_eq(index(cardinality(B), difference(A, B)), index(cardinality(B), A)))",0.0,0.0,0.3458404001690025,0.39228027634795626,0.39228027634795626,complement-symmetric-entropy-v1,0.0,0.0,0.0,0.2047368645399097,0.2047368645399097,0.0,0.0,0.3458404001690025,0.18754341180804657,0.18754341180804657
"or(or(subset_eq(A, B), subset_eq(B, A)), not(subset_eq(A, difference(A, B))))",0.0,0.0,0.2139501896013235,0.2139501896013235,0.2139501896013235,complement-symmetric-entropy-v1,0.0,0.0,0.0,0.0,0.0,0.0,0.0,0.2139501896013235,0.2139501896013235,0.2139501896013235
"or(subset_eq(A, index(cardinality(A), B)), subset_eq(union(difference(A, B), difference(B, A)), index(cardinality(B), A)))",0.28052716682788725,0.0,0.30095790570492387,0.47236382035906443,0.47236382035906443,complement-symmetric-entropy-v1,0.2805271668278872,0.0,0.3608236880665026,0.38363159374341,0.38363159374341,5.551115123125783e-17,0.0,-0.059865782361578745,0.08873222661565444,0.08873222661565444
"and(or(subset_eq(A, difference(A, A)), greater_than(cardinality(A), cardinality(B))), subset_eq(index(cardinality(B), union(A, B)), difference(B, A)))",0.49950152214941157,0.0,0.5596340064437748,0.5596340064437748,0.5596340064437748,complement-symmetric-entropy-v1,0.4995015221494115,0.0,0.7572295828435958,0.5737048810226745,0.7572295828435958,5.551115123125783e-17,0.0,-0.19759557639982095,-0.014070874578899661,-0.19759557639982095
"and(not(subset_eq(A, difference(A, A))), subset_eq(index(cardinality(A), union(A, B)), A))",0.11341629811897991,0.6087398088284148,0.7067662999103745,0.0,0.7067662999103745,complement-symmetric-entropy-v1,0.1134162981189799,0.6087398088284148,0.6662191951445021,0.0,0.6662191951445021,1.3877787807814457e-17,0.0,0.04054710476587242,0.0,0.04054710476587242
"subset_eq(index(cardinality(difference(A, B)), A), difference(index(cardinality(B), union(A, B)), index(cardinality(A), union(A, B))))",0.0,0.0,0.712731715714571,0.5682205978520747,0.712731715714571,complement-symmetric-entropy-v1,0.0,0.0,0.6925138430435089,0.2997776049063148,0.6925138430435089,0.0,0.0,0.02021787267106201,0.2684429929457599,0.02021787267106201
"or(subset_eq(index(cardinality(A), difference(B, A)), A), subset_eq(index(cardinality(A), union(A, B)), difference(B, A)))",0.0,0.0,0.871963334102112,0.31297323872868466,0.871963334102112,complement-symmetric-entropy-v1,0.0,0.0,0.5143391608173761,0.0,0.5143391608173761,0.0,0.0,0.35762417328473595,0.31297323872868466,0.35762417328473595
"subset_eq(union(difference(B, A), index(cardinality(B), difference(A, B))), intersection(index(cardinality(A), union(A, B)), index(cardinality(B), union(A, B))))",0.1925636695547247,0.4750282530626694,0.009146654074291827,0.009146654074291827,0.4750282530626694,complement-symmetric-entropy-v1,0.1925636695547247,0.4750282530626694,0.5261563000620086,0.109097121664073,0.5261563000620086,0.0,0.0,-0.5170096459877168,-0.09995046758978117,-0.05112804699933926
"or(or(subset_eq(B, difference(A, A)), greater_than(cardinality(B), cardinality(A))), equals(cardinality(B), cardinality(difference(A, B))))",0.0,0.0,0.25198095019553457,0.5904235726265823,0.5904235726265823,complement-symmetric-entropy-v1,0.0,0.0,0.028273269245759,0.3640439668824461,0.3640439668824461,0.0,0.0,0.22370768094977556,0.22637960574413618,0.22637960574413618
"or(equals(cardinality(intersection(A, B)), cardinality(difference(B, A))), greater_than(cardinality(intersection(A, B)), cardinality(difference(A, B))))",0.0,0.39810699190484056,0.06858010808205639,0.054238084556275545,0.39810699190484056,complement-symmetric-entropy-v1,0.0,0.3981069919048405,0.0750590833527776,0.3741399897786971,0.3981069919048405,0.0,5.551115123125783e-17,-0.006478975270721207,-0.31990190522242157,5.551115123125783e-17
"and(not(equals(cardinality(A), cardinality(B))), subset_eq(index(cardinality(A), difference(B, A)), A))",0.07458904125639076,0.40430286316647124,0.45048233175901675,0.0,0.45048233175901675,complement-symmetric-entropy-v1,0.0745890412563907,0.4043028631664712,0.2574788412273484,0.0044495021739975,0.4043028631664712,6.938893903907228e-17,5.551115123125783e-17,0.19300349053166838,-0.0044495021739975,0.04617946859254557
"subset_eq(union(A, index(cardinality(A), difference(B, A))), union(index(cardinality(A), B), index(cardinality(B), A)))",0.4001370158413321,0.0,0.6675789119746127,1.0,1.0,complement-symmetric-entropy-v1,0.4001370158413321,0.0,0.7627533903351663,1.0,1.0,0.0,0.0,-0.0951744783605536,0.0,0.0
"subset_eq(index(cardinality(difference(A, A)), intersection(A, B)), index(cardinality(B), union(A, B)))",0.0,0.0,0.9388741716300888,0.5773247959787644,0.9388741716300888,complement-symmetric-entropy-v1,0.0,0.0,0.9208877858398914,0.6414348074662328,0.9208877858398914,0.0,0.0,0.0179863857901974,-0.06411001148746842,0.0179863857901974
"subset_eq(difference(union(difference(A, B), difference(B, A)), index(cardinality(B), union(A, B))), index(cardinality(intersection(A, B)), A))",0.23328908426944472,0.3771123716709962,0.260228270789038,0.08137769986641219,0.3771123716709962,complement-symmetric-entropy-v1,0.2332890842694447,0.3771123716709962,0.4094328724190885,0.25468683131861,0.4094328724190885,2.7755575615628914e-17,0.0,-0.1492046016300505,-0.17330913145219778,-0.032320500748092285
"subset_eq(index(cardinality(difference(A, B)), A), index(cardinality(difference(A, B)), intersection(A, B)))",0.0,0.0,0.4894744300392787,0.8043451831752955,0.8043451831752955,complement-symmetric-entropy-v1,0.0,0.0,0.0,0.6892052144802867,0.6892052144802867,0.0,0.0,0.4894744300392787,0.11513996869500875,0.11513996869500875
"and(or(subset_eq(B, A), subset_eq(A, difference(A, B))), or(subset_eq(B, difference(A, A)), greater_than(cardinality(A), cardinality(B))))",0.0,1.0,1.0,0.12070798966365848,1.0,complement-symmetric-entropy-v1,0.0,1.0,1.0,0.0400306737120955,1.0,0.0,0.0,0.0,0.08067731595156297,0.0
"and(not(subset_eq(A, difference(A, B))), subset_eq(index(cardinality(A), union(A, B)), difference(A, B)))",0.25496192318409316,0.9195870221404088,0.0,0.0,0.9195870221404088,complement-symmetric-entropy-v1,0.2549619231840931,0.9195870221404088,0.5548277496834864,0.0412898892990669,0.9195870221404088,5.551115123125783e-17,0.0,-0.5548277496834864,-0.0412898892990669,0.0
"and(not(greater_than(cardinality(A), cardinality(B))), subset_eq(index(cardinality(B), union(A, B)), intersection(A, B)))",0.9424479481327432,0.0,0.09531190613710872,0.6725367620511213,0.9424479481327432,complement-symmetric-entropy-v1,0.9424479481327432,0.0,0.0,0.717193122425356,0.9424479481327432,0.0,0.0,0.09531190613710872,-0.044656360374234705,0.0
"subset_eq(union(index(cardinality(A), union(A, B)), index(cardinality(A), difference(B, A))), difference(A, index(cardinality(A), B)))",0.0,0.876648229021412,0.8643166921553009,0.05726585197331491,0.876648229021412,complement-symmetric-entropy-v1,0.0,0.876648229021412,0.8580636952457779,0.0,0.876648229021412,0.0,0.0,0.006252996909523079,0.05726585197331491,0.0
"subset_eq(index(cardinality(A), difference(B, A)), index(cardinality(intersection(A, B)), B))",0.0,0.0,0.8163722628471474,0.20100519713988085,0.8163722628471474,complement-symmetric-entropy-v1,0.0,0.0,0.5056968691637627,0.0,0.5056968691637627,0.0,0.0,0.3106753936833847,0.20100519713988085,0.3106753936833847
"and(or(subset_eq(A, difference(A, A)), equals(cardinality(A), cardinality(B))), subset_eq(index(cardinality(A), union(A, B)), union(difference(A, B), difference(B, A))))",0.3177975584514,0.0,0.14532078016045014,0.31482338746355576,0.3177975584514,complement-symmetric-entropy-v1,0.3177975584514,0.0,0.2691137734772149,0.3308293918745804,0.3308293918745804,0.0,0.0,-0.12379299331676474,-0.01600600441102462,-0.013031833423180372
"and(or(not(subset_eq(A, B)), subset_eq(B, difference(A, A))), subset_eq(difference(A, B), index(cardinality(B), union(A, B))))",0.23030639615910808,0.471526797269461,0.28793294468658526,0.08370462496945297,0.471526797269461,complement-symmetric-entropy-v1,0.230306396159108,0.471526797269461,0.471526797269461,0.6026751236384227,0.6026751236384227,8.326672684688674e-17,0.0,-0.18359385258287575,-0.5189704986689697,-0.13114832636896168
"subset_eq(union(index(cardinality(B), A), index(cardinality(B), difference(A, B))), index(cardinality(difference(A, A)), intersection(A, B)))",0.9318341424777211,0.0,0.040030673712095566,0.9662835942872284,0.9662835942872284,complement-symmetric-entropy-v1,0.9318341424777212,0.0,0.0,0.9318341424777212,0.9318341424777212,-1.1102230246251565e-16,0.0,0.040030673712095566,0.0344494518095072,0.0344494518095072
"or(or(or(subset_eq(A, B), subset_eq(B, A)), equals(cardinality(A), cardinality(B))), subset_eq(B, index(cardinality(A), union(A, B))))",0.0,0.0,0.36864384362718305,0.3347418500841872,0.36864384362718305,complement-symmetric-entropy-v1,0.0,0.0,0.0,0.0,0.0,0.0,0.0,0.36864384362718305,0.3347418500841872,0.36864384362718305
"subset_eq(difference(index(cardinality(A), union(A, B)), index(cardinality(A), B)), index(cardinality(difference(A, B)), A))",0.0,0.0,0.2761066734205748,0.3768313930350312,0.3768313930350312,complement-symmetric-entropy-v1,0.0,0.0,0.0,0.0,0.0,0.0,0.0,0.2761066734205748,0.3768313930350312,0.3768313930350312
"subset_eq(index(cardinality(difference(B, A)), B), difference(B, index(cardinality(B), A)))",0.0,0.0,0.2714532795446165,0.7397926311235918,0.7397926311235918,complement-symmetric-entropy-v1,0.0,0.0,0.0,0.321395739145331,0.321395739145331,0.0,0.0,0.2714532795446165,0.41839689197826085,0.41839689197826085
"and(subset_eq(index(cardinality(A), difference(B, A)), index(cardinality(A), union(A, B))), greater_than(cardinality(B), cardinality(difference(A, B))))",0.7916305167116996,0.07550314355726251,0.0,0.26901299619260255,0.7916305167116996,complement-symmetric-entropy-v1,0.7916305167116996,0.0755031435572625,0.0755031435572625,0.658101410281704,0.7916305167116996,0.0,1.3877787807814457e-17,-0.0755031435572625,-0.38908841408910144,0.0
"subset_eq(index(cardinality(difference(B, A)), union(A, B)), difference(union(A, B), index(cardinality(A), difference(B, A))))",0.0,0.0,0.7846146290501931,0.26538847625531425,0.7846146290501931,complement-symmetric-entropy-v1,0.0,0.0,0.0,0.0,0.0,0.0,0.0,0.7846146290501931,0.26538847625531425,0.7846146290501931
"or(not(greater_than(cardinality(A), cardinality(B))), subset_eq(index(cardinality(B), union(A, B)), B))",0.7041902851372797,0.0,0.030796166734257557,0.8213862423818481,0.8213862423818481,complement-symmetric-entropy-v1,0.7041902851372797,0.0,0.0,0.7749182663330499,0.7749182663330499,0.0,0.0,0.030796166734257557,0.046467976048798154,0.046467976048798154
"subset_eq(index(cardinality(intersection(A, B)), union(A, B)), index(cardinality(intersection(A, B)), B))",0.7846093197464546,0.0,0.06782106733086435,1.0,1.0,complement-symmetric-entropy-v1,0.7846093197464546,0.0,0.0,1.0,1.0,0.0,0.0,0.06782106733086435,0.0,0.0
"subset_eq(intersection(A, index(cardinality(B), union(A, B))), index(cardinality(A), union(difference(A, B), difference(B, A))))",0.6046250269735032,0.0,0.05853860808717681,0.8013556222223233,0.8013556222223233,complement-symmetric-entropy-v1,0.6046250269735032,0.0,0.0,0.7928234763730424,0.7928234763730424,0.0,0.0,0.05853860808717681,0.008532145849280859,0.008532145849280859
"subset_eq(index(cardinality(difference(A, B)), B), union(index(cardinality(A), B), index(cardinality(B), union(A, B))))",0.0,0.0,1.0,0.3203484623850793,1.0,complement-symmetric-entropy-v1,0.0,0.0,1.0,0.4906795285185508,1.0,0.0,0.0,0.0,-0.1703310661334715,0.0
"subset_eq(union(index(cardinality(A), union(A, B)), index(cardinality(B), union(A, B))), index(cardinality(difference(B, A)), B))",0.3015716877709391,0.32587169294160756,0.010049460706230029,0.010049460706230029,0.32587169294160756,complement-symmetric-entropy-v1,0.3015716877709391,0.3258716929416075,0.1911508645399,0.3176165670461469,0.3258716929416075,0.0,5.551115123125783e-17,-0.18110140383366996,-0.30756710633991685,5.551115123125783e-17
"and(subset_eq(index(cardinality(B), A), B), subset_eq(index(cardinality(A), difference(B, A)), index(cardinality(A), union(A, B))))",0.4644814674767531,0.0,0.040865765397771314,0.24810997064262463,0.4644814674767531,complement-symmetric-entropy-v1,0.4644814674767531,0.0,0.1169696839666371,0.4084716311248891,0.4644814674767531,0.0,0.0,-0.07610391856886578,-0.16036166048226447,0.0
"or(and(not(subset_eq(B, A)), greater_than(cardinality(A), cardinality(B))), and(subset_eq(A, difference(A, B)), equals(cardinality(A), cardinality(B))))",0.16326463485603104,0.45501432708332734,0.013958544468007816,0.013958544468007816,0.45501432708332734,complement-symmetric-entropy-v1,0.163264634856031,0.4550143270833273,0.610553443850212,0.408464424886883,0.610553443850212,5.551115123125783e-17,5.551115123125783e-17,-0.5965948993822042,-0.3945058804188752,-0.1555391167668847
"not(or(subset_eq(B, A), greater_than(cardinality(A), cardinality(B))))",1.0,0.08239226169373826,0.0,1.0,1.0,complement-symmetric-entropy-v1,1.0,0.0823922616937382,0.0823922616937382,1.0,1.0,0.0,5.551115123125783e-17,-0.0823922616937382,0.0,0.0
"or(and(not(subset_eq(A, B)), greater_than(cardinality(B), cardinality(A))), greater_than(cardinality(difference(A, B)), cardinality(intersection(A, B))))",0.05086794934597938,0.3203484623850793,0.7527089557183195,0.0,0.7527089557183195,complement-symmetric-entropy-v1,0.0508679493459793,0.3203484623850793,0.5377547939345405,0.274651045831642,0.5377547939345405,7.632783294297951e-17,0.0,0.21495416178377902,-0.274651045831642,0.21495416178377902
"or(subset_eq(intersection(A, B), index(cardinality(A), union(A, B))), subset_eq(index(cardinality(A), B), difference(B, A)))",0.0,0.0,0.8977478429951038,0.6122275569656457,0.8977478429951038,complement-symmetric-entropy-v1,0.0,0.0,0.5492609260584866,0.0,0.5492609260584866,0.0,0.0,0.34848691693661715,0.6122275569656457,0.34848691693661715
"subset_eq(intersection(A, B), index(cardinality(difference(B, A)), intersection(A, B)))",0.0,0.0,1.0,1.0,1.0,complement-symmetric-entropy-v1,0.0,0.0,1.0,1.0,1.0,0.0,0.0,0.0,0.0,0.0
"subset_eq(index(cardinality(A), union(A, B)), intersection(A, index(cardinality(B), union(A, B))))",0.0,0.6572439235041553,0.5691875863096023,0.07643378761501296,0.6572439235041553,complement-symmetric-entropy-v1,0.0,0.6572439235041553,0.6572439235041553,0.0,0.6572439235041553,0.0,0.0,-0.08805633719455297,0.07643378761501296,0.0
"subset_eq(union(difference(A, B), index(cardinality(A), difference(B, A))), index(cardinality(intersection(A, B)), A))",0.4629794232769653,0.20062592278303615,0.207041851220789,0.028273269245759014,0.4629794232769653,complement-symmetric-entropy-v1,0.4629794232769653,0.2006259227830361,0.1536127378693756,0.4972650955725056,0.4972650955725056,0.0,5.551115123125783e-17,0.0534291133514134,-0.4689918263267466,-0.034285672295540304
"or(not(greater_than(cardinality(A), cardinality(B))), subset_eq(B, index(cardinality(B), A)))",0.0,0.0,0.28348946001924225,0.8766087079029596,0.8766087079029596,complement-symmetric-entropy-v1,0.0,0.0,0.0,0.7305558677042072,0.7305558677042072,0.0,0.0,0.28348946001924225,0.14605284019875242,0.14605284019875242
"or(greater_than(cardinality(difference(B, A)), cardinality(A)), greater_than(cardinality(intersection(A, B)), cardinality(difference(A, B))))",1.0,0.06259108614261322,0.0,0.5815702960827147,1.0,complement-symmetric-entropy-v1,1.0,0.0625910861426132,0.0,0.5189155310920175,1.0,0.0,1.3877787807814457e-17,0.0,0.06265476499069722,0.0
"subset_eq(union(difference(A, B), index(cardinality(A), B)), union(index(cardinality(B), union(A, B)), index(cardinality(B), difference(A, B))))",0.18140518224567215,0.40755909221103015,0.18267186520986944,0.05785261773538086,0.40755909221103015,complement-symmetric-entropy-v1,0.1814051822456721,0.4075590922110301,0.4075590922110301,0.3434630878104874,0.4075590922110301,5.551115123125783e-17,5.551115123125783e-17,-0.22488722700116065,-0.28561047007510654,5.551115123125783e-17
"subset_eq(index(cardinality(difference(A, A)), union(difference(A, B), difference(B, A))), union(index(cardinality(A), B), index(cardinality(B), difference(A, B))))",0.0,0.0,0.41201420991697035,0.5867744326730636,0.5867744326730636,complement-symmetric-entropy-v1,0.0,0.0,0.3011816943303462,0.5675482140242581,0.5675482140242581,0.0,0.0,0.11083251558662416,0.01922621864880547,0.01922621864880547
"subset_eq(union(index(cardinality(A), B), index(cardinality(B), union(A, B))), index(cardinality(difference(B, A)), difference(A, B)))",0.0,0.5649253392316602,0.5121403759587968,0.1875308612342813,0.5649253392316602,complement-symmetric-entropy-v1,0.0,0.5649253392316602,0.5503899064074282,0.1826925418904507,0.5649253392316602,0.0,0.0,-0.03824953044863144,0.0048383193438306105,0.0
"or(subset_eq(index(cardinality(B), A), B), greater_than(cardinality(intersection(A, B)), cardinality(difference(B, A))))",0.6837554851811134,0.0,0.025067964955491684,0.6444189793313106,0.6837554851811134,complement-symmetric-entropy-v1,0.6837554851811134,0.0,0.0,0.284888746801493,0.6837554851811134,0.0,0.0,0.025067964955491684,0.35953023252981764,0.0
"subset_eq(difference(index(cardinality(A), B), index(cardinality(A), difference(B, A))), index(cardinality(difference(A, A)), A))",0.0,0.0,0.8252638875067634,0.38232376198704876,0.8252638875067634,complement-symmetric-entropy-v1,0.0,0.0,0.7322934462040112,0.0,0.7322934462040112,0.0,0.0,0.09297044130275223,0.38232376198704876,0.09297044130275223
"and(or(subset_eq(B, A), subset_eq(A, difference(A, B))), or(subset_eq(A, difference(A, A)), greater_than(cardinality(A), cardinality(B))))",0.0,0.0,1.0,0.19847255927748342,1.0,complement-symmetric-entropy-v1,0.0,0.0,1.0,0.0437218537076685,1.0,0.0,0.0,0.0,0.1547507055698149,0.0
"subset_eq(index(cardinality(intersection(A, B)), B), index(cardinality(difference(B, A)), union(A, B)))",0.0,0.4659595429081409,0.6254017729482757,0.06626644491834377,0.6254017729482757,complement-symmetric-entropy-v1,0.0,0.4659595429081409,0.3783115922629294,0.0,0.4659595429081409,0.0,0.0,0.24709018068534633,0.06626644491834377,0.1594422300401348
"and(or(subset_eq(A, difference(A, B)), greater_than(cardinality(A), cardinality(B))), subset_eq(index(cardinality(B), A), index(cardinality(A), union(A, B))))",0.30332947485491546,0.0,0.1564328310710852,0.7512132547072288,0.7512132547072288,complement-symmetric-entropy-v1,0.3033294748549154,0.0,0.6003594160403571,0.616965282467513,0.616965282467513,5.551115123125783e-17,0.0,-0.44392658496927195,0.13424797223971574,0.13424797223971574
"subset_eq(index(cardinality(difference(A, B)), intersection(A, B)), index(cardinality(A), union(A, B)))",0.0,0.0,0.70487194906638,0.3657297845325318,0.70487194906638,complement-symmetric-entropy-v1,0.0,0.0,0.6415214210483886,0.2818364592734524,0.6415214210483886,0.0,0.0,0.06335052801799135,0.08389332525907939,0.06335052801799135
"or(or(subset_eq(A, B), equals(cardinality(A), cardinality(B))), subset_eq(index(cardinality(A), union(A, B)), difference(A, B)))",0.0,0.0,0.434757466811326,0.35274313476563834,0.434757466811326,complement-symmetric-entropy-v1,0.0,0.0,0.0,0.0,0.0,0.0,0.0,0.434757466811326,0.35274313476563834,0.434757466811326
"or(subset_eq(index(cardinality(B), union(A, B)), index(cardinality(A), difference(B, A))), greater_than(cardinality(A), cardinality(difference(B, A))))",0.0,0.0,0.48518266559659995,0.27594181128551254,0.48518266559659995,complement-symmetric-entropy-v1,0.0,0.0,0.0,0.0,0.0,0.0,0.0,0.48518266559659995,0.27594181128551254,0.48518266559659995
"or(subset_eq(B, index(cardinality(B), A)), subset_eq(difference(A, B), index(cardinality(B), union(A, B))))",0.0,0.0,0.34659394499311313,0.788579035968882,0.788579035968882,complement-symmetric-entropy-v1,0.0,0.0,0.0,0.7453014550810508,0.7453014550810508,0.0,0.0,0.34659394499311313,0.04327758088783118,0.04327758088783118
"subset_eq(difference(index(cardinality(B), union(A, B)), index(cardinality(A), difference(B, A))), difference(difference(A, B), index(cardinality(A), union(A, B))))",0.0,0.0,0.24237002200070001,0.49500361536824244,0.49500361536824244,complement-symmetric-entropy-v1,0.0,0.0,0.0,0.3733989657958777,0.3733989657958777,0.0,0.0,0.24237002200070001,0.12160464957236472,0.12160464957236472
"subset_eq(index(cardinality(difference(A, A)), A), index(cardinality(A), B))",0.8227196009225571,0.0,0.4411803396911569,0.8731634490113963,0.8731634490113963,complement-symmetric-entropy-v1,0.8227196009225571,0.0,0.4870542640840877,0.8652518845576788,0.8652518845576788,0.0,0.0,-0.04587392439293081,0.007911564453717546,0.007911564453717546
"and(or(subset_eq(B, difference(A, A)), greater_than(cardinality(A), cardinality(B))), subset_eq(index(cardinality(B), union(A, B)), union(difference(A, B), difference(B, A))))",0.0,0.8265181009410187,0.7491126397315191,0.1594376926441884,0.8265181009410187,complement-symmetric-entropy-v1,0.0,0.8265181009410187,0.8421437223220755,0.2161765748512765,0.8421437223220755,0.0,0.0,-0.09303108259055637,-0.056738882207088115,-0.01562562138105672
"subset_eq(difference(difference(A, B), index(cardinality(B), difference(A, B))), index(cardinality(difference(B, A)), difference(A, B)))",0.18584872757040471,0.0,0.10435671940576974,0.4755842015869728,0.4755842015869728,complement-symmetric-entropy-v1,0.1858487275704047,0.0,0.0,0.1858487275704047,0.1858487275704047,2.7755575615628914e-17,0.0,0.10435671940576974,0.2897354740165681,0.2897354740165681
"subset_eq(index(cardinality(difference(A, A)), B), index(cardinality(difference(A, A)), A))",0.0,0.5483204103904731,0.1875885223926821,0.09149443997629914,0.5483204103904731,complement-symmetric-entropy-v1,0.0,0.5483204103904731,0.3261638365103722,0.2531691596563392,0.5483204103904731,0.0,0.0,-0.13857531411769008,-0.16167471968004005,0.0
"subset_eq(index(cardinality(B), A), difference(index(cardinality(B), difference(A, B)), index(cardinality(B), union(A, B))))",0.8371050553880834,0.0,0.040446059096190035,1.0,1.0,complement-symmetric-entropy-v1,0.8371050553880834,0.0,0.0,1.0,1.0,0.0,0.0,0.040446059096190035,0.0,0.0
"and(greater_than(cardinality(A), cardinality(B)), equals(cardinality(intersection(A, B)), cardinality(difference(B, A))))",0.02138967192524832,0.8186017256136054,0.4470515270357964,0.0,0.8186017256136054,complement-symmetric-entropy-v1,0.0213896719252483,0.8186017256136054,0.6709474433055107,0.3709996015694382,0.8186017256136054,2.0816681711721685e-17,0.0,-0.22389591626971428,-0.3709996015694382,0.0
"or(greater_than(cardinality(A), cardinality(B)), subset_eq(intersection(A, B), index(cardinality(A), union(A, B))))",0.0,0.0,0.752510458205607,0.39098033469573645,0.752510458205607,complement-symmetric-entropy-v1,0.0,0.0,0.7530115928221083,0.0914024315141596,0.7530115928221083,0.0,0.0,-0.0005011346165012531,0.29957790318157684,-0.0005011346165012531
"subset_eq(union(index(cardinality(A), B), index(cardinality(B), A)), union(intersection(A, B), index(cardinality(B), union(A, B))))",0.0,0.4859412027707699,0.40835574605089464,0.033899179898257525,0.4859412027707699,complement-symmetric-entropy-v1,0.0,0.4859412027707699,0.5010439061880732,0.0,0.5010439061880732,0.0,0.0,-0.09268816013717851,0.033899179898257525,-0.015102703417303243
"subset_eq(index(cardinality(intersection(A, B)), A), difference(B, index(cardinality(A), B)))",0.7391804165668883,0.0,0.0618898783861338,0.39930038631876275,0.7391804165668883,complement-symmetric-entropy-v1,0.7391804165668883,0.0,0.0,0.3520234000764632,0.7391804165668883,0.0,0.0,0.0618898783861338,0.047276986242299535,0.0
"and(not(or(subset_eq(A, B), subset_eq(B, A))), subset_eq(B, index(cardinality(A), union(A, B))))",0.32915606809853304,0.528362852866046,0.0,0.0,0.528362852866046,complement-symmetric-entropy-v1,0.329156068098533,0.528362852866046,0.7349407495470102,0.8397076451525027,0.8397076451525027,5.551115123125783e-17,0.0,-0.7349407495470102,-0.8397076451525027,-0.31134479228645673
"subset_eq(union(intersection(A, B), index(cardinality(B), union(A, B))), union(index(cardinality(A), B), index(cardinality(B), A)))",0.0,0.0,0.5214948854472577,0.551161137528424,0.551161137528424,complement-symmetric-entropy-v1,0.0,0.0,0.5478925798424226,0.5777469410768895,0.5777469410768895,0.0,0.0,-0.026397694395164817,-0.026585803548465514,-0.026585803548465514
"and(not(and(subset_eq(A, B), subset_eq(B, A))), subset_eq(index(cardinality(A), B), difference(B, A)))",0.014684099571809828,0.014684099571809828,0.5062290799545413,0.22717057917585493,0.5062290799545413,complement-symmetric-entropy-v1,0.0146840995718098,0.0146840995718098,0.3489755657163879,0.0750448492833363,0.3489755657163879,2.7755575615628914e-17,2.7755575615628914e-17,0.15725351423815337,0.15212572989251863,0.15725351423815337
"subset_eq(index(cardinality(intersection(A, B)), A), index(cardinality(B), difference(A, B)))",0.0,0.0,0.2550105531864377,0.8513511603973047,0.8513511603973047,complement-symmetric-entropy-v1,0.0,0.0,0.0,0.6632452463468914,0.6632452463468914,0.0,0.0,0.2550105531864377,0.18810591405041333,0.18810591405041333
"and(subset_eq(index(cardinality(B), A), index(cardinality(B), difference(A, B))), subset_eq(index(cardinality(A), union(A, B)), index(cardinality(A), B)))",0.0,0.0,0.22556683405650457,0.8559645175417971,0.8559645175417971,complement-symmetric-entropy-v1,0.0,0.0,0.0,0.6594631485820697,0.6594631485820697,0.0,0.0,0.22556683405650457,0.19650136895972747,0.19650136895972747
"and(or(subset_eq(B, difference(A, A)), equals(cardinality(A), cardinality(B))), subset_eq(difference(B, A), index(cardinality(A), union(A, B))))",0.0,0.3719293214230125,0.412761286542747,0.23715410829179917,0.412761286542747,complement-symmetric-entropy-v1,0.0,0.3719293214230125,0.409087862012345,0.3070183659185467,0.409087862012345,0.0,0.0,0.0036734245304020363,-0.06986425762674753,0.0036734245304020363
"and(not(subset_eq(union(A, B), difference(A, A))), subset_eq(difference(A, B), index(cardinality(B), union(A, B))))",0.6232990182031033,0.00358445357617021,0.1413339024573973,0.8973485483759598,0.8973485483759598,complement-symmetric-entropy-v1,0.6232990182031033,0.0035844535761702,0.0,0.9672687255608222,0.9672687255608222,0.0,9.974659986866641e-18,0.1413339024573973,-0.06992017718486243,-0.06992017718486243
"subset_eq(difference(index(cardinality(A), union(A, B)), intersection(A, B)), union(index(cardinality(B), A), index(cardinality(A), difference(B, A))))",0.0,0.0,0.4209342815057957,0.2021109815759322,0.4209342815057957,complement-symmetric-entropy-v1,0.0,0.0,0.3187656654125549,0.0,0.3187656654125549,0.0,0.0,0.1021686160932408,0.2021109815759322,0.1021686160932408
"subset_eq(index(cardinality(B), union(difference(A, B), difference(B, A))), difference(union(A, B), index(cardinality(B), A)))",0.7177059374374843,0.0,0.023231729001212398,0.895040135528909,0.895040135528909,complement-symmetric-entropy-v1,0.7177059374374843,0.0,0.0,0.7177059374374843,0.7177059374374843,0.0,0.0,0.023231729001212398,0.1773341980914247,0.1773341980914247
"subset_eq(index(cardinality(A), union(difference(A, B), difference(B, A))), difference(index(cardinality(B), union(A, B)), index(cardinality(A), union(A, B))))",0.0,1.0,0.2521301711307924,0.040865765397771314,1.0,complement-symmetric-entropy-v1,0.0,1.0,0.397715004102209,0.0,1.0,0.0,0.0,-0.1455848329714166,0.040865765397771314,0.0
"and(not(subset_eq(B, A)), subset_eq(index(cardinality(B), difference(A, B)), index(cardinality(B), union(A, B))))",1.0,0.10525736371799088,0.0,0.9668879977626516,1.0,complement-symmetric-entropy-v1,1.0,0.1052573637179908,0.1052573637179908,0.9349464835874288,1.0,0.0,8.326672684688674e-17,-0.1052573637179908,0.03194151417522273,0.0
"or(greater_than(cardinality(B), cardinality(A)), and(not(subset_eq(A, B)), subset_eq(B, difference(A, A))))",0.0031518692505670964,0.0031518692505670964,0.07797093580829151,0.712731715714571,0.712731715714571,complement-symmetric-entropy-v1,0.003151869250567,0.003151869250567,0.0490992402405707,0.9673752669994132,0.9673752669994132,9.627715291671279e-17,9.627715291671279e-17,0.02887169556772081,-0.2546435512848423,-0.2546435512848423
"or(subset_eq(index(cardinality(A), union(A, B)), B), subset_eq(index(cardinality(B), A), index(cardinality(A), union(A, B))))",0.0,0.0,0.4459957648037214,0.7451984570885329,0.7451984570885329,complement-symmetric-entropy-v1,0.0,0.0,0.0,0.0,0.0,0.0,0.0,0.4459957648037214,0.7451984570885329,0.7451984570885329
"subset_eq(difference(union(difference(A, B), difference(B, A)), index(cardinality(B), difference(A, B))), index(cardinality(difference(A, B)), union(A, B)))",0.24539183533090314,0.24539183533090314,0.19923414695246744,0.19923414695246744,0.24539183533090314,complement-symmetric-entropy-v1,0.2453918353309031,0.2453918353309031,0.3334053622309589,0.3334053622309589,0.3334053622309589,2.7755575615628914e-17,2.7755575615628914e-17,-0.13417121527849146,-0.13417121527849146,-0.08801352690005576
"subset_eq(index(cardinality(difference(A, A)), difference(B, A)), index(cardinality(difference(A, B)), B))",0.0,0.0,0.46025926790769556,0.245454417284647,0.46025926790769556,complement-symmetric-entropy-v1,0.0,0.0,0.2080914218151158,0.0,0.2080914218151158,0.0,0.0,0.25216784609257975,0.245454417284647,0.25216784609257975
"subset_eq(index(cardinality(B), union(A, B)), index(cardinality(difference(A, A)), difference(A, B)))",0.0,0.0,0.33429889532769086,1.0,1.0,complement-symmetric-entropy-v1,0.0,0.0,0.0,1.0,1.0,0.0,0.0,0.33429889532769086,0.0,0.0
"or(subset_eq(intersection(A, B), index(cardinality(B), A)), subset_eq(index(cardinality(A), union(A, B)), index(cardinality(A), B)))",0.0,0.0,0.6252585517310527,0.6166457691186131,0.6252585517310527,complement-symmetric-entropy-v1,0.0,0.0,0.0,0.0,0.0,0.0,0.0,0.6252585517310527,0.6166457691186131,0.6252585517310527
"subset_eq(union(index(cardinality(A), difference(B, A)), index(cardinality(B), union(A, B))), index(cardinality(intersection(A, B)), index(cardinality(A), union(A, B))))",0.4919238402111483,0.0,0.11881483579112917,0.43801430002791764,0.4919238402111483,complement-symmetric-entropy-v1,0.4919238402111483,0.0,0.084401180448607,0.6112878425258903,0.6112878425258903,0.0,0.0,0.034413655342522165,-0.17327354249797267,-0.11936400231474198
"subset_eq(index(cardinality(difference(A, B)), union(A, B)), union(A, index(cardinality(B), union(A, B))))",0.0,0.6874374916313883,0.5067402222597748,0.03647150016123257,0.6874374916313883,complement-symmetric-entropy-v1,0.0,0.6874374916313883,0.5007377921324465,0.0,0.6874374916313883,0.0,0.0,0.006002430127328262,0.03647150016123257,0.0
"or(subset_eq(A, difference(A, A)), subset_eq(B, index(cardinality(B), A)))",0.0,0.0,1.0,0.6155682611768216,1.0,complement-symmetric-entropy-v1,0.0,0.0,1.0,0.639577620666542,1.0,0.0,0.0,0.0,-0.024009359489720383,0.0
"subset_eq(union(index(cardinality(A), difference(B, A)), index(cardinality(B), union(A, B))), intersection(B, index(cardinality(A), union(A, B))))",0.5702703110496323,0.0,0.08676124055313716,0.31789241008119484,0.5702703110496323,complement-symmetric-entropy-v1,0.5702703110496323,0.0,0.0508679493459793,0.5702703110496323,0.5702703110496323,0.0,0.0,0.03589329120715786,-0.2523779009684375,0.0
"and(subset_eq(intersection(A, B), index(cardinality(A), union(A, B))), subset_eq(index(cardinality(B), union(A, B)), A))",0.0,0.0,0.5457597635629179,0.6029516480206212,0.6029516480206212,complement-symmetric-entropy-v1,0.0,0.0,0.5864906711452169,0.7275147397646937,0.7275147397646937,0.0,0.0,-0.040730907582299025,-0.12456309174407254,-0.12456309174407254
"or(subset_eq(difference(A, B), index(cardinality(A), union(A, B))), subset_eq(index(cardinality(A), difference(B, A)), A))",0.0,0.0,0.6352581104393749,0.3075475019274484,0.6352581104393749,complement-symmetric-entropy-v1,0.0,0.0,0.0,0.0,0.0,0.0,0.0,0.6352581104393749,0.3075475019274484,0.6352581104393749
"subset_eq(index(cardinality(difference(A, A)), difference(A, B)), difference(index(cardinality(B), union(A, B)), index(cardinality(B), A)))",0.6578304709744609,0.0,0.07738143767113448,1.0,1.0,complement-symmetric-entropy-v1,0.6578304709744609,0.0,0.0,1.0,1.0,0.0,0.0,0.07738143767113448,0.0,0.0
"subset_eq(difference(index(cardinality(A), union(A, B)), index(cardinality(B), difference(A, B))), index(cardinality(B), union(difference(A, B), difference(B, A))))",0.0,0.787779850035025,0.7619030598876997,0.07550314355726251,0.787779850035025,complement-symmetric-entropy-v1,0.0,0.787779850035025,0.8317656320680629,0.0,0.8317656320680629,0.0,0.0,-0.06986257218036318,0.07550314355726251,-0.043985782033037824
"or(subset_eq(intersection(A, B), index(cardinality(B), union(A, B))), subset_eq(union(difference(A, B), difference(B, A)), index(cardinality(A), B)))",0.0,0.0,0.7073346998447991,0.5273891216490957,0.7073346998447991,complement-symmetric-entropy-v1,0.0,0.0,0.3821720854852444,0.4188197279356147,0.4188197279356147,0.0,0.0,0.32516261435955474,0.10856939371348096,0.2885149719091844
"and(not(subset_eq(B, A)), greater_than(cardinality(B), cardinality(difference(A, B))))",1.0,0.06626644491834377,0.0,1.0,1.0,complement-symmetric-entropy-v1,1.0,0.0662664449183437,0.0662664449183437,1.0,1.0,0.0,6.938893903907228e-17,-0.0662664449183437,0.0,0.0
"subset_eq(union(intersection(A, B), index(cardinality(A), union(A, B))), union(index(cardinality(B), A), index(cardinality(A), difference(B, A))))",0.0,0.0,0.7324424975185981,0.483264426396827,0.7324424975185981,complement-symmetric-entropy-v1,0.0,0.0,0.7418079933862716,0.5300710704149199,0.7418079933862716,0.0,0.0,-0.009365495867673435,-0.04680664401809287,-0.009365495867673435
"or(and(not(subset_eq(B, A)), greater_than(cardinality(A), cardinality(B))), subset_eq(difference(A, B), index(cardinality(B), union(A, B))))",0.3016596266988846,0.0,0.16358865949074153,0.6512888085076088,0.6512888085076088,complement-symmetric-entropy-v1,0.3016596266988846,0.0,0.0,0.4759819407695087,0.4759819407695087,0.0,0.0,0.16358865949074153,0.17530686773810011,0.17530686773810011
"subset_eq(union(intersection(A, B), index(cardinality(B), A)), index(cardinality(difference(A, B)), union(A, B)))",0.3640062334876999,0.0,0.10525736371799088,0.8439765914060857,0.8439765914060857,complement-symmetric-entropy-v1,0.3640062334876999,0.0,0.6656365995154376,0.882098025996828,0.882098025996828,0.0,0.0,-0.5603792357974468,-0.03812143459074224,-0.03812143459074224
"or(subset_eq(index(cardinality(A), union(A, B)), index(cardinality(A), B)), equals(cardinality(B), cardinality(difference(A, B))))",0.0,0.0,0.42892286984372296,0.42892286984372296,0.42892286984372296,complement-symmetric-entropy-v1,0.0,0.0,0.0,0.0,0.0,0.0,0.0,0.42892286984372296,0.42892286984372296,0.42892286984372296
"and(subset_eq(A, difference(A, B)), or(subset_eq(B, A), equals(cardinality(A), cardinality(B))))",0.0,0.3777215870004639,0.7233016589802559,0.3624292635185338,0.7233016589802559,complement-symmetric-entropy-v1,0.0,0.3777215870004639,0.7366998542551584,0.6258231687212563,0.7366998542551584,0.0,0.0,-0.013398195274902491,-0.26339390520272254,-0.013398195274902491
"subset_eq(union(index(cardinality(B), A), index(cardinality(A), union(A, B))), union(B, index(cardinality(B), difference(A, B))))",0.0,0.0,0.2913452552460203,0.5033743603587242,0.5033743603587242,complement-symmetric-entropy-v1,0.0,0.0,0.0,0.3227048939082928,0.3227048939082928,0.0,0.0,0.2913452552460203,0.18066946645043136,0.18066946645043136
"or(subset_eq(index(cardinality(A), union(A, B)), difference(A, B)), greater_than(cardinality(difference(A, B)), cardinality(intersection(A, B))))",0.0,0.47629997061938056,0.9207663866375381,0.047750464001552695,0.9207663866375381,complement-symmetric-entropy-v1,0.0,0.4762999706193805,0.8903491595887943,0.0,0.8903491595887943,0.0,5.551115123125783e-17,0.030417227048743722,0.047750464001552695,0.030417227048743722
"subset_eq(index(cardinality(difference(A, A)), B), index(cardinality(B), A))",0.0,0.8227196009225571,0.8731634490113963,0.4411803396911569,0.8731634490113963,complement-symmetric-entropy-v1,0.0,0.8227196009225571,0.8652518845576788,0.4870542640840877,0.8652518845576788,0.0,0.0,0.007911564453717546,-0.04587392439293081,0.007911564453717546
"subset_eq(difference(index(cardinality(B), union(A, B)), index(cardinality(A), union(A, B))), index(cardinality(difference(B, A)), union(difference(A, B), difference(B, A))))",0.0,0.0,0.35986912663893134,0.8417270622923491,0.8417270622923491,complement-symmetric-entropy-v1,0.0,0.0,0.0,0.8615227765978993,0.8615227765978993,0.0,0.0,0.35986912663893134,-0.01979571430555027,-0.01979571430555027
"or(subset_eq(intersection(A, B), index(cardinality(A), B)), subset_eq(index(cardinality(B), union(A, B)), B))",0.0,0.0,0.3654345110716266,0.765698871085138,0.765698871085138,complement-symmetric-entropy-v1,0.0,0.0,0.0,0.6528982256070348,0.6528982256070348,0.0,0.0,0.3654345110716266,0.1128006454781032,0.1128006454781032
"subset_eq(intersection(A, index(cardinality(B), union(A, B))), index(cardinality(difference(B, A)), difference(A, B)))",0.0,0.0,0.2942665586827006,0.5775620747051425,0.5775620747051425,complement-symmetric-entropy-v1,0.0,0.0,0.0,0.3719234802612393,0.3719234802612393,0.0,0.0,0.2942665586827006,0.20563859444390326,0.20563859444390326
"or(subset_eq(index(cardinality(B), union(A, B)), difference(A, B)), subset_eq(index(cardinality(A), union(A, B)), index(cardinality(B), A)))",0.0,0.0,0.48388979618839445,0.4331742469912765,0.48388979618839445,complement-symmetric-entropy-v1,0.0,0.0,0.0,0.0,0.0,0.0,0.0,0.48388979618839445,0.4331742469912765,0.48388979618839445
"subset_eq(index(cardinality(difference(A, B)), A), union(difference(A, B), index(cardinality(B), union(A, B))))",0.0,0.0,0.764599316062181,0.29875675853124395,0.764599316062181,complement-symmetric-entropy-v1,0.0,0.0,0.8125789717940481,0.2816625454476998,0.8125789717940481,0.0,0.0,-0.04797965573186713,0.01709421308354414,-0.04797965573186713
"and(not(subset_eq(B, difference(A, A))), subset_eq(index(cardinality(B), A), difference(A, B)))",0.4702428024671017,0.2567882728680404,0.0,0.8110447260080818,0.8110447260080818,complement-symmetric-entropy-v1,0.4702428024671017,0.2567882728680404,0.0,0.5830883147706316,0.5830883147706316,0.0,0.0,0.0,0.22795641123745014,0.22795641123745014
"or(or(subset_eq(A, B), greater_than(cardinality(A), cardinality(B))), equals(cardinality(intersection(A, B)), cardinality(difference(B, A))))",0.0,0.0,0.5295509370721969,0.2351240909922545,0.5295509370721969,complement-symmetric-entropy-v1,0.0,0.0,0.0,0.0,0.0,0.0,0.0,0.5295509370721969,0.2351240909922545,0.5295509370721969
"subset_eq(union(index(cardinality(A), B), index(cardinality(B), difference(A, B))), union(intersection(A, B), index(cardinality(A), difference(B, A))))",0.4775012733051509,0.0,0.03685208408560037,0.34728912382100685,0.4775012733051509,complement-symmetric-entropy-v1,0.4775012733051509,0.0,0.1470990002603565,0.4775012733051509,0.4775012733051509,0.0,0.0,-0.11024691617475613,-0.13021214948414406,0.0
"not(subset_eq(index(cardinality(B), union(A, B)), B))",0.04128988929906696,0.7066966098983997,0.6063984596444105,0.0,0.7066966098983997,complement-symmetric-entropy-v1,0.0412898892990669,0.7066966098983997,0.7066966098983997,0.3590652872853875,0.7066966098983997,6.245004513516506e-17,0.0,-0.10029815025398914,-0.3590652872853875,0.0
"or(subset_eq(B, A), subset_eq(index(cardinality(B), A), B))",0.0,0.0,0.29464041073814295,0.6096432587978922,0.6096432587978922,complement-symmetric-entropy-v1,0.0,0.0,0.0,0.0,0.0,0.0,0.0,0.29464041073814295,0.6096432587978922,0.6096432587978922
"or(subset_eq(index(cardinality(B), A), B), subset_eq(index(cardinality(B), union(A, B)), difference(A, B)))",0.0,0.0,0.41653442213474057,0.6798518427498681,0.6798518427498681,complement-symmetric-entropy-v1,0.0,0.0,0.0,0.0,0.0,0.0,0.0,0.41653442213474057,0.6798518427498681,0.6798518427498681
"subset_eq(intersection(B, index(cardinality(A), union(A, B))), index(cardinality(A), difference(B, A)))",0.0,0.0,0.7162411359156158,0.29271261098293655,0.7162411359156158,complement-symmetric-entropy-v1,0.0,0.0,0.6664908809894832,0.0,0.6664908809894832,0.0,0.0,0.04975025492613261,0.29271261098293655,0.04975025492613261
"subset_eq(index(cardinality(A), B), index(cardinality(A), union(difference(A, B), difference(B, A))))",0.0,0.0,0.8390725867053394,0.26851649011565915,0.8390725867053394,complement-symmetric-entropy-v1,0.0,0.0,0.712999938281333,0.0,0.712999938281333,0.0,0.0,0.12607264842400634,0.26851649011565915,0.12607264842400634
"subset_eq(union(index(cardinality(A), union(A, B)), index(cardinality(B), difference(A, B))), difference(A, index(cardinality(B), union(A, B))))",0.2018821414051043,0.33154779304018855,0.004557324894777781,0.004557324894777781,0.33154779304018855,complement-symmetric-entropy-v1,0.2018821414051043,0.3315477930401885,0.2923689988033053,0.0987636879070247,0.3315477930401885,0.0,5.551115123125783e-17,-0.2878116739085275,-0.09420636301224691,5.551115123125783e-17
"subset_eq(union(index(cardinality(B), A), index(cardinality(A), difference(B, A))), index(cardinality(difference(A, A)), A))",0.0,0.22157327040029684,0.19085115698385946,0.0633032099407621,0.22157327040029684,complement-symmetric-entropy-v1,0.0,0.2215732704002968,0.2215732704002968,0.4207217634587684,0.4207217634587684,0.0,2.7755575615628914e-17,-0.030722113416437352,-0.3574185535180063,-0.19914849305847154
"and(or(or(subset_eq(A, B), subset_eq(B, A)), subset_eq(A, difference(A, B))), subset_eq(index(cardinality(B), difference(A, B)), index(cardinality(B), A)))",0.0,0.0,0.4691205654784987,0.6536152043903221,0.6536152043903221,complement-symmetric-entropy-v1,0.0,0.0,0.0,0.0713985058873782,0.0713985058873782,0.0,0.0,0.4691205654784987,0.5822166985029439,0.5822166985029439
"subset_eq(index(cardinality(B), union(difference(A, B), difference(B, A))), difference(index(cardinality(B), union(A, B)), index(cardinality(B), A)))",0.8350872860262137,0.0,0.02724048216900732,0.8457421106579619,0.8457421106579619,complement-symmetric-entropy-v1,0.8350872860262137,0.0,0.0,0.6886151525703651,0.8350872860262137,0.0,0.0,0.02724048216900732,0.1571269580875968,0.010654824631748161
"and(not(equals(cardinality(A), cardinality(B))), subset_eq(index(cardinality(B), union(A, B)), difference(B, A)))",0.6465476954240564,0.04348028881371968,0.0,0.80450863311837,0.80450863311837,complement-symmetric-entropy-v1,0.6465476954240564,0.0434802888137196,0.0434802888137196,0.706850692974675,0.706850692974675,0.0,8.326672684688674e-17,-0.0434802888137196,0.097657940143695,0.097657940143695
"subset_eq(difference(index(cardinality(B), A), index(cardinality(B), difference(A, B))), index(cardinality(intersection(A, B)), union(difference(A, B), difference(B, A))))",0.0,0.0,0.3034473430055866,0.8521120100653274,0.8521120100653274,complement-symmetric-entropy-v1,0.0,0.0,0.0,0.7423085942130605,0.7423085942130605,0.0,0.0,0.3034473430055866,0.10980341585226694,0.10980341585226694
"or(subset_eq(A, index(cardinality(A), union(A, B))), subset_eq(index(cardinality(B), union(A, B)), index(cardinality(B), A)))",0.0,0.0,0.45654311559862815,0.432032209462468,0.45654311559862815,complement-symmetric-entropy-v1,0.0,0.0,0.0,0.0,0.0,0.0,0.0,0.45654311559862815,0.432032209462468,0.45654311559862815
"or(or(subset_eq(A, B), subset_eq(B, A)), subset_eq(A, index(cardinality(A), union(A, B))))",0.0,0.0,0.44987428901432935,0.4832770024534935,0.4832770024534935,complement-symmetric-entropy-v1,0.0,0.0,0.0,0.0,0.0,0.0,0.0,0.44987428901432935,0.4832770024534935,0.4832770024534935
"and(greater_than(cardinality(A), cardinality(B)), not(subset_eq(B, difference(A, A))))",0.2748740283375283,1.0,0.0,0.0,1.0,complement-symmetric-entropy-v1,0.2748740283375283,1.0,0.7884895561525679,0.0800955096889027,1.0,0.0,0.0,-0.7884895561525679,-0.0800955096889027,0.0
"or(subset_eq(index(cardinality(B), A), B), subset_eq(index(cardinality(B), union(A, B)), union(difference(A, B), difference(B, A))))",0.0,0.0,0.615373322949039,0.7629501736489037,0.7629501736489037,complement-symmetric-entropy-v1,0.0,0.0,0.0,0.0,0.0,0.0,0.0,0.615373322949039,0.7629501736489037,0.7629501736489037
"subset_eq(difference(intersection(A, B), index(cardinality(B), A)), intersection(index(cardinality(A), union(A, B)), index(cardinality(B), union(A, B))))",0.0,0.0,0.8924205685084997,0.606223921938573,0.8924205685084997,complement-symmetric-entropy-v1,0.0,0.0,0.9010614901052836,0.739309696497897,0.9010614901052836,0.0,0.0,-0.008640921596783868,-0.13308577455932402,-0.008640921596783868
"subset_eq(difference(index(cardinality(B), union(A, B)), index(cardinality(A), B)), index(cardinality(difference(A, A)), union(difference(A, B), difference(B, A))))",0.0,0.0,0.20337679127720676,0.6079923707493052,0.6079923707493052,complement-symmetric-entropy-v1,0.0,0.0,0.0,0.5107285579024877,0.5107285579024877,0.0,0.0,0.20337679127720676,0.09726381284681751,0.09726381284681751
"and(not(subset_eq(B, difference(A, A))), subset_eq(index(cardinality(A), union(A, B)), A))",0.3124840093133443,0.6378023244010078,0.0,0.0,0.6378023244010078,complement-symmetric-entropy-v1,0.3124840093133443,0.6378023244010078,0.5119348138425546,0.0914944399762991,0.6378023244010078,0.0,0.0,-0.5119348138425546,-0.0914944399762991,0.0
"subset_eq(index(cardinality(difference(B, A)), A), index(cardinality(difference(A, A)), union(difference(A, B), difference(B, A))))",0.0,0.0,0.3659585865387669,0.6006830553535394,0.6006830553535394,complement-symmetric-entropy-v1,0.0,0.0,0.2418130428394144,0.3612721594397826,0.3612721594397826,0.0,0.0,0.12414554369935249,0.2394108959137568,0.2394108959137568
"subset_eq(union(index(cardinality(A), B), index(cardinality(A), union(A, B))), difference(difference(A, B), index(cardinality(B), difference(A, B))))",0.0,0.7757718819720881,0.7721794998972362,0.08135199451762165,0.7757718819720881,complement-symmetric-entropy-v1,0.0,0.7757718819720881,0.8032067838100108,0.0,0.8032067838100108,0.0,0.0,-0.03102728391277454,0.08135199451762165,-0.02743490183792263
"and(not(equals(cardinality(A), cardinality(B))), subset_eq(index(cardinality(A), B), A))",0.06119932254927796,0.4433536392377533,0.5692181797326632,0.0,0.5692181797326632,complement-symmetric-entropy-v1,0.0611993225492779,0.4433536392377533,0.2890562085125632,0.007348220647921,0.4433536392377533,5.551115123125783e-17,0.0,0.2801619712201,-0.007348220647921,0.12586454049490992
"not(equals(cardinality(intersection(A, B)), cardinality(difference(B, A))))",0.1479709544240677,0.1479709544240677,0.0,0.6013459138087915,0.6013459138087915,complement-symmetric-entropy-v1,0.1479709544240677,0.1479709544240677,0.0530959317047842,0.1479709544240677,0.1479709544240677,0.0,0.0,-0.0530959317047842,0.45337495938472383,0.45337495938472383
"subset_eq(difference(index(cardinality(A), union(A, B)), B), index(cardinality(difference(A, A)), A))",0.0,0.0,0.46369988922686856,0.562397155318496,0.562397155318496,complement-symmetric-entropy-v1,0.0,0.0,0.0,0.0,0.0,0.0,0.0,0.46369988922686856,0.562397155318496,0.562397155318496
"and(or(subset_eq(A, B), equals(cardinality(A), cardinality(B))), not(subset_eq(B, difference(A, A))))",0.5790442191331957,0.07025150629826582,0.0,0.47333977838798724,0.5790442191331957,complement-symmetric-entropy-v1,0.5790442191331957,0.0702515062982658,0.0,0.5790442191331957,0.5790442191331957,0.0,1.3877787807814457e-17,0.0,-0.10570444074520846,0.0
"and(or(subset_eq(B, A), greater_than(cardinality(B), cardinality(A))), greater_than(cardinality(B), cardinality(difference(A, B))))",0.7711080535393678,0.06259108614261322,0.0,0.7140990576691815,0.7711080535393678,complement-symmetric-entropy-v1,0.7711080535393678,0.0625910861426132,0.0,0.5189155310920175,0.7711080535393678,0.0,1.3877787807814457e-17,0.0,0.19518352657716398,0.0
"subset_eq(index(cardinality(difference(A, A)), A), difference(A, index(cardinality(B), union(A, B))))",1.0,0.0,0.02292604117534558,0.4163349780787877,1.0,complement-symmetric-entropy-v1,1.0,0.0,0.0,0.3627713421720913,1.0,0.0,0.0,0.02292604117534558,0.05356363590669644,0.0
"subset_eq(difference(difference(B, A), index(cardinality(A), difference(B, A))), index(cardinality(difference(B, A)), union(A, B)))",0.0,0.5480962016950246,1.0,0.1711375162970944,1.0,complement-symmetric-entropy-v1,0.0,0.5480962016950246,1.0,0.0,1.0,0.0,0.0,0.0,0.1711375162970944,0.0
"subset_eq(index(cardinality(difference(A, B)), union(difference(A, B), difference(B, A))), index(cardinality(B), union(A, B)))",0.0,0.6198909329649126,0.5527998454131349,0.06861773876328658,0.6198909329649126,complement-symmetric-entropy-v1,0.0,0.6198909329649126,0.6198909329649126,0.0,0.6198909329649126,0.0,0.0,-0.06709108755177773,0.06861773876328658,0.0
"subset_eq(index(cardinality(A), union(difference(A, B), difference(B, A))), difference(union(A, B), index(cardinality(A), union(A, B))))",0.0,1.0,0.2255870796681887,0.03685208408560037,1.0,complement-symmetric-entropy-v1,0.0,1.0,0.2449027926916487,0.0,1.0,0.0,0.0,-0.019315713023459996,0.03685208408560037,0.0
"subset_eq(difference(index(cardinality(A), union(A, B)), index(cardinality(B), difference(A, B))), difference(index(cardinality(B), union(A, B)), A))",0.0,0.7261352040316003,0.7563593134873243,0.08239226169373826,0.7563593134873243,complement-symmetric-entropy-v1,0.0,0.7261352040316003,0.8328785450749492,0.0,0.8328785450749492,0.0,0.0,-0.07651923158762486,0.08239226169373826,-0.07651923158762486
"or(subset_eq(difference(A, B), index(cardinality(B), union(A, B))), subset_eq(index(cardinality(A), union(A, B)), difference(B, A)))",0.0,0.0,0.5019504017334903,0.5082616650932463,0.5082616650932463,complement-symmetric-entropy-v1,0.0,0.0,0.0,0.0,0.0,0.0,0.0,0.5019504017334903,0.5082616650932463,0.5082616650932463
"subset_eq(index(cardinality(A), union(A, B)), difference(index(cardinality(B), union(A, B)), B))",0.0,0.6736981809450868,0.7188519644432146,0.09149443997629914,0.7188519644432146,complement-symmetric-entropy-v1,0.0,0.6736981809450868,0.694669487742104,0.0,0.694669487742104,0.0,0.0,0.024182476701110622,0.09149443997629914,0.024182476701110622
"subset_eq(index(cardinality(A), union(A, B)), union(intersection(A, B), index(cardinality(B), difference(A, B))))",0.0,0.6095526608710172,0.5131004062947826,0.06119932254927796,0.6095526608710172,complement-symmetric-entropy-v1,0.0,0.6095526608710172,0.3707463020299673,0.0,0.6095526608710172,0.0,0.0,0.14235410426481532,0.06119932254927796,0.0
"or(subset_eq(B, index(cardinality(A), B)), equals(cardinality(intersection(A, B)), cardinality(difference(B, A))))",0.0,0.27052624101076406,0.17543360948377917,0.17543360948377917,0.27052624101076406,complement-symmetric-entropy-v1,0.0,0.270526241010764,0.2588799397158904,0.6022702181191465,0.6022702181191465,0.0,5.551115123125783e-17,-0.08344633023211123,-0.4268366086353673,-0.33174397710838244
"subset_eq(difference(union(difference(A, B), difference(B, A)), index(cardinality(B), difference(A, B))), index(cardinality(difference(B, A)), union(A, B)))",0.1639380181800657,0.38177620519774813,0.12182877448082996,0.06624965665419469,0.38177620519774813,complement-symmetric-entropy-v1,0.1639380181800657,0.3817762051977481,0.3683146084197409,0.2678961210727436,0.3817762051977481,0.0,5.551115123125783e-17,-0.24648583393891094,-0.2016464644185489,5.551115123125783e-17
"and(not(subset_eq(B, A)), subset_eq(index(cardinality(B), A), difference(A, B)))",0.8828145566023111,0.115170740269666,0.0,1.0,1.0,complement-symmetric-entropy-v1,0.8828145566023111,0.115170740269666,0.115170740269666,1.0,1.0,0.0,0.0,-0.115170740269666,0.0,0.0
"and(or(subset_eq(B, A), greater_than(cardinality(B), cardinality(A))), or(subset_eq(A, difference(A, B)), equals(cardinality(A), cardinality(B))))",0.0,0.0,0.4210931211936346,0.6974588267206596,0.6974588267206596,complement-symmetric-entropy-v1,0.0,0.0,0.3935147278880677,0.4567517218285754,0.4567517218285754,0.0,0.0,0.02757839330556694,0.24070710489208424,0.24070710489208424
"subset_eq(index(cardinality(A), B), union(A, index(cardinality(B), union(A, B))))",0.0,0.7299449285617428,0.8320590000002845,0.028509066944489736,0.8320590000002845,complement-symmetric-entropy-v1,0.0,0.7299449285617428,0.7564393704435831,0.0,0.7564393704435831,0.0,0.0,0.07561962955670143,0.028509066944489736,0.07561962955670143
"equals(cardinality(A), cardinality(index(cardinality(A), difference(B, A))))",0.6969736688143195,0.1653190677944224,0.02095946729485665,0.02095946729485665,0.6969736688143195,complement-symmetric-entropy-v1,0.6969736688143195,0.1653190677944224,0.5421198793496136,0.7485017127154908,0.7485017127154908,0.0,0.0,-0.5211604120547569,-0.7275422454206342,-0.05152804390117127
"subset_eq(difference(difference(A, B), index(cardinality(B), A)), index(cardinality(intersection(A, B)), difference(A, B)))",0.32088304893976294,0.0,0.3595243191974934,0.8818788593500099,0.8818788593500099,complement-symmetric-entropy-v1,0.3208830489397629,0.0,0.0,0.7339257114353287,0.7339257114353287,5.551115123125783e-17,0.0,0.3595243191974934,0.14795314791468117,0.14795314791468117
"subset_eq(index(cardinality(difference(B, A)), intersection(A, B)), index(cardinality(difference(B, A)), B))",0.0,0.0,0.7928094437622925,0.736163226547881,0.7928094437622925,complement-symmetric-entropy-v1,0.0,0.0,0.3566910880305955,0.0,0.3566910880305955,0.0,0.0,0.43611835573169694,0.736163226547881,0.43611835573169694
"equals(cardinality(difference(B, A)), cardinality(index(cardinality(B), A)))",0.19072564798117875,0.37413243844408983,0.015072455573367893,0.015072455573367893,0.37413243844408983,complement-symmetric-entropy-v1,0.1907256479811787,0.3741324384440898,0.3741324384440898,0.1907256479811787,0.3741324384440898,5.551115123125783e-17,5.551115123125783e-17,-0.3590599828707219,-0.1756531924078108,5.551115123125783e-17
"subset_eq(index(cardinality(difference(B, A)), union(difference(A, B), difference(B, A))), difference(index(cardinality(B), union(A, B)), index(cardinality(B), difference(A, B))))",0.46334017925852344,0.0,0.038015294801239,1.0,1.0,complement-symmetric-entropy-v1,0.4633401792585234,0.0,0.0,1.0,1.0,5.551115123125783e-17,0.0,0.038015294801239,0.0,0.0
"subset_eq(intersection(B, index(cardinality(B), union(A, B))), index(cardinality(difference(A, B)), intersection(A, B)))",0.0,0.0,0.3101443031379024,0.5631216522215531,0.5631216522215531,complement-symmetric-entropy-v1,0.0,0.0,0.0,0.2265457729619709,0.2265457729619709,0.0,0.0,0.3101443031379024,0.3365758792595822,0.3365758792595822
"subset_eq(union(index(cardinality(A), difference(B, A)), index(cardinality(B), difference(A, B))), difference(index(cardinality(A), B), index(cardinality(B), union(A, B))))",0.5771208429381045,0.0,0.03354386821316302,0.2585051297263029,0.5771208429381045,complement-symmetric-entropy-v1,0.5771208429381045,0.0,0.0782775411341285,0.5771208429381045,0.5771208429381045,0.0,0.0,-0.044733672920965487,-0.3186157132118016,0.0
"subset_eq(difference(index(cardinality(B), A), B), index(cardinality(difference(B, A)), union(difference(A, B), difference(B, A))))",0.0,0.0,0.28491785948388537,0.6860204202495696,0.6860204202495696,complement-symmetric-entropy-v1,0.0,0.0,0.0,0.2551596144215764,0.2551596144215764,0.0,0.0,0.28491785948388537,0.43086080582799313,0.43086080582799313
"subset_eq(difference(index(cardinality(A), union(A, B)), A), index(cardinality(difference(A, A)), B))",0.0,0.0,0.7750735967176239,0.3349926061560259,0.7750735967176239,complement-symmetric-entropy-v1,0.0,0.0,0.6909556356748168,0.0,0.6909556356748168,0.0,0.0,0.08411796104280711,0.3349926061560259,0.08411796104280711
"subset_eq(difference(index(cardinality(B), union(A, B)), intersection(A, B)), index(cardinality(intersection(A, B)), A))",0.0,0.0,0.4275717631799092,0.4275717631799092,0.4275717631799092,complement-symmetric-entropy-v1,0.0,0.0,0.0,0.0,0.0,0.0,0.0,0.4275717631799092,0.4275717631799092,0.4275717631799092
"subset_eq(difference(difference(A, B), index(cardinality(B), difference(A, B))), index(cardinality(difference(B, A)), union(difference(A, B), difference(B, A))))",0.2460017445751237,0.0,0.14199628403734255,0.5677059303670426,0.5677059303670426,complement-symmetric-entropy-v1,0.2460017445751237,0.0,0.0,0.3033989416167024,0.3033989416167024,0.0,0.0,0.14199628403734255,0.26430698875034025,0.26430698875034025
"subset_eq(union(A, index(cardinality(A), difference(B, A))), index(cardinality(A), B))",0.7199985426790414,0.0,0.6259846090721621,1.0,1.0,complement-symmetric-entropy-v1,0.7199985426790414,0.0,0.7057421539875837,1.0,1.0,0.0,0.0,-0.07975754491542153,0.0,0.0
"and(subset_eq(index(cardinality(B), A), index(cardinality(A), union(A, B))), equals(cardinality(B), cardinality(difference(A, B))))",0.27145097624463477,0.3442652815372935,0.025223693767507993,0.025223693767507993,0.3442652815372935,complement-symmetric-entropy-v1,0.2714509762446347,0.3442652815372935,0.4972498871138747,0.4288735707704776,0.4972498871138747,5.551115123125783e-17,0.0,-0.4720261933463667,-0.4036498770029696,-0.15298460557658117
"subset_eq(union(index(cardinality(B), A), index(cardinality(A), union(A, B))), index(cardinality(difference(B, A)), union(difference(A, B), difference(B, A))))",0.0,0.3536023644119093,0.3177721072741809,0.10525736371799088,0.3536023644119093,complement-symmetric-entropy-v1,0.0,0.3536023644119093,0.3692883993512078,0.2183741097223931,0.3692883993512078,0.0,0.0,-0.05151629207702685,-0.11311674600440222,-0.015686034939298488
"and(not(equals(cardinality(A), cardinality(B))), subset_eq(intersection(A, B), index(cardinality(A), union(A, B))))",0.002338185609383703,0.002338185609383703,0.2627936841420514,0.3996189662441846,0.3996189662441846,complement-symmetric-entropy-v1,0.0023381856093837,0.0023381856093837,0.555607968302888,0.6558514990639783,0.6558514990639783,2.6020852139652106e-18,2.6020852139652106e-18,-0.29281428416083655,-0.25623253281979375,-0.25623253281979375
"or(subset_eq(index(cardinality(A), union(A, B)), A), equals(cardinality(intersection(A, B)), cardinality(difference(A, B))))",0.0,0.0,0.5710780213786568,0.18140518224567215,0.5710780213786568,complement-symmetric-entropy-v1,0.0,0.0,0.5567472874366544,0.0,0.5567472874366544,0.0,0.0,0.01433073394200246,0.18140518224567215,0.01433073394200246
"subset_eq(difference(A, index(cardinality(A), B)), index(cardinality(difference(B, A)), union(A, B)))",0.5710780213786568,0.0,0.7010515894809826,0.9531476247236633,0.9531476247236633,complement-symmetric-entropy-v1,0.5710780213786568,0.0,0.528400684060352,0.962565860598222,0.962565860598222,0.0,0.0,0.17265090542063055,-0.0094182358745587,-0.0094182358745587
"subset_eq(union(index(cardinality(A), difference(B, A)), index(cardinality(B), union(A, B))), index(cardinality(difference(A, A)), union(difference(A, B), difference(B, A))))",0.0,0.0,0.31465995172145134,0.3752559788059898,0.3752559788059898,complement-symmetric-entropy-v1,0.0,0.0,0.0978007691539006,0.4515546306490994,0.4515546306490994,0.0,0.0,0.21685918256755074,-0.07629865184310958,-0.07629865184310958
"subset_eq(index(cardinality(A), union(A, B)), difference(B, index(cardinality(A), B)))",0.0,0.7784476979728258,0.6442817375176753,0.059189042857587415,0.7784476979728258,complement-symmetric-entropy-v1,0.0,0.7784476979728258,0.6731234447772949,0.0,0.7784476979728258,0.0,0.0,-0.028841707259619653,0.059189042857587415,0.0
"and(and(not(subset_eq(A, B)), greater_than(cardinality(B), cardinality(A))), subset_eq(index(cardinality(A), B), difference(B, A)))",0.6096432587978922,0.29464041073814295,0.0,0.0,0.6096432587978922,complement-symmetric-entropy-v1,0.6096432587978922,0.2946404107381429,0.3690491369307661,0.6398935644742921,0.6398935644742921,0.0,5.551115123125783e-17,-0.3690491369307661,-0.6398935644742921,-0.03025030567639997
"subset_eq(intersection(A, index(cardinality(A), union(A, B))), index(cardinality(difference(B, A)), intersection(A, B)))",0.0,0.0,0.5631216522215531,0.3101443031379024,0.5631216522215531,complement-symmetric-entropy-v1,0.0,0.0,0.2265457729619709,0.0,0.2265457729619709,0.0,0.0,0.3365758792595822,0.3101443031379024,0.3365758792595822
"subset_eq(index(cardinality(B), union(A, B)), difference(B, index(cardinality(A), difference(B, A))))",0.5254838655390537,0.0,0.04485415499027745,0.47397101464598723,0.5254838655390537,complement-symmetric-entropy-v1,0.5254838655390537,0.0,0.0,0.5728064642779274,0.5728064642779274,0.0,0.0,0.04485415499027745,-0.09883544963194013,-0.04732259873887368
"or(subset_eq(index(cardinality(B), union(A, B)), intersection(A, B)), greater_than(cardinality(difference(A, B)), cardinality(intersection(A, B))))",0.0,0.0,0.5324968139999786,0.5062290799545413,0.5324968139999786,complement-symmetric-entropy-v1,0.0,0.0,0.0,0.1877050109622551,0.1877050109622551,0.0,0.0,0.5324968139999786,0.31852406899228614,0.3447918030377235
"subset_eq(union(A, B), index(cardinality(intersection(A, B)), union(A, B)))",0.27801473339659377,0.27801473339659377,1.0,1.0,1.0,complement-symmetric-entropy-v1,0.2780147333965937,0.2780147333965937,1.0,1.0,1.0,5.551115123125783e-17,5.551115123125783e-17,0.0,0.0,0.0
"subset_eq(union(intersection(A, B), index(cardinality(A), B)), index(cardinality(difference(B, A)), union(A, B)))",0.0,0.3640062334876999,0.8439765914060857,0.10525736371799088,0.8439765914060857,complement-symmetric-entropy-v1,0.0,0.3640062334876999,0.882098025996828,0.6656365995154376,0.882098025996828,0.0,0.0,-0.03812143459074224,-0.5603792357974468,-0.03812143459074224
"subset_eq(index(cardinality(difference(B, A)), A), difference(B, index(cardinality(A), B)))",0.5120444010239394,0.0,0.04258976125940206,0.5775620747051425,0.5775620747051425,complement-symmetric-entropy-v1,0.5120444010239394,0.0,0.0,0.444267978897704,0.5120444010239394,0.0,0.0,0.04258976125940206,0.13329409580743856,0.06551767368120309
"subset_eq(union(A, index(cardinality(A), B)), difference(B, index(cardinality(A), difference(B, A))))",0.667455960264052,0.17516964209814267,0.010454211181140871,0.010454211181140871,0.667455960264052,complement-symmetric-entropy-v1,0.667455960264052,0.1751696420981426,0.0551349499375929,0.667455960264052,0.667455960264052,0.0,8.326672684688674e-17,-0.04468073875645203,-0.6570017490829111,0.0
"and(or(subset_eq(B, A), subset_eq(A, difference(A, A))), subset_eq(index(cardinality(B), A), B))",0.2736165938672718,0.0,0.19591854048173463,0.2505022406381665,0.2736165938672718,complement-symmetric-entropy-v1,0.2736165938672718,0.0,0.5151586937654049,0.1512131845343678,0.5151586937654049,0.0,0.0,-0.3192401532836703,0.0992890561037987,-0.24154209989813313
"subset_eq(union(difference(B, A), index(cardinality(B), difference(A, B))), index(cardinality(intersection(A, B)), difference(B, A)))",0.15731484496137438,0.4749246289968806,0.047379771307045626,0.3602241216432708,0.4749246289968806,complement-symmetric-entropy-v1,0.1573148449613743,0.4749246289968806,0.5840487652258364,0.1079281553704294,0.5840487652258364,8.326672684688674e-17,0.0,-0.5366689939187907,0.2522959662728414,-0.10912413622895578
"subset_eq(index(cardinality(difference(A, B)), union(A, B)), intersection(B, index(cardinality(B), A)))",0.0,0.7322533281305481,0.7593041275644418,0.5056968691637627,0.7593041275644418,complement-symmetric-entropy-v1,0.0,0.7322533281305481,0.8163722628471474,0.3909298582765359,0.8163722628471474,0.0,0.0,-0.0570681352827056,0.11476701088722674,-0.0570681352827056
"or(greater_than(cardinality(B), cardinality(A)), subset_eq(B, index(cardinality(B), A)))",0.0,0.0,0.20667871445519947,0.7790522479901814,0.7790522479901814,complement-symmetric-entropy-v1,0.0,0.0,0.052061266035209,0.6539863957266738,0.6539863957266738,0.0,0.0,0.15461744841999048,0.12506585226350753,0.12506585226350753
"and(subset_eq(index(cardinality(B), A), B), equals(cardinality(intersection(A, B)), cardinality(difference(A, B))))",0.6057145444959138,0.0,0.17606233478791844,0.17606233478791844,0.6057145444959138,complement-symmetric-entropy-v1,0.6057145444959138,0.0,0.5519798661574531,0.3698234105045084,0.6057145444959138,0.0,0.0,-0.37591753136953465,-0.19376107571658996,0.0
"subset_eq(index(cardinality(difference(B, A)), B), index(cardinality(intersection(A, B)), A))",0.0,0.0,0.9155172696113286,0.5682205978520747,0.9155172696113286,complement-symmetric-entropy-v1,0.0,0.0,0.8179705672489327,0.5434546780349117,0.8179705672489327,0.0,0.0,0.09754670236239593,0.02476591981716303,0.09754670236239593
"or(and(subset_eq(A, difference(A, B)), equals(cardinality(A), cardinality(B))), subset_eq(index(cardinality(A), union(A, B)), index(cardinality(A), B)))",0.0,0.0,0.49854267802432084,0.49854267802432084,0.49854267802432084,complement-symmetric-entropy-v1,0.0,0.0,0.0,0.0,0.0,0.0,0.0,0.49854267802432084,0.49854267802432084,0.49854267802432084
"and(subset_eq(index(cardinality(A), union(A, B)), A), greater_than(cardinality(difference(A, B)), cardinality(intersection(A, B))))",0.03354386821316302,0.5609294825399362,0.7912988270477765,0.0,0.7912988270477765,complement-symmetric-entropy-v1,0.033543868213163,0.5609294825399362,0.8582205791781325,0.3249091121275024,0.8582205791781325,2.0816681711721685e-17,0.0,-0.066921752130356,-0.3249091121275024,-0.066921752130356
"and(subset_eq(index(cardinality(B), union(A, B)), A), subset_eq(index(cardinality(A), difference(B, A)), index(cardinality(A), B)))",0.0,0.0,0.48337079067611866,0.2531442820305009,0.48337079067611866,complement-symmetric-entropy-v1,0.0,0.0,0.2003611198912788,0.0,0.2003611198912788,0.0,0.0,0.28300967078483985,0.2531442820305009,0.28300967078483985
"and(or(subset_eq(A, B), not(subset_eq(B, A))), not(subset_eq(A, difference(A, B))))",1.0,0.40974226394989144,0.0,0.0,1.0,complement-symmetric-entropy-v1,1.0,0.4097422639498914,0.0633032099407621,0.5092473569717224,1.0,0.0,5.551115123125783e-17,-0.0633032099407621,-0.5092473569717224,0.0
"and(not(subset_eq(A, difference(A, B))), subset_eq(index(cardinality(B), A), index(cardinality(B), union(A, B))))",0.7863003827041477,0.7863003827041477,0.0,0.0,0.7863003827041477,complement-symmetric-entropy-v1,0.7863003827041477,0.7863003827041477,0.1068121868787531,0.1068121868787531,0.7863003827041477,0.0,0.0,-0.1068121868787531,-0.1068121868787531,0.0
"subset_eq(union(difference(A, B), index(cardinality(A), B)), union(index(cardinality(B), A), index(cardinality(B), union(A, B))))",0.21207105877937216,0.3972354044492671,0.191091742457686,0.06043506953823108,0.3972354044492671,complement-symmetric-entropy-v1,0.2120710587793721,0.3972354044492671,0.3972354044492671,0.3391934337961054,0.3972354044492671,5.551115123125783e-17,0.0,-0.20614366199158107,-0.2787583642578743,0.0
"subset_eq(index(cardinality(difference(A, A)), union(A, B)), index(cardinality(intersection(A, B)), A))",0.0,0.471526797269461,1.0,0.28793294468658526,1.0,complement-symmetric-entropy-v1,0.0,0.471526797269461,1.0,0.7353590205926109,1.0,0.0,0.0,0.0,-0.4474260759060257,0.0
"subset_eq(union(index(cardinality(A), union(A, B)), index(cardinality(B), difference(A, B))), union(index(cardinality(B), A), index(cardinality(B), union(A, B))))",0.0,0.6440316919535007,0.37504472720374205,0.05602914020856664,0.6440316919535007,complement-symmetric-entropy-v1,0.0,0.6440316919535007,0.6440316919535007,0.0474324018521338,0.6440316919535007,0.0,0.0,-0.2689869647497587,0.008596738356432841,0.0
"and(not(equals(cardinality(A), cardinality(B))), subset_eq(intersection(A, B), index(cardinality(B), union(A, B))))",0.002338185609383703,0.002338185609383703,0.3996189662441846,0.2627936841420514,0.3996189662441846,complement-symmetric-entropy-v1,0.0023381856093837,0.0023381856093837,0.6558514990639783,0.555607968302888,0.6558514990639783,2.6020852139652106e-18,2.6020852139652106e-18,-0.25623253281979375,-0.29281428416083655,-0.25623253281979375
"or(not(subset_eq(B, A)), greater_than(cardinality(difference(A, B)), cardinality(B)))",0.012982462719515309,0.012982462719515309,0.20515827910104245,0.5736840131876305,0.5736840131876305,complement-symmetric-entropy-v1,0.0129824627195153,0.0129824627195153,0.1505667569034674,0.5246690470527229,0.5246690470527229,8.673617379884035e-18,8.673617379884035e-18,0.05459152219757504,0.049014966134907634,0.049014966134907634
"subset_eq(union(index(cardinality(A), B), index(cardinality(B), union(A, B))), index(cardinality(A), difference(B, A)))",0.4644101855250906,0.0,0.2567882728680404,0.6322117303666559,0.6322117303666559,complement-symmetric-entropy-v1,0.4644101855250906,0.0,0.2746558216412789,0.4817455686175146,0.4817455686175146,0.0,0.0,-0.017867548773238484,0.1504661617491413,0.1504661617491413
"and(or(subset_eq(B, difference(A, A)), greater_than(cardinality(A), cardinality(B))), subset_eq(index(cardinality(A), union(A, B)), union(difference(A, B), difference(B, A))))",0.0,1.0,1.0,0.10525736371799088,1.0,complement-symmetric-entropy-v1,0.0,1.0,1.0,0.0439330563810198,1.0,0.0,0.0,0.0,0.061324307336971084,0.0
"or(subset_eq(union(difference(A, B), difference(B, A)), index(cardinality(B), A)), equals(cardinality(intersection(A, B)), cardinality(difference(A, B))))",0.2641519146366741,0.0,0.15595077878931018,0.15595077878931018,0.2641519146366741,complement-symmetric-entropy-v1,0.2641519146366741,0.0,0.4111534110174099,0.1747018748043394,0.4111534110174099,0.0,0.0,-0.2552026322280997,-0.018751096015029223,-0.14700149638073579
"subset_eq(index(cardinality(A), union(A, B)), union(B, index(cardinality(B), A)))",0.0,0.0,0.3866543668187433,0.344792362433605,0.3866543668187433,complement-symmetric-entropy-v1,0.0,0.0,0.0,0.0,0.0,0.0,0.0,0.3866543668187433,0.344792362433605,0.3866543668187433
"subset_eq(index(cardinality(B), union(A, B)), difference(difference(A, B), index(cardinality(A), union(A, B))))",0.0,0.0,0.2656000853484408,0.4877541917172902,0.4877541917172902,complement-symmetric-entropy-v1,0.0,0.0,0.0,0.3636425038738214,0.3636425038738214,0.0,0.0,0.2656000853484408,0.12411168784346877,0.12411168784346877
"subset_eq(index(cardinality(intersection(A, B)), A), index(cardinality(difference(B, A)), difference(A, B)))",0.0,0.0,0.23880428660690745,0.6475850145803697,0.6475850145803697,complement-symmetric-entropy-v1,0.0,0.0,0.0,0.4224933213539535,0.4224933213539535,0.0,0.0,0.23880428660690745,0.22509169322641615,0.22509169322641615
"subset_eq(index(cardinality(difference(A, B)), union(A, B)), difference(index(cardinality(B), union(A, B)), A))",0.0,0.5169972962918454,0.6842495605771775,0.4608792909880117,0.6842495605771775,complement-symmetric-entropy-v1,0.0,0.5169972962918454,0.7521785771294351,0.6213488681828032,0.7521785771294351,0.0,0.0,-0.06792901655225769,-0.1604695771947915,-0.06792901655225769
"subset_eq(union(difference(B, A), index(cardinality(A), B)), index(cardinality(difference(A, A)), B))",0.0,1.0,1.0,0.3826411912107007,1.0,complement-symmetric-entropy-v1,0.0,1.0,1.0,0.0,1.0,0.0,0.0,0.0,0.3826411912107007,0.0
"subset_eq(union(index(cardinality(B), A), index(cardinality(B), union(A, B))), index(cardinality(intersection(A, B)), B))",0.6794982883374692,0.0,0.07834657496435993,0.5870103994417554,0.6794982883374692,complement-symmetric-entropy-v1,0.6794982883374692,0.0,0.0,0.6794982883374692,0.6794982883374692,0.0,0.0,0.07834657496435993,-0.0924878888957138,0.0
"subset_eq(index(cardinality(intersection(A, B)), B), union(difference(B, A), index(cardinality(A), union(A, B))))",0.0,0.0,0.6352581104393749,0.6491730225703994,0.6491730225703994,complement-symmetric-entropy-v1,0.0,0.0,0.0,0.0,0.0,0.0,0.0,0.6352581104393749,0.6491730225703994,0.6491730225703994
"and(or(not(subset_eq(A, B)), subset_eq(B, difference(A, A))), subset_eq(index(cardinality(A), union(A, B)), difference(B, A)))",0.0,0.4867198334094941,0.7580486739495901,0.08033132598833581,0.7580486739495901,complement-symmetric-entropy-v1,0.0,0.4867198334094941,0.6913065355223047,0.0542380845562755,0.6913065355223047,0.0,0.0,0.06674213842728538,0.026093241432060314,0.06674213842728538
"and(or(subset_eq(A, B), subset_eq(B, A)), greater_than(cardinality(intersection(A, B)), cardinality(difference(B, A))))",0.2438393687111008,0.7761731670537612,0.0,0.0,0.7761731670537612,complement-symmetric-entropy-v1,0.2438393687111008,0.7761731670537612,0.3059658000541965,0.0396195143106893,0.7761731670537612,0.0,0.0,-0.3059658000541965,-0.0396195143106893,0.0
"subset_eq(difference(index(cardinality(B), difference(A, B)), index(cardinality(B), A)), index(cardinality(difference(A, B)), A))",0.0,0.0,0.5377368934718156,1.0,1.0,complement-symmetric-entropy-v1,0.0,0.0,0.0,1.0,1.0,0.0,0.0,0.5377368934718156,0.0,0.0
"subset_eq(union(B, index(cardinality(B), A)), index(cardinality(difference(A, A)), B))",0.16078757381716102,0.44179192630584263,0.11156487163540307,0.750485797288216,0.750485797288216,complement-symmetric-entropy-v1,0.160787573817161,0.4417919263058426,0.6948504851147008,0.7609956600483554,0.7609956600483554,2.7755575615628914e-17,5.551115123125783e-17,-0.5832856134792977,-0.010509862760139432,-0.010509862760139432
"subset_eq(union(index(cardinality(A), B), index(cardinality(B), difference(A, B))), index(cardinality(difference(A, B)), index(cardinality(A), difference(B, A))))",0.23879459564086714,0.0,0.059189042857587415,0.2065441463283323,0.23879459564086714,complement-symmetric-entropy-v1,0.2387945956408671,0.0,0.295249435614434,0.2387945956408671,0.295249435614434,2.7755575615628914e-17,0.0,-0.2360603927568466,-0.03225044931253482,-0.05645483997356687
"subset_eq(index(cardinality(intersection(A, B)), union(A, B)), union(difference(B, A), index(cardinality(A), B)))",0.6601905503162724,0.0,0.06703741262941643,0.7823242526165177,0.7823242526165177,complement-symmetric-entropy-v1,0.6601905503162724,0.0,0.0,0.7566375208367635,0.7566375208367635,0.0,0.0,0.06703741262941643,0.025686731779754224,0.025686731779754224
"subset_eq(union(index(cardinality(A), union(A, B)), index(cardinality(B), union(A, B))), index(cardinality(difference(B, A)), union(difference(A, B), difference(B, A))))",0.0,0.387988189417489,0.3332913727086151,0.11003449774997276,0.387988189417489,complement-symmetric-entropy-v1,0.0,0.387988189417489,0.4045228719921639,0.2229087542873511,0.4045228719921639,0.0,0.0,-0.07123149928354883,-0.11287425653737834,-0.016534682574674886
"or(subset_eq(A, index(cardinality(A), union(A, B))), subset_eq(index(cardinality(A), difference(B, A)), index(cardinality(A), union(A, B))))",0.0,0.0,0.871963334102112,0.31297323872868466,0.871963334102112,complement-symmetric-entropy-v1,0.0,0.0,0.7245317760570422,0.0,0.7245317760570422,0.0,0.0,0.1474315580450698,0.31297323872868466,0.1474315580450698
"or(and(subset_eq(A, B), not(subset_eq(B, A))), greater_than(cardinality(A), cardinality(difference(B, A))))",0.013958544468007816,0.013958544468007816,0.45501432708332734,0.16326463485603104,0.45501432708332734,complement-symmetric-entropy-v1,0.0139585444680078,0.0139585444680078,0.0,0.0,0.0139585444680078,1.5612511283791264e-17,1.5612511283791264e-17,0.45501432708332734,0.16326463485603104,0.4410557826153195
"subset_eq(union(index(cardinality(A), difference(B, A)), index(cardinality(B), union(A, B))), index(cardinality(A), B))",0.764607008182421,0.0,0.11003449774997276,0.43352449971131113,0.764607008182421,complement-symmetric-entropy-v1,0.764607008182421,0.0,0.026211582814661,0.764607008182421,0.764607008182421,0.0,0.0,0.08382291493531176,-0.33108250847110987,0.0
"subset_eq(index(cardinality(A), union(A, B)), difference(index(cardinality(A), B), A))",0.0,0.0,0.5410714582635081,0.2834372530893827,0.5410714582635081,complement-symmetric-entropy-v1,0.0,0.0,0.2905670551742294,0.0,0.2905670551742294,0.0,0.0,0.2505044030892787,0.2834372530893827,0.2505044030892787
"subset_eq(union(index(cardinality(B), A), index(cardinality(A), union(A, B))), difference(B, index(cardinality(A), difference(B, A))))",0.43224420833518984,0.23279306805668876,0.0035455635134530317,0.0035455635134530317,0.43224420833518984,complement-symmetric-entropy-v1,0.4322442083351898,0.2327930680566887,0.1274342049012324,0.3287129717530439,0.4322442083351898,5.551115123125783e-17,5.551115123125783e-17,-0.12388864138777936,-0.3251674082395909,5.551115123125783e-17
"or(subset_eq(index(cardinality(A), B), A), equals(cardinality(intersection(A, B)), cardinality(difference(A, B))))",0.0,0.0,0.822948810711744,0.2076185385004159,0.822948810711744,complement-symmetric-entropy-v1,0.0,0.0,0.5830505265741677,0.0,0.5830505265741677,0.0,0.0,0.2398982841375763,0.2076185385004159,0.2398982841375763
"and(subset_eq(index(cardinality(A), union(A, B)), difference(B, A)), subset_eq(index(cardinality(A), B), index(cardinality(A), difference(B, A))))",0.0,0.0,0.748461126412985,0.33154779304018855,0.748461126412985,complement-symmetric-entropy-v1,0.0,0.0,0.6689342297212363,0.0,0.6689342297212363,0.0,0.0,0.07952689669174873,0.33154779304018855,0.07952689669174873
"and(or(subset_eq(A, B), not(subset_eq(B, A))), subset_eq(intersection(A, B), index(cardinality(B), A)))",0.21238185225338602,0.0,0.1479709544240677,0.8708198667236753,0.8708198667236753,complement-symmetric-entropy-v1,0.212381852253386,0.0,0.7031314175786549,0.7726927369959511,0.7726927369959511,2.7755575615628914e-17,0.0,-0.5551604631545872,0.0981271297277242,0.0981271297277242
"subset_eq(intersection(intersection(A, B), index(cardinality(B), union(A, B))), index(cardinality(A), B))",0.0,0.0,0.4046336442755165,0.763124024169579,0.763124024169579,complement-symmetric-entropy-v1,0.0,0.0,0.0,0.4686448388143001,0.4686448388143001,0.0,0.0,0.4046336442755165,0.29447918535527895,0.29447918535527895
"and(not(greater_than(cardinality(A), cardinality(B))), subset_eq(index(cardinality(A), union(A, B)), B))",0.8258291604359329,0.0,0.060519162466723064,0.6974261845838494,0.8258291604359329,complement-symmetric-entropy-v1,0.8258291604359329,0.0,0.0,0.8258291604359329,0.8258291604359329,0.0,0.0,0.060519162466723064,-0.1284029758520835,0.0
"subset_eq(union(A, index(cardinality(B), union(A, B))), union(index(cardinality(A), B), index(cardinality(A), union(A, B))))",0.7182814583556083,0.0,0.3161050997311595,0.9405975650705851,0.9405975650705851,complement-symmetric-entropy-v1,0.7182814583556083,0.0,0.6332730445845147,0.9261456988857404,0.9261456988857404,0.0,0.0,-0.3171679448533552,0.01445186618484473,0.01445186618484473
"subset_eq(index(cardinality(difference(B, A)), B), index(cardinality(A), difference(B, A)))",0.0,0.0,0.8034910301169751,1.0,1.0,complement-symmetric-entropy-v1,0.0,0.0,0.7773523021880924,1.0,1.0,0.0,0.0,0.02613872792888272,0.0,0.0
"subset_eq(intersection(intersection(A, B), index(cardinality(A), union(A, B))), index(cardinality(difference(B, A)), B))",0.0,0.0,0.811522295157959,0.5737048810226745,0.811522295157959,complement-symmetric-entropy-v1,0.0,0.0,0.3992760898148428,0.0,0.3992760898148428,0.0,0.0,0.41224620534311623,0.5737048810226745,0.41224620534311623
"and(not(subset_eq(union(A, B), difference(A, A))), subset_eq(difference(B, A), index(cardinality(A), difference(B, A))))",0.002460622317808303,0.611243718319227,0.8821602426959547,0.056677650700042936,0.8821602426959547,complement-symmetric-entropy-v1,0.0024606223178083,0.611243718319227,0.9664414498289928,0.0,0.9664414498289928,3.0357660829594124e-18,0.0,-0.0842812071330381,0.056677650700042936,-0.0842812071330381
"and(or(subset_eq(B, A), subset_eq(A, difference(A, B))), equals(cardinality(B), cardinality(difference(A, B))))",0.17935390682825758,0.39483803907111836,0.018400504099069792,0.018400504099069792,0.39483803907111836,complement-symmetric-entropy-v1,0.1793539068282575,0.3948380390711183,0.5879432606203363,0.2689946764184104,0.5879432606203363,8.326672684688674e-17,5.551115123125783e-17,-0.5695427565212665,-0.2505941723193406,-0.19310522154921794
"and(equals(cardinality(A), cardinality(B)), subset_eq(index(cardinality(A), union(A, B)), union(difference(A, B), difference(B, A))))",0.2665459841469756,0.2665459841469756,0.011353559220451781,0.011353559220451781,0.2665459841469756,complement-symmetric-entropy-v1,0.2665459841469756,0.2665459841469756,0.2771983207927546,0.2771983207927546,0.2771983207927546,0.0,0.0,-0.2658447615723028,-0.2658447615723028,-0.01065233664577897
"subset_eq(union(index(cardinality(A), B), index(cardinality(B), union(A, B))), difference(index(cardinality(A), union(A, B)), intersection(A, B)))",0.4273441569862104,0.0,0.09799698901363885,0.3540561287686871,0.4273441569862104,complement-symmetric-entropy-v1,0.4273441569862104,0.0,0.1101467198429767,0.4459855607826445,0.4459855607826445,0.0,0.0,-0.01214973082933786,-0.09192943201395742,-0.018641403796434086
"subset_eq(index(cardinality(difference(A, B)), union(A, B)), union(intersection(A, B), index(cardinality(A), B)))",0.0,0.0,0.22418740742493692,0.2594938145322624,0.2594938145322624,complement-symmetric-entropy-v1,0.0,0.0,0.1605033719701016,0.3005505921916693,0.3005505921916693,0.0,0.0,0.06368403545483534,-0.04105677765940691,-0.04105677765940691
"and(and(subset_eq(A, difference(A, B)), greater_than(cardinality(B), cardinality(A))), subset_eq(index(cardinality(B), union(A, B)), B))",0.7322533281305481,0.02107943450068872,0.0,1.0,1.0,complement-symmetric-entropy-v1,0.7322533281305481,0.0210794345006887,0.6920464972052209,1.0,1.0,0.0,2.0816681711721685e-17,-0.6920464972052209,0.0,0.0
"and(subset_eq(difference(A, B), index(cardinality(A), union(A, B))), subset_eq(index(cardinality(B), union(A, B)), intersection(A, B)))",1.0,0.0,0.12070798966365848,0.9616172389694505,1.0,complement-symmetric-entropy-v1,1.0,0.0,0.0,0.9662835942872284,1.0,0.0,0.0,0.12070798966365848,-0.004666355317777926,0.0
"and(subset_eq(index(cardinality(A), union(A, B)), difference(A, B)), greater_than(cardinality(B), cardinality(difference(A, B))))",0.386370113053885,0.38177620519774813,0.0,0.0,0.386370113053885,complement-symmetric-entropy-v1,0.386370113053885,0.3817762051977481,0.3072576422554294,0.2139501896013235,0.386370113053885,0.0,5.551115123125783e-17,-0.3072576422554294,-0.2139501896013235,0.0
"subset_eq(index(cardinality(intersection(A, B)), difference(A, B)), index(cardinality(difference(A, A)), A))",0.0,0.0,0.4611816279485955,0.8207145467010369,0.8207145467010369,complement-symmetric-entropy-v1,0.0,0.0,0.0,0.4608792909880117,0.4608792909880117,0.0,0.0,0.4611816279485955,0.3598352557130252,0.3598352557130252
"and(or(not(subset_eq(B, A)), subset_eq(A, difference(A, A))), subset_eq(index(cardinality(B), A), B))",1.0,0.0,0.050331732446856625,1.0,1.0,complement-symmetric-entropy-v1,1.0,0.0,0.0879086521926741,1.0,1.0,0.0,0.0,-0.03757691974581748,0.0,0.0
"or(subset_eq(index(cardinality(A), union(A, B)), index(cardinality(B), difference(A, B))), subset_eq(index(cardinality(B), union(A, B)), index(cardinality(A), B)))",0.0,0.0,0.35906528728538756,0.35906528728538756,0.35906528728538756,complement-symmetric-entropy-v1,0.0,0.0,0.0,0.0,0.0,0.0,0.0,0.35906528728538756,0.35906528728538756,0.35906528728538756
"subset_eq(index(cardinality(difference(A, A)), B), difference(B, index(cardinality(B), A)))",0.0,0.0,0.2710386665608565,0.7694981854422881,0.7694981854422881,complement-symmetric-entropy-v1,0.0,0.0,0.0,0.3788816230107958,0.3788816230107958,0.0,0.0,0.2710386665608565,0.3906165624314923,0.3906165624314923
"or(subset_eq(A, B), or(subset_eq(A, difference(A, B)), greater_than(cardinality(B), cardinality(A))))",0.0,0.0,0.47718878580865043,1.0,1.0,complement-symmetric-entropy-v1,0.0,0.0,0.0,1.0,1.0,0.0,0.0,0.47718878580865043,0.0,0.0
"and(subset_eq(index(cardinality(A), union(A, B)), difference(B, A)), subset_eq(index(cardinality(B), union(A, B)), index(cardinality(A), B)))",0.6156366412909056,0.0,0.16575146235069527,0.5076555540758703,0.6156366412909056,complement-symmetric-entropy-v1,0.6156366412909056,0.0,0.1399416728120444,0.6156366412909056,0.6156366412909056,0.0,0.0,0.025809789538650874,-0.1079810872150353,0.0
"subset_eq(union(index(cardinality(A), B), index(cardinality(B), A)), difference(A, index(cardinality(B), union(A, B))))",0.32009131125765666,0.22570672323331353,0.004557324894777781,0.004557324894777781,0.32009131125765666,complement-symmetric-entropy-v1,0.3200913112576566,0.2257067232333135,0.1972257371803472,0.3200913112576566,0.3200913112576566,5.551115123125783e-17,2.7755575615628914e-17,-0.1926684122855694,-0.3155339863628788,5.551115123125783e-17
"or(and(not(subset_eq(B, A)), subset_eq(A, difference(A, A))), and(subset_eq(A, difference(A, B)), greater_than(cardinality(A), cardinality(B))))",0.0016465382718482413,0.0016465382718482413,0.542871713653027,0.23280149923959892,0.542871713653027,complement-symmetric-entropy-v1,0.0016465382718482,0.0016465382718482,0.959857165697045,0.7419204883022998,0.959857165697045,4.141652298894627e-17,4.141652298894627e-17,-0.41698545204401805,-0.5091189890627009,-0.41698545204401805
"and(subset_eq(index(cardinality(B), union(A, B)), intersection(A, B)), equals(cardinality(intersection(A, B)), cardinality(difference(A, B))))",0.5266825348536373,0.0,0.337820477761409,0.337820477761409,0.5266825348536373,complement-symmetric-entropy-v1,0.5266825348536373,0.0,0.6297054093482074,0.393646603503139,0.6297054093482074,0.0,0.0,-0.2918849315867984,-0.055826125741730015,-0.10302287449457015
"and(subset_eq(A, index(cardinality(A), union(A, B))), subset_eq(index(cardinality(A), B), index(cardinality(B), union(A, B))))",0.4194531841957173,0.3007533301400003,0.07034381792936706,0.07034381792936706,0.4194531841957173,complement-symmetric-entropy-v1,0.4194531841957173,0.3007533301400003,0.7567839328499332,0.7567839328499332,0.7567839328499332,0.0,0.0,-0.6864401149205661,-0.6864401149205661,-0.33733074865421586
"subset_eq(union(index(cardinality(A), difference(B, A)), index(cardinality(B), difference(A, B))), index(cardinality(difference(A, B)), union(A, B)))",0.4066440262052623,0.0,0.030796166734257557,0.24558825552588237,0.4066440262052623,complement-symmetric-entropy-v1,0.4066440262052623,0.0,0.3009579057049238,0.4066440262052623,0.4066440262052623,0.0,0.0,-0.27016173897066625,-0.16105577067937993,0.0
"or(subset_eq(B, index(cardinality(B), A)), equals(cardinality(intersection(A, B)), cardinality(difference(A, B))))",0.0,0.0,0.3696355456958854,0.22009823319490474,0.3696355456958854,complement-symmetric-entropy-v1,0.0,0.0,0.6756480923199821,0.2120705135579029,0.6756480923199821,0.0,0.0,-0.3060125466240967,0.008027719637001829,-0.3060125466240967
"or(or(subset_eq(B, A), equals(cardinality(A), cardinality(B))), subset_eq(index(cardinality(B), union(A, B)), index(cardinality(A), B)))",0.0,0.0,0.3073633187064331,0.3833713626498251,0.3833713626498251,complement-symmetric-entropy-v1,0.0,0.0,0.0,0.0,0.0,0.0,0.0,0.3073633187064331,0.3833713626498251,0.3833713626498251
"subset_eq(index(cardinality(A), union(difference(A, B), difference(B, A))), union(index(cardinality(A), B), index(cardinality(B), A)))",0.0,0.0,0.33083121715991826,0.16781949040450306,0.33083121715991826,complement-symmetric-entropy-v1,0.0,0.0,0.2148078528145761,0.0,0.2148078528145761,0.0,0.0,0.11602336434534216,0.16781949040450306,0.11602336434534216
"subset_eq(difference(difference(A, B), index(cardinality(B), A)), index(cardinality(difference(B, A)), difference(A, B)))",0.24162628475142844,0.0,0.11212432466838229,0.5176195173362215,0.5176195173362215,complement-symmetric-entropy-v1,0.2416262847514284,0.0,0.0,0.2114380705088467,0.2416262847514284,5.551115123125783e-17,0.0,0.11212432466838229,0.3061814468273748,0.2759932325847931
"or(not(greater_than(cardinality(B), cardinality(A))), subset_eq(index(cardinality(A), union(A, B)), union(difference(A, B), difference(B, A))))",0.0,0.0,0.7842163829909647,0.3290326065869438,0.7842163829909647,complement-symmetric-entropy-v1,0.0,0.0,0.4952396099067032,0.0,0.4952396099067032,0.0,0.0,0.28897677308426156,0.3290326065869438,0.28897677308426156
"and(not(equals(cardinality(A), cardinality(B))), subset_eq(index(cardinality(B), A), B))",0.4433536392377533,0.06119932254927796,0.0,0.5692181797326632,0.5692181797326632,complement-symmetric-entropy-v1,0.4433536392377533,0.0611993225492779,0.007348220647921,0.2890562085125632,0.4433536392377533,0.0,5.551115123125783e-17,-0.007348220647921,0.2801619712201,0.12586454049490992
"subset_eq(difference(index(cardinality(B), union(A, B)), index(cardinality(A), B)), index(cardinality(difference(A, A)), difference(A, B)))",0.0,0.0,0.27446840145149143,0.8185393790164535,0.8185393790164535,complement-symmetric-entropy-v1,0.0,0.0,0.0,0.9105058756391158,0.9105058756391158,0.0,0.0,0.27446840145149143,-0.09196649662266232,-0.09196649662266232
"subset_eq(index(cardinality(intersection(A, B)), A), difference(index(cardinality(B), union(A, B)), index(cardinality(B), difference(A, B))))",0.46334017925852344,0.0,0.038015294801239,0.46823145616017814,0.46823145616017814,complement-symmetric-entropy-v1,0.4633401792585234,0.0,0.0,0.2323292153626588,0.4633401792585234,5.551115123125783e-17,0.0,0.038015294801239,0.23590224079751934,0.004891276901654751
"subset_eq(index(cardinality(A), union(A, B)), union(B, index(cardinality(B), difference(A, B))))",0.0,0.0,0.4236340804629557,0.376902073352965,0.4236340804629557,complement-symmetric-entropy-v1,0.0,0.0,0.0,0.0,0.0,0.0,0.0,0.4236340804629557,0.376902073352965,0.4236340804629557
"subset_eq(difference(A, index(cardinality(A), B)), index(cardinality(A), union(difference(A, B), difference(B, A))))",0.733880829943186,0.0,0.29680184620592953,0.8974900240571451,0.8974900240571451,complement-symmetric-entropy-v1,0.733880829943186,0.0,0.6183866185813938,0.8791890508751391,0.8791890508751391,0.0,0.0,-0.32158477237546423,0.018300973182005964,0.018300973182005964
"subset_eq(union(A, index(cardinality(B), union(A, B))), union(index(cardinality(A), union(A, B)), index(cardinality(A), difference(B, A))))",0.7290632834781876,0.0,0.32663394543259305,1.0,1.0,complement-symmetric-entropy-v1,0.7290632834781876,0.0,0.7045999697942724,1.0,1.0,0.0,0.0,-0.37796602436167936,0.0,0.0
"subset_eq(index(cardinality(B), union(A, B)), index(cardinality(difference(B, A)), union(difference(A, B), difference(B, A))))",0.0,0.0,0.4331742469912765,1.0,1.0,complement-symmetric-entropy-v1,0.0,0.0,0.0,1.0,1.0,0.0,0.0,0.4331742469912765,0.0,0.0
"and(or(subset_eq(A, difference(A, B)), greater_than(cardinality(A), cardinality(B))), subset_eq(index(cardinality(B), difference(A, B)), index(cardinality(B), A)))",0.0,0.0,0.5820623282904108,0.39930038631876275,0.5820623282904108,complement-symmetric-entropy-v1,0.0,0.0,0.7955180111546947,0.1020692622723917,0.7955180111546947,0.0,0.0,-0.21345568286428385,0.29723112404637103,-0.21345568286428385
"subset_eq(union(index(cardinality(A), B), index(cardinality(B), union(A, B))), index(cardinality(difference(A, A)), difference(B, A)))",0.3335789678024279,0.0,0.1378303042947704,0.3537968895658137,0.3537968895658137,complement-symmetric-entropy-v1,0.3335789678024279,0.0,0.303086227193025,0.3910567636934001,0.3910567636934001,0.0,0.0,-0.16525592289825464,-0.03725987412758641,-0.03725987412758641
"subset_eq(index(cardinality(difference(A, A)), union(A, B)), union(difference(A, B), difference(B, A)))",0.0,0.0,0.5548277496834864,0.5548277496834864,0.5548277496834864,complement-symmetric-entropy-v1,0.0,0.0,0.5926655358189653,0.5926655358189653,0.5926655358189653,0.0,0.0,-0.037837786135478946,-0.037837786135478946,-0.037837786135478946
"subset_eq(difference(union(difference(A, B), difference(B, A)), index(cardinality(B), union(A, B))), index(cardinality(intersection(A, B)), difference(B, A)))",0.23030639615910808,0.34277012537811835,0.34968055317529156,0.48367102899615644,0.48367102899615644,complement-symmetric-entropy-v1,0.230306396159108,0.3427701253781183,0.4438855278032273,0.312104104668536,0.4438855278032273,8.326672684688674e-17,5.551115123125783e-17,-0.09420497462793576,0.17156692432762044,0.03978550119292912
"subset_eq(union(difference(B, A), index(cardinality(A), union(A, B))), union(index(cardinality(B), union(A, B)), index(cardinality(B), difference(A, B))))",0.0,0.7771389417910856,0.7652120964018758,0.09027450513498425,0.7771389417910856,complement-symmetric-entropy-v1,0.0,0.7771389417910856,0.833436950679865,0.0,0.833436950679865,0.0,0.0,-0.06822485427798919,0.09027450513498425,-0.05629800888877945
"or(greater_than(cardinality(A), cardinality(difference(B, A))), greater_than(cardinality(difference(A, B)), cardinality(intersection(A, B))))",0.1725056177751173,0.6771127816308367,1.0,0.0,1.0,complement-symmetric-entropy-v1,0.1725056177751173,0.6771127816308367,1.0,0.0,1.0,0.0,0.0,0.0,0.0,0.0
"and(or(subset_eq(A, B), subset_eq(B, A)), greater_than(cardinality(intersection(A, B)), cardinality(difference(A, B))))",0.7761731670537612,0.2438393687111008,0.0,0.0,0.7761731670537612,complement-symmetric-entropy-v1,0.7761731670537612,0.2438393687111008,0.0396195143106893,0.3059658000541965,0.7761731670537612,0.0,0.0,-0.0396195143106893,-0.3059658000541965,0.0
"and(subset_eq(B, index(cardinality(B), union(A, B))), equals(cardinality(B), cardinality(difference(A, B))))",0.2538564787549775,0.4426292070841674,0.05870311273362294,0.05870311273362294,0.4426292070841674,complement-symmetric-entropy-v1,0.2538564787549775,0.4426292070841674,0.7104766526804703,0.7694981854422881,0.7694981854422881,0.0,0.0,-0.6517735399468474,-0.7107950727086652,-0.3268689783581207
"or(and(not(subset_eq(B, A)), subset_eq(A, difference(A, B))), subset_eq(difference(A, B), index(cardinality(B), union(A, B))))",0.3540561287686871,0.0,0.2839779719749419,1.0,1.0,complement-symmetric-entropy-v1,0.3540561287686871,0.0,0.0,1.0,1.0,0.0,0.0,0.2839779719749419,0.0,0.0
"and(subset_eq(difference(B, A), index(cardinality(B), union(A, B))), greater_than(cardinality(A), cardinality(difference(B, A))))",0.047750464001552695,0.9009762072416867,0.7163818634587594,0.0,0.9009762072416867,complement-symmetric-entropy-v1,0.0477504640015526,0.9009762072416868,0.8186473804946122,0.0,0.9009762072416868,9.71445146547012e-17,-1.1102230246251565e-16,-0.10226551703585274,0.0,-1.1102230246251565e-16
"and(or(not(subset_eq(A, B)), subset_eq(A, difference(A, A))), not(subset_eq(B, difference(A, A))))",0.15592961568783192,0.12265103249181153,0.0,0.18523569369077886,0.18523569369077886,complement-symmetric-entropy-v1,0.1559296156878319,0.1226510324918115,0.6558635591997884,0.2540633339054605,0.6558635591997884,2.7755575615628914e-17,2.7755575615628914e-17,-0.6558635591997884,-0.06882764021468163,-0.4706278655090096
"and(or(subset_eq(A, difference(A, A)), greater_than(cardinality(A), cardinality(B))), subset_eq(intersection(A, B), index(cardinality(A), union(A, B))))",0.0,0.0,0.8757371519812752,0.4847742479453838,0.8757371519812752,complement-symmetric-entropy-v1,0.0,0.0,0.9088093535134696,0.5813612411854957,0.9088093535134696,0.0,0.0,-0.03307220153219437,-0.09658699324011188,-0.03307220153219437
"subset_eq(difference(difference(B, A), index(cardinality(B), union(A, B))), index(cardinality(difference(A, A)), union(A, B)))",0.0,0.6664908809894832,0.7277179272226832,0.24970936930229548,0.7277179272226832,complement-symmetric-entropy-v1,0.0,0.6664908809894832,0.7820776778370704,0.0,0.7820776778370704,0.0,0.0,-0.05435975061438714,0.24970936930229548,-0.05435975061438714
"and(subset_eq(index(cardinality(A), B), difference(B, A)), subset_eq(index(cardinality(B), union(A, B)), index(cardinality(B), difference(A, B))))",0.0,0.0,0.4046353200961711,0.47281571404832945,0.47281571404832945,complement-symmetric-entropy-v1,0.0,0.0,0.168533582097706,0.5120683849686418,0.5120683849686418,0.0,0.0,0.2361017379984651,-0.03925267092031237,-0.03925267092031237
"or(and(not(subset_eq(A, B)), greater_than(cardinality(B), cardinality(A))), and(subset_eq(A, difference(A, B)), equals(cardinality(A), cardinality(B))))",0.45501432708332734,0.16326463485603104,0.013958544468007816,0.013958544468007816,0.45501432708332734,complement-symmetric-entropy-v1,0.4550143270833273,0.163264634856031,0.408464424886883,0.610553443850212,0.610553443850212,5.551115123125783e-17,5.551115123125783e-17,-0.3945058804188752,-0.5965948993822042,-0.1555391167668847
"or(not(equals(cardinality(A), cardinality(B))), equals(cardinality(intersection(A, B)), cardinality(difference(A, B))))",0.0,0.0,0.3213479447620804,0.3213479447620804,0.3213479447620804,complement-symmetric-entropy-v1,0.0,0.0,0.0146840995718098,0.0146840995718098,0.0146840995718098,0.0,0.0,0.30666384519027057,0.30666384519027057,0.30666384519027057
"or(greater_than(cardinality(B), cardinality(A)), equals(cardinality(B), cardinality(difference(A, B))))",0.39739078766151803,0.0,0.05602914020856664,0.581092600462711,0.581092600462711,complement-symmetric-entropy-v1,0.397390787661518,0.0,0.0233471795070233,0.4053474300777072,0.4053474300777072,5.551115123125783e-17,0.0,0.03268196070154334,0.17574517038500387,0.17574517038500387
"or(or(subset_eq(A, difference(A, B)), greater_than(cardinality(B), cardinality(A))), equals(cardinality(intersection(A, B)), cardinality(difference(A, B))))",0.0,0.0,0.4234721660397889,0.7035271349209506,0.7035271349209506,complement-symmetric-entropy-v1,0.0,0.0,0.0432928144880925,0.3744952405239906,0.3744952405239906,0.0,0.0,0.38017935155169635,0.32903189439696007,0.32903189439696007
"and(or(subset_eq(A, difference(A, A)), greater_than(cardinality(A), cardinality(B))), subset_eq(index(cardinality(A), union(A, B)), intersection(A, B)))",0.0,1.0,0.8966356129933443,0.15070372403914112,1.0,complement-symmetric-entropy-v1,0.0,1.0,0.9164127854331564,0.0349827353072786,1.0,0.0,0.0,-0.01977717243981214,0.11572098873186251,0.0
"subset_eq(difference(A, index(cardinality(A), union(A, B))), index(cardinality(difference(A, A)), union(A, B)))",0.6858575739708563,0.0,0.6132519223745129,0.766255232989068,0.766255232989068,complement-symmetric-entropy-v1,0.6858575739708563,0.0,0.7289591808300173,0.8039545318587373,0.8039545318587373,0.0,0.0,-0.11570725845550445,-0.037699298869669384,-0.037699298869669384
"or(or(subset_eq(A, difference(A, B)), greater_than(cardinality(B), cardinality(A))), subset_eq(difference(A, B), index(cardinality(B), A)))",0.0,0.0,0.45207805917752775,0.8816216087677987,0.8816216087677987,complement-symmetric-entropy-v1,0.0,0.0,0.0,0.7476665553896472,0.7476665553896472,0.0,0.0,0.45207805917752775,0.1339550533781515,0.1339550533781515
"and(and(not(subset_eq(A, B)), equals(cardinality(A), cardinality(B))), subset_eq(B, index(cardinality(A), union(A, B))))",0.44308697713290324,0.44308697713290324,0.0,0.0,0.44308697713290324,complement-symmetric-entropy-v1,0.4430869771329032,0.4430869771329032,0.79863971515429,0.79863971515429,0.79863971515429,5.551115123125783e-17,5.551115123125783e-17,-0.79863971515429,-0.79863971515429,-0.35555273802138676
"or(subset_eq(difference(B, A), index(cardinality(B), union(A, B))), greater_than(cardinality(difference(B, A)), cardinality(intersection(A, B))))",0.0,0.0,0.6007170848522265,0.47510033350409353,0.6007170848522265,complement-symmetric-entropy-v1,0.0,0.0,0.3973727341157805,0.0,0.3973727341157805,0.0,0.0,0.20334435073644602,0.47510033350409353,0.20334435073644602
"and(subset_eq(A, index(cardinality(A), union(A, B))), subset_eq(index(cardinality(B), union(A, B)), index(cardinality(A), B)))",0.7905605949185108,0.0,0.40617574161030545,1.0,1.0,complement-symmetric-entropy-v1,0.7905605949185108,0.0,0.6287820515577899,1.0,1.0,0.0,0.0,-0.22260630994748443,0.0,0.0
"or(or(and(subset_eq(A, B), subset_eq(B, A)), subset_eq(A, difference(A, A))), greater_than(cardinality(difference(A, B)), cardinality(intersection(A, B))))",0.0,0.0,0.7812997041024975,0.48220522479318995,0.7812997041024975,complement-symmetric-entropy-v1,0.0,0.0,0.5359883939385715,0.1986055006532346,0.5359883939385715,0.0,0.0,0.24531131016392604,0.2835997241399554,0.24531131016392604
"subset_eq(difference(B, index(cardinality(A), B)), difference(index(cardinality(B), union(A, B)), index(cardinality(A), union(A, B))))",0.0,0.4704622643648848,1.0,0.43724084825641873,1.0,complement-symmetric-entropy-v1,0.0,0.4704622643648848,1.0,0.6801275100564284,1.0,0.0,0.0,0.0,-0.24288666180000962,0.0
"or(subset_eq(A, difference(A, A)), subset_eq(index(cardinality(A), union(A, B)), intersection(A, B)))",0.0,0.0,0.46025926790769556,0.17894306262971837,0.46025926790769556,complement-symmetric-entropy-v1,0.0,0.0,0.2974707229536016,0.0,0.2974707229536016,0.0,0.0,0.16278854495409395,0.17894306262971837,0.16278854495409395
"subset_eq(index(cardinality(difference(B, A)), union(A, B)), union(difference(A, B), index(cardinality(A), union(A, B))))",0.0,0.0,0.49276791059644853,0.31830031344164,0.49276791059644853,complement-symmetric-entropy-v1,0.0,0.0,0.3711517895952164,0.2509531066886746,0.3711517895952164,0.0,0.0,0.12161612100123215,0.0673472067529654,0.12161612100123215
"subset_eq(index(cardinality(intersection(A, B)), difference(A, B)), index(cardinality(B), A))",0.0,0.0,0.1399416728120444,0.25199003493562466,0.25199003493562466,complement-symmetric-entropy-v1,0.0,0.0,0.0,0.1657514623506952,0.1657514623506952,0.0,0.0,0.1399416728120444,0.08623857258492945,0.08623857258492945
"or(subset_eq(B, index(cardinality(A), union(A, B))), greater_than(cardinality(intersection(A, B)), cardinality(difference(B, A))))",0.0,0.7073346998447991,0.5815702960827147,0.21870671555493626,0.7073346998447991,complement-symmetric-entropy-v1,0.0,0.7073346998447991,0.4329334328317122,0.0,0.7073346998447991,0.0,0.0,0.1486368632510025,0.21870671555493626,0.0
"or(subset_eq(intersection(A, B), index(cardinality(A), union(A, B))), subset_eq(difference(B, A), index(cardinality(B), union(A, B))))",0.0,0.0,0.8142281132013226,0.4750807195434753,0.8142281132013226,complement-symmetric-entropy-v1,0.0,0.0,0.7608372452734181,0.0,0.7608372452734181,0.0,0.0,0.053390867927904484,0.4750807195434753,0.053390867927904484
"subset_eq(union(B, index(cardinality(B), union(A, B))), index(cardinality(intersection(A, B)), B))",0.3096520943463169,0.3311320077846589,0.2454804236635466,0.5921894841006843,0.5921894841006843,complement-symmetric-entropy-v1,0.3096520943463169,0.3311320077846589,0.7638526413233337,0.8327830019461647,0.8327830019461647,0.0,0.0,-0.5183722176597871,-0.24059351784548044,-0.24059351784548044
"subset_eq(difference(index(cardinality(B), union(A, B)), index(cardinality(B), difference(A, B))), index(cardinality(difference(B, A)), union(difference(A, B), difference(B, A))))",0.0,0.0,0.4303959173631303,0.8491716626774559,0.8491716626774559,complement-symmetric-entropy-v1,0.0,0.0,0.0,0.7564393704435831,0.7564393704435831,0.0,0.0,0.4303959173631303,0.0927322922338728,0.0927322922338728
"or(and(not(subset_eq(B, A)), subset_eq(A, difference(A, B))), subset_eq(A, index(cardinality(A), B)))",0.22954307540026808,0.0,0.13096344108988167,1.0,1.0,complement-symmetric-entropy-v1,0.229543075400268,0.0,0.6747447416054606,1.0,1.0,8.326672684688674e-17,0.0,-0.5437813005155789,0.0,0.0
"or(subset_eq(B, difference(A, A)), subset_eq(index(cardinality(B), union(A, B)), B))",0.0,0.0,0.21238185225338602,0.7031314175786549,0.7031314175786549,complement-symmetric-entropy-v1,0.0,0.0,0.0,0.6276529836538265,0.6276529836538265,0.0,0.0,0.21238185225338602,0.07547843392482845,0.07547843392482845
"or(and(subset_eq(A, B), not(subset_eq(B, A))), or(subset_eq(A, difference(A, B)), greater_than(cardinality(A), cardinality(B))))",0.0,0.0,0.4569347264741208,0.3934885064931497,0.4569347264741208,complement-symmetric-entropy-v1,0.0,0.0,0.0098570415436499,0.0098570415436499,0.0098570415436499,0.0,0.0,0.4470776849304709,0.3836314649494998,0.4470776849304709
"subset_eq(difference(index(cardinality(B), union(A, B)), B), union(index(cardinality(A), union(A, B)), index(cardinality(B), difference(A, B))))",0.0,0.0,0.2892974085333788,0.589653640628293,0.589653640628293,complement-symmetric-entropy-v1,0.0,0.0,0.0,0.4823965982347622,0.4823965982347622,0.0,0.0,0.2892974085333788,0.10725704239353073,0.10725704239353073
"and(subset_eq(index(cardinality(A), union(A, B)), intersection(A, B)), greater_than(cardinality(intersection(A, B)), cardinality(difference(B, A))))",0.24656970698316116,0.9411273974399137,0.0,0.0,0.9411273974399137,complement-symmetric-entropy-v1,0.2465697069831611,0.9411273974399136,0.4308856601190989,0.0400306737120955,0.9411273974399136,5.551115123125783e-17,1.1102230246251565e-16,-0.4308856601190989,-0.0400306737120955,1.1102230246251565e-16
"subset_eq(intersection(A, index(cardinality(B), union(A, B))), union(index(cardinality(A), B), index(cardinality(A), union(A, B))))",0.7554878873314756,0.0,0.04485415499027745,0.7177002338342118,0.7554878873314756,complement-symmetric-entropy-v1,0.7554878873314756,0.0,0.0,0.7894948260113255,0.7894948260113255,0.0,0.0,0.04485415499027745,-0.0717945921771137,-0.03400693867984983
"and(subset_eq(index(cardinality(A), union(A, B)), B), subset_eq(index(cardinality(B), A), index(cardinality(B), difference(A, B))))",0.0,0.0,0.23244683756926243,0.6456779303729326,0.6456779303729326,complement-symmetric-entropy-v1,0.0,0.0,0.0,0.6274174661427161,0.6274174661427161,0.0,0.0,0.23244683756926243,0.018260464230216544,0.018260464230216544
"subset_eq(difference(index(cardinality(B), union(A, B)), B), index(cardinality(difference(B, A)), A))",0.0,0.0,0.2100976684774407,0.5755133156102528,0.5755133156102528,complement-symmetric-entropy-v1,0.0,0.0,0.0,0.5361387844461468,0.5361387844461468,0.0,0.0,0.2100976684774407,0.03937453116410594,0.03937453116410594
"subset_eq(difference(index(cardinality(B), union(A, B)), index(cardinality(A), B)), difference(union(difference(A, B), difference(B, A)), index(cardinality(B), difference(A, B))))",0.4989672554946619,0.0,0.03498273530727869,0.8773396744721317,0.8773396744721317,complement-symmetric-entropy-v1,0.4989672554946619,0.0,0.0,0.7349238620008889,0.7349238620008889,0.0,0.0,0.03498273530727869,0.1424158124712428,0.1424158124712428
"subset_eq(intersection(B, index(cardinality(A), union(A, B))), index(cardinality(B), union(A, B)))",0.0,0.7124412218247083,0.6550434745684246,0.04627645336226094,0.7124412218247083,complement-symmetric-entropy-v1,0.0,0.7124412218247083,0.7430189465296648,0.0,0.7430189465296648,0.0,0.0,-0.08797547196124023,0.04627645336226094,-0.030577724704956566
"subset_eq(index(cardinality(difference(A, B)), A), union(index(cardinality(B), A), index(cardinality(B), union(A, B))))",0.0,0.0,0.696193618162251,0.39930038631876275,0.696193618162251,complement-symmetric-entropy-v1,0.0,0.0,0.713342423772586,0.4093444658864702,0.713342423772586,0.0,0.0,-0.01714880561033505,-0.010044079567707476,-0.01714880561033505
"subset_eq(difference(index(cardinality(A), B), index(cardinality(A), union(A, B))), index(cardinality(intersection(A, B)), difference(B, A)))",0.0,0.0,0.6238532900684234,0.33859575024791055,0.6238532900684234,complement-symmetric-entropy-v1,0.0,0.0,0.0,0.0,0.0,0.0,0.0,0.6238532900684234,0.33859575024791055,0.6238532900684234
"subset_eq(difference(A, index(cardinality(A), B)), difference(index(cardinality(B), union(A, B)), index(cardinality(A), union(A, B))))",0.46624429415981394,0.0,0.4223146677829356,0.9395644061894712,0.9395644061894712,complement-symmetric-entropy-v1,0.4662442941598139,0.0,0.5720128945185767,0.956273253744254,0.956273253744254,5.551115123125783e-17,0.0,-0.14969822673564115,-0.016708847554782746,-0.016708847554782746
"or(or(subset_eq(A, B), greater_than(cardinality(A), cardinality(B))), subset_eq(index(cardinality(A), union(A, B)), difference(B, A)))",0.0,0.0,0.4877129450645894,0.34915081568800777,0.4877129450645894,complement-symmetric-entropy-v1,0.0,0.0,0.0,0.0,0.0,0.0,0.0,0.4877129450645894,0.34915081568800777,0.4877129450645894
"subset_eq(index(cardinality(intersection(A, B)), difference(A, B)), difference(A, index(cardinality(B), union(A, B))))",0.8615227765978993,0.0,0.02599311901222945,0.42422885890578477,0.8615227765978993,complement-symmetric-entropy-v1,0.8615227765978993,0.0,0.0,0.3808330854470901,0.8615227765978993,0.0,0.0,0.02599311901222945,0.043395773458694664,0.0
"subset_eq(index(cardinality(difference(A, A)), B), union(index(cardinality(A), B), index(cardinality(B), union(A, B))))",0.0,0.0,0.8551096264243119,0.5069801947382631,0.8551096264243119,complement-symmetric-entropy-v1,0.0,0.0,0.8213862423818481,0.6557521657410659,0.8213862423818481,0.0,0.0,0.03372338404246378,-0.14877197100280282,0.03372338404246378
"subset_eq(union(difference(A, B), index(cardinality(B), union(A, B))), index(cardinality(intersection(A, B)), index(cardinality(A), union(A, B))))",0.7902470408965522,0.0,0.1117047330308969,1.0,1.0,complement-symmetric-entropy-v1,0.7902470408965522,0.0,0.0,1.0,1.0,0.0,0.0,0.1117047330308969,0.0,0.0
"subset_eq(union(index(cardinality(A), difference(B, A)), index(cardinality(B), union(A, B))), difference(index(cardinality(B), A), index(cardinality(B), difference(A, B))))",0.2596555881781206,0.3523174330870953,0.0057321782780440644,0.0057321782780440644,0.3523174330870953,complement-symmetric-entropy-v1,0.2596555881781206,0.3523174330870953,0.1503194853999376,0.0813431859584079,0.3523174330870953,0.0,0.0,-0.14458730712189355,-0.07561100768036383,0.0
"and(subset_eq(index(cardinality(B), A), index(cardinality(B), union(A, B))), subset_eq(index(cardinality(A), difference(B, A)), index(cardinality(A), B)))",0.0,0.0,0.39228027634795626,0.3458404001690025,0.39228027634795626,complement-symmetric-entropy-v1,0.0,0.0,0.2047368645399097,0.0,0.2047368645399097,0.0,0.0,0.18754341180804657,0.3458404001690025,0.18754341180804657
"subset_eq(union(intersection(A, B), index(cardinality(A), union(A, B))), intersection(A, index(cardinality(A), B)))",0.0,0.30748530477307423,0.4608792909880117,0.4608792909880117,0.4608792909880117,complement-symmetric-entropy-v1,0.0,0.3074853047730742,0.5607675676111827,0.7102008881329562,0.7102008881329562,0.0,5.551115123125783e-17,-0.09988827662317101,-0.2493215971449445,-0.2493215971449445
"and(or(and(subset_eq(A, B), subset_eq(B, A)), subset_eq(A, difference(A, B))), subset_eq(index(cardinality(B), union(A, B)), A))",0.0,0.0,0.7009154585179066,0.5819610195694589,0.7009154585179066,complement-symmetric-entropy-v1,0.0,0.0,0.4514220431436695,0.397177091824993,0.4514220431436695,0.0,0.0,0.24949341537423708,0.1847839277444659,0.24949341537423708
"and(not(equals(cardinality(A), cardinality(B))), subset_eq(index(cardinality(A), B), difference(B, A)))",0.00558003073280644,0.00558003073280644,0.3607469942714854,0.17662470907757455,0.3607469942714854,complement-symmetric-entropy-v1,0.0055800307328064,0.0055800307328064,0.2214235487271868,0.028273269245759,0.2214235487271868,3.9898639947466563e-17,3.9898639947466563e-17,0.13932344554429857,0.14835143983181553,0.13932344554429857
"and(subset_eq(A, difference(A, B)), subset_eq(index(cardinality(A), B), index(cardinality(B), union(A, B))))",0.0,0.35641938847416443,1.0,0.1875308612342813,1.0,complement-symmetric-entropy-v1,0.0,0.3564193884741644,1.0,0.7410810113286473,1.0,0.0,5.551115123125783e-17,0.0,-0.553550150094366,0.0
"subset_eq(index(cardinality(difference(A, B)), union(A, B)), difference(index(cardinality(B), union(A, B)), index(cardinality(B), A)))",0.0,0.43026274082492566,0.5226484951181439,0.2715607319994432,0.5226484951181439,complement-symmetric-entropy-v1,0.0,0.4302627408249256,0.6227990970666153,0.4513762225455884,0.6227990970666153,0.0,5.551115123125783e-17,-0.10015060194847136,-0.1798154905461452,-0.10015060194847136
"or(and(not(subset_eq(B, A)), greater_than(cardinality(A), cardinality(B))), subset_eq(union(difference(A, B), difference(B, A)), index(cardinality(B), A)))",0.10727522104557363,0.45599647557457346,0.09965983628767172,0.05432120183131417,0.45599647557457346,complement-symmetric-entropy-v1,0.1072752210455736,0.4559964755745734,0.4559964755745734,0.1619395915113631,0.4559964755745734,2.7755575615628914e-17,5.551115123125783e-17,-0.3563366392869017,-0.10761838968004894,5.551115123125783e-17
"subset_eq(index(cardinality(difference(A, B)), A), difference(A, index(cardinality(B), union(A, B))))",0.0,0.0,0.4624172736757891,0.44598050524037347,0.4624172736757891,complement-symmetric-entropy-v1,0.0,0.0,0.0,0.1459386032608954,0.1459386032608954,0.0,0.0,0.4624172736757891,0.3000419019794781,0.31647867041489375
"subset_eq(intersection(A, index(cardinality(A), union(A, B))), index(cardinality(B), difference(A, B)))",0.0,0.0,0.7063679234631907,0.3094907517183755,0.7063679234631907,complement-symmetric-entropy-v1,0.0,0.0,0.5186376813074309,0.0,0.5186376813074309,0.0,0.0,0.18773024215575973,0.3094907517183755,0.18773024215575973
"subset_eq(index(cardinality(difference(B, A)), index(cardinality(B), A)), difference(difference(A, B), index(cardinality(B), difference(A, B))))",0.7155512988794046,0.0,0.02724048216900732,0.93103706631967,0.93103706631967,complement-symmetric-entropy-v1,0.7155512988794046,0.0,0.0,0.8350872860262137,0.8350872860262137,0.0,0.0,0.02724048216900732,0.09594978029345624,0.09594978029345624
"subset_eq(index(cardinality(B), union(difference(A, B), difference(B, A))), difference(union(A, B), index(cardinality(A), union(A, B))))",0.0,0.0,0.30607371427853014,0.4070051305692388,0.4070051305692388,complement-symmetric-entropy-v1,0.0,0.0,0.0,0.0,0.0,0.0,0.0,0.30607371427853014,0.4070051305692388,0.4070051305692388
"subset_eq(difference(union(difference(A, B), difference(B, A)), index(cardinality(A), union(A, B))), index(cardinality(intersection(A, B)), union(A, B)))",0.31939912996568876,0.31939912996568876,0.3213508128606366,0.3213508128606366,0.3213508128606366,complement-symmetric-entropy-v1,0.3193991299656887,0.3193991299656887,0.3500472161064039,0.3500472161064039,0.3500472161064039,5.551115123125783e-17,5.551115123125783e-17,-0.028696403245767277,-0.028696403245767277,-0.028696403245767277
"subset_eq(index(cardinality(intersection(A, B)), index(cardinality(B), union(A, B))), intersection(B, index(cardinality(A), union(A, B))))",0.6787550598786267,0.0,0.0304634257505616,0.22020269081149269,0.6787550598786267,complement-symmetric-entropy-v1,0.6787550598786267,0.0,0.0,0.1826718652098694,0.6787550598786267,0.0,0.0,0.0304634257505616,0.0375308256016233,0.0
"subset_eq(index(cardinality(difference(A, B)), B), difference(B, index(cardinality(B), A)))",0.0,0.0,0.5708840741550897,0.7566930973369748,0.7566930973369748,complement-symmetric-entropy-v1,0.0,0.0,0.0,0.0,0.0,0.0,0.0,0.5708840741550897,0.7566930973369748,0.7566930973369748
"subset_eq(difference(B, index(cardinality(A), difference(B, A))), index(cardinality(difference(A, B)), A))",0.0,0.4632053700315564,1.0,0.5665288644536468,1.0,complement-symmetric-entropy-v1,0.0,0.4632053700315564,1.0,0.7522528924602949,1.0,0.0,0.0,0.0,-0.1857240280066481,0.0
"subset_eq(difference(union(A, B), index(cardinality(B), union(A, B))), index(cardinality(intersection(A, B)), B))",0.32398627811075986,0.32398627811075986,1.0,1.0,1.0,complement-symmetric-entropy-v1,0.3239862781107598,0.3239862781107598,1.0,1.0,1.0,5.551115123125783e-17,5.551115123125783e-17,0.0,0.0,0.0
"and(or(subset_eq(B, A), greater_than(cardinality(A), cardinality(B))), subset_eq(difference(B, A), index(cardinality(A), union(A, B))))",0.0,0.9667764837428844,1.0,0.10840411772158809,1.0,complement-symmetric-entropy-v1,0.0,0.9667764837428844,1.0,0.0,1.0,0.0,0.0,0.0,0.10840411772158809,0.0
"subset_eq(index(cardinality(difference(A, B)), union(A, B)), A)",0.0,0.7447823031401973,0.4235263447307853,0.04128988929906696,0.7447823031401973,complement-symmetric-entropy-v1,0.0,0.7447823031401973,0.40153562930988,0.0,0.7447823031401973,0.0,0.0,0.021990715420905305,0.04128988929906696,0.0
"and(not(or(subset_eq(A, B), subset_eq(B, A))), subset_eq(index(cardinality(B), difference(A, B)), index(cardinality(A), union(A, B))))",0.4406386949944029,0.3912948828538869,0.0,0.0,0.4406386949944029,complement-symmetric-entropy-v1,0.4406386949944029,0.3912948828538869,0.3912948828538869,0.4406386949944029,0.4406386949944029,0.0,0.0,-0.3912948828538869,-0.4406386949944029,0.0
"or(subset_eq(intersection(A, B), index(cardinality(A), union(A, B))), subset_eq(index(cardinality(B), union(A, B)), union(difference(A, B), difference(B, A))))",0.0,0.0,0.376902073352965,0.8008570196217574,0.8008570196217574,complement-symmetric-entropy-v1,0.0,0.0,0.0,0.58229126850654,0.58229126850654,0.0,0.0,0.376902073352965,0.21856575111521737,0.21856575111521737
"subset_eq(difference(union(difference(A, B), difference(B, A)), index(cardinality(B), union(A, B))), index(cardinality(difference(A, A)), B))",0.28052716682788725,0.28052716682788725,0.315421754731661,0.315421754731661,0.315421754731661,complement-symmetric-entropy-v1,0.2805271668278872,0.2805271668278872,0.38363159374341,0.38363159374341,0.38363159374341,5.551115123125783e-17,5.551115123125783e-17,-0.06820983901174899,-0.06820983901174899,-0.06820983901174899
"or(subset_eq(A, index(cardinality(A), B)), subset_eq(index(cardinality(A), difference(B, A)), index(cardinality(B), union(A, B))))",0.0,0.0,0.9413464901340857,0.2879967533808534,0.9413464901340857,complement-symmetric-entropy-v1,0.0,0.0,0.8292495334231305,0.0,0.8292495334231305,0.0,0.0,0.11209695671095521,0.2879967533808534,0.11209695671095521
"subset_eq(difference(index(cardinality(B), union(A, B)), index(cardinality(A), union(A, B))), difference(index(cardinality(A), B), A))",0.7255708731677717,0.0,0.05196156056470569,0.5949253955660272,0.7255708731677717,complement-symmetric-entropy-v1,0.7255708731677717,0.0,0.0,0.7255708731677717,0.7255708731677717,0.0,0.0,0.05196156056470569,-0.1306454776017445,0.0
"and(subset_eq(difference(A, B), index(cardinality(A), union(A, B))), equals(cardinality(intersection(A, B)), cardinality(difference(A, B))))",0.6709474433055107,0.0,0.4823036311791902,0.4823036311791902,0.6709474433055107,complement-symmetric-entropy-v1,0.6709474433055107,0.0,0.5581266442534614,0.6948361634405791,0.6948361634405791,0.0,0.0,-0.0758230130742712,-0.2125325322613889,-0.023888720135068375
"subset_eq(intersection(A, index(cardinality(B), union(A, B))), index(cardinality(difference(B, A)), B))",0.5005250859413728,0.0,0.05086794934597938,0.715736574561179,0.715736574561179,complement-symmetric-entropy-v1,0.5005250859413728,0.0,0.0,0.6823131148250965,0.6823131148250965,0.0,0.0,0.05086794934597938,0.03342345973608252,0.03342345973608252
"and(or(subset_eq(A, B), equals(cardinality(A), cardinality(B))), subset_eq(index(cardinality(A), B), difference(B, A)))",0.41223880234062893,0.0,0.08135199451762165,0.2894741351119843,0.41223880234062893,complement-symmetric-entropy-v1,0.4122388023406289,0.0,0.078702694986443,0.4122388023406289,0.4122388023406289,5.551115123125783e-17,0.0,0.0026492995311786505,-0.1227646672286446,5.551115123125783e-17
"subset_eq(index(cardinality(difference(B, A)), union(difference(A, B), difference(B, A))), union(index(cardinality(B), A), index(cardinality(A), union(A, B))))",0.0,0.0,0.2803080982702558,0.4812083852470047,0.4812083852470047,complement-symmetric-entropy-v1,0.0,0.0,0.0,0.4568667975223905,0.4568667975223905,0.0,0.0,0.2803080982702558,0.0243415877246142,0.0243415877246142
"subset_eq(index(cardinality(A), union(A, B)), difference(intersection(A, B), index(cardinality(B), A)))",0.0,0.6207801109022757,0.455916414823226,0.06942776767600711,0.6207801109022757,complement-symmetric-entropy-v1,0.0,0.6207801109022757,0.322144405707284,0.0,0.6207801109022757,0.0,0.0,0.133772009115942,0.06942776767600711,0.0
"subset_eq(index(cardinality(intersection(A, B)), union(difference(A, B), difference(B, A))), index(cardinality(difference(B, A)), union(A, B)))",0.0,0.4612156595006611,0.1472006546454464,0.05789761803455129,0.4612156595006611,complement-symmetric-entropy-v1,0.0,0.4612156595006611,0.1520820071330819,0.157551517541033,0.4612156595006611,0.0,0.0,-0.004881352487635493,-0.09965389950648171,0.0
"or(subset_eq(index(cardinality(A), difference(B, A)), A), subset_eq(index(cardinality(B), union(A, B)), A))",0.0,0.0,0.6639680097365789,0.3075475019274484,0.6639680097365789,complement-symmetric-entropy-v1,0.0,0.0,0.0,0.0,0.0,0.0,0.0,0.6639680097365789,0.3075475019274484,0.6639680097365789
"or(subset_eq(index(cardinality(A), union(A, B)), difference(B, A)), subset_eq(index(cardinality(B), union(A, B)), difference(B, A)))",0.0,0.0,0.41897852052075524,0.4558021711561516,0.4558021711561516,complement-symmetric-entropy-v1,0.0,0.0,0.0,0.0,0.0,0.0,0.0,0.41897852052075524,0.4558021711561516,0.4558021711561516
"and(equals(cardinality(A), cardinality(B)), not(subset_eq(A, difference(A, A))))",0.3188973317078222,0.3188973317078222,0.0,0.0,0.3188973317078222,complement-symmetric-entropy-v1,0.3188973317078222,0.3188973317078222,0.2593204984797677,0.2593204984797677,0.3188973317078222,0.0,0.0,-0.2593204984797677,-0.2593204984797677,0.0
"subset_eq(difference(index(cardinality(A), union(A, B)), A), index(cardinality(difference(B, A)), B))",0.0,0.7002393803883846,0.5183407013390261,0.03284159642303297,0.7002393803883846,complement-symmetric-entropy-v1,0.0,0.7002393803883846,0.471712303607644,0.0,0.7002393803883846,0.0,0.0,0.04662839773138211,0.03284159642303297,0.0
"or(or(subset_eq(A, difference(A, B)), greater_than(cardinality(B), cardinality(A))), subset_eq(difference(A, B), index(cardinality(B), union(A, B))))",0.0,0.0,0.45641607246406257,1.0,1.0,complement-symmetric-entropy-v1,0.0,0.0,0.0,1.0,1.0,0.0,0.0,0.45641607246406257,0.0,0.0
"subset_eq(index(cardinality(intersection(A, B)), union(difference(A, B), difference(B, A))), union(index(cardinality(A), union(A, B)), index(cardinality(B), union(A, B))))",0.0,0.0,0.1854873465181014,0.1854873465181014,0.1854873465181014,complement-symmetric-entropy-v1,0.0,0.0,0.1068121868787531,0.1068121868787531,0.1068121868787531,0.0,0.0,0.07867515963934829,0.07867515963934829,0.07867515963934829
"and(subset_eq(index(cardinality(A), B), A), greater_than(cardinality(intersection(A, B)), cardinality(difference(A, B))))",0.6346978050461015,0.38789272952427256,0.0,0.0,0.6346978050461015,complement-symmetric-entropy-v1,0.6346978050461015,0.3878927295242725,0.1549003729904324,0.2637941317926813,0.6346978050461015,0.0,5.551115123125783e-17,-0.1549003729904324,-0.2637941317926813,0.0
"subset_eq(index(cardinality(B), union(difference(A, B), difference(B, A))), index(cardinality(difference(B, A)), difference(A, B)))",0.0,0.0,0.17123867720281394,0.25199003493562466,0.25199003493562466,complement-symmetric-entropy-v1,0.0,0.0,0.0,0.259166347092081,0.259166347092081,0.0,0.0,0.17123867720281394,-0.00717631215645631,-0.00717631215645631
"or(and(subset_eq(B, A), not(subset_eq(A, B))), equals(cardinality(A), cardinality(difference(B, A))))",0.0,0.27831861535177593,0.49051984057007625,0.07738143767113448,0.49051984057007625,complement-symmetric-entropy-v1,0.0,0.2783186153517759,0.375044727203742,0.016978339064844,0.375044727203742,0.0,5.551115123125783e-17,0.11547511336633426,0.06040309860629048,0.11547511336633426
"subset_eq(union(intersection(A, B), index(cardinality(A), union(A, B))), difference(index(cardinality(A), union(A, B)), index(cardinality(A), B)))",0.0,0.34782745128782466,0.6874374916313883,0.14025380250259267,0.6874374916313883,complement-symmetric-entropy-v1,0.0,0.3478274512878246,0.8004626916078195,0.6545845305227702,0.8004626916078195,0.0,5.551115123125783e-17,-0.11302519997643112,-0.5143307280201775,-0.11302519997643112
"or(or(subset_eq(A, B), greater_than(cardinality(A), cardinality(B))), equals(cardinality(A), cardinality(difference(B, A))))",0.0,0.0,0.4529484102481991,0.44206716444357275,0.4529484102481991,complement-symmetric-entropy-v1,0.0,0.0,0.0,0.0,0.0,0.0,0.0,0.4529484102481991,0.44206716444357275,0.4529484102481991
"and(subset_eq(index(cardinality(A), union(A, B)), index(cardinality(B), A)), greater_than(cardinality(difference(A, B)), cardinality(intersection(A, B))))",0.02787177457167389,0.7987592570202502,0.6968202412620106,0.0,0.7987592570202502,complement-symmetric-entropy-v1,0.0278717745716738,0.7987592570202502,0.9076442033730012,0.2714275055176492,0.9076442033730012,9.020562075079397e-17,0.0,-0.21082396211099064,-0.2714275055176492,-0.10888494635275103
"and(subset_eq(index(cardinality(B), union(A, B)), B), subset_eq(index(cardinality(A), union(A, B)), intersection(A, B)))",0.37073981162143055,0.3758685301268697,0.0070090160810935,0.0070090160810935,0.3758685301268697,complement-symmetric-entropy-v1,0.3707398116214305,0.3758685301268697,0.2036512408969154,0.2036512408969154,0.3758685301268697,5.551115123125783e-17,0.0,-0.1966422248158219,-0.1966422248158219,0.0
"subset_eq(intersection(index(cardinality(B), A), index(cardinality(B), union(A, B))), index(cardinality(difference(A, A)), difference(A, B)))",0.0,0.0,0.29108403138208605,1.0,1.0,complement-symmetric-entropy-v1,0.0,0.0,0.0,1.0,1.0,0.0,0.0,0.29108403138208605,0.0,0.0
"subset_eq(index(cardinality(intersection(A, B)), union(difference(A, B), difference(B, A))), index(cardinality(difference(A, A)), difference(B, A)))",0.4302681328269413,0.0,0.048253892890909866,0.2640010710398186,0.4302681328269413,complement-symmetric-entropy-v1,0.4302681328269413,0.0,0.1176278953281253,0.2699538723051923,0.4302681328269413,0.0,0.0,-0.06937400243721543,-0.005952801265373675,0.0
"and(or(not(subset_eq(B, A)), subset_eq(A, difference(A, B))), subset_eq(difference(B, A), index(cardinality(A), B)))",0.0,0.20111776644387658,0.5294186800885365,0.5294186800885365,0.5294186800885365,complement-symmetric-entropy-v1,0.0,0.2011177664438765,0.4618046920970123,0.5926075921530718,0.5926075921530718,0.0,8.326672684688674e-17,0.06761398799152424,-0.06318891206453525,-0.06318891206453525
"subset_eq(index(cardinality(A), union(A, B)), difference(difference(B, A), index(cardinality(A), B)))",0.0,0.6553551007022911,0.8968590421043081,0.07369103271937927,0.8968590421043081,complement-symmetric-entropy-v1,0.0,0.6553551007022911,0.8313450142827924,0.0,0.8313450142827924,0.0,0.0,0.06551402782151572,0.07369103271937927,0.06551402782151572
"subset_eq(difference(B, index(cardinality(B), union(A, B))), index(cardinality(difference(A, B)), B))",0.0,0.5475242436021457,1.0,0.6625646961472087,1.0,complement-symmetric-entropy-v1,0.0,0.5475242436021457,1.0,0.8121020443872938,1.0,0.0,0.0,0.0,-0.14953734824008513,0.0
"or(subset_eq(intersection(A, B), index(cardinality(B), A)), subset_eq(index(cardinality(B), union(A, B)), B))",0.0,0.0,0.3605399951063146,0.7644371954049813,0.7644371954049813,complement-symmetric-entropy-v1,0.0,0.0,0.0,0.6477500892951429,0.6477500892951429,0.0,0.0,0.3605399951063146,0.11668710610983846,0.11668710610983846
"or(subset_eq(A, difference(A, B)), greater_than(cardinality(intersection(A, B)), cardinality(difference(A, B))))",0.0,0.0,0.39221868688288297,0.6113081337019484,0.6113081337019484,complement-symmetric-entropy-v1,0.0,0.0,0.0,0.4007039896138961,0.4007039896138961,0.0,0.0,0.39221868688288297,0.21060414408805228,0.21060414408805228
"and(subset_eq(index(cardinality(A), union(A, B)), B), subset_eq(index(cardinality(B), union(A, B)), index(cardinality(A), B)))",0.9420320332976877,0.0,0.10525736371799088,0.8439765914060857,0.9420320332976877,complement-symmetric-entropy-v1,0.9420320332976876,0.0,0.0,0.9420320332976876,0.9420320332976876,1.1102230246251565e-16,0.0,0.10525736371799088,-0.09805544189160187,1.1102230246251565e-16
"subset_eq(difference(index(cardinality(B), union(A, B)), intersection(A, B)), index(cardinality(intersection(A, B)), difference(A, B)))",0.0,0.0,0.3220327324250811,0.4216257044147774,0.4216257044147774,complement-symmetric-entropy-v1,0.0,0.0,0.0,0.1783409114828044,0.1783409114828044,0.0,0.0,0.3220327324250811,0.24328479293197303,0.24328479293197303
"or(and(subset_eq(A, difference(A, B)), greater_than(cardinality(B), cardinality(A))), subset_eq(difference(B, A), index(cardinality(A), union(A, B))))",0.0,0.0,0.7896326646247447,0.36595274977396985,0.7896326646247447,complement-symmetric-entropy-v1,0.0,0.0,0.8545519931096401,0.0,0.8545519931096401,0.0,0.0,-0.06491932848489546,0.36595274977396985,-0.06491932848489546
"subset_eq(index(cardinality(B), union(A, B)), difference(A, index(cardinality(A), B)))",0.0,0.0,0.4291361362302021,0.39005223202797856,0.4291361362302021,complement-symmetric-entropy-v1,0.0,0.0,0.0,0.0,0.0,0.0,0.0,0.4291361362302021,0.39005223202797856,0.4291361362302021
"or(subset_eq(intersection(A, B), index(cardinality(B), union(A, B))), subset_eq(index(cardinality(B), union(A, B)), index(cardinality(B), difference(A, B))))",0.0,0.0,0.5707932316782679,0.816408732716993,0.816408732716993,complement-symmetric-entropy-v1,0.0,0.0,0.0,0.7917087257590687,0.7917087257590687,0.0,0.0,0.5707932316782679,0.024700006957924292,0.024700006957924292
"or(and(subset_eq(A, difference(A, B)), greater_than(cardinality(A), cardinality(B))), subset_eq(union(difference(A, B), difference(B, A)), index(cardinality(A), B)))",0.0,0.29765312366297647,0.49835297779149146,0.2700301496883425,0.49835297779149146,complement-symmetric-entropy-v1,0.0,0.2976531236629764,0.35609829728508,0.3935147278880677,0.3935147278880677,0.0,5.551115123125783e-17,0.14225468050641144,-0.12348457819972519,0.10483824990342377
"and(and(subset_eq(A, difference(A, B)), greater_than(cardinality(A), cardinality(B))), subset_eq(index(cardinality(A), union(A, B)), A))",0.02107943450068872,0.7322533281305481,1.0,0.0,1.0,complement-symmetric-entropy-v1,0.0210794345006887,0.7322533281305481,1.0,0.6920464972052209,1.0,2.0816681711721685e-17,0.0,0.0,-0.6920464972052209,0.0
"and(subset_eq(index(cardinality(A), union(A, B)), union(difference(A, B), difference(B, A))), greater_than(cardinality(intersection(A, B)), cardinality(difference(B, A))))",0.23065573862382016,1.0,0.0,0.0,1.0,complement-symmetric-entropy-v1,0.2306557386238201,1.0,0.52005928205343,0.0376238972305325,1.0,5.551115123125783e-17,0.0,-0.52005928205343,-0.0376238972305325,0.0
"and(subset_eq(index(cardinality(A), difference(B, A)), index(cardinality(A), union(A, B))), subset_eq(index(cardinality(B), difference(A, B)), index(cardinality(B), union(A, B))))",0.0,0.0,0.25120384010905017,0.25120384010905017,0.25120384010905017,complement-symmetric-entropy-v1,0.0,0.0,0.2968018462059295,0.2968018462059295,0.2968018462059295,0.0,0.0,-0.04559800609687931,-0.04559800609687931,-0.04559800609687931
"or(subset_eq(index(cardinality(B), union(A, B)), index(cardinality(B), A)), equals(cardinality(A), cardinality(difference(B, A))))",0.0,0.0,0.42892286984372296,0.42892286984372296,0.42892286984372296,complement-symmetric-entropy-v1,0.0,0.0,0.0,0.0,0.0,0.0,0.0,0.42892286984372296,0.42892286984372296,0.42892286984372296
"subset_eq(index(cardinality(intersection(A, B)), difference(A, B)), union(index(cardinality(B), A), index(cardinality(A), union(A, B))))",0.0,0.0,0.1520895622471804,0.3473104426026876,0.3473104426026876,complement-symmetric-entropy-v1,0.0,0.0,0.0,0.2148078528145761,0.2148078528145761,0.0,0.0,0.1520895622471804,0.13250258978811152,0.13250258978811152
"subset_eq(union(intersection(A, B), index(cardinality(B), union(A, B))), difference(difference(B, A), index(cardinality(A), B)))",0.39882725967664334,0.0,0.3760057523643373,0.646643939503823,0.646643939503823,complement-symmetric-entropy-v1,0.3988272596766433,0.0,0.6145756283418333,0.7629530445994447,0.7629530445994447,5.551115123125783e-17,0.0,-0.23856987597749602,-0.11630910509562165,-0.11630910509562165
"or(subset_eq(intersection(A, B), index(cardinality(A), B)), greater_than(cardinality(difference(B, A)), cardinality(intersection(A, B))))",0.0,0.0,0.5107617929162838,1.0,1.0,complement-symmetric-entropy-v1,0.0,0.0,0.453101772820398,1.0,1.0,0.0,0.0,0.05766002009588578,0.0,0.0
"subset_eq(union(index(cardinality(A), union(A, B)), index(cardinality(B), difference(A, B))), index(cardinality(difference(B, A)), union(difference(A, B), difference(B, A))))",0.0,0.4342268582887079,0.29751076066456705,0.08345270652094539,0.4342268582887079,complement-symmetric-entropy-v1,0.0,0.4342268582887079,0.4543918099654392,0.1100682343449486,0.4543918099654392,0.0,0.0,-0.15688104930087216,-0.026615527824003213,-0.020164951676731324
"subset_eq(index(cardinality(difference(A, B)), union(A, B)), intersection(B, index(cardinality(B), union(A, B))))",0.0,0.6365553926309926,0.5762799434597807,0.29680184620592953,0.6365553926309926,complement-symmetric-entropy-v1,0.0,0.6365553926309926,0.6557835809277306,0.4879349345111641,0.6557835809277306,0.0,0.0,-0.07950363746794986,-0.19113308830523457,-0.019228188296738002
"subset_eq(index(cardinality(difference(A, A)), A), index(cardinality(difference(B, A)), B))",0.42565531178915483,0.0,0.12265103249181153,0.25406333390546054,0.42565531178915483,complement-symmetric-entropy-v1,0.4256553117891548,0.0,0.372120521114846,0.2596503439086967,0.4256553117891548,5.551115123125783e-17,0.0,-0.24946948862303447,-0.005587010003236137,5.551115123125783e-17
"subset_eq(union(index(cardinality(A), difference(B, A)), index(cardinality(B), difference(A, B))), index(cardinality(difference(B, A)), union(A, B)))",0.0,0.4066440262052623,0.24558825552588237,0.030796166734257557,0.4066440262052623,complement-symmetric-entropy-v1,0.0,0.4066440262052623,0.4066440262052623,0.3009579057049238,0.4066440262052623,0.0,0.0,-0.16105577067937993,-0.27016173897066625,0.0
"not(subset_eq(index(cardinality(B), A), index(cardinality(B), union(A, B))))",0.37291990447156087,0.6213234515653441,0.0,0.0,0.6213234515653441,complement-symmetric-entropy-v1,0.3729199044715608,0.6213234515653441,0.6213234515653441,0.3442368963119181,0.6213234515653441,5.551115123125783e-17,0.0,-0.6213234515653441,-0.3442368963119181,0.0
"or(subset_eq(A, index(cardinality(A), union(A, B))), subset_eq(index(cardinality(B), union(A, B)), B))",0.522001155870266,0.0,0.038809502002166374,0.7509580611271747,0.7509580611271747,complement-symmetric-entropy-v1,0.522001155870266,0.0,0.0,0.7003061521415608,0.7003061521415608,0.0,0.0,0.038809502002166374,0.05065190898561389,0.05065190898561389
"and(not(subset_eq(union(A, B), difference(A, A))), subset_eq(index(cardinality(A), union(A, B)), index(cardinality(A), difference(B, A))))",0.003118886746826033,0.003118886746826033,0.5664585999743594,0.17292254313309907,0.5664585999743594,complement-symmetric-entropy-v1,0.003118886746826,0.003118886746826,0.7151612162167034,0.0,0.7151612162167034,3.2959746043559335e-17,3.2959746043559335e-17,-0.14870261624234393,0.17292254313309907,-0.14870261624234393
"subset_eq(difference(index(cardinality(B), union(A, B)), index(cardinality(A), union(A, B))), index(cardinality(intersection(A, B)), union(difference(A, B), difference(B, A))))",0.0,0.0,0.2135262538887217,0.4229969101915847,0.4229969101915847,complement-symmetric-entropy-v1,0.0,0.0,0.0,0.3651556948862113,0.3651556948862113,0.0,0.0,0.2135262538887217,0.057841215305373395,0.057841215305373395
"subset_eq(union(difference(A, B), index(cardinality(A), difference(B, A))), index(cardinality(B), union(A, B)))",0.3902372989974505,0.22328408819287127,0.15429369015157746,0.03449891718142917,0.3902372989974505,complement-symmetric-entropy-v1,0.3902372989974505,0.2232840881928712,0.1321816285002098,0.5473168088463007,0.5473168088463007,0.0,5.551115123125783e-17,0.022112061651367643,-0.5128178916648716,-0.15707950984885022
"and(subset_eq(index(cardinality(B), A), B), subset_eq(index(cardinality(A), union(A, B)), index(cardinality(B), A)))",0.2272884073564292,0.5051360648371792,0.015072455573367893,0.015072455573367893,0.5051360648371792,complement-symmetric-entropy-v1,0.2272884073564292,0.5051360648371792,0.4866712263173036,0.1224069004183867,0.5051360648371792,0.0,0.0,-0.4715987707439357,-0.1073344448450188,0.0
"subset_eq(union(index(cardinality(A), union(A, B)), index(cardinality(B), difference(A, B))), index(cardinality(difference(B, A)), difference(A, B)))",0.0,0.6953481251400766,0.42269901446643043,0.12669483461130016,0.6953481251400766,complement-symmetric-entropy-v1,0.0,0.6953481251400766,0.6953481251400766,0.0594236574836007,0.6953481251400766,0.0,0.0,-0.27264911067364617,0.06727117712769945,0.0
"and(or(subset_eq(B, A), not(subset_eq(A, B))), subset_eq(index(cardinality(A), difference(B, A)), A))",0.0,1.0,1.0,0.03961951431068933,1.0,complement-symmetric-entropy-v1,0.0,1.0,1.0,0.0,1.0,0.0,0.0,0.0,0.03961951431068933,0.0
"subset_eq(index(cardinality(difference(A, B)), union(difference(A, B), difference(B, A))), index(cardinality(difference(B, A)), difference(A, B)))",0.0,0.9206758317420949,0.810943382133462,0.09663982441095942,0.9206758317420949,complement-symmetric-entropy-v1,0.0,0.9206758317420948,0.9206758317420948,0.0,0.9206758317420948,0.0,1.1102230246251565e-16,-0.10973244960863282,0.09663982441095942,1.1102230246251565e-16
"and(subset_eq(difference(A, B), index(cardinality(A), union(A, B))), greater_than(cardinality(A), cardinality(difference(B, A))))",0.5091267588571873,0.37272355108054245,0.0,0.0,0.5091267588571873,complement-symmetric-entropy-v1,0.5091267588571873,0.3727235510805424,0.1939320305429077,0.4094328724190885,0.5091267588571873,0.0,5.551115123125783e-17,-0.1939320305429077,-0.4094328724190885,0.0
"and(subset_eq(index(cardinality(A), union(A, B)), difference(B, A)), greater_than(cardinality(B), cardinality(difference(A, B))))",0.5189894858138517,0.047750464001552695,0.0,0.3816262323423686,0.5189894858138517,complement-symmetric-entropy-v1,0.5189894858138517,0.0477504640015526,0.2047286138562483,0.3774212393011689,0.5189894858138517,0.0,9.71445146547012e-17,-0.2047286138562483,0.0042049930411997005,0.0
"and(or(subset_eq(B, A), equals(cardinality(A), cardinality(B))), subset_eq(intersection(A, B), index(cardinality(B), A)))",0.0,0.4425094158307523,0.7694145125344036,0.2567882728680404,0.7694145125344036,complement-symmetric-entropy-v1,0.0,0.4425094158307523,0.7535342289404436,0.5393757143427119,0.7535342289404436,0.0,0.0,0.015880283593959987,-0.2825874414746715,0.015880283593959987
"and(not(subset_eq(B, A)), subset_eq(index(cardinality(B), A), index(cardinality(B), union(A, B))))",0.9131060982458427,0.09274009458485388,0.0,0.9672439709082463,0.9672439709082463,complement-symmetric-entropy-v1,0.9131060982458428,0.0927400945848538,0.0927400945848538,0.9373729827924538,0.9373729827924538,-1.1102230246251565e-16,8.326672684688674e-17,-0.0927400945848538,0.029870988115792474,0.029870988115792474
"subset_eq(index(cardinality(intersection(A, B)), index(cardinality(B), union(A, B))), index(cardinality(intersection(A, B)), B))",0.6024015698137225,0.0,0.02947768936475592,0.21259460972626965,0.6024015698137225,complement-symmetric-entropy-v1,0.6024015698137225,0.0,0.0,0.1955601679439824,0.6024015698137225,0.0,0.0,0.02947768936475592,0.017034441782287246,0.0
"and(not(subset_eq(B, A)), subset_eq(index(cardinality(A), union(A, B)), index(cardinality(B), difference(A, B))))",0.3728912835342403,0.5949220371909175,0.0,0.0,0.5949220371909175,complement-symmetric-entropy-v1,0.3728912835342403,0.5949220371909175,0.7566930973369748,0.6218989314791645,0.7566930973369748,0.0,0.0,-0.7566930973369748,-0.6218989314791645,-0.16177106014605724
"or(subset_eq(intersection(A, B), index(cardinality(A), B)), subset_eq(index(cardinality(B), union(A, B)), difference(A, B)))",0.0,0.0,0.47418585706765504,0.7685582367585535,0.7685582367585535,complement-symmetric-entropy-v1,0.0,0.0,0.0,0.5480734156469171,0.5480734156469171,0.0,0.0,0.47418585706765504,0.22048482111163636,0.22048482111163636
"and(or(subset_eq(A, difference(A, A)), equals(cardinality(A), cardinality(B))), subset_eq(index(cardinality(B), union(A, B)), A))",0.35099484191929786,0.0,0.16254223914214283,0.27819387274011476,0.35099484191929786,complement-symmetric-entropy-v1,0.3509948419192978,0.0,0.2846363227930621,0.320709969585731,0.3509948419192978,5.551115123125783e-17,0.0,-0.12209408365091928,-0.04251609684561625,5.551115123125783e-17
"or(subset_eq(B, index(cardinality(B), union(A, B))), subset_eq(index(cardinality(B), union(A, B)), A))",0.0,0.0,0.566494717025985,0.478858519800608,0.566494717025985,complement-symmetric-entropy-v1,0.0,0.0,0.0,0.0,0.0,0.0,0.0,0.566494717025985,0.478858519800608,0.566494717025985
"or(or(subset_eq(B, A), equals(cardinality(A), cardinality(B))), subset_eq(index(cardinality(B), union(A, B)), intersection(A, B)))",0.0,0.0,0.2924791649515214,0.2924791649515214,0.2924791649515214,complement-symmetric-entropy-v1,0.0,0.0,0.0,0.0,0.0,0.0,0.0,0.2924791649515214,0.2924791649515214,0.2924791649515214
"subset_eq(index(cardinality(difference(A, B)), union(A, B)), union(difference(A, B), index(cardinality(A), B)))",0.0,0.0,0.5048044588199924,0.3395305073051399,0.5048044588199924,complement-symmetric-entropy-v1,0.0,0.0,0.6038866215794536,0.5054409579097128,0.6038866215794536,0.0,0.0,-0.09908216275946125,-0.16591045060457288,-0.09908216275946125
"or(or(subset_eq(B, A), subset_eq(A, difference(A, A))), greater_than(cardinality(difference(A, B)), cardinality(B)))",0.0,0.0,1.0,0.18566194427213534,1.0,complement-symmetric-entropy-v1,0.0,0.0,1.0,0.0,1.0,0.0,0.0,0.0,0.18566194427213534,0.0
"or(or(subset_eq(A, B), greater_than(cardinality(A), cardinality(B))), not(subset_eq(A, difference(A, B))))",0.0,0.0,0.4560111355236579,0.17466760083806876,0.4560111355236579,complement-symmetric-entropy-v1,0.0,0.0,0.0,0.0,0.0,0.0,0.0,0.4560111355236579,0.17466760083806876,0.4560111355236579
"or(or(not(subset_eq(B, A)), subset_eq(A, difference(A, A))), greater_than(cardinality(difference(A, B)), cardinality(B)))",0.0,0.0,0.25142005843940385,0.7097883049105415,0.7097883049105415,complement-symmetric-entropy-v1,0.0,0.0,0.1542980456838028,0.5394550719978837,0.5394550719978837,0.0,0.0,0.09712201275560106,0.17033323291265778,0.17033323291265778
"subset_eq(difference(index(cardinality(A), union(A, B)), intersection(A, B)), index(cardinality(difference(A, A)), difference(A, B)))",0.0,0.4409202066429969,0.3830061398535367,0.050331732446856625,0.4409202066429969,complement-symmetric-entropy-v1,0.0,0.4409202066429969,0.47865575844702,0.0,0.47865575844702,0.0,0.0,-0.09564961859348331,0.050331732446856625,-0.037735551804023104
"subset_eq(index(cardinality(intersection(A, B)), union(difference(A, B), difference(B, A))), index(cardinality(difference(A, B)), union(difference(A, B), difference(B, A))))",0.7003333162608008,0.0,0.053084487055320206,0.13463243286613735,0.7003333162608008,complement-symmetric-entropy-v1,0.7003333162608008,0.0,0.1745143492030998,0.2722733018749146,0.7003333162608008,0.0,0.0,-0.1214298621477796,-0.13764086900877726,0.0
"not(subset_eq(index(cardinality(A), difference(B, A)), index(cardinality(B), union(A, B))))",1.0,0.025067964955491684,0.0,1.0,1.0,complement-symmetric-entropy-v1,1.0,0.0250679649554916,0.4926555354786645,1.0,1.0,0.0,8.326672684688674e-17,-0.4926555354786645,0.0,0.0
"subset_eq(index(cardinality(intersection(A, B)), B), difference(index(cardinality(A), union(A, B)), index(cardinality(B), union(A, B))))",0.0,0.0,0.37198280763825253,0.37198280763825253,0.37198280763825253,complement-symmetric-entropy-v1,0.0,0.0,0.0,0.0,0.0,0.0,0.0,0.37198280763825253,0.37198280763825253,0.37198280763825253
"subset_eq(intersection(intersection(A, B), index(cardinality(B), union(A, B))), index(cardinality(difference(A, B)), A))",0.0,0.0,0.5737048810226745,0.811522295157959,0.811522295157959,complement-symmetric-entropy-v1,0.0,0.0,0.0,0.3992760898148428,0.3992760898148428,0.0,0.0,0.5737048810226745,0.41224620534311623,0.41224620534311623
"subset_eq(union(index(cardinality(B), union(A, B)), index(cardinality(B), difference(A, B))), union(index(cardinality(A), B), index(cardinality(B), A)))",0.0,0.0,0.22163877464520554,0.399575954312145,0.399575954312145,complement-symmetric-entropy-v1,0.0,0.0,0.0,0.1008030186282954,0.1008030186282954,0.0,0.0,0.22163877464520554,0.2987729356838496,0.2987729356838496
"subset_eq(difference(B, index(cardinality(A), B)), index(cardinality(difference(A, A)), B))",0.0,0.34332310653599707,1.0,0.5945958561623963,1.0,complement-symmetric-entropy-v1,0.0,0.343323106535997,1.0,0.865337881210337,1.0,0.0,5.551115123125783e-17,0.0,-0.27074202504794065,0.0
"subset_eq(union(index(cardinality(B), union(A, B)), index(cardinality(B), difference(A, B))), difference(difference(B, A), index(cardinality(A), difference(B, A))))",0.736775434342857,0.0,0.07834657496435993,0.7313525704363586,0.736775434342857,complement-symmetric-entropy-v1,0.736775434342857,0.0,0.0,0.7491508676511413,0.7491508676511413,0.0,0.0,0.07834657496435993,-0.017798297214782655,-0.012375433308284278
"subset_eq(index(cardinality(difference(B, A)), union(A, B)), difference(index(cardinality(A), union(A, B)), A))",0.6365553926309926,0.0,0.29680184620592953,0.5762799434597807,0.6365553926309926,complement-symmetric-entropy-v1,0.6365553926309926,0.0,0.4879349345111641,0.6762164156564205,0.6762164156564205,0.0,0.0,-0.19113308830523457,-0.09993647219663981,-0.039661023025427955
"or(or(subset_eq(B, A), greater_than(cardinality(B), cardinality(A))), subset_eq(index(cardinality(B), union(A, B)), union(difference(A, B), difference(B, A))))",0.0,0.0,0.5384885725920137,0.6018022848271207,0.6018022848271207,complement-symmetric-entropy-v1,0.0,0.0,0.0,0.0,0.0,0.0,0.0,0.5384885725920137,0.6018022848271207,0.6018022848271207
"or(equals(cardinality(A), cardinality(B)), subset_eq(A, index(cardinality(B), A)))",0.30222065799575826,0.0,0.26548779299530223,0.26548779299530223,0.30222065799575826,complement-symmetric-entropy-v1,0.3022206579957582,0.0,0.2539224851424496,0.3022206579957582,0.3022206579957582,5.551115123125783e-17,0.0,0.011565307852852647,-0.03673286500045597,5.551115123125783e-17
"subset_eq(index(cardinality(difference(A, B)), union(A, B)), difference(A, index(cardinality(A), union(A, B))))",0.0,0.7876281234309455,0.33993390586904193,0.053657364337435176,0.7876281234309455,complement-symmetric-entropy-v1,0.0,0.7876281234309455,0.3636425038738214,0.0,0.7876281234309455,0.0,0.0,-0.02370859800477948,0.053657364337435176,0.0
"subset_eq(union(index(cardinality(A), union(A, B)), index(cardinality(B), difference(A, B))), index(cardinality(difference(A, B)), index(cardinality(A), difference(B, A))))",0.2614822395891949,0.0,0.14532078016045014,0.2478127179127939,0.2614822395891949,complement-symmetric-entropy-v1,0.2614822395891949,0.0,0.4400294516990329,0.1138790915840105,0.4400294516990329,0.0,0.0,-0.29470867153858277,0.13393362632878342,-0.17854721210983798
"and(not(equals(cardinality(A), cardinality(B))), subset_eq(index(cardinality(A), difference(B, A)), index(cardinality(A), B)))",0.00734267425256907,0.00734267425256907,0.28958035934816295,0.14705039553683497,0.28958035934816295,complement-symmetric-entropy-v1,0.007342674252569,0.007342674252569,0.0681432440118476,0.007342674252569,0.0681432440118476,7.025630077706069e-17,7.025630077706069e-17,0.22143711533631535,0.13970772128426598,0.22143711533631535
"subset_eq(intersection(B, index(cardinality(A), union(A, B))), index(cardinality(intersection(A, B)), index(cardinality(B), union(A, B))))",0.0,0.5777344858684901,0.8466766258324956,0.060519162466723064,0.8466766258324956,complement-symmetric-entropy-v1,0.0,0.5777344858684901,0.8098639427281753,0.0,0.8098639427281753,0.0,0.0,0.03681268310432029,0.060519162466723064,0.03681268310432029
"subset_eq(difference(index(cardinality(B), union(A, B)), index(cardinality(B), difference(A, B))), difference(B, index(cardinality(A), B)))",0.0,0.0,0.28570815644874026,0.4010056455183745,0.4010056455183745,complement-symmetric-entropy-v1,0.0,0.0,0.0,0.405744245639829,0.405744245639829,0.0,0.0,0.28570815644874026,-0.00473860012145455,-0.00473860012145455
"subset_eq(union(B, index(cardinality(B), A)), index(cardinality(intersection(A, B)), union(difference(A, B), difference(B, A))))",0.0,0.4001370158413321,1.0,1.0,1.0,complement-symmetric-entropy-v1,0.0,0.4001370158413321,1.0,1.0,1.0,0.0,0.0,0.0,0.0,0.0
"and(greater_than(cardinality(B), cardinality(A)), equals(cardinality(intersection(A, B)), cardinality(difference(A, B))))",0.8186017256136054,0.02138967192524832,0.0,0.4470515270357964,0.8186017256136054,complement-symmetric-entropy-v1,0.8186017256136054,0.0213896719252483,0.3709996015694382,0.6709474433055107,0.8186017256136054,0.0,2.0816681711721685e-17,-0.3709996015694382,-0.22389591626971428,0.0
"or(and(not(subset_eq(A, B)), greater_than(cardinality(B), cardinality(A))), equals(cardinality(A), cardinality(difference(B, A))))",0.5836587107642424,0.11716345941423212,0.009490549845000862,0.009490549845000862,0.5836587107642424,complement-symmetric-entropy-v1,0.5836587107642424,0.1171634594142321,0.3124314372865532,0.5836587107642424,0.5836587107642424,0.0,1.3877787807814457e-17,-0.30294088744155234,-0.5741681609192415,0.0
"subset_eq(index(cardinality(difference(A, A)), A), union(index(cardinality(A), union(A, B)), index(cardinality(B), union(A, B))))",0.0,0.0,0.5680005867811427,0.8949918381767452,0.8949918381767452,complement-symmetric-entropy-v1,0.0,0.0,0.6812674001832766,0.8766087079029596,0.8766087079029596,0.0,0.0,-0.11326681340213385,0.018383130273785575,0.018383130273785575
"and(not(subset_eq(A, difference(A, A))), subset_eq(A, index(cardinality(A), union(A, B))))",0.7057421539875837,0.18837150553040038,0.0,0.0,0.7057421539875837,complement-symmetric-entropy-v1,0.7057421539875837,0.1883715055304003,0.6793149193723366,0.6793149193723366,0.7057421539875837,0.0,8.326672684688674e-17,-0.6793149193723366,-0.6793149193723366,0.0
"and(subset_eq(difference(A, B), index(cardinality(B), A)), subset_eq(index(cardinality(A), B), index(cardinality(A), difference(B, A))))",0.2641715233972819,0.0,0.3386839090824729,0.4416477484470479,0.4416477484470479,complement-symmetric-entropy-v1,0.2641715233972819,0.0,0.3473104426026876,0.3601400984546805,0.3601400984546805,0.0,0.0,-0.008626533520214696,0.08150764999236743,0.08150764999236743
"subset_eq(difference(index(cardinality(A), union(A, B)), index(cardinality(A), difference(B, A))), index(cardinality(difference(A, A)), intersection(A, B)))",0.0,0.0,0.5049287217216117,0.2666746606295316,0.5049287217216117,complement-symmetric-entropy-v1,0.0,0.0,0.4541083488946735,0.0,0.4541083488946735,0.0,0.0,0.05082037282693824,0.2666746606295316,0.05082037282693824
"or(not(subset_eq(B, A)), subset_eq(index(cardinality(B), A), index(cardinality(B), difference(A, B))))",0.0,0.0,0.28128716648567986,0.8438149056942132,0.8438149056942132,complement-symmetric-entropy-v1,0.0,0.0,0.0,0.7074337156963053,0.7074337156963053,0.0,0.0,0.28128716648567986,0.13638118999790794,0.13638118999790794
"subset_eq(union(index(cardinality(A), B), index(cardinality(B), A)), index(cardinality(difference(B, A)), union(A, B)))",0.0,0.26036073515534974,0.3110485080508617,0.07194158198445133,0.3110485080508617,complement-symmetric-entropy-v1,0.0,0.2603607351553497,0.1753133524524927,0.3163275683486701,0.3163275683486701,0.0,5.551115123125783e-17,0.13573515559836902,-0.24438598636421877,-0.005279060297808391
"subset_eq(union(index(cardinality(A), union(A, B)), index(cardinality(B), difference(A, B))), difference(index(cardinality(B), union(A, B)), A))",0.18933976913721606,0.45730341597800306,0.008668846511404094,0.008668846511404094,0.45730341597800306,complement-symmetric-entropy-v1,0.189339769137216,0.457303415978003,0.5001490670544297,0.1126671393288036,0.5001490670544297,5.551115123125783e-17,5.551115123125783e-17,-0.49148022054302565,-0.1039982928173995,-0.04284565107642668
"or(subset_eq(index(cardinality(A), union(A, B)), A), subset_eq(index(cardinality(A), B), index(cardinality(A), union(A, B))))",0.0,0.0,0.6627414036550737,0.4400430726448574,0.6627414036550737,complement-symmetric-entropy-v1,0.0,0.0,0.0,0.0,0.0,0.0,0.0,0.6627414036550737,0.4400430726448574,0.6627414036550737
"or(subset_eq(intersection(A, B), index(cardinality(B), A)), greater_than(cardinality(difference(B, A)), cardinality(intersection(A, B))))",0.0,0.0,0.5435123438840195,0.7268057538227621,0.7268057538227621,complement-symmetric-entropy-v1,0.0,0.0,0.4114641863487542,0.6840327119192884,0.6840327119192884,0.0,0.0,0.13204815753526528,0.04277304190347375,0.04277304190347375
"or(greater_than(cardinality(A), cardinality(B)), subset_eq(index(cardinality(A), union(A, B)), difference(A, B)))",0.0,0.6851644313230456,0.8311173789419066,0.059189042857587415,0.8311173789419066,complement-symmetric-entropy-v1,0.0,0.6851644313230456,0.8249360146074936,0.0,0.8249360146074936,0.0,0.0,0.006181364334413075,0.059189042857587415,0.006181364334413075
"and(not(subset_eq(B, difference(A, A))), subset_eq(index(cardinality(B), union(A, B)), difference(A, B)))",0.3058994266773949,0.08563655855471386,0.0,0.6825008250408067,0.6825008250408067,complement-symmetric-entropy-v1,0.3058994266773949,0.0856365585547138,0.0,0.5329508876568325,0.5329508876568325,0.0,5.551115123125783e-17,0.0,0.14954993738397415,0.14954993738397415
"subset_eq(difference(index(cardinality(A), union(A, B)), intersection(A, B)), index(cardinality(intersection(A, B)), index(cardinality(A), B)))",0.0,0.0,0.4264648972208892,0.19295981230634118,0.4264648972208892,complement-symmetric-entropy-v1,0.0,0.0,0.2792653272410603,0.0,0.2792653272410603,0.0,0.0,0.14719956997982891,0.19295981230634118,0.14719956997982891
"or(or(subset_eq(A, difference(A, B)), greater_than(cardinality(A), cardinality(B))), subset_eq(difference(B, A), index(cardinality(A), union(A, B))))",0.0,0.0,1.0,0.45641607246406257,1.0,complement-symmetric-entropy-v1,0.0,0.0,1.0,0.0,1.0,0.0,0.0,0.0,0.45641607246406257,0.0
"subset_eq(index(cardinality(difference(B, A)), union(difference(A, B), difference(B, A))), difference(A, index(cardinality(B), difference(A, B))))",0.3634993751572383,0.0,0.0376238972305325,0.4623914265674175,0.4623914265674175,complement-symmetric-entropy-v1,0.3634993751572383,0.0,0.0,0.1243240372829451,0.3634993751572383,0.0,0.0,0.0376238972305325,0.3380673892844724,0.0988920514101792
"subset_eq(index(cardinality(difference(A, B)), union(difference(A, B), difference(B, A))), index(cardinality(difference(A, B)), difference(B, A)))",0.0,0.0,0.381972438920697,0.4425372790339114,0.4425372790339114,complement-symmetric-entropy-v1,0.0,0.0,0.0,0.0,0.0,0.0,0.0,0.381972438920697,0.4425372790339114,0.4425372790339114
"subset_eq(intersection(A, index(cardinality(A), union(A, B))), index(cardinality(intersection(A, B)), union(difference(A, B), difference(B, A))))",0.0,0.0,0.5946191608894944,0.32478975655870046,0.5946191608894944,complement-symmetric-entropy-v1,0.0,0.0,0.4383632138631018,0.0,0.4383632138631018,0.0,0.0,0.15625594702639262,0.32478975655870046,0.15625594702639262
"or(greater_than(cardinality(A), cardinality(B)), greater_than(cardinality(difference(B, A)), cardinality(intersection(A, B))))",0.00669933952399826,0.00669933952399826,0.4975067247003756,0.31009559510083995,0.4975067247003756,complement-symmetric-entropy-v1,0.0066993395239982,0.0066993395239982,0.3641605018716939,0.0764654828945055,0.3641605018716939,5.984795992119984e-17,5.984795992119984e-17,0.1333462228286817,0.23363011220633445,0.1333462228286817
"subset_eq(union(difference(A, B), index(cardinality(A), difference(B, A))), index(cardinality(B), union(difference(A, B), difference(B, A))))",0.4396564980247607,0.17806848858500524,0.24234179988378846,0.053225925630989934,0.4396564980247607,complement-symmetric-entropy-v1,0.4396564980247607,0.1780684885850052,0.1011167288907342,0.58123146441407,0.58123146441407,0.0,2.7755575615628914e-17,0.14122507099305426,-0.5280055387830801,-0.14157496638930933
"subset_eq(union(index(cardinality(A), B), index(cardinality(B), union(A, B))), index(cardinality(intersection(A, B)), difference(B, A)))",0.3309815862527655,0.0,0.2003611198912788,0.4434738839988871,0.4434738839988871,complement-symmetric-entropy-v1,0.3309815862527655,0.0,0.2270244883903425,0.4381185874498051,0.4381185874498051,0.0,0.0,-0.0266633684990637,0.0053552965490820115,0.0053552965490820115
"and(subset_eq(index(cardinality(B), A), B), equals(cardinality(B), cardinality(difference(A, B))))",0.18168914866761954,0.3664763358261376,0.021702515428241198,0.021702515428241198,0.3664763358261376,complement-symmetric-entropy-v1,0.1816891486676195,0.3664763358261376,0.4933518245338836,0.3749937485723065,0.4933518245338836,2.7755575615628914e-17,0.0,-0.4716493091056424,-0.3532912331440653,-0.126875488707746
"and(or(subset_eq(B, difference(A, A)), greater_than(cardinality(A), cardinality(B))), subset_eq(index(cardinality(B), difference(A, B)), B))",0.2581357430293908,0.5706007094293155,0.013958544468007816,0.013958544468007816,0.5706007094293155,complement-symmetric-entropy-v1,0.2581357430293908,0.5706007094293155,0.5706007094293155,0.122274704429738,0.5706007094293155,0.0,0.0,-0.5566421649613077,-0.10831615996173018,0.0
"or(subset_eq(A, difference(A, B)), subset_eq(A, index(cardinality(A), B)))",0.0,0.0,0.7542653456910728,1.0,1.0,complement-symmetric-entropy-v1,0.0,0.0,0.8487227892255141,1.0,1.0,0.0,0.0,-0.0944574435344413,0.0,0.0
"subset_eq(index(cardinality(A), union(A, B)), difference(B, index(cardinality(B), union(A, B))))",0.0,0.0,0.3347689093032046,0.3784352270757144,0.3784352270757144,complement-symmetric-entropy-v1,0.0,0.0,0.0,0.0,0.0,0.0,0.0,0.3347689093032046,0.3784352270757144,0.3784352270757144
"and(equals(cardinality(A), cardinality(B)), or(not(subset_eq(A, B)), subset_eq(A, difference(A, A))))",0.2668623044515327,0.2668623044515327,0.01159955295615156,0.01159955295615156,0.2668623044515327,complement-symmetric-entropy-v1,0.2668623044515327,0.2668623044515327,0.3228881344077138,0.3228881344077138,0.3228881344077138,0.0,0.0,-0.31128858145156224,-0.31128858145156224,-0.056025829956181106
"and(subset_eq(index(cardinality(A), union(A, B)), B), subset_eq(index(cardinality(B), union(A, B)), difference(B, A)))",0.7621813840112105,0.0,0.07932969852082605,0.77370707319572,0.77370707319572,complement-symmetric-entropy-v1,0.7621813840112105,0.0,0.0,0.7888174770579369,0.7888174770579369,0.0,0.0,0.07932969852082605,-0.015110403862216959,-0.015110403862216959
"subset_eq(difference(difference(A, B), index(cardinality(B), A)), index(cardinality(difference(A, B)), union(difference(A, B), difference(B, A))))",0.5949334640306649,0.0,0.1554533931624661,0.6704920644024168,0.6704920644024168,complement-symmetric-entropy-v1,0.5949334640306649,0.0,0.0,0.7973925944041487,0.7973925944041487,0.0,0.0,0.1554533931624661,-0.12690053000173185,-0.12690053000173185
"or(not(equals(cardinality(A), cardinality(B))), subset_eq(intersection(A, B), index(cardinality(A), union(A, B))))",0.0,0.0,0.4007442351527377,0.4007442351527377,0.4007442351527377,complement-symmetric-entropy-v1,0.0,0.0,0.0154794839317791,0.0154794839317791,0.0154794839317791,0.0,0.0,0.3852647512209586,0.3852647512209586,0.3852647512209586
"or(and(subset_eq(B, A), not(subset_eq(A, B))), subset_eq(intersection(A, B), index(cardinality(A), union(A, B))))",0.0,0.0,0.7520722473739396,0.4361613889206758,0.7520722473739396,complement-symmetric-entropy-v1,0.0,0.0,0.7632371370076803,0.0805702973964421,0.7632371370076803,0.0,0.0,-0.011164889633740627,0.3555910915242337,-0.011164889633740627
"subset_eq(difference(union(difference(A, B), difference(B, A)), index(cardinality(A), B)), index(cardinality(difference(A, B)), A))",0.34341303276213186,0.23328908426944472,0.08137769986641219,0.15008285176007963,0.34341303276213186,complement-symmetric-entropy-v1,0.3434130327621318,0.2332890842694447,0.3163038702722938,0.3315451290439266,0.3434130327621318,5.551115123125783e-17,2.7755575615628914e-17,-0.2349261704058816,-0.18146227728384695,5.551115123125783e-17
"and(not(subset_eq(B, difference(A, A))), subset_eq(index(cardinality(B), union(A, B)), intersection(A, B)))",0.6501687755838095,0.0633032099407621,0.0,0.4359164533832196,0.6501687755838095,complement-symmetric-entropy-v1,0.6501687755838095,0.0633032099407621,0.0,0.3365123605221419,0.6501687755838095,0.0,0.0,0.0,0.09940409286107771,0.0
"subset_eq(union(A, index(cardinality(A), difference(B, A))), index(cardinality(difference(A, A)), A))",0.44887489073138587,0.20172415518491416,1.0,0.10768008912189753,1.0,complement-symmetric-entropy-v1,0.4488748907313858,0.2017241551849141,1.0,0.7629530445994447,1.0,5.551115123125783e-17,5.551115123125783e-17,0.0,-0.6552729554775472,0.0
"subset_eq(union(intersection(A, B), index(cardinality(B), A)), union(index(cardinality(A), union(A, B)), index(cardinality(B), union(A, B))))",0.0,0.0,0.6633725731873745,0.6870135654408125,0.6870135654408125,complement-symmetric-entropy-v1,0.0,0.0,0.6974261845838494,0.7091102019185651,0.7091102019185651,0.0,0.0,-0.03405361139647489,-0.022096636477752618,-0.022096636477752618
"or(subset_eq(index(cardinality(A), union(A, B)), index(cardinality(A), difference(B, A))), greater_than(cardinality(intersection(A, B)), cardinality(difference(A, B))))",0.0,0.0,0.347440353948957,0.3790998197520399,0.3790998197520399,complement-symmetric-entropy-v1,0.0,0.0,0.0,0.0,0.0,0.0,0.0,0.347440353948957,0.3790998197520399,0.3790998197520399
"subset_eq(difference(index(cardinality(A), union(A, B)), index(cardinality(B), union(A, B))), difference(difference(A, B), index(cardinality(B), difference(A, B))))",0.0,0.6180704580233564,0.4862024060965585,0.050331732446856625,0.6180704580233564,complement-symmetric-entropy-v1,0.0,0.6180704580233564,0.6424650310918256,0.0,0.6424650310918256,0.0,0.0,-0.1562626249952671,0.050331732446856625,-0.02439457306846926
"subset_eq(union(difference(A, B), index(cardinality(A), difference(B, A))), index(cardinality(intersection(A, B)), union(A, B)))",0.4430773864047902,0.0,0.20753472077748103,0.34437789841508104,0.4430773864047902,complement-symmetric-entropy-v1,0.4430773864047902,0.0,0.051411172504306,0.4772893025947522,0.4772893025947522,0.0,0.0,0.15612354827317504,-0.13291140417967118,-0.034211916189962
"or(or(and(subset_eq(A, B), subset_eq(B, A)), subset_eq(A, difference(A, B))), equals(cardinality(intersection(A, B)), cardinality(difference(B, A))))",0.0,0.0,0.4171706053608871,0.7899574709699242,0.7899574709699242,complement-symmetric-entropy-v1,0.0,0.0,0.1815939207599749,0.5126258307703773,0.5126258307703773,0.0,0.0,0.23557668460091222,0.2773316401995469,0.2773316401995469
"or(greater_than(cardinality(B), cardinality(A)), subset_eq(index(cardinality(B), union(A, B)), intersection(A, B)))",0.6564601320941037,0.0,0.05086794934597938,0.6050046788190615,0.6564601320941037,complement-symmetric-entropy-v1,0.6564601320941037,0.0,0.0,0.4165408710599015,0.6564601320941037,0.0,0.0,0.05086794934597938,0.18846380775916,0.0
"subset_eq(union(index(cardinality(A), union(A, B)), index(cardinality(B), difference(A, B))), intersection(intersection(A, B), index(cardinality(B), union(A, B))))",0.24147283098423267,0.5461043386959017,0.009670835674153166,0.009670835674153166,0.5461043386959017,complement-symmetric-entropy-v1,0.2414728309842326,0.5461043386959017,0.4513977582921941,0.1056201794016356,0.5461043386959017,5.551115123125783e-17,0.0,-0.4417269226180409,-0.09594934372748243,0.0
"subset_eq(difference(index(cardinality(A), union(A, B)), index(cardinality(A), difference(B, A))), index(cardinality(difference(A, B)), union(difference(A, B), difference(B, A))))",0.0,0.0,0.8491716626774559,0.4303959173631303,0.8491716626774559,complement-symmetric-entropy-v1,0.0,0.0,0.7564393704435831,0.0,0.7564393704435831,0.0,0.0,0.0927322922338728,0.4303959173631303,0.0927322922338728
"and(or(subset_eq(B, difference(A, A)), greater_than(cardinality(B), cardinality(A))), subset_eq(index(cardinality(A), union(A, B)), A))",0.0,0.3035551478640264,0.21480785281457615,0.21480785281457615,0.3035551478640264,complement-symmetric-entropy-v1,0.0,0.3035551478640264,0.2160900924451723,0.5991175086628264,0.5991175086628264,0.0,0.0,-0.0012822396305961492,-0.3843096558482503,-0.29556236079880005
"subset_eq(difference(index(cardinality(A), union(A, B)), index(cardinality(B), A)), difference(index(cardinality(B), union(A, B)), B))",0.0,0.8816355110644712,0.7355311470001198,0.07369103271937927,0.8816355110644712,complement-symmetric-entropy-v1,0.0,0.8816355110644712,0.8816355110644712,0.0,0.8816355110644712,0.0,0.0,-0.14610436406435146,0.07369103271937927,0.0
"subset_eq(intersection(B, index(cardinality(A), union(A, B))), index(cardinality(difference(B, A)), B))",0.0,0.6987035504754323,0.5620366116856759,0.04215178582943613,0.6987035504754323,complement-symmetric-entropy-v1,0.0,0.6987035504754323,0.451893926132637,0.0,0.6987035504754323,0.0,0.0,0.11014268555303885,0.04215178582943613,0.0
"and(or(subset_eq(A, B), greater_than(cardinality(A), cardinality(B))), subset_eq(index(cardinality(B), union(A, B)), intersection(A, B)))",0.5112010191872043,0.0,0.08239226169373826,0.5593605031234525,0.5593605031234525,complement-symmetric-entropy-v1,0.5112010191872043,0.0,0.0,0.2724727855447943,0.5112010191872043,0.0,0.0,0.08239226169373826,0.2868877175786582,0.04815948393624825
"and(not(subset_eq(B, A)), subset_eq(index(cardinality(B), union(A, B)), intersection(A, B)))",0.8641046011314976,0.04128988929906696,0.0,0.6063984596444105,0.8641046011314976,complement-symmetric-entropy-v1,0.8641046011314976,0.0412898892990669,0.0412898892990669,0.6286650742167659,0.8641046011314976,0.0,6.245004513516506e-17,-0.0412898892990669,-0.022266614572355348,0.0
"and(subset_eq(difference(B, A), index(cardinality(A), union(A, B))), equals(cardinality(A), cardinality(difference(B, A))))",0.4426292070841674,0.2538564787549775,0.05870311273362294,0.05870311273362294,0.4426292070841674,complement-symmetric-entropy-v1,0.4426292070841674,0.2538564787549775,0.7694981854422881,0.7104766526804703,0.7694981854422881,0.0,0.0,-0.7107950727086652,-0.6517735399468474,-0.3268689783581207
"or(subset_eq(index(cardinality(A), B), A), greater_than(cardinality(difference(B, A)), cardinality(A)))",0.0,0.0,0.6922057860067465,0.3403460374689604,0.6922057860067465,complement-symmetric-entropy-v1,0.0,0.0,0.360847370313398,0.0,0.360847370313398,0.0,0.0,0.33135841569334856,0.3403460374689604,0.33135841569334856
"or(subset_eq(difference(B, A), index(cardinality(A), B)), greater_than(cardinality(intersection(A, B)), cardinality(difference(B, A))))",0.0,0.44773197690845656,0.5176195173362215,0.11212432466838229,0.5176195173362215,complement-symmetric-entropy-v1,0.0,0.4477319769084565,0.3668026207656817,0.0,0.4477319769084565,0.0,5.551115123125783e-17,0.15081689657053976,0.11212432466838229,0.06988754042776496
"and(or(not(subset_eq(A, B)), subset_eq(A, difference(A, A))), subset_eq(index(cardinality(A), B), index(cardinality(B), union(A, B))))",0.0,1.0,1.0,0.04393305638101985,1.0,complement-symmetric-entropy-v1,0.0,1.0,1.0,0.1052573637179908,1.0,0.0,0.0,0.0,-0.061324307336970946,0.0
"or(subset_eq(B, index(cardinality(B), union(A, B))), subset_eq(index(cardinality(B), union(A, B)), intersection(A, B)))",0.0,0.0,0.2525640652768115,0.47914078871845545,0.47914078871845545,complement-symmetric-entropy-v1,0.0,0.0,0.0,0.3462885561248922,0.3462885561248922,0.0,0.0,0.2525640652768115,0.13285223259356327,0.13285223259356327
"subset_eq(B, index(cardinality(intersection(A, B)), union(difference(A, B), difference(B, A))))",0.0,0.434757466811326,1.0,1.0,1.0,complement-symmetric-entropy-v1,0.0,0.434757466811326,1.0,1.0,1.0,0.0,0.0,0.0,0.0,0.0
"or(subset_eq(index(cardinality(A), union(A, B)), difference(A, B)), greater_than(cardinality(intersection(A, B)), cardinality(difference(A, B))))",0.0,0.39947897179287084,0.38707782512322775,0.035720565077876465,0.39947897179287084,complement-symmetric-entropy-v1,0.0,0.3994789717928708,0.135619447669718,0.0,0.3994789717928708,0.0,5.551115123125783e-17,0.25145837745350974,0.035720565077876465,5.551115123125783e-17
"and(or(subset_eq(A, difference(A, B)), equals(cardinality(A), cardinality(B))), subset_eq(index(cardinality(A), union(A, B)), union(difference(A, B), difference(B, A))))",0.0,0.0,0.5252066916839238,0.5252066916839238,0.5252066916839238,complement-symmetric-entropy-v1,0.0,0.0,0.3622739054954208,0.3622739054954208,0.3622739054954208,0.0,0.0,0.16293278618850293,0.16293278618850293,0.16293278618850293
"or(subset_eq(B, index(cardinality(A), B)), subset_eq(index(cardinality(A), union(A, B)), index(cardinality(B), A)))",0.0,0.6837884960578122,0.7977338824060141,0.13942233145456517,0.7977338824060141,complement-symmetric-entropy-v1,0.0,0.6837884960578122,0.920856498240708,0.0,0.920856498240708,0.0,0.0,-0.12312261583469397,0.13942233145456517,-0.12312261583469397
"or(subset_eq(intersection(A, B), index(cardinality(B), A)), subset_eq(index(cardinality(B), union(A, B)), index(cardinality(A), B)))",0.0,0.0,0.4777512822330119,0.8178191248169644,0.8178191248169644,complement-symmetric-entropy-v1,0.0,0.0,0.0,0.729357241580596,0.729357241580596,0.0,0.0,0.4777512822330119,0.08846188323636839,0.08846188323636839
"subset_eq(difference(index(cardinality(A), union(A, B)), index(cardinality(A), B)), index(cardinality(B), union(difference(A, B), difference(B, A))))",0.0,0.0,0.4451826250562273,0.4451826250562273,0.4451826250562273,complement-symmetric-entropy-v1,0.0,0.0,0.0,0.0,0.0,0.0,0.0,0.4451826250562273,0.4451826250562273,0.4451826250562273
"subset_eq(index(cardinality(B), A), index(cardinality(difference(A, A)), B))",0.6082633343869166,0.0,0.03921248762911278,0.8631356081504552,0.8631356081504552,complement-symmetric-entropy-v1,0.6082633343869166,0.0,0.0,0.7022564575706535,0.7022564575706535,0.0,0.0,0.03921248762911278,0.16087915057980173,0.16087915057980173
"subset_eq(union(index(cardinality(B), A), index(cardinality(A), difference(B, A))), difference(index(cardinality(A), union(A, B)), intersection(A, B)))",0.6345041095317067,0.0,0.047750464001552695,0.31360473254060584,0.6345041095317067,complement-symmetric-entropy-v1,0.6345041095317067,0.0,0.0940122959265935,0.6345041095317067,0.6345041095317067,0.0,0.0,-0.04626183192504081,-0.3208993769911008,0.0
"and(or(subset_eq(A, B), greater_than(cardinality(A), cardinality(B))), subset_eq(index(cardinality(B), difference(A, B)), index(cardinality(B), union(A, B))))",0.0,0.0,0.2468954929328515,0.3912948828538869,0.3912948828538869,complement-symmetric-entropy-v1,0.0,0.0,0.0,0.0902745051349842,0.0902745051349842,0.0,0.0,0.2468954929328515,0.3010203777189027,0.3010203777189027
"subset_eq(difference(union(difference(A, B), difference(B, A)), index(cardinality(A), B)), index(cardinality(difference(A, A)), difference(A, B)))",0.15784216989989008,0.30118169433034625,0.13535407246437758,0.13535407246437758,0.30118169433034625,complement-symmetric-entropy-v1,0.15784216989989,0.3011816943303462,0.4135931574270826,0.15784216989989,0.4135931574270826,8.326672684688674e-17,5.551115123125783e-17,-0.278239084962705,-0.022488097435512416,-0.11241146309673633
"and(or(subset_eq(B, A), greater_than(cardinality(B), cardinality(A))), subset_eq(index(cardinality(B), union(A, B)), intersection(A, B)))",0.518893352460358,0.0,0.08239226169373826,0.5593605031234525,0.5593605031234525,complement-symmetric-entropy-v1,0.518893352460358,0.0,0.0,0.2724727855447943,0.518893352460358,0.0,0.0,0.08239226169373826,0.2868877175786582,0.040467150663094587
"or(or(subset_eq(A, difference(A, B)), greater_than(cardinality(B), cardinality(A))), greater_than(cardinality(intersection(A, B)), cardinality(difference(A, B))))",0.0,0.0,0.34020950058816524,0.7726927369959511,0.7726927369959511,complement-symmetric-entropy-v1,0.0,0.0,0.0,0.5030664855322925,0.5030664855322925,0.0,0.0,0.34020950058816524,0.2696262514636586,0.2696262514636586
"and(subset_eq(index(cardinality(B), union(A, B)), intersection(A, B)), greater_than(cardinality(difference(B, A)), cardinality(intersection(A, B))))",0.8961666421776507,0.02353728388895615,0.0,0.8411128561270731,0.8961666421776507,complement-symmetric-entropy-v1,0.8961666421776507,0.0235372838889561,0.3445438352791177,0.8961666421776507,0.8961666421776507,0.0,5.204170427930421e-17,-0.3445438352791177,-0.05505378605057765,0.0
"subset_eq(union(difference(B, A), index(cardinality(B), union(A, B))), index(cardinality(difference(B, A)), union(A, B)))",0.0,0.3228962061373166,0.561390529569736,0.20979439205525752,0.561390529569736,complement-symmetric-entropy-v1,0.0,0.3228962061373166,0.3828056677339486,0.4115564337425889,0.4115564337425889,0.0,0.0,0.17858486183578742,-0.20176204168733136,0.14983409582714713
"and(subset_eq(index(cardinality(A), union(A, B)), difference(B, A)), subset_eq(index(cardinality(A), difference(B, A)), index(cardinality(B), union(A, B))))",0.0,0.5421107162357685,0.8300897737678088,0.0618898783861338,0.8300897737678088,complement-symmetric-entropy-v1,0.0,0.5421107162357685,0.713342423772586,0.0,0.713342423772586,0.0,0.0,0.11674734999522274,0.0618898783861338,0.11674734999522274
"subset_eq(union(intersection(A, B), index(cardinality(B), A)), difference(index(cardinality(B), union(A, B)), index(cardinality(A), union(A, B))))",0.0,0.0,0.7816399509196872,0.6662191951445021,0.7816399509196872,complement-symmetric-entropy-v1,0.0,0.0,0.7403241165753915,0.6961697724959335,0.7403241165753915,0.0,0.0,0.04131583434429564,-0.029950577351431362,0.04131583434429564
"and(or(subset_eq(B, difference(A, A)), greater_than(cardinality(B), cardinality(A))), subset_eq(index(cardinality(A), union(A, B)), difference(B, A)))",0.0,0.0,0.29224735179313277,0.74293642932417,0.74293642932417,complement-symmetric-entropy-v1,0.0,0.0,0.2913720714853004,0.8293667511581977,0.8293667511581977,0.0,0.0,0.000875280307832349,-0.08643032183402766,-0.08643032183402766
"subset_eq(union(index(cardinality(A), union(A, B)), index(cardinality(B), union(A, B))), difference(union(A, B), index(cardinality(A), B)))",0.0,0.8439765914060857,0.9420320332976877,0.04393305638101985,0.9420320332976877,complement-symmetric-entropy-v1,0.0,0.8439765914060857,0.8439765914060857,0.0,0.8439765914060857,0.0,0.0,0.09805544189160198,0.04393305638101985,0.09805544189160198
"subset_eq(B, index(cardinality(difference(A, A)), B))",0.0,1.0,1.0,1.0,1.0,complement-symmetric-entropy-v1,0.0,1.0,1.0,1.0,1.0,0.0,0.0,0.0,0.0,0.0
"subset_eq(union(index(cardinality(A), B), index(cardinality(B), A)), difference(difference(B, A), index(cardinality(A), difference(B, A))))",0.3523174330870953,0.19227269528361846,0.0057321782780440644,0.0057321782780440644,0.3523174330870953,complement-symmetric-entropy-v1,0.3523174330870953,0.1922726952836184,0.180510647357493,0.3523174330870953,0.3523174330870953,0.0,5.551115123125783e-17,-0.17477846907944894,-0.3465852548090512,0.0
"subset_eq(index(cardinality(difference(B, A)), difference(A, B)), index(cardinality(intersection(A, B)), union(A, B)))",0.0,0.0,0.2583357679526753,0.8552100792001622,0.8552100792001622,complement-symmetric-entropy-v1,0.0,0.0,0.0,0.7794206560498811,0.7794206560498811,0.0,0.0,0.2583357679526753,0.07578942315028114,0.07578942315028114
"subset_eq(difference(union(difference(A, B), difference(B, A)), index(cardinality(B), union(A, B))), index(cardinality(difference(A, A)), difference(A, B)))",0.14218926576004676,0.5001979272225316,0.135619447669718,0.043292814488092524,0.5001979272225316,complement-symmetric-entropy-v1,0.1421892657600467,0.5001979272225316,0.555161164506024,0.1249961611318176,0.555161164506024,5.551115123125783e-17,0.0,-0.41954171683630603,-0.08170334664372508,-0.054963237283492394
"subset_eq(difference(B, index(cardinality(A), B)), index(cardinality(difference(A, A)), union(difference(A, B), difference(B, A))))",0.0,0.21835660709347782,0.6578320780313718,0.5594676617996219,0.6578320780313718,complement-symmetric-entropy-v1,0.0,0.2183566070934778,0.8447976153548552,0.8447976153548552,0.8447976153548552,0.0,2.7755575615628914e-17,-0.18696553732348342,-0.2853299535552333,-0.18696553732348342
"subset_eq(intersection(index(cardinality(A), union(A, B)), index(cardinality(B), union(A, B))), index(cardinality(intersection(A, B)), A))",0.0,0.0,0.4191465844878788,0.3904388668212708,0.4191465844878788,complement-symmetric-entropy-v1,0.0,0.0,0.0,0.0,0.0,0.0,0.0,0.4191465844878788,0.3904388668212708,0.4191465844878788
"subset_eq(intersection(B, index(cardinality(B), union(A, B))), index(cardinality(intersection(A, B)), B))",0.0,0.0,0.3109246233035866,0.48534728012560113,0.48534728012560113,complement-symmetric-entropy-v1,0.0,0.0,0.0,0.2311932440663769,0.2311932440663769,0.0,0.0,0.3109246233035866,0.25415403605922426,0.25415403605922426
"subset_eq(index(cardinality(B), union(A, B)), difference(B, index(cardinality(A), B)))",0.4545347938270551,0.0,0.0492797028963089,0.3912948828538869,0.4545347938270551,complement-symmetric-entropy-v1,0.4545347938270551,0.0,0.0,0.4937365497446434,0.4937365497446434,0.0,0.0,0.0492797028963089,-0.10244166689075651,-0.03920175591758834
"subset_eq(index(cardinality(difference(B, A)), A), index(cardinality(A), B))",1.0,0.0,0.08790865219267419,1.0,1.0,complement-symmetric-entropy-v1,1.0,0.0,0.3114197103397524,1.0,1.0,0.0,0.0,-0.22351105814707822,0.0,0.0
"subset_eq(union(intersection(A, B), index(cardinality(B), union(A, B))), intersection(B, index(cardinality(B), A)))",0.30748530477307423,0.0,0.4608792909880117,0.4608792909880117,0.4608792909880117,complement-symmetric-entropy-v1,0.3074853047730742,0.0,0.7102008881329562,0.5607675676111827,0.7102008881329562,5.551115123125783e-17,0.0,-0.2493215971449445,-0.09988827662317101,-0.2493215971449445
"or(subset_eq(index(cardinality(A), union(A, B)), B), subset_eq(index(cardinality(A), B), index(cardinality(B), union(A, B))))",0.0,0.0,0.7881327563761032,0.5393459987493732,0.7881327563761032,complement-symmetric-entropy-v1,0.0,0.0,0.0,0.0,0.0,0.0,0.0,0.7881327563761032,0.5393459987493732,0.7881327563761032
"and(or(subset_eq(B, A), greater_than(cardinality(A), cardinality(B))), subset_eq(intersection(A, B), index(cardinality(A), union(A, B))))",0.0,0.6570826808081106,0.844137338751201,0.3497282237539753,0.844137338751201,complement-symmetric-entropy-v1,0.0,0.6570826808081106,0.8972406289706291,0.5116349532560058,0.8972406289706291,0.0,0.0,-0.053103290219428056,-0.16190672950203056,-0.053103290219428056
"subset_eq(difference(intersection(A, B), index(cardinality(B), union(A, B))), index(cardinality(difference(A, A)), B))",0.0,0.0,0.9194510313717068,0.6286985425201691,0.9194510313717068,complement-symmetric-entropy-v1,0.0,0.0,0.9325941092243184,0.6039978943217768,0.9325941092243184,0.0,0.0,-0.013143077852611595,0.02470064819839235,-0.013143077852611595
"or(and(not(subset_eq(B, A)), greater_than(cardinality(A), cardinality(B))), subset_eq(A, index(cardinality(A), union(A, B))))",0.28023250416702183,0.0,0.1594376926441884,0.5010439061880732,0.5010439061880732,complement-symmetric-entropy-v1,0.2802325041670218,0.0,0.5467683057954565,0.4572847585601405,0.5467683057954565,5.551115123125783e-17,0.0,-0.38733061315126815,0.04375914762793265,-0.04572439960738339
"or(not(or(subset_eq(A, B), subset_eq(B, A))), subset_eq(union(difference(A, B), difference(B, A)), index(cardinality(A), difference(B, A))))",0.325638604826033,0.3003936322985151,0.0193697701325527,0.15844816988102894,0.325638604826033,complement-symmetric-entropy-v1,0.325638604826033,0.3003936322985151,0.3003936322985151,0.325638604826033,0.325638604826033,0.0,0.0,-0.2810238621659624,-0.16719043494500407,0.0
"subset_eq(intersection(B, index(cardinality(A), union(A, B))), intersection(A, index(cardinality(B), union(A, B))))",0.0,0.7205054809400434,0.7356290150818567,0.05726585197331491,0.7356290150818567,complement-symmetric-entropy-v1,0.0,0.7205054809400434,0.7765274149220142,0.0,0.7765274149220142,0.0,0.0,-0.04089839984015742,0.05726585197331491,-0.04089839984015742
"and(or(subset_eq(B, A), not(subset_eq(A, B))), subset_eq(index(cardinality(B), A), B))",0.24349112622389646,0.31354028070809714,0.003961849205430523,0.003961849205430523,0.31354028070809714,complement-symmetric-entropy-v1,0.2434911262238964,0.3135402807080971,0.3135402807080971,0.2163691861113851,0.3135402807080971,5.551115123125783e-17,5.551115123125783e-17,-0.30957843150266656,-0.21240733690595456,5.551115123125783e-17
"subset_eq(difference(index(cardinality(A), union(A, B)), index(cardinality(A), difference(B, A))), index(cardinality(difference(A, A)), union(difference(A, B), difference(B, A))))",0.0,0.0,0.5730783445126716,0.2856301024561049,0.5730783445126716,complement-symmetric-entropy-v1,0.0,0.0,0.4313026568313499,0.0,0.4313026568313499,0.0,0.0,0.1417756876813217,0.2856301024561049,0.1417756876813217
"subset_eq(index(cardinality(difference(B, A)), union(difference(A, B), difference(B, A))), index(cardinality(A), union(A, B)))",0.6198909329649126,0.0,0.06861773876328658,0.5527998454131349,0.6198909329649126,complement-symmetric-entropy-v1,0.6198909329649126,0.0,0.0,0.6198909329649126,0.6198909329649126,0.0,0.0,0.06861773876328658,-0.06709108755177773,0.0
"subset_eq(difference(index(cardinality(B), union(A, B)), A), index(cardinality(difference(A, B)), union(difference(A, B), difference(B, A))))",0.0,0.0,0.4349730087897815,0.35261222091625544,0.4349730087897815,complement-symmetric-entropy-v1,0.0,0.0,0.0,0.0,0.0,0.0,0.0,0.4349730087897815,0.35261222091625544,0.4349730087897815
"and(not(and(subset_eq(A, B), subset_eq(B, A))), subset_eq(index(cardinality(B), A), index(cardinality(B), difference(A, B))))",0.008373143973616548,0.008373143973616548,0.18702662647011603,0.6733878528148589,0.6733878528148589,complement-symmetric-entropy-v1,0.0083731439736165,0.0083731439736165,0.1144415140791864,0.7218235270164775,0.7218235270164775,4.85722573273506e-17,4.85722573273506e-17,0.07258511239092963,-0.04843567420161854,-0.04843567420161854
"or(or(subset_eq(B, A), not(subset_eq(A, B))), greater_than(cardinality(A), cardinality(difference(B, A))))",0.0,1.0,1.0,0.028189629057530752,1.0,complement-symmetric-entropy-v1,0.0,1.0,1.0,0.0,1.0,0.0,0.0,0.0,0.028189629057530752,0.0
"subset_eq(difference(intersection(A, B), index(cardinality(A), B)), index(cardinality(intersection(A, B)), A))",0.0,0.0,0.7681750885236371,0.624393960349793,0.7681750885236371,complement-symmetric-entropy-v1,0.0,0.0,0.7986426816122976,0.6826045506080582,0.7986426816122976,0.0,0.0,-0.030467593088660427,-0.05821059025826525,-0.030467593088660427
"subset_eq(index(cardinality(intersection(A, B)), B), index(cardinality(B), A))",0.0,1.0,0.9063461026734508,0.1169696839666371,1.0,complement-symmetric-entropy-v1,0.0,1.0,0.9194510313717068,0.0,1.0,0.0,0.0,-0.013104928698255969,0.1169696839666371,0.0
"or(subset_eq(A, index(cardinality(A), union(A, B))), subset_eq(index(cardinality(B), union(A, B)), difference(B, A)))",0.5914840388057542,0.0,0.06259108614261322,0.8628811335303567,0.8628811335303567,complement-symmetric-entropy-v1,0.5914840388057542,0.0,0.0,0.8435565702634485,0.8435565702634485,0.0,0.0,0.06259108614261322,0.019324563266908124,0.019324563266908124
"subset_eq(index(cardinality(intersection(A, B)), difference(A, B)), index(cardinality(difference(A, A)), union(A, B)))",0.0,0.0,0.3111575350639745,0.3782117334865919,0.3782117334865919,complement-symmetric-entropy-v1,0.0,0.0,0.0,0.2685403545362559,0.2685403545362559,0.0,0.0,0.3111575350639745,0.10967137895033596,0.10967137895033596
"and(not(subset_eq(B, difference(A, A))), subset_eq(difference(B, A), index(cardinality(B), union(A, B))))",0.17088004418381364,0.818311317487645,0.0,0.0,0.818311317487645,complement-symmetric-entropy-v1,0.1708800441838136,0.818311317487645,0.6465476954240564,0.0434802888137196,0.818311317487645,2.7755575615628914e-17,0.0,-0.6465476954240564,-0.0434802888137196,0.0
"and(or(subset_eq(A, difference(A, A)), greater_than(cardinality(A), cardinality(B))), subset_eq(index(cardinality(A), union(A, B)), union(difference(A, B), difference(B, A))))",0.0,0.0,1.0,0.17524142268050058,1.0,complement-symmetric-entropy-v1,0.0,0.0,1.0,0.0480643700826977,1.0,0.0,0.0,0.0,0.12717705259780288,0.0
"or(or(subset_eq(A, difference(A, B)), greater_than(cardinality(A), cardinality(B))), subset_eq(difference(B, A), index(cardinality(B), union(A, B))))",0.0,0.0,1.0,0.41654110840814595,1.0,complement-symmetric-entropy-v1,0.0,0.0,1.0,0.0,1.0,0.0,0.0,0.0,0.41654110840814595,0.0
"subset_eq(union(index(cardinality(A), difference(B, A)), index(cardinality(B), union(A, B))), index(cardinality(difference(A, A)), intersection(A, B)))",0.3800432663814024,0.26478332026827145,0.00782990573194442,0.00782990573194442,0.3800432663814024,complement-symmetric-entropy-v1,0.3800432663814024,0.2647833202682714,0.1201160774732547,0.336863123268633,0.3800432663814024,0.0,5.551115123125783e-17,-0.11228617174131028,-0.32903321753668857,0.0
"and(and(not(subset_eq(B, A)), subset_eq(A, difference(A, B))), subset_eq(A, index(cardinality(A), union(A, B))))",0.5972216766614381,0.02107943450068872,0.0,1.0,1.0,complement-symmetric-entropy-v1,0.5972216766614381,0.0210794345006887,0.779417966631763,1.0,1.0,0.0,2.0816681711721685e-17,-0.779417966631763,0.0,0.0
"subset_eq(index(cardinality(difference(A, B)), B), union(index(cardinality(A), B), index(cardinality(A), union(A, B))))",0.0,0.0,1.0,0.3279966071543954,1.0,complement-symmetric-entropy-v1,0.0,0.0,1.0,0.3712926439547178,1.0,0.0,0.0,0.0,-0.0432960368003224,0.0
"or(equals(cardinality(A), cardinality(B)), greater_than(cardinality(intersection(A, B)), cardinality(difference(A, B))))",0.4422606268684248,0.1465563392409962,0.00358445357617021,0.00358445357617021,0.4422606268684248,complement-symmetric-entropy-v1,0.4422606268684248,0.1465563392409962,0.0672308840033909,0.4422606268684248,0.4422606268684248,0.0,0.0,-0.0636464304272207,-0.4386761732922546,0.0
"or(subset_eq(index(cardinality(B), union(A, B)), B), equals(cardinality(intersection(A, B)), cardinality(difference(B, A))))",0.0,0.0,0.18140518224567215,0.5710780213786568,0.5710780213786568,complement-symmetric-entropy-v1,0.0,0.0,0.0,0.5567472874366544,0.5567472874366544,0.0,0.0,0.18140518224567215,0.01433073394200246,0.01433073394200246
"or(or(subset_eq(B, A), subset_eq(A, difference(A, B))), subset_eq(index(cardinality(B), union(A, B)), index(cardinality(A), B)))",0.0,0.0,0.5746203667006929,0.6504799326119839,0.6504799326119839,complement-symmetric-entropy-v1,0.0,0.0,0.0,0.0,0.0,0.0,0.0,0.5746203667006929,0.6504799326119839,0.6504799326119839
"subset_eq(index(cardinality(intersection(A, B)), A), difference(B, index(cardinality(B), union(A, B))))",0.9203391728167928,0.0,0.1037383676414142,0.7542653456910728,0.9203391728167928,complement-symmetric-entropy-v1,0.9203391728167928,0.0,0.0,0.7648265842041685,0.9203391728167928,0.0,0.0,0.1037383676414142,-0.01056123851309565,0.0
"subset_eq(difference(index(cardinality(B), union(A, B)), index(cardinality(A), B)), difference(index(cardinality(A), union(A, B)), B))",0.7871765334752387,0.0,0.07369103271937927,0.6487121437202833,0.7871765334752387,complement-symmetric-entropy-v1,0.7871765334752387,0.0,0.0,0.7871765334752387,0.7871765334752387,0.0,0.0,0.07369103271937927,-0.13846438975495545,0.0
"subset_eq(index(cardinality(B), union(A, B)), index(cardinality(difference(A, A)), A))",0.0,0.0,0.3715341915443652,1.0,1.0,complement-symmetric-entropy-v1,0.0,0.0,0.0,1.0,1.0,0.0,0.0,0.3715341915443652,0.0,0.0
"subset_eq(index(cardinality(intersection(A, B)), difference(A, B)), index(cardinality(intersection(A, B)), A))",0.0,0.0,0.4373225836066694,0.7928094437622925,0.7928094437622925,complement-symmetric-entropy-v1,0.0,0.0,0.0,0.3566910880305955,0.3566910880305955,0.0,0.0,0.4373225836066694,0.43611835573169694,0.43611835573169694
"or(subset_eq(intersection(A, B), index(cardinality(A), B)), greater_than(cardinality(difference(A, B)), cardinality(B)))",0.0,0.0,0.7168161409688967,0.653384735177179,0.7168161409688967,complement-symmetric-entropy-v1,0.0,0.0,0.6908658228505636,0.6799863494116682,0.6908658228505636,0.0,0.0,0.025950318118333038,-0.026601614234489257,0.025950318118333038
"and(not(subset_eq(A, difference(A, B))), subset_eq(difference(A, B), index(cardinality(A), union(A, B))))",0.9186553924598977,0.23847455516535732,0.0,0.0,0.9186553924598977,complement-symmetric-entropy-v1,0.9186553924598976,0.2384745551653573,0.0388095020021663,0.6465409502831231,0.9186553924598976,1.1102230246251565e-16,2.7755575615628914e-17,-0.0388095020021663,-0.6465409502831231,1.1102230246251565e-16
"subset_eq(intersection(B, index(cardinality(B), union(A, B))), index(cardinality(difference(A, A)), B))",0.0,0.0,0.49292561561894976,0.769735732173473,0.769735732173473,complement-symmetric-entropy-v1,0.0,0.0,0.0,0.4765984596835495,0.4765984596835495,0.0,0.0,0.49292561561894976,0.2931372724899235,0.2931372724899235
"and(or(subset_eq(B, A), greater_than(cardinality(B), cardinality(A))), subset_eq(intersection(A, B), index(cardinality(A), B)))",0.0,0.0,0.36349570725594726,0.861929131050656,0.861929131050656,complement-symmetric-entropy-v1,0.0,0.0,0.517990499562538,0.893523486124631,0.893523486124631,0.0,0.0,-0.1544947923065907,-0.0315943550739749,-0.0315943550739749
"subset_eq(index(cardinality(intersection(A, B)), union(A, B)), index(cardinality(difference(B, A)), A))",0.0,0.44487191162707385,0.2344820030001855,0.1835677040084006,0.44487191162707385,complement-symmetric-entropy-v1,0.0,0.4448719116270738,0.2835489085132187,0.2761886932449824,0.4448719116270738,0.0,5.551115123125783e-17,-0.049066905513033165,-0.0926209892365818,5.551115123125783e-17
"subset_eq(index(cardinality(B), A), index(cardinality(difference(B, A)), difference(A, B)))",0.0,0.0,0.3357713437650348,1.0,1.0,complement-symmetric-entropy-v1,0.0,0.0,0.0,1.0,1.0,0.0,0.0,0.3357713437650348,0.0,0.0
"and(greater_than(cardinality(B), cardinality(A)), subset_eq(A, index(cardinality(A), union(A, B))))",0.8078796989645463,0.02262006268008232,0.0,1.0,1.0,complement-symmetric-entropy-v1,0.8078796989645463,0.0226200626800823,0.6287820515577899,1.0,1.0,0.0,2.0816681711721685e-17,-0.6287820515577899,0.0,0.0
"or(subset_eq(index(cardinality(B), union(A, B)), difference(B, A)), greater_than(cardinality(difference(A, B)), cardinality(intersection(A, B))))",0.0,0.0,0.45720077434316664,0.6333867068294224,0.6333867068294224,complement-symmetric-entropy-v1,0.0,0.0,0.0,0.4227986890677945,0.4227986890677945,0.0,0.0,0.45720077434316664,0.21058801776162794,0.21058801776162794
"subset_eq(difference(index(cardinality(B), A), index(cardinality(B), difference(A, B))), intersection(B, index(cardinality(B), union(A, B))))",0.0,0.0,0.33569128374784374,0.7722101663805233,0.7722101663805233,complement-symmetric-entropy-v1,0.0,0.0,0.0,0.5187244886497909,0.5187244886497909,0.0,0.0,0.33569128374784374,0.2534856777307324,0.2534856777307324
"subset_eq(difference(index(cardinality(B), union(A, B)), B), index(cardinality(difference(A, B)), union(difference(A, B), difference(B, A))))",0.5867744326730636,0.0,0.03284159642303297,0.6236533669863197,0.6236533669863197,complement-symmetric-entropy-v1,0.5867744326730636,0.0,0.0,0.6227620608727307,0.6227620608727307,0.0,0.0,0.03284159642303297,0.0008913061135890077,0.0008913061135890077
"and(subset_eq(A, difference(A, B)), subset_eq(index(cardinality(B), A), index(cardinality(A), union(A, B))))",0.35641938847416443,0.0,0.1875308612342813,1.0,1.0,complement-symmetric-entropy-v1,0.3564193884741644,0.0,0.7410810113286473,1.0,1.0,5.551115123125783e-17,0.0,-0.553550150094366,0.0,0.0
"and(or(subset_eq(A, B), equals(cardinality(A), cardinality(B))), equals(cardinality(intersection(A, B)), cardinality(difference(A, B))))",0.5691435848432269,0.0,0.29680184620592953,0.29680184620592953,0.5691435848432269,complement-symmetric-entropy-v1,0.5691435848432269,0.0,0.5691435848432269,0.6183866185813938,0.6183866185813938,0.0,0.0,-0.2723417386372974,-0.32158477237546423,-0.04924303373816685
"or(and(subset_eq(A, B), subset_eq(B, A)), subset_eq(B, index(cardinality(A), union(A, B))))",0.0,0.3665737766989149,0.6373074179163389,0.6373074179163389,0.6373074179163389,complement-symmetric-entropy-v1,0.0,0.3665737766989149,0.4487280960163041,0.3935409640488552,0.4487280960163041,0.0,0.0,0.18857932190003485,0.24376645386748375,0.18857932190003485
"subset_eq(union(index(cardinality(A), union(A, B)), index(cardinality(B), union(A, B))), union(union(difference(A, B), difference(B, A)), index(cardinality(A), B)))",0.0,0.0,0.41831814307499526,0.7831312677174597,0.7831312677174597,complement-symmetric-entropy-v1,0.0,0.0,0.0,0.4642121360552534,0.4642121360552534,0.0,0.0,0.41831814307499526,0.31891913166220626,0.31891913166220626
"or(subset_eq(difference(A, B), index(cardinality(B), union(A, B))), greater_than(cardinality(intersection(A, B)), cardinality(difference(A, B))))",0.6114503323274174,0.0,0.17894306262971837,0.6784620574871234,0.6784620574871234,complement-symmetric-entropy-v1,0.6114503323274174,0.0,0.0,0.4924193180822506,0.6114503323274174,0.0,0.0,0.17894306262971837,0.18604273940487281,0.06701172515970599
"or(subset_eq(index(cardinality(A), B), A), greater_than(cardinality(difference(A, B)), cardinality(intersection(A, B))))",0.0,0.5550372736693208,0.8303033030528687,0.02787177457167389,0.8303033030528687,complement-symmetric-entropy-v1,0.0,0.5550372736693208,0.6714732130247713,0.0,0.6714732130247713,0.0,0.0,0.15883009002809745,0.02787177457167389,0.15883009002809745
"subset_eq(index(cardinality(difference(B, A)), A), difference(index(cardinality(B), union(A, B)), index(cardinality(A), union(A, B))))",0.0,0.0,0.34519599177629656,0.8432040365733432,0.8432040365733432,complement-symmetric-entropy-v1,0.0,0.0,0.2643644035199349,0.7450390525266888,0.7450390525266888,0.0,0.0,0.08083158825636166,0.09816498404665441,0.09816498404665441
"or(and(not(subset_eq(B, A)), greater_than(cardinality(A), cardinality(B))), subset_eq(A, index(cardinality(B), A)))",0.14513850630907288,0.0,0.30423539876518757,0.30423539876518757,0.30423539876518757,complement-symmetric-entropy-v1,0.1451385063090728,0.0,0.6472872349448583,0.3719293214230125,0.6472872349448583,8.326672684688674e-17,0.0,-0.3430518361796707,-0.06769392265782492,-0.3430518361796707
"and(or(subset_eq(B, A), subset_eq(A, difference(A, B))), not(equals(cardinality(A), cardinality(B))))",0.0032882314319905293,0.0032882314319905293,0.5341391738018316,0.1619999568515731,0.5341391738018316,complement-symmetric-entropy-v1,0.0032882314319905,0.0032882314319905,0.7621813840112105,0.0512541463631577,0.7621813840112105,2.905661822261152e-17,2.905661822261152e-17,-0.22804221020937887,0.11074581048841539,-0.22804221020937887
"and(subset_eq(intersection(A, B), index(cardinality(A), union(A, B))), equals(cardinality(intersection(A, B)), cardinality(difference(A, B))))",0.6709474433055107,0.0,0.4823036311791902,0.4823036311791902,0.6709474433055107,complement-symmetric-entropy-v1,0.6709474433055107,0.0,0.5581266442534614,0.6384512142114951,0.6709474433055107,0.0,0.0,-0.0758230130742712,-0.15614758303230492,0.0
"and(not(subset_eq(B, A)), subset_eq(difference(B, A), index(cardinality(A), union(A, B))))",0.4702991662664049,0.27677918539276924,0.0,0.27621497483058755,0.4702991662664049,complement-symmetric-entropy-v1,0.4702991662664049,0.2767791853927692,0.5928653760108875,0.4702991662664049,0.5928653760108875,0.0,5.551115123125783e-17,-0.5928653760108875,-0.19408419143581734,-0.12256620974448262
"or(greater_than(cardinality(B), cardinality(A)), equals(cardinality(intersection(A, B)), cardinality(difference(B, A))))",0.0,0.0,0.10984664945156275,0.7755355718557815,0.7755355718557815,complement-symmetric-entropy-v1,0.0,0.0,0.0750590833527776,0.8559645175417971,0.8559645175417971,0.0,0.0,0.03478756609878515,-0.08042894568601566,-0.08042894568601566
"subset_eq(union(index(cardinality(A), B), index(cardinality(B), A)), index(cardinality(intersection(A, B)), difference(A, B)))",0.0,0.3607469942714854,0.2434869285048764,0.09401229592659355,0.3607469942714854,complement-symmetric-entropy-v1,0.0,0.3607469942714854,0.3607469942714854,0.1573829326074329,0.3607469942714854,0.0,0.0,-0.11726006576660897,-0.06337063668083937,0.0
"and(and(not(subset_eq(A, B)), equals(cardinality(A), cardinality(B))), subset_eq(index(cardinality(A), union(A, B)), union(difference(A, B), difference(B, A))))",0.3189522932738612,0.3189522932738612,0.0,0.0,0.3189522932738612,complement-symmetric-entropy-v1,0.3189522932738612,0.3189522932738612,0.3798616432962063,0.3798616432962063,0.3798616432962063,0.0,0.0,-0.3798616432962063,-0.3798616432962063,-0.0609093500223451
"or(subset_eq(index(cardinality(A), union(A, B)), index(cardinality(A), B)), subset_eq(index(cardinality(B), union(A, B)), index(cardinality(B), difference(A, B))))",0.0,0.0,0.3929337319939499,0.4102661961810078,0.4102661961810078,complement-symmetric-entropy-v1,0.0,0.0,0.0,0.0,0.0,0.0,0.0,0.3929337319939499,0.4102661961810078,0.4102661961810078
"subset_eq(union(index(cardinality(A), difference(B, A)), index(cardinality(B), union(A, B))), union(index(cardinality(B), A), index(cardinality(A), union(A, B))))",0.0,0.0,0.43884418884576726,0.22596233727593262,0.43884418884576726,complement-symmetric-entropy-v1,0.0,0.0,0.1916449100113856,0.0,0.1916449100113856,0.0,0.0,0.24719927883438167,0.22596233727593262,0.24719927883438167
"subset_eq(union(index(cardinality(B), A), index(cardinality(A), difference(B, A))), index(cardinality(difference(A, B)), difference(B, A)))",0.7003333162608008,0.0,0.053084487055320206,0.4264648972208892,0.7003333162608008,complement-symmetric-entropy-v1,0.7003333162608008,0.0,0.0823922616937382,0.7003333162608008,0.7003333162608008,0.0,0.0,-0.029307774638417994,-0.27386841903991155,0.0
"subset_eq(union(index(cardinality(A), B), index(cardinality(B), A)), index(cardinality(difference(B, A)), difference(A, B)))",0.0,0.5078990971147468,0.4377105822126396,0.06703741262941643,0.5078990971147468,complement-symmetric-entropy-v1,0.0,0.5078990971147468,0.5078990971147468,0.1584481698810289,0.5078990971147468,0.0,0.0,-0.0701885149021072,-0.09141075725161246,0.0
"and(subset_eq(index(cardinality(A), B), index(cardinality(A), union(A, B))), subset_eq(index(cardinality(B), union(A, B)), union(difference(A, B), difference(B, A))))",0.0,0.0,0.38387198206542095,0.581782681436948,0.581782681436948,complement-symmetric-entropy-v1,0.0,0.0,0.0,0.3293518272592576,0.3293518272592576,0.0,0.0,0.38387198206542095,0.2524308541776904,0.2524308541776904
"subset_eq(union(index(cardinality(A), B), index(cardinality(B), A)), union(difference(B, A), index(cardinality(B), union(A, B))))",0.0,0.0,0.4644101855250906,0.31377213998929643,0.4644101855250906,complement-symmetric-entropy-v1,0.0,0.0,0.2391583413837833,0.0,0.2391583413837833,0.0,0.0,0.2252518441413073,0.31377213998929643,0.2252518441413073
"subset_eq(difference(difference(B, A), index(cardinality(A), union(A, B))), index(cardinality(difference(A, B)), B))",0.0,0.31343820477860407,0.632271625275095,0.1617904843138045,0.632271625275095,complement-symmetric-entropy-v1,0.0,0.313438204778604,0.3766677022868855,0.0,0.3766677022868855,0.0,5.551115123125783e-17,0.25560392298820944,0.1617904843138045,0.25560392298820944
"subset_eq(union(index(cardinality(B), A), index(cardinality(B), union(A, B))), index(cardinality(difference(B, A)), B))",0.6054761754236249,0.0,0.07369103271937927,0.489014386684941,0.6054761754236249,complement-symmetric-entropy-v1,0.6054761754236249,0.0,0.0,0.534261616763205,0.6054761754236249,0.0,0.0,0.07369103271937927,-0.045247230078264034,0.0
"subset_eq(intersection(B, index(cardinality(B), A)), index(cardinality(difference(A, A)), B))",0.0,0.0,0.607219956791442,0.8615373073346557,0.8615373073346557,complement-symmetric-entropy-v1,0.0,0.0,0.0,0.3530997748863272,0.3530997748863272,0.0,0.0,0.607219956791442,0.5084375324483286,0.5084375324483286
"and(subset_eq(intersection(A, B), index(cardinality(A), B)), subset_eq(index(cardinality(A), difference(B, A)), A))",0.0,0.2831764406821996,0.712999938281333,0.17974736518247825,0.712999938281333,complement-symmetric-entropy-v1,0.0,0.2831764406821996,0.7307623951532832,0.5587137544444669,0.7307623951532832,0.0,0.0,-0.017762456871950216,-0.37896638926198867,-0.017762456871950216
"subset_eq(intersection(B, index(cardinality(A), union(A, B))), index(cardinality(difference(B, A)), A))",0.0,0.6440316919535007,0.8169701416210526,0.05602914020856664,0.8169701416210526,complement-symmetric-entropy-v1,0.0,0.6440316919535007,0.8224542206111687,0.0,0.8224542206111687,0.0,0.0,-0.005484078990116048,0.05602914020856664,-0.005484078990116048
"or(or(subset_eq(A, difference(A, B)), equals(cardinality(A), cardinality(B))), equals(cardinality(B), cardinality(difference(A, B))))",0.0,0.0,0.5519511647539617,0.3609767040876387,0.5519511647539617,complement-symmetric-entropy-v1,0.0,0.0,0.4838521082987104,0.1279356709454264,0.4838521082987104,0.0,0.0,0.06809905645525127,0.2330410331422123,0.06809905645525127
"and(subset_eq(index(cardinality(A), union(A, B)), difference(B, A)), subset_eq(index(cardinality(B), union(A, B)), index(cardinality(B), difference(A, B))))",0.0,0.0,0.4007039896138961,0.4814113509281136,0.4814113509281136,complement-symmetric-entropy-v1,0.0,0.0,0.1700894070644276,0.505528885800401,0.505528885800401,0.0,0.0,0.23061458254946848,-0.024117534872287405,-0.024117534872287405
"or(or(subset_eq(B, difference(A, A)), greater_than(cardinality(B), cardinality(A))), subset_eq(difference(A, B), index(cardinality(B), union(A, B))))",0.0,0.0,0.2297320273250305,1.0,1.0,complement-symmetric-entropy-v1,0.0,0.0,0.0,1.0,1.0,0.0,0.0,0.2297320273250305,0.0,0.0
"subset_eq(index(cardinality(difference(A, A)), union(difference(A, B), difference(B, A))), index(cardinality(intersection(A, B)), difference(A, B)))",0.0,0.35636744898670025,0.6787550598786267,0.19591854048173463,0.6787550598786267,complement-symmetric-entropy-v1,0.0,0.3563674489867002,0.4549191824656592,0.3520201440896967,0.4549191824656592,0.0,5.551115123125783e-17,0.2238358774129675,-0.15610160360796205,0.2238358774129675
"subset_eq(index(cardinality(A), union(difference(A, B), difference(B, A))), index(cardinality(B), union(difference(A, B), difference(B, A))))",0.0,0.6415214210483886,0.3240023557818209,0.03723618857847111,0.6415214210483886,complement-symmetric-entropy-v1,0.0,0.6415214210483886,0.4683176790937836,0.0,0.6415214210483886,0.0,0.0,-0.14431532331196267,0.03723618857847111,0.0
"subset_eq(index(cardinality(difference(B, A)), A), difference(difference(A, B), index(cardinality(B), A)))",0.2583049408021806,0.0,0.054238084556275545,0.5575408676018322,0.5575408676018322,complement-symmetric-entropy-v1,0.2583049408021806,0.0,0.1700253305527741,0.3741399897786971,0.3741399897786971,0.0,0.0,-0.11578724599649856,0.18340087782313508,0.18340087782313508
"subset_eq(index(cardinality(intersection(A, B)), union(difference(A, B), difference(B, A))), difference(union(A, B), index(cardinality(B), union(A, B))))",0.3696468790388254,0.0,0.026303284003553418,0.6504795118992324,0.6504795118992324,complement-symmetric-entropy-v1,0.3696468790388254,0.0,0.0,0.3696468790388254,0.3696468790388254,0.0,0.0,0.026303284003553418,0.28083263286040694,0.28083263286040694
"subset_eq(index(cardinality(difference(A, A)), union(difference(A, B), difference(B, A))), index(cardinality(difference(B, A)), A))",0.0,0.6241687207972342,0.556407395425685,0.16575146235069527,0.6241687207972342,complement-symmetric-entropy-v1,0.0,0.6241687207972342,0.5679727021542889,0.129092733372657,0.6241687207972342,0.0,0.0,-0.011565306728603897,0.03665872897803826,0.0
"and(subset_eq(B, A), greater_than(cardinality(difference(A, B)), cardinality(B)))",0.02262006268008232,1.0,1.0,0.0,1.0,complement-symmetric-entropy-v1,0.0226200626800823,1.0,1.0,0.434757466811326,1.0,2.0816681711721685e-17,0.0,0.0,-0.434757466811326,0.0
"and(subset_eq(difference(B, A), index(cardinality(B), union(A, B))), equals(cardinality(intersection(A, B)), cardinality(difference(B, A))))",0.0,0.6709474433055107,0.4823036311791902,0.4823036311791902,0.6709474433055107,complement-symmetric-entropy-v1,0.0,0.6709474433055107,0.6948361634405791,0.5581266442534614,0.6948361634405791,0.0,0.0,-0.2125325322613889,-0.0758230130742712,-0.023888720135068375
"and(or(subset_eq(B, A), subset_eq(A, difference(A, A))), subset_eq(index(cardinality(B), difference(A, B)), index(cardinality(B), A)))",0.0,0.0,0.530529408075531,0.26939497909007215,0.530529408075531,complement-symmetric-entropy-v1,0.0,0.0,0.8036929946197984,0.041718529306579,0.8036929946197984,0.0,0.0,-0.2731635865442674,0.22767644978349316,-0.2731635865442674
"or(subset_eq(B, index(cardinality(A), union(A, B))), subset_eq(union(difference(A, B), difference(B, A)), index(cardinality(B), A)))",0.0,0.4230220347014092,0.5804001496879183,0.47236382035906443,0.5804001496879183,complement-symmetric-entropy-v1,0.0,0.4230220347014092,0.5223017244016319,0.2916143379009537,0.5223017244016319,0.0,0.0,0.05809842528628639,0.18074948245811073,0.05809842528628639
"or(or(subset_eq(A, B), greater_than(cardinality(A), cardinality(B))), subset_eq(A, index(cardinality(B), union(A, B))))",0.0,0.0,0.5268013014294362,0.3920989738490428,0.5268013014294362,complement-symmetric-entropy-v1,0.0,0.0,0.0,0.0,0.0,0.0,0.0,0.5268013014294362,0.3920989738490428,0.5268013014294362
"and(not(subset_eq(union(A, B), difference(A, A))), subset_eq(index(cardinality(B), difference(A, B)), index(cardinality(B), union(A, B))))",0.034737304568244975,0.034737304568244975,0.20365227307411737,0.6402389321300417,0.6402389321300417,complement-symmetric-entropy-v1,0.0347373045682449,0.0347373045682449,0.0,0.665368680456883,0.665368680456883,7.632783294297951e-17,7.632783294297951e-17,0.20365227307411737,-0.02512974832684134,-0.02512974832684134
"subset_eq(union(index(cardinality(A), B), index(cardinality(B), difference(A, B))), index(cardinality(intersection(A, B)), A))",0.0,0.5913684077098624,0.23327940405740788,0.05726585197331491,0.5913684077098624,complement-symmetric-entropy-v1,0.0,0.5913684077098624,0.5913684077098624,0.0755031435572625,0.5913684077098624,0.0,0.0,-0.35808900365245455,-0.018237291583947587,0.0
"subset_eq(union(index(cardinality(A), difference(B, A)), index(cardinality(B), union(A, B))), union(intersection(A, B), index(cardinality(A), B)))",0.5462174060919696,0.0,0.06402652218092797,0.2857962737079949,0.5462174060919696,complement-symmetric-entropy-v1,0.5462174060919696,0.0,0.0411398890454814,0.3518908664775904,0.5462174060919696,0.0,0.0,0.022886633135446567,-0.0660945927695955,0.0
"and(subset_eq(index(cardinality(B), A), B), greater_than(cardinality(intersection(A, B)), cardinality(difference(B, A))))",0.38789272952427256,0.6346978050461015,0.0,0.0,0.6346978050461015,complement-symmetric-entropy-v1,0.3878927295242725,0.6346978050461015,0.2637941317926813,0.1549003729904324,0.6346978050461015,5.551115123125783e-17,0.0,-0.2637941317926813,-0.1549003729904324,0.0
"subset_eq(index(cardinality(intersection(A, B)), difference(A, B)), difference(index(cardinality(B), union(A, B)), index(cardinality(B), A)))",0.7448017445408581,0.0,0.03685208408560037,0.4066282816891891,0.7448017445408581,complement-symmetric-entropy-v1,0.7448017445408581,0.0,0.0,0.4134805505288583,0.7448017445408581,0.0,0.0,0.03685208408560037,-0.006852268839669218,0.0
"subset_eq(index(cardinality(A), union(A, B)), index(cardinality(intersection(A, B)), A))",0.0,0.5383341890429358,0.5134168946805362,0.07025150629826582,0.5383341890429358,complement-symmetric-entropy-v1,0.0,0.5383341890429358,0.5557989207799681,0.0,0.5557989207799681,0.0,0.0,-0.04238202609943187,0.07025150629826582,-0.017464731737032224
"subset_eq(union(index(cardinality(A), B), index(cardinality(B), A)), intersection(B, index(cardinality(A), union(A, B))))",0.6618155926477172,0.0,0.053084487055320206,0.5591111281348811,0.6618155926477172,complement-symmetric-entropy-v1,0.6618155926477172,0.0,0.0,0.6618155926477172,0.6618155926477172,0.0,0.0,0.053084487055320206,-0.1027044645128361,0.0
"or(or(subset_eq(A, difference(A, B)), equals(cardinality(A), cardinality(B))), subset_eq(difference(B, A), index(cardinality(B), union(A, B))))",0.0,0.0,0.8138474124282155,0.34424749130038146,0.8138474124282155,complement-symmetric-entropy-v1,0.0,0.0,0.7590221883533307,0.0,0.7590221883533307,0.0,0.0,0.05482522407488477,0.34424749130038146,0.05482522407488477
"and(not(subset_eq(B, A)), equals(cardinality(intersection(A, B)), cardinality(difference(B, A))))",0.42203439014922817,0.5927897007150673,0.0,0.0,0.5927897007150673,complement-symmetric-entropy-v1,0.4220343901492281,0.5927897007150673,0.2243690711563944,0.5927897007150673,0.5927897007150673,5.551115123125783e-17,0.0,-0.2243690711563944,-0.5927897007150673,0.0
"or(and(subset_eq(B, A), not(subset_eq(A, B))), greater_than(cardinality(B), cardinality(difference(A, B))))",0.013958544468007816,0.013958544468007816,0.16326463485603104,0.45501432708332734,0.45501432708332734,complement-symmetric-entropy-v1,0.0139585444680078,0.0139585444680078,0.0,0.0,0.0139585444680078,1.5612511283791264e-17,1.5612511283791264e-17,0.16326463485603104,0.45501432708332734,0.4410557826153195
"and(or(subset_eq(B, A), subset_eq(A, difference(A, B))), subset_eq(index(cardinality(A), union(A, B)), B))",0.0,0.0,0.8258291604359329,0.38296606470140193,0.8258291604359329,complement-symmetric-entropy-v1,0.0,0.0,0.7861641374628467,0.0,0.7861641374628467,0.0,0.0,0.03966502297308616,0.38296606470140193,0.03966502297308616
"subset_eq(union(intersection(A, B), index(cardinality(B), difference(A, B))), index(cardinality(intersection(A, B)), union(A, B)))",0.0,0.0,0.49986586873591066,0.7275198259710136,0.7275198259710136,complement-symmetric-entropy-v1,0.0,0.0,0.591650358526729,0.8186504787419405,0.8186504787419405,0.0,0.0,-0.09178448979081832,-0.09113065277092691,-0.09113065277092691
"or(and(subset_eq(A, difference(A, B)), greater_than(cardinality(A), cardinality(B))), subset_eq(union(difference(A, B), difference(B, A)), index(cardinality(A), difference(B, A))))",0.0,0.3914397155416557,0.6599558022808313,0.3472462268454183,0.6599558022808313,complement-symmetric-entropy-v1,0.0,0.3914397155416557,0.4523546624994435,0.3429447414729426,0.4523546624994435,0.0,0.0,0.20760113978138778,0.004301485372475655,0.20760113978138778
"and(not(subset_eq(A, B)), subset_eq(index(cardinality(B), difference(A, B)), B))",0.33012171645919264,0.5487949406953986,0.0,0.0,0.5487949406953986,complement-symmetric-entropy-v1,0.3301217164591926,0.5487949406953986,0.4261864510085602,0.3112781244591327,0.5487949406953986,5.551115123125783e-17,0.0,-0.4261864510085602,-0.3112781244591327,0.0
"subset_eq(difference(B, index(cardinality(B), A)), index(cardinality(difference(B, A)), B))",0.0,0.9130837760904628,0.9545169571168113,0.1835677040084006,0.9545169571168113,complement-symmetric-entropy-v1,0.0,0.9130837760904628,0.9631984086492932,0.2725566289661735,0.9631984086492932,0.0,0.0,-0.008681451532481899,-0.08898892495777289,-0.008681451532481899
"and(not(subset_eq(A, difference(A, B))), subset_eq(index(cardinality(A), B), index(cardinality(A), difference(B, A))))",0.37955601375143266,0.6652989763100166,0.0,0.0,0.6652989763100166,complement-symmetric-entropy-v1,0.3795560137514326,0.6652989763100166,0.3992055025686709,0.0591890428575874,0.6652989763100166,5.551115123125783e-17,0.0,-0.3992055025686709,-0.0591890428575874,0.0
"subset_eq(union(index(cardinality(B), A), index(cardinality(B), union(A, B))), difference(A, B))",0.0,0.0,0.34234732076133256,0.7067784208207288,0.7067784208207288,complement-symmetric-entropy-v1,0.0,0.0,0.0,0.4782427422625634,0.4782427422625634,0.0,0.0,0.34234732076133256,0.22853567855816542,0.22853567855816542
"subset_eq(union(index(cardinality(A), B), index(cardinality(B), A)), index(cardinality(intersection(A, B)), union(difference(A, B), difference(B, A))))",0.0,0.0,0.28689835253178364,0.28689835253178364,0.28689835253178364,complement-symmetric-entropy-v1,0.0,0.0,0.2185769762721721,0.2185769762721721,0.2185769762721721,0.0,0.0,0.06832137625961154,0.06832137625961154,0.06832137625961154
"subset_eq(union(index(cardinality(A), B), index(cardinality(A), difference(B, A))), intersection(A, index(cardinality(A), union(A, B))))",0.0,0.959120583868309,0.9171858260825791,0.036094354313260246,0.959120583868309,complement-symmetric-entropy-v1,0.0,0.959120583868309,0.8026613417055417,0.0,0.959120583868309,0.0,0.0,0.11452448437703744,0.036094354313260246,0.0
"or(subset_eq(index(cardinality(B), union(A, B)), intersection(A, B)), equals(cardinality(intersection(A, B)), cardinality(difference(A, B))))",0.7275198259710136,0.0,0.04627645336226094,0.2886537299904901,0.7275198259710136,complement-symmetric-entropy-v1,0.7275198259710136,0.0,0.0,0.2621879216397139,0.7275198259710136,0.0,0.0,0.04627645336226094,0.02646580835077622,0.0
"or(subset_eq(index(cardinality(A), union(A, B)), index(cardinality(B), difference(A, B))), equals(cardinality(A), cardinality(difference(B, A))))",0.0,0.3151322370857863,0.6652989763100166,0.059189042857587415,0.6652989763100166,complement-symmetric-entropy-v1,0.0,0.3151322370857863,0.4650490123352566,0.0,0.4650490123352566,0.0,0.0,0.20024996397475997,0.059189042857587415,0.20024996397475997
"and(or(subset_eq(B, difference(A, A)), equals(cardinality(A), cardinality(B))), greater_than(cardinality(A), cardinality(difference(B, A))))",0.033899179898257525,0.3932097682341885,0.19214425714679328,0.0,0.3932097682341885,complement-symmetric-entropy-v1,0.0338991798982575,0.3932097682341885,0.3203056587090973,0.2578318588438401,0.3932097682341885,2.7755575615628914e-17,0.0,-0.128161401562304,-0.2578318588438401,0.0
"subset_eq(difference(A, index(cardinality(A), B)), index(cardinality(difference(B, A)), union(difference(A, B), difference(B, A))))",0.5115087547267707,0.0,0.5770480846662295,0.9034920807970596,0.9034920807970596,complement-symmetric-entropy-v1,0.5115087547267707,0.0,0.6068625125167084,0.9050204204687328,0.9050204204687328,0.0,0.0,-0.02981442785047894,-0.0015283396716732067,-0.0015283396716732067
"or(or(subset_eq(A, difference(A, B)), greater_than(cardinality(A), cardinality(B))), subset_eq(index(cardinality(A), union(A, B)), A))",0.0,0.0,0.763124024169579,0.35568420904034437,0.763124024169579,complement-symmetric-entropy-v1,0.0,0.0,0.642373433059339,0.0,0.642373433059339,0.0,0.0,0.12075059111024,0.35568420904034437,0.12075059111024
"subset_eq(index(cardinality(difference(B, A)), union(A, B)), difference(A, index(cardinality(B), A)))",0.2827444816932575,0.0,0.04393305638101985,0.2065906358345303,0.2827444816932575,complement-symmetric-entropy-v1,0.2827444816932575,0.0,0.5559222145250222,0.0983028595307867,0.5559222145250222,0.0,0.0,-0.5119891581440024,0.1082877763037436,-0.2731777328317647
"subset_eq(difference(index(cardinality(A), union(A, B)), B), index(cardinality(intersection(A, B)), union(difference(A, B), difference(B, A))))",0.0,0.0,0.3263373950042183,0.43616364008966746,0.43616364008966746,complement-symmetric-entropy-v1,0.0,0.0,0.0,0.0,0.0,0.0,0.0,0.3263373950042183,0.43616364008966746,0.43616364008966746
"and(subset_eq(intersection(A, B), index(cardinality(A), union(A, B))), equals(cardinality(A), cardinality(difference(B, A))))",0.3442652815372935,0.19732259758431103,0.025223693767507993,0.025223693767507993,0.3442652815372935,complement-symmetric-entropy-v1,0.3442652815372935,0.197322597584311,0.5169972962918454,0.538100691866125,0.538100691866125,0.0,2.7755575615628914e-17,-0.49177360252433744,-0.512876998098617,-0.19383541032883145
"or(or(subset_eq(A, B), not(subset_eq(B, A))), subset_eq(B, index(cardinality(B), A)))",0.0,0.0,0.34531393047428016,0.8574057498098651,0.8574057498098651,complement-symmetric-entropy-v1,0.0,0.0,0.0,0.8168304399750075,0.8168304399750075,0.0,0.0,0.34531393047428016,0.040575309834857576,0.040575309834857576
"subset_eq(difference(intersection(A, B), index(cardinality(A), union(A, B))), index(cardinality(difference(A, B)), union(A, B)))",0.0,0.0,0.7277179272226832,0.83339122878515,0.83339122878515,complement-symmetric-entropy-v1,0.0,0.0,0.5928379761735891,0.8156070148183192,0.8156070148183192,0.0,0.0,0.13487995104909412,0.01778421396683083,0.01778421396683083
"or(or(not(subset_eq(B, A)), subset_eq(A, difference(A, B))), subset_eq(index(cardinality(B), A), B))",0.0,0.0,0.2801079466006853,0.7947338151043377,0.7947338151043377,complement-symmetric-entropy-v1,0.0,0.0,0.0,0.6583284429313723,0.6583284429313723,0.0,0.0,0.2801079466006853,0.13640537217296544,0.13640537217296544
"and(or(subset_eq(B, A), not(subset_eq(A, B))), subset_eq(intersection(A, B), index(cardinality(B), union(A, B))))",0.0,0.26834102011654226,0.9633306798200356,0.10525736371799088,0.9633306798200356,complement-symmetric-entropy-v1,0.0,0.2683410201165422,0.9668879977626516,0.5608858969208899,0.9668879977626516,0.0,5.551115123125783e-17,-0.003557317942615934,-0.455628533202899,-0.003557317942615934
"and(and(subset_eq(A, difference(A, B)), greater_than(cardinality(A), cardinality(B))), subset_eq(B, index(cardinality(B), union(A, B))))",0.019175181671680086,0.7798496218077777,1.0,0.0,1.0,complement-symmetric-entropy-v1,0.01917518167168,0.7798496218077777,1.0,0.7279329780954793,1.0,8.673617379884035e-17,0.0,0.0,-0.7279329780954793,0.0
"or(subset_eq(difference(A, B), index(cardinality(B), union(A, B))), greater_than(cardinality(difference(B, A)), cardinality(intersection(A, B))))",0.40890717844140867,0.0,0.25656004499911556,1.0,1.0,complement-symmetric-entropy-v1,0.4089071784414086,0.0,0.0,1.0,1.0,5.551115123125783e-17,0.0,0.25656004499911556,0.0,0.0
"and(subset_eq(index(cardinality(A), B), index(cardinality(A), union(A, B))), subset_eq(index(cardinality(B), A), index(cardinality(B), union(A, B))))",0.0,0.0,0.3823649114315849,0.3823649114315849,0.3823649114315849,complement-symmetric-entropy-v1,0.0,0.0,0.0,0.0,0.0,0.0,0.0,0.3823649114315849,0.3823649114315849,0.3823649114315849
"and(not(subset_eq(A, difference(A, B))), subset_eq(difference(B, A), index(cardinality(B), union(A, B))))",0.23847455516535732,0.9186553924598977,0.0,0.0,0.9186553924598977,complement-symmetric-entropy-v1,0.2384745551653573,0.9186553924598976,0.6465409502831231,0.0388095020021663,0.9186553924598976,2.7755575615628914e-17,1.1102230246251565e-16,-0.6465409502831231,-0.0388095020021663,1.1102230246251565e-16
"or(not(subset_eq(A, B)), equals(cardinality(A), cardinality(difference(B, A))))",0.0,0.6974588267206596,0.6990295985738679,0.032494484980424176,0.6990295985738679,complement-symmetric-entropy-v1,0.0,0.6974588267206596,0.4983529777914914,0.0511459179882575,0.6974588267206596,0.0,0.0,0.20067662078237652,-0.018651433007833326,0.0015707718532083081
"subset_eq(union(index(cardinality(B), A), index(cardinality(B), difference(A, B))), index(cardinality(difference(A, A)), B))",0.9329585898963786,0.0,0.04128988929906696,0.966515130395843,0.966515130395843,complement-symmetric-entropy-v1,0.9329585898963786,0.0,0.0,0.9068600861951648,0.9329585898963786,0.0,0.0,0.04128988929906696,0.05965504420067824,0.03355654049946444
"subset_eq(index(cardinality(A), union(difference(A, B), difference(B, A))), difference(index(cardinality(A), union(A, B)), index(cardinality(B), union(A, B))))",0.0,0.0,0.47778647442656763,0.23261579219732764,0.47778647442656763,complement-symmetric-entropy-v1,0.0,0.0,0.1539667239026056,0.0,0.1539667239026056,0.0,0.0,0.32381975052396206,0.23261579219732764,0.32381975052396206
"subset_eq(difference(index(cardinality(A), union(A, B)), index(cardinality(A), B)), difference(difference(A, B), index(cardinality(B), difference(A, B))))",0.0,0.0,0.3934286792783074,0.48063376760338394,0.48063376760338394,complement-symmetric-entropy-v1,0.0,0.0,0.0,0.0,0.0,0.0,0.0,0.3934286792783074,0.48063376760338394,0.48063376760338394
"and(not(subset_eq(B, difference(A, A))), subset_eq(index(cardinality(B), union(A, B)), A))",0.40055246783879994,0.17606233478791844,0.0,0.37913653968791405,0.40055246783879994,complement-symmetric-entropy-v1,0.4005524678387999,0.1760623347879184,0.0,0.1760623347879184,0.4005524678387999,5.551115123125783e-17,2.7755575615628914e-17,0.0,0.20307420489999564,5.551115123125783e-17
"and(subset_eq(index(cardinality(A), union(A, B)), index(cardinality(B), difference(A, B))), subset_eq(index(cardinality(B), difference(A, B)), index(cardinality(A), union(A, B))))",0.18560100465837792,0.5575899273885838,0.010887854408004216,0.010887854408004216,0.5575899273885838,complement-symmetric-entropy-v1,0.1856010046583779,0.5575899273885838,0.5800252722535393,0.0803501709374334,0.5800252722535393,2.7755575615628914e-17,0.0,-0.5691374178455351,-0.06946231652942918,-0.022435344864955464
"and(subset_eq(index(cardinality(B), A), difference(A, B)), greater_than(cardinality(intersection(A, B)), cardinality(difference(A, B))))",1.0,0.24656970698316116,0.0,0.0,1.0,complement-symmetric-entropy-v1,1.0,0.2465697069831611,0.0400306737120955,0.4988337949534144,1.0,0.0,5.551115123125783e-17,-0.0400306737120955,-0.4988337949534144,0.0
"and(not(subset_eq(union(A, B), difference(A, A))), subset_eq(index(cardinality(B), union(A, B)), index(cardinality(B), A)))",0.005363274478193181,0.005363274478193181,0.35151228924254063,0.30425329697864656,0.35151228924254063,complement-symmetric-entropy-v1,0.0053632744781931,0.0053632744781931,0.0,0.0,0.0053632744781931,8.066464163292153e-17,8.066464163292153e-17,0.35151228924254063,0.30425329697864656,0.3461490147643475
"and(subset_eq(index(cardinality(A), union(A, B)), A), subset_eq(index(cardinality(B), union(A, B)), difference(A, B)))",0.0,0.33668965669720385,0.3845868741869374,0.07932969852082605,0.3845868741869374,complement-symmetric-entropy-v1,0.0,0.3366896566972038,0.2821847040515853,0.2370630695966609,0.3366896566972038,0.0,5.551115123125783e-17,0.10240217013535208,-0.15773337107583485,0.04789721748973358
"and(subset_eq(index(cardinality(B), union(A, B)), A), equals(cardinality(A), cardinality(difference(B, A))))",0.4560111355236579,0.18679480715047814,0.020261458334105198,0.020261458334105198,0.4560111355236579,complement-symmetric-entropy-v1,0.4560111355236579,0.1867948071504781,0.2580264866533553,0.5299515594472426,0.5299515594472426,0.0,2.7755575615628914e-17,-0.23776502831925012,-0.5096901011131374,-0.07394042392358469
"or(subset_eq(index(cardinality(B), A), B), subset_eq(index(cardinality(B), difference(A, B)), index(cardinality(A), union(A, B))))",1.0,0.0,0.02353728388895615,0.9547151945910091,1.0,complement-symmetric-entropy-v1,1.0,0.0,0.0,0.8860327448915097,1.0,0.0,0.0,0.02353728388895615,0.06868244969949933,0.0
"subset_eq(index(cardinality(difference(B, A)), union(A, B)), difference(B, A))",0.8998577590086448,0.0,0.11341629811897991,0.4597451331889053,0.8998577590086448,complement-symmetric-entropy-v1,0.8998577590086448,0.0,0.4526140836621016,0.6110846737616163,0.8998577590086448,0.0,0.0,-0.3391977855431217,-0.15133954057271104,0.0
"subset_eq(intersection(B, index(cardinality(A), union(A, B))), index(cardinality(difference(A, B)), intersection(A, B)))",0.0,0.4422251824950938,0.6589399420324111,0.05482682891410795,0.6589399420324111,complement-symmetric-entropy-v1,0.0,0.4422251824950938,0.653384735177179,0.0,0.653384735177179,0.0,0.0,0.005555206855232142,0.05482682891410795,0.005555206855232142
"subset_eq(difference(index(cardinality(B), union(A, B)), A), index(cardinality(difference(A, A)), difference(B, A)))",0.0,0.0,0.6008334152229039,0.36863723053016395,0.6008334152229039,complement-symmetric-entropy-v1,0.0,0.0,0.0,0.0,0.0,0.0,0.0,0.6008334152229039,0.36863723053016395,0.6008334152229039
"subset_eq(union(difference(A, B), index(cardinality(A), B)), index(cardinality(difference(A, B)), union(difference(A, B), difference(B, A))))",0.4455503939709424,0.0,0.14274954467462264,0.36736972812881885,0.4455503939709424,complement-symmetric-entropy-v1,0.4455503939709424,0.0,0.1742398673936116,0.4455503939709424,0.4455503939709424,0.0,0.0,-0.03149032271898897,-0.07818066584212358,0.0
"or(or(subset_eq(A, B), greater_than(cardinality(B), cardinality(A))), subset_eq(B, index(cardinality(B), A)))",0.0,0.0,0.1917365487353896,0.7861641374628467,0.7861641374628467,complement-symmetric-entropy-v1,0.0,0.0,0.0,0.6750627133459559,0.6750627133459559,0.0,0.0,0.1917365487353896,0.11110142411689083,0.11110142411689083
"or(subset_eq(B, A), greater_than(cardinality(intersection(A, B)), cardinality(difference(B, A))))",0.0,1.0,0.5593605031234525,0.08239226169373826,1.0,complement-symmetric-entropy-v1,0.0,1.0,0.4199549938779158,0.0,1.0,0.0,0.0,0.13940550924553674,0.08239226169373826,0.0
"subset_eq(union(intersection(A, B), index(cardinality(A), union(A, B))), difference(index(cardinality(A), union(A, B)), index(cardinality(B), A)))",0.0,0.0,0.5418329524654648,0.8884766085058617,0.8884766085058617,complement-symmetric-entropy-v1,0.0,0.0,0.6362921201239389,0.8186262561258455,0.8186262561258455,0.0,0.0,-0.09445916765847406,0.06985035238001625,0.06985035238001625
"subset_eq(intersection(A, index(cardinality(B), union(A, B))), index(cardinality(B), union(difference(A, B), difference(B, A))))",0.0,0.0,0.44253434456180873,0.789434571403417,0.789434571403417,complement-symmetric-entropy-v1,0.0,0.0,0.0,0.6580420223070096,0.6580420223070096,0.0,0.0,0.44253434456180873,0.1313925490964074,0.1313925490964074
"and(and(not(subset_eq(B, A)), subset_eq(A, difference(A, B))), subset_eq(index(cardinality(A), union(A, B)), B))",0.3798616432962063,0.02537556199692137,0.0,0.9425184024721647,0.9425184024721647,complement-symmetric-entropy-v1,0.3798616432962063,0.0253755619969213,0.6365553926309926,0.9576271127255804,0.9576271127255804,0.0,6.938893903907228e-17,-0.6365553926309926,-0.015108710253415758,-0.015108710253415758
"or(subset_eq(index(cardinality(A), union(A, B)), intersection(A, B)), greater_than(cardinality(intersection(A, B)), cardinality(difference(B, A))))",0.0,0.7784476979728258,0.37955601375143266,0.059189042857587415,0.7784476979728258,complement-symmetric-entropy-v1,0.0,0.7784476979728258,0.2759203822144859,0.0,0.7784476979728258,0.0,0.0,0.10363563153694677,0.059189042857587415,0.0
"subset_eq(union(intersection(A, B), index(cardinality(B), difference(A, B))), index(cardinality(difference(A, A)), B))",0.3186452046841206,0.0,0.09401229592659355,1.0,1.0,complement-symmetric-entropy-v1,0.3186452046841206,0.0,0.5574042273509978,1.0,1.0,0.0,0.0,-0.46339193142440427,0.0,0.0
"or(equals(cardinality(intersection(A, B)), cardinality(difference(B, A))), greater_than(cardinality(A), cardinality(difference(B, A))))",0.0,1.0,0.7054072644709242,0.038015294801239,1.0,complement-symmetric-entropy-v1,0.0,1.0,0.4508483789254357,0.0,1.0,0.0,0.0,0.25455888554548844,0.038015294801239,0.0
"or(or(subset_eq(A, B), equals(cardinality(A), cardinality(B))), subset_eq(intersection(A, B), index(cardinality(B), A)))",0.0,0.0,0.39825437237713923,0.7076952243447964,0.7076952243447964,complement-symmetric-entropy-v1,0.0,0.0,0.0,0.588980832340553,0.588980832340553,0.0,0.0,0.39825437237713923,0.11871439200424339,0.11871439200424339
"or(subset_eq(difference(A, B), index(cardinality(A), union(A, B))), equals(cardinality(intersection(A, B)), cardinality(difference(A, B))))",0.78537245599156,0.0,0.05196156056470569,0.5054409579097128,0.78537245599156,complement-symmetric-entropy-v1,0.78537245599156,0.0,0.0,0.3794539924818426,0.78537245599156,0.0,0.0,0.05196156056470569,0.1259869654278702,0.0
"and(not(or(subset_eq(A, B), subset_eq(B, A))), subset_eq(index(cardinality(A), difference(B, A)), index(cardinality(B), union(A, B))))",0.3912948828538869,0.4406386949944029,0.0,0.0,0.4406386949944029,complement-symmetric-entropy-v1,0.3912948828538869,0.4406386949944029,0.4406386949944029,0.3912948828538869,0.4406386949944029,0.0,0.0,-0.4406386949944029,-0.3912948828538869,0.0
"or(subset_eq(index(cardinality(A), union(A, B)), index(cardinality(B), A)), greater_than(cardinality(difference(B, A)), cardinality(intersection(A, B))))",0.0,0.0,0.6103803429287701,0.5067402222597748,0.6103803429287701,complement-symmetric-entropy-v1,0.0,0.0,0.3604739596833483,0.0,0.3604739596833483,0.0,0.0,0.2499063832454218,0.5067402222597748,0.2499063832454218
"and(subset_eq(index(cardinality(B), union(A, B)), union(difference(A, B), difference(B, A))), greater_than(cardinality(intersection(A, B)), cardinality(difference(B, A))))",0.3135483137465508,0.5823003259031568,0.0,0.0,0.5823003259031568,complement-symmetric-entropy-v1,0.3135483137465508,0.5823003259031568,0.2462622597047085,0.1477668310631787,0.5823003259031568,0.0,0.0,-0.2462622597047085,-0.1477668310631787,0.0
"or(and(subset_eq(A, difference(A, B)), greater_than(cardinality(A), cardinality(B))), subset_eq(index(cardinality(B), union(A, B)), index(cardinality(A), B)))",0.0,0.0,0.23250881784911603,0.6170705541338053,0.6170705541338053,complement-symmetric-entropy-v1,0.0,0.0,0.0,0.7288258524461282,0.7288258524461282,0.0,0.0,0.23250881784911603,-0.11175529831232289,-0.11175529831232289
"and(or(subset_eq(B, difference(A, A)), greater_than(cardinality(B), cardinality(A))), subset_eq(index(cardinality(A), union(A, B)), B))",0.0,0.0,0.1875885223926821,0.9134382755074236,0.9134382755074236,complement-symmetric-entropy-v1,0.0,0.0,0.0455915858074816,0.9672695757545636,0.9672695757545636,0.0,0.0,0.1419969365852005,-0.05383130024714,-0.05383130024714
"subset_eq(intersection(intersection(A, B), index(cardinality(B), union(A, B))), index(cardinality(difference(A, A)), intersection(A, B)))",0.0,0.0,0.6943399511051178,0.870547365436355,0.870547365436355,complement-symmetric-entropy-v1,0.0,0.0,0.0,0.5843880220280584,0.5843880220280584,0.0,0.0,0.6943399511051178,0.28615934340829663,0.28615934340829663
"subset_eq(difference(difference(A, B), index(cardinality(B), union(A, B))), index(cardinality(difference(B, A)), union(difference(A, B), difference(B, A))))",0.37638486352911993,0.0,0.15654273571100086,0.5714896710487938,0.5714896710487938,complement-symmetric-entropy-v1,0.3763848635291199,0.0,0.0,0.3271056046261431,0.3763848635291199,5.551115123125783e-17,0.0,0.15654273571100086,0.2443840664226507,0.1951048075196739
"subset_eq(index(cardinality(intersection(A, B)), union(A, B)), index(cardinality(difference(A, B)), B))",0.44487191162707385,0.0,0.1835677040084006,0.2344820030001855,0.44487191162707385,complement-symmetric-entropy-v1,0.4448719116270738,0.0,0.2761886932449824,0.2835489085132187,0.4448719116270738,5.551115123125783e-17,0.0,-0.0926209892365818,-0.049066905513033165,5.551115123125783e-17
"subset_eq(difference(A, index(cardinality(A), B)), index(cardinality(difference(A, A)), B))",0.8131186476523925,0.0,0.24339338803101673,0.8056390580497542,0.8131186476523925,complement-symmetric-entropy-v1,0.8131186476523925,0.0,0.413358803291035,0.8651445060992028,0.8651445060992028,0.0,0.0,-0.1699654152600183,-0.05950544804944857,-0.05202585844681029
"subset_eq(index(cardinality(A), union(difference(A, B), difference(B, A))), index(cardinality(difference(A, B)), B))",0.0,0.0,0.26988345754041076,0.18296423010440188,0.26988345754041076,complement-symmetric-entropy-v1,0.0,0.0,0.2306882389833862,0.0,0.2306882389833862,0.0,0.0,0.03919521855702457,0.18296423010440188,0.03919521855702457
"subset_eq(index(cardinality(intersection(A, B)), union(difference(A, B), difference(B, A))), difference(union(A, B), index(cardinality(A), B)))",0.0,0.8510241217660736,0.9099082776922796,0.02013842607192995,0.9099082776922796,complement-symmetric-entropy-v1,0.0,0.8510241217660736,0.8510241217660736,0.0,0.8510241217660736,0.0,0.0,0.058884155926205994,0.02013842607192995,0.058884155926205994
"or(subset_eq(difference(B, A), index(cardinality(A), B)), equals(cardinality(A), cardinality(difference(B, A))))",0.0,0.26673288363147907,0.5867784169260009,0.19460353376443584,0.5867784169260009,complement-symmetric-entropy-v1,0.0,0.266732883631479,0.3761813393062958,0.0,0.3761813393062958,0.0,5.551115123125783e-17,0.21059707761970503,0.19460353376443584,0.21059707761970503
"or(and(not(subset_eq(B, A)), subset_eq(A, difference(A, B))), greater_than(cardinality(intersection(A, B)), cardinality(difference(B, A))))",0.09531190613710872,0.09531190613710872,0.0,0.3785352448819215,0.3785352448819215,complement-symmetric-entropy-v1,0.0953119061371087,0.0953119061371087,0.3100154948055269,0.0953119061371087,0.3100154948055269,1.3877787807814457e-17,1.3877787807814457e-17,-0.3100154948055269,0.28322333874481276,0.06851975007639455
"and(and(not(subset_eq(A, B)), greater_than(cardinality(B), cardinality(A))), subset_eq(index(cardinality(A), B), A))",0.7679902306054833,0.5633221384423202,0.0,0.0,0.7679902306054833,complement-symmetric-entropy-v1,0.7679902306054833,0.5633221384423202,0.4426717634416952,0.5633221384423202,0.7679902306054833,0.0,0.0,-0.4426717634416952,-0.5633221384423202,0.0
"and(not(or(subset_eq(A, B), subset_eq(B, A))), subset_eq(index(cardinality(B), union(A, B)), A))",0.36930175411584876,0.4348319255764218,0.0,0.0,0.4348319255764218,complement-symmetric-entropy-v1,0.3693017541158487,0.4348319255764218,0.4348319255764218,0.3124314372865532,0.4348319255764218,5.551115123125783e-17,0.0,-0.4348319255764218,-0.3124314372865532,0.0
"subset_eq(union(difference(B, A), index(cardinality(B), difference(A, B))), index(cardinality(B), union(difference(A, B), difference(B, A))))",0.0,0.7906184997569579,0.8863917584443914,0.10525736371799088,0.8863917584443914,complement-symmetric-entropy-v1,0.0,0.7906184997569579,0.9420320332976876,0.0,0.9420320332976876,0.0,0.0,-0.055640274853296146,0.10525736371799088,-0.055640274853296146
"or(or(subset_eq(B, difference(A, A)), greater_than(cardinality(B), cardinality(A))), equals(cardinality(A), cardinality(difference(B, A))))",0.0,0.0,0.28454498713624676,1.0,1.0,complement-symmetric-entropy-v1,0.0,0.0,0.0605292885532852,1.0,1.0,0.0,0.0,0.22401569858296155,0.0,0.0
"subset_eq(difference(index(cardinality(A), union(A, B)), index(cardinality(A), B)), index(cardinality(difference(A, B)), union(difference(A, B), difference(B, A))))",0.0,0.0,0.6552274872752575,0.6125623711640519,0.6552274872752575,complement-symmetric-entropy-v1,0.0,0.0,0.0,0.0,0.0,0.0,0.0,0.6552274872752575,0.6125623711640519,0.6552274872752575
"subset_eq(index(cardinality(difference(A, B)), union(A, B)), index(cardinality(B), union(difference(A, B), difference(B, A))))",0.0,0.4425094158307523,0.684255984626652,0.2567882728680404,0.684255984626652,complement-symmetric-entropy-v1,0.0,0.4425094158307523,0.6833317032969398,0.4425094158307523,0.6833317032969398,0.0,0.0,0.0009242813297122288,-0.18572114296271192,0.0009242813297122288
"and(greater_than(cardinality(A), cardinality(B)), or(not(subset_eq(B, A)), subset_eq(A, difference(A, B))))",0.026303284003553418,0.6409981018208315,0.5957106520007466,0.0,0.6409981018208315,complement-symmetric-entropy-v1,0.0263032840035534,0.6409981018208315,0.75100801160888,0.3243412177916777,0.75100801160888,1.734723475976807e-17,0.0,-0.1552973596081334,-0.3243412177916777,-0.11000990978804848
"subset_eq(union(index(cardinality(A), union(A, B)), index(cardinality(B), difference(A, B))), index(cardinality(difference(A, A)), B))",0.21151059446363485,0.0,0.13096344108988167,0.3459039800340542,0.3459039800340542,complement-symmetric-entropy-v1,0.2115105944636348,0.0,0.5707765991571703,0.1214009535994172,0.5707765991571703,5.551115123125783e-17,0.0,-0.4398131580672886,0.224503026434637,-0.22487261912311607
