Expression,RunHash
"subset_eq(A, A)",0b3ddc6eee934cc39dc95b83c942a9e0
"subset_eq(A, B)",a6dcd506e7384d89a413b8fcd910e21c
"subset_eq(A, B)",45b83094f645409bb0c4e6a758d4e1a2
"subset_eq(A, B)",a6dcd506e7384d89a413b8fcd910e21c
"subset_eq(B, A)",6def0a3099bd497084e14c6f299acba4
"subset_eq(B, A)",7d64e6acc79d430ead0a6cbc82daa29e
"subset_eq(B, A)",6def0a3099bd497084e14c6f299acba4
"and(subset_eq(A, B), subset_eq(B, A))",d2c3363441104533a434b6ec49191e1d
"or(subset_eq(A, B), subset_eq(B, A))",71b0afff53b44aa0b0a695649d465dbf
"or(subset_eq(A, B), subset_eq(B, A))",7a7bb265d0184bbfa2bea2462cd341bc
"or(subset_eq(A, B), subset_eq(B, A))",71b0afff53b44aa0b0a695649d465dbf
"not(subset_eq(A, B))",46ba9cc9e5f749e0a5f6d7010e83fcab
"not(subset_eq(B, A))",790d60071929401dafdd0e6c8438b431
"subset_eq(A, difference(A, A))",d93b096ded3e4bae9c4519c34b09e43d
"subset_eq(A, difference(A, B))",ba8a2ef1622d4c6ba168b6298b71d8d1
"subset_eq(A, difference(A, B))",1906779b8ac74f5cad1b344fce839e88
"subset_eq(A, difference(A, B))",ba8a2ef1622d4c6ba168b6298b71d8d1
"subset_eq(B, difference(A, A))",2ebc97f0b2d449408dca1335e09ebd69
"subset_eq(union(A, B), difference(A, A))",f8148d81f9dd4eaca592fbfe5c645b02
"equals(cardinality(A), cardinality(B))",8c57597fcf8947518f1e410a0e44c7bc
"equals(cardinality(A), cardinality(B))",ef603d8fa886431ca0c5f54816d1f158
"equals(cardinality(A), cardinality(B))",8c57597fcf8947518f1e410a0e44c7bc
"greater_than(cardinality(A), cardinality(B))",a4c58952b7a542f7b4b20bfadfcb35bb
"greater_than(cardinality(A), cardinality(B))",8200604bdb4443609b7f75a317d5135b
"greater_than(cardinality(A), cardinality(B))",a4c58952b7a542f7b4b20bfadfcb35bb
"greater_than(cardinality(B), cardinality(A))",ee2cebcf14be43c09f882b92ad77415b
"greater_than(cardinality(B), cardinality(A))",ebcb80ab1efc48a8b3995bc22858e4b7
"greater_than(cardinality(B), cardinality(A))",ee2cebcf14be43c09f882b92ad77415b
"and(subset_eq(A, B), not(subset_eq(B, A)))",fc0c158e48bc43c2abf087da6560b7f3
"and(subset_eq(A, B), not(subset_eq(B, A)))",b7becdf3fae84318a56c2d01485d4903
"and(subset_eq(A, B), not(subset_eq(B, A)))",fc0c158e48bc43c2abf087da6560b7f3
"and(subset_eq(B, A), not(subset_eq(A, B)))",8a3f17cdcc084490ad6496eb25d0b135
"and(subset_eq(B, A), not(subset_eq(A, B)))",0ae6b8076251432595581d18583cd6e7
"and(subset_eq(B, A), not(subset_eq(A, B)))",8a3f17cdcc084490ad6496eb25d0b135
"or(subset_eq(A, difference(A, A)), subset_eq(B, difference(A, A)))",7a70d0450566436ca66df41eba393f19
"not(or(subset_eq(A, B), subset_eq(B, A)))",60f5830660674c978ac313be7a897981
"not(or(subset_eq(A, B), subset_eq(B, A)))",7afb012b9ee54b35a25b4103e7aecf91
"not(or(subset_eq(A, B), subset_eq(B, A)))",60f5830660674c978ac313be7a897981
"and(not(subset_eq(A, B)), subset_eq(A, difference(A, B)))",a0a7365739d24246b81c3999237f2621
"and(not(subset_eq(A, B)), subset_eq(A, difference(A, B)))",8b942a785e524ed896abef4f1a4e097c
"and(not(subset_eq(A, B)), subset_eq(A, difference(A, B)))",a0a7365739d24246b81c3999237f2621
"greater_than(cardinality(index(cardinality(B), A)), cardinality(B))",b24ca1c6c02547bd8a144f98d1db8723
"and(not(subset_eq(A, B)), equals(cardinality(A), cardinality(B)))",285ca7eacddd4345a7c396073d9ed3fb
"and(not(subset_eq(A, B)), equals(cardinality(A), cardinality(B)))",28f808c588854174a0df1cf16ecfc312
"and(not(subset_eq(A, B)), equals(cardinality(A), cardinality(B)))",285ca7eacddd4345a7c396073d9ed3fb
"and(not(subset_eq(A, B)), greater_than(cardinality(B), cardinality(A)))",fc9d949f03f94d8db01d55aafa7973b7
"and(not(subset_eq(A, B)), greater_than(cardinality(B), cardinality(A)))",9de708116669449fa287037a6ec10aae
"and(not(subset_eq(A, B)), greater_than(cardinality(B), cardinality(A)))",fc9d949f03f94d8db01d55aafa7973b7
"greater_than(cardinality(index(cardinality(A), B)), cardinality(A))",8c3673ea23e44dc6969c1c327c7c63ec
"and(not(subset_eq(B, A)), subset_eq(A, difference(A, B)))",da9a3bd65ca4404b9b02d7888d1d62d7
"and(not(subset_eq(B, A)), subset_eq(A, difference(A, B)))",c35a2d600817414ea37e6a6e9e018c91
"and(not(subset_eq(B, A)), subset_eq(A, difference(A, B)))",da9a3bd65ca4404b9b02d7888d1d62d7
"and(not(subset_eq(B, A)), greater_than(cardinality(A), cardinality(B)))",640a906e8f7549ad93e53876c8f9d899
"and(not(subset_eq(B, A)), greater_than(cardinality(A), cardinality(B)))",249b47a9a09449158d453cd6d1f9ed4a
"and(not(subset_eq(B, A)), greater_than(cardinality(A), cardinality(B)))",640a906e8f7549ad93e53876c8f9d899
"and(subset_eq(A, difference(A, B)), equals(cardinality(A), cardinality(B)))",ae2ffb4f59cb49e2b84f5da646456574
"greater_than(cardinality(index(cardinality(B), A)), cardinality(intersection(A, B)))",aa18283a5551497e803185d9fe689026
"greater_than(cardinality(index(cardinality(B), A)), cardinality(intersection(A, B)))",085f5fd2330f4bd5bae8f6daa4966282
"greater_than(cardinality(index(cardinality(B), A)), cardinality(intersection(A, B)))",aa18283a5551497e803185d9fe689026
"greater_than(cardinality(index(cardinality(A), B)), cardinality(intersection(A, B)))",f6dec4daaf0044bba0563a80700b4eb3
"greater_than(cardinality(index(cardinality(A), B)), cardinality(intersection(A, B)))",70970e4e630b464ba2c2d72cb334d161
"greater_than(cardinality(index(cardinality(A), B)), cardinality(intersection(A, B)))",f6dec4daaf0044bba0563a80700b4eb3
"or(subset_eq(A, B), not(subset_eq(B, A)))",42e2d098ffc44c1989874dc05605e301
"or(subset_eq(A, B), subset_eq(A, difference(A, B)))",48cb263181744988a7b32cd904885afa
"or(subset_eq(A, B), subset_eq(A, difference(A, B)))",f0dc937c2509481aacdaa0b015fe0f76
"or(subset_eq(A, B), subset_eq(A, difference(A, B)))",48cb263181744988a7b32cd904885afa
"or(subset_eq(A, B), subset_eq(B, difference(A, A)))",b829c65b587241b9977bb1e8c39acb51
"or(subset_eq(A, B), subset_eq(B, difference(A, A)))",ae23a1067f394f4aa7b5ee524a1d53e5
"or(subset_eq(A, B), subset_eq(B, difference(A, A)))",b829c65b587241b9977bb1e8c39acb51
"or(subset_eq(A, B), equals(cardinality(A), cardinality(B)))",b0f42deeb61545b69dfaf1cb2ef40d80
"or(subset_eq(A, B), equals(cardinality(A), cardinality(B)))",d9abb0ef87a840e482e6362bbe99b6df
"or(subset_eq(A, B), equals(cardinality(A), cardinality(B)))",b0f42deeb61545b69dfaf1cb2ef40d80
"or(subset_eq(A, B), greater_than(cardinality(A), cardinality(B)))",0fab9dae8df3453593fe977d1f6bef03
"or(subset_eq(A, B), greater_than(cardinality(A), cardinality(B)))",925cecac5f9c4639ad79b9101c2f652e
"or(subset_eq(A, B), greater_than(cardinality(A), cardinality(B)))",0fab9dae8df3453593fe977d1f6bef03
"or(subset_eq(A, B), greater_than(cardinality(B), cardinality(A)))",401629095eb64bbc8760886cb553a92c
"or(subset_eq(A, B), greater_than(cardinality(B), cardinality(A)))",e06da69e8c914c848a5efc5b99bc8f58
"or(subset_eq(A, B), greater_than(cardinality(B), cardinality(A)))",401629095eb64bbc8760886cb553a92c
"or(subset_eq(B, A), not(subset_eq(A, B)))",cc09306e73674178a4cd544b0ff7f404
"or(subset_eq(B, A), subset_eq(A, difference(A, A)))",0a8cdda5b5df43aa8d75ed5a0fb8c8b5
"or(subset_eq(B, A), subset_eq(A, difference(A, A)))",0fc07175f67f49189026ec3cf49ea50b
"or(subset_eq(B, A), subset_eq(A, difference(A, A)))",0a8cdda5b5df43aa8d75ed5a0fb8c8b5
"or(subset_eq(B, A), subset_eq(A, difference(A, B)))",98cbeefa7c2a417994e36476fbcd54ba
"or(subset_eq(B, A), subset_eq(A, difference(A, B)))",5ecc9d8c3dc04ead823d4b3ae19bd746
"or(subset_eq(B, A), subset_eq(A, difference(A, B)))",98cbeefa7c2a417994e36476fbcd54ba
"or(subset_eq(B, A), equals(cardinality(A), cardinality(B)))",54651541813443799e543757615eaca9
"or(subset_eq(B, A), equals(cardinality(A), cardinality(B)))",2b8f763a4d904a16946a711559b42d2f
"or(subset_eq(B, A), equals(cardinality(A), cardinality(B)))",54651541813443799e543757615eaca9
"or(subset_eq(B, A), greater_than(cardinality(A), cardinality(B)))",870e15c22a2e49eb99dd05569029ab31
"or(subset_eq(B, A), greater_than(cardinality(A), cardinality(B)))",ce51160f4e38473e8d62b1cc0a187908
"or(subset_eq(B, A), greater_than(cardinality(A), cardinality(B)))",870e15c22a2e49eb99dd05569029ab31
"or(subset_eq(B, A), greater_than(cardinality(B), cardinality(A)))",136a2676be0d43679577a6218c1b3c88
"or(subset_eq(B, A), greater_than(cardinality(B), cardinality(A)))",58d7f552691d4725ae76c3823d1f5236
"or(subset_eq(B, A), greater_than(cardinality(B), cardinality(A)))",136a2676be0d43679577a6218c1b3c88
"or(and(subset_eq(A, B), subset_eq(B, A)), subset_eq(A, difference(A, A)))",eee90c1741704116a1235accd6a6a71c
"or(and(subset_eq(A, B), subset_eq(B, A)), subset_eq(A, difference(A, B)))",cb16a4d0b65647df83f68429352d331a
"or(and(subset_eq(A, B), subset_eq(B, A)), subset_eq(A, difference(A, B)))",d32fc22e96c2490885bd00cd0b290f49
"or(and(subset_eq(A, B), subset_eq(B, A)), subset_eq(A, difference(A, B)))",cb16a4d0b65647df83f68429352d331a
"or(and(subset_eq(A, B), subset_eq(B, A)), subset_eq(B, difference(A, A)))",dc7e57dd14d447aa88ab85665aaa165d
"or(or(subset_eq(A, B), subset_eq(B, A)), subset_eq(A, difference(A, B)))",efba008bef584a86afca05b97e122ea5
"or(or(subset_eq(A, B), subset_eq(B, A)), subset_eq(A, difference(A, B)))",b656e93b1e884879906be527d6b5ea8d
"or(or(subset_eq(A, B), subset_eq(B, A)), subset_eq(A, difference(A, B)))",efba008bef584a86afca05b97e122ea5
"or(or(subset_eq(A, B), subset_eq(B, A)), equals(cardinality(A), cardinality(B)))",23b772de96d24d2c9cc935f8ef2d3b46
"or(or(subset_eq(A, B), subset_eq(B, A)), equals(cardinality(A), cardinality(B)))",e2a432227a6a41bf98692b0afe88d4e4
"or(or(subset_eq(A, B), subset_eq(B, A)), equals(cardinality(A), cardinality(B)))",23b772de96d24d2c9cc935f8ef2d3b46
"not(and(subset_eq(A, B), subset_eq(B, A)))",7bf24602402a4a1382b5d31cc0475373
"or(not(subset_eq(A, B)), subset_eq(A, difference(A, A)))",cb487a852bb0407eb85d677325cad529
"or(not(subset_eq(A, B)), subset_eq(B, difference(A, A)))",c9621327593d49cb9084140505a70725
"or(not(subset_eq(B, A)), subset_eq(A, difference(A, A)))",aa8f344bb4fe43d4a21d028cd0895366
"or(not(subset_eq(B, A)), subset_eq(A, difference(A, B)))",8f768901536b49b6a5e964ead44305bf
"or(subset_eq(A, difference(A, A)), equals(cardinality(A), cardinality(B)))",b506ab13212648dc8e2e97bacc85be3e
"or(subset_eq(A, difference(A, A)), equals(cardinality(A), cardinality(B)))",3c42fbacb3e547d4b1a501dad25c4da5
"or(subset_eq(A, difference(A, A)), equals(cardinality(A), cardinality(B)))",b506ab13212648dc8e2e97bacc85be3e
"or(subset_eq(A, difference(A, A)), greater_than(cardinality(A), cardinality(B)))",d59619c64c534f7f8eb6a4c5bf1c4f69
"or(subset_eq(A, difference(A, A)), greater_than(cardinality(A), cardinality(B)))",0b2a3f9054b44d4db76c7f7acd828f24
"or(subset_eq(A, difference(A, A)), greater_than(cardinality(A), cardinality(B)))",d59619c64c534f7f8eb6a4c5bf1c4f69
"or(subset_eq(A, difference(A, A)), greater_than(cardinality(B), cardinality(A)))",8abacb12fb9d46719883f852800b185c
"or(subset_eq(A, difference(A, A)), greater_than(cardinality(B), cardinality(A)))",580c3db2a98f446dbf7e431f8f6c6175
"or(subset_eq(A, difference(A, A)), greater_than(cardinality(B), cardinality(A)))",8abacb12fb9d46719883f852800b185c
"or(subset_eq(A, difference(A, B)), equals(cardinality(A), cardinality(B)))",d90c0ece388f40e9aa17ef26b9762a74
"or(subset_eq(A, difference(A, B)), equals(cardinality(A), cardinality(B)))",3e1127e4fb044571aae1f7ebc45256e8
"or(subset_eq(A, difference(A, B)), equals(cardinality(A), cardinality(B)))",d90c0ece388f40e9aa17ef26b9762a74
"or(subset_eq(A, difference(A, B)), greater_than(cardinality(A), cardinality(B)))",1ab0ce61401b4d2abdc17999bc19dffc
"or(subset_eq(A, difference(A, B)), greater_than(cardinality(A), cardinality(B)))",489e1c1d2c98436ea0873e805a8891d1
"or(subset_eq(A, difference(A, B)), greater_than(cardinality(A), cardinality(B)))",1ab0ce61401b4d2abdc17999bc19dffc
"or(subset_eq(A, difference(A, B)), greater_than(cardinality(B), cardinality(A)))",6407ceb8d248469690722c7472881d50
"or(subset_eq(A, difference(A, B)), greater_than(cardinality(B), cardinality(A)))",6c270a3a0dfd4f0ea5d7ecad1904372d
"or(subset_eq(A, difference(A, B)), greater_than(cardinality(B), cardinality(A)))",6407ceb8d248469690722c7472881d50
"or(subset_eq(B, difference(A, A)), equals(cardinality(A), cardinality(B)))",dfe96b26f09547c884bd7911287f3880
"or(subset_eq(B, difference(A, A)), equals(cardinality(A), cardinality(B)))",6ea32c4c98d14b0ca70082c225ea280e
"or(subset_eq(B, difference(A, A)), equals(cardinality(A), cardinality(B)))",dfe96b26f09547c884bd7911287f3880
"or(subset_eq(B, difference(A, A)), greater_than(cardinality(A), cardinality(B)))",bb962fef4d674bfc877994a0a3a0caed
"or(subset_eq(B, difference(A, A)), greater_than(cardinality(A), cardinality(B)))",31f866e27a164e5fa35013f2aedc5b3b
"or(subset_eq(B, difference(A, A)), greater_than(cardinality(A), cardinality(B)))",bb962fef4d674bfc877994a0a3a0caed
"or(subset_eq(B, difference(A, A)), greater_than(cardinality(B), cardinality(A)))",0ede4e2c43834be7a5c3cfe2f05a7bc5
"or(subset_eq(B, difference(A, A)), greater_than(cardinality(B), cardinality(A)))",bca67b96d5784d4d8f0870c5fa12e2f0
"or(subset_eq(B, difference(A, A)), greater_than(cardinality(B), cardinality(A)))",0ede4e2c43834be7a5c3cfe2f05a7bc5
"not(greater_than(cardinality(B), cardinality(A)))",62a5b6a3f28b499084aafdc1cb5ccc6d
"not(greater_than(cardinality(B), cardinality(A)))",0d1e74a07eb34cdba6e87190f7016d80
"not(greater_than(cardinality(B), cardinality(A)))",62a5b6a3f28b499084aafdc1cb5ccc6d
"not(greater_than(cardinality(A), cardinality(B)))",fc92110d463143a6b37d119fdf9a95aa
"not(greater_than(cardinality(A), cardinality(B)))",fd88f63dc7d748bc8e78e24a9ac16f61
"not(greater_than(cardinality(A), cardinality(B)))",fc92110d463143a6b37d119fdf9a95aa
"not(equals(cardinality(A), cardinality(B)))",c9877d55bc3843a684469fa4de83e9e1
"not(equals(cardinality(A), cardinality(B)))",4abe07cd98aa4df386cb993c1b969b54
"not(equals(cardinality(A), cardinality(B)))",c9877d55bc3843a684469fa4de83e9e1
"not(subset_eq(A, difference(A, A)))",5f8478ba716f4db5b3ca6a8b23c85a34
"not(subset_eq(A, difference(A, B)))",d9d574f24a31495ab080d9a17990867f
"not(subset_eq(A, difference(A, B)))",6907b9c8ca0849369b14475acc3aa319
"not(subset_eq(A, difference(A, B)))",d9d574f24a31495ab080d9a17990867f
"not(subset_eq(B, difference(A, A)))",9b1e9800c7a649a3bb6e0686b01ab49d
"not(subset_eq(union(A, B), difference(A, A)))",4b093de915c142be925c847dff871d87
"subset_eq(A, index(cardinality(A), B))",e47d3a2cbeba4d20865bb2ef361e53c3
"subset_eq(A, index(cardinality(B), A))",242882d823294455ab11e9cb27a0a8a6
"subset_eq(A, index(cardinality(A), union(A, B)))",22134988ad01457a90a2a9dc4f3f8687
"subset_eq(A, index(cardinality(B), union(A, B)))",32bd6e2e89b4438dbb4aceea57f14cfb
"subset_eq(B, index(cardinality(A), B))",6c779a3b9ae14ff194860514742ef534
"subset_eq(B, index(cardinality(B), A))",a6553e2cf54146418090ba8dedd94017
"subset_eq(B, index(cardinality(A), union(A, B)))",7069f195259f4f738e8e133efc7a49ce
"subset_eq(B, index(cardinality(B), union(A, B)))",b7f62b7104c842018ccd9f2a7a755254
"subset_eq(union(A, B), index(cardinality(A), B))",0b8815b305b64c08901e0d8aab009d78
"subset_eq(union(A, B), index(cardinality(B), A))",b1bac02733dc48c2865f55381705a1e7
"subset_eq(intersection(A, B), index(cardinality(A), B))",a987e5955d554d729aa8ef73fde4f664
"subset_eq(intersection(A, B), index(cardinality(A), B))",96afa8da76414df6b643264d0536be0a
"subset_eq(intersection(A, B), index(cardinality(A), B))",a987e5955d554d729aa8ef73fde4f664
"subset_eq(intersection(A, B), index(cardinality(B), A))",2c4b80ae2c3b41e7b84b2a27fc1faf1b
"subset_eq(intersection(A, B), index(cardinality(B), A))",1bdc9b878cc447a79d7bf209d854bf83
"subset_eq(intersection(A, B), index(cardinality(B), A))",2c4b80ae2c3b41e7b84b2a27fc1faf1b
"subset_eq(intersection(A, B), index(cardinality(A), union(A, B)))",776c1bddbacc456a99071fd6a0ffb237
"subset_eq(intersection(A, B), index(cardinality(A), union(A, B)))",635b46d02caa46e4ab11807449e4403b
"subset_eq(intersection(A, B), index(cardinality(A), union(A, B)))",776c1bddbacc456a99071fd6a0ffb237
"subset_eq(intersection(A, B), index(cardinality(B), union(A, B)))",bfa0399a62204bf6bbd9b383df287fac
"subset_eq(intersection(A, B), index(cardinality(B), union(A, B)))",2476a76529cf4aa5af3d8402e7a75058
"subset_eq(intersection(A, B), index(cardinality(B), union(A, B)))",bfa0399a62204bf6bbd9b383df287fac
"subset_eq(difference(A, B), index(cardinality(B), A))",36a2606b8aea4c8392df8c5f15d16a52
"subset_eq(difference(A, B), index(cardinality(B), A))",56656bee361143c7a66de1f12ac38ab8
"subset_eq(difference(A, B), index(cardinality(B), A))",36a2606b8aea4c8392df8c5f15d16a52
"subset_eq(difference(A, B), index(cardinality(A), union(A, B)))",0f5c25b2e1d74778a25a76d9b283474d
"subset_eq(difference(A, B), index(cardinality(A), union(A, B)))",e897595708c949c5a92657a2e2e66e47
"subset_eq(difference(A, B), index(cardinality(A), union(A, B)))",0f5c25b2e1d74778a25a76d9b283474d
"subset_eq(difference(A, B), index(cardinality(B), union(A, B)))",58fc094a68e348bdab3ba13e0e6b92c5
"subset_eq(difference(A, B), index(cardinality(B), union(A, B)))",98f617246df947b2a061a35eeedccd82
"subset_eq(difference(A, B), index(cardinality(B), union(A, B)))",58fc094a68e348bdab3ba13e0e6b92c5
"subset_eq(difference(A, B), index(cardinality(B), difference(A, B)))",a58b37e005414522b0ea35ef164addab
"subset_eq(difference(A, B), index(cardinality(B), difference(A, B)))",b1e3cb6c49fd48b0b5fe98a28a31371b
"subset_eq(difference(A, B), index(cardinality(B), difference(A, B)))",a58b37e005414522b0ea35ef164addab
"subset_eq(difference(B, A), index(cardinality(A), B))",5e091802930847b58d0dd9da8ec0bc87
"subset_eq(difference(B, A), index(cardinality(A), B))",a8e52c51bfde45c0a345dece2ba8003c
"subset_eq(difference(B, A), index(cardinality(A), B))",5e091802930847b58d0dd9da8ec0bc87
"subset_eq(difference(B, A), index(cardinality(A), union(A, B)))",e394e9d8bc7047bbae236e7cb3e34612
"subset_eq(difference(B, A), index(cardinality(A), union(A, B)))",067d8a82c4f64d32ae46fdc235596eb9
"subset_eq(difference(B, A), index(cardinality(A), union(A, B)))",e394e9d8bc7047bbae236e7cb3e34612
"subset_eq(difference(B, A), index(cardinality(A), difference(B, A)))",8636a6bd73f84d0f81837f2b5aac64b0
"subset_eq(difference(B, A), index(cardinality(A), difference(B, A)))",5390ddf9ffeb4c27ad835d8be87b3bcf
"subset_eq(difference(B, A), index(cardinality(A), difference(B, A)))",8636a6bd73f84d0f81837f2b5aac64b0
"subset_eq(difference(B, A), index(cardinality(B), union(A, B)))",4eed23c268c543dc8800b8183be01426
"subset_eq(difference(B, A), index(cardinality(B), union(A, B)))",6663e5196810424e815b061a1461a0b8
"subset_eq(difference(B, A), index(cardinality(B), union(A, B)))",4eed23c268c543dc8800b8183be01426
"subset_eq(index(cardinality(A), B), A)",6e70ad6473f84f308e2e28a30897c133
"subset_eq(index(cardinality(A), B), A)",c90b4175164b4ca8ac3ecfb04b6c342e
"subset_eq(index(cardinality(A), B), A)",6e70ad6473f84f308e2e28a30897c133
"subset_eq(index(cardinality(B), A), B)",39e691624feb4ac2984595b7998de46e
"subset_eq(index(cardinality(B), A), B)",5cba6ed9dece48eab7ed7db9eb20e174
"subset_eq(index(cardinality(B), A), B)",39e691624feb4ac2984595b7998de46e
"subset_eq(index(cardinality(A), union(A, B)), A)",18c65eac6cb4480f96022df6b39564d9
"subset_eq(index(cardinality(A), union(A, B)), A)",200bf03f06e348fabb90a25e6de762c6
"subset_eq(index(cardinality(A), union(A, B)), A)",18c65eac6cb4480f96022df6b39564d9
"subset_eq(index(cardinality(A), union(A, B)), B)",59a52beb9de44604ba6c9596eb2f3180
"subset_eq(index(cardinality(A), union(A, B)), B)",b13f08917a084218b489efbe0ee8ec7d
"subset_eq(index(cardinality(A), union(A, B)), B)",59a52beb9de44604ba6c9596eb2f3180
"subset_eq(index(cardinality(A), difference(B, A)), A)",b504ddd9d8124df0aa36cf1597ce1ec7
"subset_eq(index(cardinality(A), difference(B, A)), A)",f6f79c5036d04ceebfbbaf067fae718f
"subset_eq(index(cardinality(A), difference(B, A)), A)",b504ddd9d8124df0aa36cf1597ce1ec7
"subset_eq(index(cardinality(B), union(A, B)), A)",56e138648b0942afa624c5a9bf252a2c
"subset_eq(index(cardinality(B), union(A, B)), A)",8cbec3c4f8b24f98aa9f801ce07a2274
"subset_eq(index(cardinality(B), union(A, B)), A)",56e138648b0942afa624c5a9bf252a2c
"subset_eq(index(cardinality(B), union(A, B)), B)",3abecdeef98e4cc0bfb3e2d57f75c090
"subset_eq(index(cardinality(B), union(A, B)), B)",62c8a2154028460b8bb424566f915885
"subset_eq(index(cardinality(B), union(A, B)), B)",3abecdeef98e4cc0bfb3e2d57f75c090
"subset_eq(index(cardinality(B), difference(A, B)), B)",5e9a630bb2db49829a6c9a21aa7e626a
"subset_eq(index(cardinality(B), difference(A, B)), B)",6728cead0f7b4bf8917c1416645df366
"subset_eq(index(cardinality(B), difference(A, B)), B)",5e9a630bb2db49829a6c9a21aa7e626a
"subset_eq(index(cardinality(A), B), difference(B, A))",bdd2c48a0dfd4124879bca169a6b2ccc
"subset_eq(index(cardinality(A), B), difference(B, A))",2dcb7b42fa474862a3e8b326512413ec
"subset_eq(index(cardinality(A), B), difference(B, A))",bdd2c48a0dfd4124879bca169a6b2ccc
"subset_eq(index(cardinality(B), A), difference(A, B))",f3a218ecd62648939beb0d968099a59d
"subset_eq(index(cardinality(B), A), difference(A, B))",e7245ded7d81467bbf1e15c7deb874d8
"subset_eq(index(cardinality(B), A), difference(A, B))",f3a218ecd62648939beb0d968099a59d
"subset_eq(index(cardinality(A), union(A, B)), intersection(A, B))",74f53beddbfe48e2a95a987745e06cc7
"subset_eq(index(cardinality(A), union(A, B)), intersection(A, B))",65bc18b5634647ef93dd6963bb680eca
"subset_eq(index(cardinality(A), union(A, B)), intersection(A, B))",74f53beddbfe48e2a95a987745e06cc7
"subset_eq(index(cardinality(A), union(A, B)), difference(A, B))",cc76971008ed451aa770bf6d829f1980
"subset_eq(index(cardinality(A), union(A, B)), difference(A, B))",caac53edcb2b417a875a66b8b34ca748
"subset_eq(index(cardinality(A), union(A, B)), difference(A, B))",cc76971008ed451aa770bf6d829f1980
"subset_eq(index(cardinality(A), union(A, B)), difference(B, A))",121df1af549348cd9ae9789d9d2d9293
"subset_eq(index(cardinality(A), union(A, B)), difference(B, A))",9e11893d436f44e398e4ea6e953cae4f
"subset_eq(index(cardinality(A), union(A, B)), difference(B, A))",121df1af549348cd9ae9789d9d2d9293
"subset_eq(index(cardinality(B), union(A, B)), intersection(A, B))",1903145674b24d48b4e5bd77a34225c4
"subset_eq(index(cardinality(B), union(A, B)), intersection(A, B))",63b5f681d0c040b88b0a7db99784d11c
"subset_eq(index(cardinality(B), union(A, B)), intersection(A, B))",1903145674b24d48b4e5bd77a34225c4
"subset_eq(index(cardinality(B), union(A, B)), difference(A, B))",475d96e818f84ddc80486a98d7bac0de
"subset_eq(index(cardinality(B), union(A, B)), difference(A, B))",b29949088fd243f7a6f430a7f23866ac
"subset_eq(index(cardinality(B), union(A, B)), difference(A, B))",475d96e818f84ddc80486a98d7bac0de
"subset_eq(index(cardinality(B), union(A, B)), difference(B, A))",b4f7207c97b94290a7fa0b9f39bcbd7e
"subset_eq(index(cardinality(B), union(A, B)), difference(B, A))",2e43beec638e4f258abfedb29f0a03e2
"subset_eq(index(cardinality(B), union(A, B)), difference(B, A))",b4f7207c97b94290a7fa0b9f39bcbd7e
"subset_eq(union(difference(A, B), difference(B, A)), index(cardinality(A), B))",026298a0eb1d4ee0a7bb535f59815b08
"subset_eq(union(difference(A, B), difference(B, A)), index(cardinality(B), A))",2f047da2ab0a4f7297adc681b3a178cc
"subset_eq(union(difference(A, B), difference(B, A)), index(cardinality(A), difference(B, A)))",542dfebf782d457b9adec9ac19022c82
"subset_eq(union(difference(A, B), difference(B, A)), index(cardinality(B), difference(A, B)))",f88e39bdba2948f2b02627c4be02593a
"subset_eq(index(cardinality(A), B), index(cardinality(A), union(A, B)))",7acfd79517124fbe95212d9ebcb8e2ca
"subset_eq(index(cardinality(A), B), index(cardinality(A), union(A, B)))",acc06a7ebcfc4504af89296a6bc10921
"subset_eq(index(cardinality(A), B), index(cardinality(A), union(A, B)))",7acfd79517124fbe95212d9ebcb8e2ca
"subset_eq(index(cardinality(A), B), index(cardinality(A), difference(B, A)))",9d957c16a31e4602bdf81a07bde16e82
"subset_eq(index(cardinality(A), B), index(cardinality(A), difference(B, A)))",db306e7f6e184065b2f4407be123a4d4
"subset_eq(index(cardinality(A), B), index(cardinality(A), difference(B, A)))",9d957c16a31e4602bdf81a07bde16e82
"subset_eq(index(cardinality(A), B), index(cardinality(B), union(A, B)))",8973de034ad44c0e9f12d93189e53047
"subset_eq(index(cardinality(A), B), index(cardinality(B), union(A, B)))",20900691511a48cb960dccd39b28a8bb
"subset_eq(index(cardinality(A), B), index(cardinality(B), union(A, B)))",8973de034ad44c0e9f12d93189e53047
"subset_eq(index(cardinality(B), A), index(cardinality(A), union(A, B)))",96f91f1d968247939f34891a772393f7
"subset_eq(index(cardinality(B), A), index(cardinality(A), union(A, B)))",ce601a6a23e84d47ad4a2a0305c1ba44
"subset_eq(index(cardinality(B), A), index(cardinality(A), union(A, B)))",96f91f1d968247939f34891a772393f7
"subset_eq(index(cardinality(B), A), index(cardinality(B), union(A, B)))",b6c532b998a84f29b8feb86128871be1
"subset_eq(index(cardinality(B), A), index(cardinality(B), union(A, B)))",e12a7d3c491f4d0cbab081971257489a
"subset_eq(index(cardinality(B), A), index(cardinality(B), union(A, B)))",b6c532b998a84f29b8feb86128871be1
"subset_eq(index(cardinality(B), A), index(cardinality(B), difference(A, B)))",2931fececa6b40058a635c470b59eca0
"subset_eq(index(cardinality(B), A), index(cardinality(B), difference(A, B)))",10f92f57c3b947a789ecd8806671c9f3
"subset_eq(index(cardinality(B), A), index(cardinality(B), difference(A, B)))",2931fececa6b40058a635c470b59eca0
"subset_eq(intersection(A, B), difference(A, index(cardinality(A), union(A, B))))",4a33b28ae4ec442ca128c27f73f3a59d
"subset_eq(intersection(A, B), difference(A, index(cardinality(A), union(A, B))))",b5695ae7542f4c898fb26a1c9c5539ee
"subset_eq(intersection(A, B), difference(A, index(cardinality(A), union(A, B))))",4a33b28ae4ec442ca128c27f73f3a59d
"subset_eq(index(cardinality(A), union(A, B)), index(cardinality(A), B))",7b37f492cc814a33ac253d745846604e
"subset_eq(index(cardinality(A), union(A, B)), index(cardinality(A), B))",45e9156321544091a462275e1607b69f
"subset_eq(index(cardinality(A), union(A, B)), index(cardinality(A), B))",7b37f492cc814a33ac253d745846604e
"subset_eq(index(cardinality(A), union(A, B)), index(cardinality(B), A))",cdc8499d9c7b471c95f2bdafbe979b6e
"subset_eq(index(cardinality(A), union(A, B)), index(cardinality(B), A))",5d089a5c8d6c4ab5a82f3162d5426af7
"subset_eq(index(cardinality(A), union(A, B)), index(cardinality(B), A))",cdc8499d9c7b471c95f2bdafbe979b6e
"subset_eq(index(cardinality(A), union(A, B)), index(cardinality(A), difference(B, A)))",f18ddda5e8ed4c48a2c46a3081c7339c
"subset_eq(index(cardinality(A), union(A, B)), index(cardinality(A), difference(B, A)))",e2a3c8b3c90b487a9ddd1cb9e44e406c
"subset_eq(index(cardinality(A), union(A, B)), index(cardinality(A), difference(B, A)))",f18ddda5e8ed4c48a2c46a3081c7339c
"subset_eq(index(cardinality(A), union(A, B)), index(cardinality(B), difference(A, B)))",3ee32706b98745b6878861ad82e05f5d
"subset_eq(index(cardinality(A), union(A, B)), index(cardinality(B), difference(A, B)))",e8a9a4ec5dd24db8afe335030be9a54c
"subset_eq(index(cardinality(A), union(A, B)), index(cardinality(B), difference(A, B)))",3ee32706b98745b6878861ad82e05f5d
"subset_eq(index(cardinality(A), difference(B, A)), index(cardinality(A), B))",6d5a8cd66b1c47e6ba14b1c61b7f925e
"subset_eq(index(cardinality(A), difference(B, A)), index(cardinality(A), B))",f64344477cb24b85a0a4b2d773725608
"subset_eq(index(cardinality(A), difference(B, A)), index(cardinality(A), B))",6d5a8cd66b1c47e6ba14b1c61b7f925e
"subset_eq(index(cardinality(A), difference(B, A)), index(cardinality(A), union(A, B)))",61c0840148514cbca4c5c1c0e297a5f0
"subset_eq(index(cardinality(A), difference(B, A)), index(cardinality(A), union(A, B)))",4463b9538d514872a63437fbf3a2344e
"subset_eq(index(cardinality(A), difference(B, A)), index(cardinality(A), union(A, B)))",61c0840148514cbca4c5c1c0e297a5f0
"subset_eq(index(cardinality(A), difference(B, A)), index(cardinality(B), union(A, B)))",395575046f2341cda60f2c6ffba8441f
"subset_eq(index(cardinality(A), difference(B, A)), index(cardinality(B), union(A, B)))",a4302f37c9de42d385107cc9097d9b79
"subset_eq(index(cardinality(A), difference(B, A)), index(cardinality(B), union(A, B)))",395575046f2341cda60f2c6ffba8441f
"subset_eq(intersection(A, B), difference(A, index(cardinality(B), union(A, B))))",165bd90435be47b2bf6b54027858e170
"subset_eq(intersection(A, B), difference(A, index(cardinality(B), union(A, B))))",ec22633e4a394d2998250fd6bb70517a
"subset_eq(intersection(A, B), difference(A, index(cardinality(B), union(A, B))))",165bd90435be47b2bf6b54027858e170
"subset_eq(index(cardinality(B), union(A, B)), index(cardinality(A), B))",fb4942c1b9744661afe77a9f5e5e3332
"subset_eq(index(cardinality(B), union(A, B)), index(cardinality(A), B))",14aa368466df4134bf7fd3b8cb6ced2b
"subset_eq(index(cardinality(B), union(A, B)), index(cardinality(A), B))",fb4942c1b9744661afe77a9f5e5e3332
"subset_eq(index(cardinality(B), union(A, B)), index(cardinality(B), A))",7be964b07c4a4e419b62d8087523fce1
"subset_eq(index(cardinality(B), union(A, B)), index(cardinality(B), A))",a30c059df9fd4a6199bedb6dd4dd9e6d
"subset_eq(index(cardinality(B), union(A, B)), index(cardinality(B), A))",7be964b07c4a4e419b62d8087523fce1
"subset_eq(index(cardinality(B), union(A, B)), index(cardinality(A), difference(B, A)))",f462c7c5d61b4533a54d4ac7074f7d93
"subset_eq(index(cardinality(B), union(A, B)), index(cardinality(A), difference(B, A)))",abc449c5baa349bd9d2da6f1d35c9220
"subset_eq(index(cardinality(B), union(A, B)), index(cardinality(A), difference(B, A)))",f462c7c5d61b4533a54d4ac7074f7d93
"subset_eq(index(cardinality(B), union(A, B)), index(cardinality(B), difference(A, B)))",7a43bc6315a940398d6aba5fedc97104
"subset_eq(index(cardinality(B), union(A, B)), index(cardinality(B), difference(A, B)))",62befde3d4194c5ba84c4dc57176e12d
"subset_eq(index(cardinality(B), union(A, B)), index(cardinality(B), difference(A, B)))",7a43bc6315a940398d6aba5fedc97104
"subset_eq(index(cardinality(B), difference(A, B)), index(cardinality(B), A))",0993f19650104d158d3ff623efe0c317
"subset_eq(index(cardinality(B), difference(A, B)), index(cardinality(B), A))",58847989494e478db24651af39848232
"subset_eq(index(cardinality(B), difference(A, B)), index(cardinality(B), A))",0993f19650104d158d3ff623efe0c317
"subset_eq(index(cardinality(B), difference(A, B)), index(cardinality(A), union(A, B)))",1bad4eeef89c4281aab5509ca9d5a181
"subset_eq(index(cardinality(B), difference(A, B)), index(cardinality(A), union(A, B)))",77bc17cbaadd4ec5a5beaa553e69e79d
"subset_eq(index(cardinality(B), difference(A, B)), index(cardinality(A), union(A, B)))",1bad4eeef89c4281aab5509ca9d5a181
"subset_eq(index(cardinality(B), difference(A, B)), index(cardinality(B), union(A, B)))",c614d954c4744bd78c853510a0972b73
"subset_eq(index(cardinality(B), difference(A, B)), index(cardinality(B), union(A, B)))",2f21cb61ab044869bb230505ade30d66
"subset_eq(index(cardinality(B), difference(A, B)), index(cardinality(B), union(A, B)))",c614d954c4744bd78c853510a0972b73
"equals(cardinality(A), cardinality(difference(B, A)))",8dfdf3c56bc04ea6a8da9cbc14255d97
"equals(cardinality(A), cardinality(difference(B, A)))",ffb173f158fa4681bce0e8d234c53bcf
"equals(cardinality(A), cardinality(difference(B, A)))",8dfdf3c56bc04ea6a8da9cbc14255d97
"equals(cardinality(B), cardinality(difference(A, B)))",7d3eb5bb70354beaa9681adff28c84e2
"equals(cardinality(B), cardinality(difference(A, B)))",b643c6f7e19340df97480e0482c02312
"equals(cardinality(B), cardinality(difference(A, B)))",7d3eb5bb70354beaa9681adff28c84e2
"equals(cardinality(intersection(A, B)), cardinality(difference(A, B)))",edb6d854aafc43eba11bdc58c791f8f9
"equals(cardinality(intersection(A, B)), cardinality(difference(A, B)))",c7124c600afd4850bde89a5d21f2b377
"equals(cardinality(intersection(A, B)), cardinality(difference(A, B)))",edb6d854aafc43eba11bdc58c791f8f9
"equals(cardinality(intersection(A, B)), cardinality(difference(B, A)))",181fc8740aae46b186426fce0d1d4656
"equals(cardinality(intersection(A, B)), cardinality(difference(B, A)))",739c6460d64440048a456ba07175eee6
"equals(cardinality(intersection(A, B)), cardinality(difference(B, A)))",181fc8740aae46b186426fce0d1d4656
"greater_than(cardinality(A), cardinality(difference(B, A)))",735e2e0469444774afd0e33293cd2fa2
"greater_than(cardinality(A), cardinality(difference(B, A)))",b301a2328fb04cb6831c1b473ed4215f
"greater_than(cardinality(A), cardinality(difference(B, A)))",735e2e0469444774afd0e33293cd2fa2
"greater_than(cardinality(B), cardinality(difference(A, B)))",dfeb0ce0ad184329bc4cb836d5c5cf3c
"greater_than(cardinality(B), cardinality(difference(A, B)))",d8ec75156ef84f07b1ff9c97e5ddd03b
"greater_than(cardinality(B), cardinality(difference(A, B)))",dfeb0ce0ad184329bc4cb836d5c5cf3c
"greater_than(cardinality(difference(A, B)), cardinality(B))",764697b454e1470d94f457b26ca9cb4d
"greater_than(cardinality(difference(A, B)), cardinality(B))",e4a9434ab7644ae399d6d72ea9e89184
"greater_than(cardinality(difference(A, B)), cardinality(B))",764697b454e1470d94f457b26ca9cb4d
"greater_than(cardinality(difference(B, A)), cardinality(A))",bf1f467b611f4059a6df4666de0274bf
"greater_than(cardinality(difference(B, A)), cardinality(A))",a5366551745f4fc39678ebb9e34c21fa
"greater_than(cardinality(difference(B, A)), cardinality(A))",bf1f467b611f4059a6df4666de0274bf
"greater_than(cardinality(intersection(A, B)), cardinality(difference(A, B)))",f29b021fed084464b7e7fb441a71a9d1
"greater_than(cardinality(intersection(A, B)), cardinality(difference(A, B)))",f613dffab49f4c108687b81e8812e035
"greater_than(cardinality(intersection(A, B)), cardinality(difference(A, B)))",f29b021fed084464b7e7fb441a71a9d1
"greater_than(cardinality(intersection(A, B)), cardinality(difference(B, A)))",e587f67a0d9947ddbb8a92d765c9576e
"greater_than(cardinality(intersection(A, B)), cardinality(difference(B, A)))",24e586b126654d94b605b1caa65c0f1a
"greater_than(cardinality(intersection(A, B)), cardinality(difference(B, A)))",e587f67a0d9947ddbb8a92d765c9576e
"greater_than(cardinality(difference(A, B)), cardinality(intersection(A, B)))",da7f5f7917e24b82a37b6665fa2dc360
"greater_than(cardinality(difference(A, B)), cardinality(intersection(A, B)))",bab4f7df4e664f7bbd3efce61e9df73d
"greater_than(cardinality(difference(A, B)), cardinality(intersection(A, B)))",da7f5f7917e24b82a37b6665fa2dc360
"greater_than(cardinality(difference(B, A)), cardinality(intersection(A, B)))",c9c677b74acc4f628ba511b17e4371a6
"greater_than(cardinality(difference(B, A)), cardinality(intersection(A, B)))",59035e9cdd004c609f1cab119f01adb8
"greater_than(cardinality(difference(B, A)), cardinality(intersection(A, B)))",c9c677b74acc4f628ba511b17e4371a6
"and(subset_eq(A, B), or(not(subset_eq(B, A)), subset_eq(A, difference(A, A))))",fb7446821ff24552acc2649c89506fd3
"and(subset_eq(A, B), or(not(subset_eq(B, A)), subset_eq(A, difference(A, A))))",8c94d5b9a8a8437da8682074eacc44be
"and(subset_eq(A, B), or(not(subset_eq(B, A)), subset_eq(A, difference(A, A))))",fb7446821ff24552acc2649c89506fd3
"and(subset_eq(A, B), not(subset_eq(A, difference(A, A))))",6d71929b298a4db28e5fe28c751a6f52
"and(subset_eq(A, B), not(subset_eq(A, difference(A, A))))",e4e8e3a2968240f18b2cbb7460bbf75c
"and(subset_eq(A, B), not(subset_eq(A, difference(A, A))))",6d71929b298a4db28e5fe28c751a6f52
"and(subset_eq(A, B), not(subset_eq(B, difference(A, A))))",3ab3df523ecc4245989bb4632d0743bc
"and(subset_eq(A, B), not(subset_eq(B, difference(A, A))))",d1cf96d2a9ac4104b09d553ffc6b96bf
"and(subset_eq(A, B), not(subset_eq(B, difference(A, A))))",3ab3df523ecc4245989bb4632d0743bc
"and(subset_eq(A, B), subset_eq(index(cardinality(A), B), A))",c6f0e0cdcb1f42ad8c5f939f4af42154
"and(subset_eq(A, B), subset_eq(index(cardinality(A), B), A))",a4b645178c6d4ed6849ca1725e89c436
"and(subset_eq(A, B), subset_eq(index(cardinality(A), B), A))",c6f0e0cdcb1f42ad8c5f939f4af42154
"and(subset_eq(A, B), subset_eq(index(cardinality(A), difference(B, A)), A))",a88070629c0f4fd78a39127495fc0316
"and(subset_eq(A, B), subset_eq(index(cardinality(A), difference(B, A)), A))",bf5bbffea2d749f7b610cf12a2330557
"and(subset_eq(A, B), subset_eq(index(cardinality(A), difference(B, A)), A))",a88070629c0f4fd78a39127495fc0316
"subset_eq(A, difference(B, index(cardinality(A), B)))",170ebbd3f19449f489f1462fdbed46b5
"subset_eq(A, difference(B, index(cardinality(A), B)))",d36d849dd12541e1ac9d5bb656a64fa5
"subset_eq(A, difference(B, index(cardinality(A), B)))",170ebbd3f19449f489f1462fdbed46b5
"and(subset_eq(A, B), subset_eq(index(cardinality(A), B), index(cardinality(A), difference(B, A))))",0d687ee0f7564cb896461b651f274006
"and(subset_eq(A, B), subset_eq(index(cardinality(A), difference(B, A)), index(cardinality(A), B)))",00023c1a9df34182997d8459403c5ad3
"and(subset_eq(A, B), subset_eq(index(cardinality(A), difference(B, A)), index(cardinality(A), B)))",7d85f6135f9f4ed6be7f54ba17926fa0
"and(subset_eq(A, B), subset_eq(index(cardinality(A), difference(B, A)), index(cardinality(A), B)))",00023c1a9df34182997d8459403c5ad3
"and(subset_eq(A, B), equals(cardinality(A), cardinality(difference(B, A))))",b6e74155d76846acab461587e8b90d23
"and(subset_eq(A, B), greater_than(cardinality(A), cardinality(difference(B, A))))",f77e751513554fe69ea1fa187906dd6f
"and(subset_eq(A, B), greater_than(cardinality(A), cardinality(difference(B, A))))",cdd6ac4c34904b9db6b750928dcbd1b7
"and(subset_eq(A, B), greater_than(cardinality(A), cardinality(difference(B, A))))",f77e751513554fe69ea1fa187906dd6f
"and(subset_eq(A, B), greater_than(cardinality(difference(B, A)), cardinality(A)))",bf8e85a94dd748be9bb7f5a0816a2d48
"and(subset_eq(A, B), greater_than(cardinality(difference(B, A)), cardinality(A)))",e2caea89a24c432ba580652f7a9f3705
"and(subset_eq(A, B), greater_than(cardinality(difference(B, A)), cardinality(A)))",bf8e85a94dd748be9bb7f5a0816a2d48
"and(subset_eq(B, A), or(not(subset_eq(A, B)), subset_eq(A, difference(A, A))))",b3a8bb772d4a440e8ee44f9d7da008c9
"and(subset_eq(B, A), or(not(subset_eq(A, B)), subset_eq(A, difference(A, A))))",32081020cc434b95a96320bf52d87424
"and(subset_eq(B, A), or(not(subset_eq(A, B)), subset_eq(A, difference(A, A))))",b3a8bb772d4a440e8ee44f9d7da008c9
"and(subset_eq(B, A), not(subset_eq(A, difference(A, A))))",867fa1f7921b4c40a08cc8f18ae0f060
"and(subset_eq(B, A), not(subset_eq(A, difference(A, A))))",be4b94830cdc4392adf9ea82606e0317
"and(subset_eq(B, A), not(subset_eq(A, difference(A, A))))",867fa1f7921b4c40a08cc8f18ae0f060
"and(subset_eq(B, A), not(subset_eq(A, difference(A, B))))",3b069a365be7412092cd15842f118f94
"and(subset_eq(B, A), not(subset_eq(A, difference(A, B))))",d170afd8985b4e128ce48a216a5fee7e
"and(subset_eq(B, A), not(subset_eq(A, difference(A, B))))",3b069a365be7412092cd15842f118f94
"and(subset_eq(B, A), subset_eq(index(cardinality(B), A), B))",a3022e0801314c0f965a5d685ffa1f42
"and(subset_eq(B, A), subset_eq(index(cardinality(B), A), B))",80ce5df7f40843358a6972508cf2d1b3
"and(subset_eq(B, A), subset_eq(index(cardinality(B), A), B))",a3022e0801314c0f965a5d685ffa1f42
"and(subset_eq(B, A), subset_eq(index(cardinality(B), difference(A, B)), B))",a9c7680c12d64bcf963ee5f2e170771b
"and(subset_eq(B, A), subset_eq(index(cardinality(B), difference(A, B)), B))",81091560b20c4d379efc8533a549673c
"and(subset_eq(B, A), subset_eq(index(cardinality(B), difference(A, B)), B))",a9c7680c12d64bcf963ee5f2e170771b
"subset_eq(B, difference(A, index(cardinality(B), A)))",9c3d3e92bfa54c09a7741f9161883fa1
"subset_eq(B, difference(A, index(cardinality(B), A)))",1543dd91c8d6446da045965b6d17ce7b
"subset_eq(B, difference(A, index(cardinality(B), A)))",9c3d3e92bfa54c09a7741f9161883fa1
"and(subset_eq(B, A), subset_eq(index(cardinality(B), A), index(cardinality(B), difference(A, B))))",15d975968f674bf8a3875e85cd3d9356
"and(subset_eq(B, A), subset_eq(index(cardinality(B), difference(A, B)), index(cardinality(B), A)))",2c8aad40c77e4bf982d715ba7a886326
"and(subset_eq(B, A), subset_eq(index(cardinality(B), difference(A, B)), index(cardinality(B), A)))",8c330c2d5c9447d18550b314b5c3a074
"and(subset_eq(B, A), subset_eq(index(cardinality(B), difference(A, B)), index(cardinality(B), A)))",2c8aad40c77e4bf982d715ba7a886326
"and(subset_eq(B, A), equals(cardinality(B), cardinality(difference(A, B))))",27ebd36f38b3448cb4a9ca2db524dfc4
"and(subset_eq(B, A), greater_than(cardinality(B), cardinality(difference(A, B))))",7827cb27517c49f796310912e1f18494
"and(subset_eq(B, A), greater_than(cardinality(B), cardinality(difference(A, B))))",3320c7deb8454a6aa2269bf1008e46be
"and(subset_eq(B, A), greater_than(cardinality(B), cardinality(difference(A, B))))",7827cb27517c49f796310912e1f18494
"and(subset_eq(B, A), greater_than(cardinality(difference(A, B)), cardinality(B)))",fe5a0f52622d4717ad361c7db4d97db5
"and(subset_eq(B, A), greater_than(cardinality(difference(A, B)), cardinality(B)))",465c84267ad1411b823e1b8d156f9ceb
"and(subset_eq(B, A), greater_than(cardinality(difference(A, B)), cardinality(B)))",fe5a0f52622d4717ad361c7db4d97db5
"and(and(subset_eq(A, B), subset_eq(B, A)), not(subset_eq(A, difference(A, A))))",74f77f3738e9409b8a2200be5b543a54
"and(or(subset_eq(A, B), subset_eq(B, A)), or(subset_eq(A, difference(A, B)), equals(cardinality(A), cardinality(B))))",50a270cf1ae64c02bff532cf9b6637b6
"and(or(subset_eq(A, B), subset_eq(B, A)), not(equals(cardinality(A), cardinality(B))))",b5c9565a50354c928582d554a558d378
"and(or(subset_eq(A, B), subset_eq(B, A)), not(equals(cardinality(A), cardinality(B))))",3a7a63f392854e9c84d8482f6b631e39
"and(or(subset_eq(A, B), subset_eq(B, A)), not(equals(cardinality(A), cardinality(B))))",b5c9565a50354c928582d554a558d378
"or(subset_eq(A, difference(A, A)), and(subset_eq(B, A), not(subset_eq(A, B))))",686f70d6ef944d7195e18a2fa99cbd52
"or(subset_eq(A, difference(A, A)), and(subset_eq(B, A), not(subset_eq(A, B))))",a760522d2e1246099d3b77a495bd6678
"or(subset_eq(A, difference(A, A)), and(subset_eq(B, A), not(subset_eq(A, B))))",686f70d6ef944d7195e18a2fa99cbd52
"or(subset_eq(B, difference(A, A)), and(subset_eq(A, B), not(subset_eq(B, A))))",8eef5873b5a74c62a7a5e46d166232c8
"or(subset_eq(B, difference(A, A)), and(subset_eq(A, B), not(subset_eq(B, A))))",59660b4cd60d4f978829b641fd3e8e16
"or(subset_eq(B, difference(A, A)), and(subset_eq(A, B), not(subset_eq(B, A))))",8eef5873b5a74c62a7a5e46d166232c8
"and(or(subset_eq(A, B), subset_eq(B, A)), not(subset_eq(A, difference(A, A))))",4d95594f66744f379edc0c42460f4343
"and(or(subset_eq(A, B), subset_eq(B, A)), not(subset_eq(A, difference(A, A))))",e03add4d265044fe9cafd221191d748f
"and(or(subset_eq(A, B), subset_eq(B, A)), not(subset_eq(A, difference(A, A))))",4d95594f66744f379edc0c42460f4343
"and(or(subset_eq(A, B), subset_eq(B, A)), not(subset_eq(A, difference(A, B))))",31753b50166642b7b8b726dea736fb98
"and(or(subset_eq(A, B), subset_eq(B, A)), not(subset_eq(A, difference(A, B))))",a4ddd76a6a944f9bb51dff2b3be0f776
"and(or(subset_eq(A, B), subset_eq(B, A)), not(subset_eq(A, difference(A, B))))",31753b50166642b7b8b726dea736fb98
"and(or(subset_eq(A, B), subset_eq(B, A)), not(subset_eq(B, difference(A, A))))",8c717504ee684a3ba6cf01ff5ca9fceb
"and(or(subset_eq(A, B), subset_eq(B, A)), not(subset_eq(B, difference(A, A))))",b6b5d85cb7614930828bcd5e1b486cee
"and(or(subset_eq(A, B), subset_eq(B, A)), not(subset_eq(B, difference(A, A))))",8c717504ee684a3ba6cf01ff5ca9fceb
"and(or(subset_eq(A, B), subset_eq(B, A)), not(subset_eq(union(A, B), difference(A, A))))",b38e1b15fde64e559dde74075989fee5
"and(or(subset_eq(A, B), subset_eq(B, A)), not(subset_eq(union(A, B), difference(A, A))))",99af7830367e4a3caffbee1f854afb40
"and(or(subset_eq(A, B), subset_eq(B, A)), not(subset_eq(union(A, B), difference(A, A))))",b38e1b15fde64e559dde74075989fee5
"or(subset_eq(B, difference(A, A)), subset_eq(A, index(cardinality(A), B)))",2bbdf3dd643b4c27b632c7f27703d1e4
"or(subset_eq(A, difference(A, A)), subset_eq(B, index(cardinality(B), A)))",294c51681a3f4427904c85746e32f586
"subset_eq(index(cardinality(intersection(A, B)), B), intersection(A, index(cardinality(A), B)))",8b92aa34a9b5452bbb4aa10e9b08da54
"subset_eq(index(cardinality(intersection(A, B)), B), intersection(A, index(cardinality(A), B)))",b292bffcbbe84d95b2aeb868783cc4e2
"subset_eq(index(cardinality(intersection(A, B)), B), intersection(A, index(cardinality(A), B)))",8b92aa34a9b5452bbb4aa10e9b08da54
"subset_eq(index(cardinality(intersection(A, B)), A), intersection(B, index(cardinality(B), A)))",9b89ed05b9144471a788abe9348f248f
"subset_eq(index(cardinality(intersection(A, B)), A), intersection(B, index(cardinality(B), A)))",f040844383d64a328a5fcce0f85c00c9
"subset_eq(index(cardinality(intersection(A, B)), A), intersection(B, index(cardinality(B), A)))",9b89ed05b9144471a788abe9348f248f
"and(or(subset_eq(A, B), subset_eq(B, A)), subset_eq(index(cardinality(A), difference(B, A)), A))",a06924e265434b608609862826b24e0e
"and(or(subset_eq(A, B), subset_eq(B, A)), subset_eq(index(cardinality(A), difference(B, A)), A))",aa81ad0c32904f07a846716fa725efd2
"and(or(subset_eq(A, B), subset_eq(B, A)), subset_eq(index(cardinality(A), difference(B, A)), A))",a06924e265434b608609862826b24e0e
"and(or(subset_eq(A, B), subset_eq(B, A)), subset_eq(index(cardinality(B), difference(A, B)), B))",a56741f32967441d9472586c56b17b1d
"and(or(subset_eq(A, B), subset_eq(B, A)), subset_eq(index(cardinality(B), difference(A, B)), B))",d373bd4eede746b59757620ac398500a
"and(or(subset_eq(A, B), subset_eq(B, A)), subset_eq(index(cardinality(B), difference(A, B)), B))",a56741f32967441d9472586c56b17b1d
"subset_eq(index(cardinality(intersection(A, B)), B), difference(index(cardinality(A), B), A))",ea69626ec8b342d380ffad173bd48f04
"subset_eq(index(cardinality(intersection(A, B)), B), difference(index(cardinality(A), B), A))",fb9290c8ab3f424fb286291ce0c49109
"subset_eq(index(cardinality(intersection(A, B)), B), difference(index(cardinality(A), B), A))",ea69626ec8b342d380ffad173bd48f04
"subset_eq(index(cardinality(intersection(A, B)), A), difference(index(cardinality(B), A), B))",471634d0eb8845a88594d3fd97865339
"subset_eq(index(cardinality(intersection(A, B)), A), difference(index(cardinality(B), A), B))",d26912435a3c4e15b5cce1cde82d4595
"subset_eq(index(cardinality(intersection(A, B)), A), difference(index(cardinality(B), A), B))",471634d0eb8845a88594d3fd97865339
"subset_eq(index(cardinality(intersection(A, B)), B), index(cardinality(A), difference(B, A)))",7334d19fc9f14105868f3b2bb89e0da9
"subset_eq(index(cardinality(intersection(A, B)), B), index(cardinality(A), difference(B, A)))",86a76f7f89824ee5969bf9d38bb624f7
"subset_eq(index(cardinality(intersection(A, B)), B), index(cardinality(A), difference(B, A)))",7334d19fc9f14105868f3b2bb89e0da9
"subset_eq(index(cardinality(intersection(A, B)), A), index(cardinality(B), difference(A, B)))",ba29229a48a644e69ccbc8fec03de10c
"subset_eq(index(cardinality(intersection(A, B)), A), index(cardinality(B), difference(A, B)))",f8688081fe004deeae7c8d3d6ff92a26
"subset_eq(index(cardinality(intersection(A, B)), A), index(cardinality(B), difference(A, B)))",ba29229a48a644e69ccbc8fec03de10c
"and(or(subset_eq(A, B), subset_eq(B, A)), subset_eq(index(cardinality(A), difference(B, A)), index(cardinality(A), B)))",c73adbfeda8643f1a154e16220066292
"and(or(subset_eq(A, B), subset_eq(B, A)), subset_eq(index(cardinality(A), difference(B, A)), index(cardinality(A), B)))",86f62b7369124aeabdadbe11c4fdf293
"and(or(subset_eq(A, B), subset_eq(B, A)), subset_eq(index(cardinality(A), difference(B, A)), index(cardinality(A), B)))",c73adbfeda8643f1a154e16220066292
"and(or(subset_eq(A, B), subset_eq(B, A)), subset_eq(index(cardinality(B), difference(A, B)), index(cardinality(B), A)))",b3d2cc6f18be4ebd862a0ebb809440da
"and(or(subset_eq(A, B), subset_eq(B, A)), subset_eq(index(cardinality(B), difference(A, B)), index(cardinality(B), A)))",f1165e9d36e64216b7e8e306653757c8
"and(or(subset_eq(A, B), subset_eq(B, A)), subset_eq(index(cardinality(B), difference(A, B)), index(cardinality(B), A)))",b3d2cc6f18be4ebd862a0ebb809440da
"and(or(subset_eq(A, B), subset_eq(B, A)), equals(cardinality(intersection(A, B)), cardinality(difference(A, B))))",b01790f431ee463fa7dc177eda7c6300
"and(or(subset_eq(A, B), subset_eq(B, A)), equals(cardinality(intersection(A, B)), cardinality(difference(B, A))))",9627f24ca4fb48a4bed490a54cb9db9c
"and(or(subset_eq(A, B), subset_eq(B, A)), greater_than(cardinality(A), cardinality(difference(B, A))))",60ad7d21701c4285b7c7b516003d2209
"and(or(subset_eq(A, B), subset_eq(B, A)), greater_than(cardinality(A), cardinality(difference(B, A))))",1db0d56a8a294c12abb27a705e1c4929
"and(or(subset_eq(A, B), subset_eq(B, A)), greater_than(cardinality(A), cardinality(difference(B, A))))",60ad7d21701c4285b7c7b516003d2209
"and(or(subset_eq(A, B), subset_eq(B, A)), greater_than(cardinality(B), cardinality(difference(A, B))))",8a3b87f8b738463383674b4424ee6a9d
"and(or(subset_eq(A, B), subset_eq(B, A)), greater_than(cardinality(B), cardinality(difference(A, B))))",761063de439645dda7c75471ed881b85
"and(or(subset_eq(A, B), subset_eq(B, A)), greater_than(cardinality(B), cardinality(difference(A, B))))",8a3b87f8b738463383674b4424ee6a9d
"and(or(subset_eq(A, B), subset_eq(B, A)), greater_than(cardinality(intersection(A, B)), cardinality(difference(A, B))))",83008f89d2fc4f6188a284d63e4a2f7a
"and(or(subset_eq(A, B), subset_eq(B, A)), greater_than(cardinality(intersection(A, B)), cardinality(difference(A, B))))",796c8a28f90f4a44b351aca6e1f7523e
"and(or(subset_eq(A, B), subset_eq(B, A)), greater_than(cardinality(intersection(A, B)), cardinality(difference(A, B))))",83008f89d2fc4f6188a284d63e4a2f7a
"and(or(subset_eq(A, B), subset_eq(B, A)), greater_than(cardinality(intersection(A, B)), cardinality(difference(B, A))))",5ce951463f3046fc8d33c2ea874eb9de
"and(or(subset_eq(A, B), subset_eq(B, A)), greater_than(cardinality(intersection(A, B)), cardinality(difference(B, A))))",12979e63f86e4966958139021044443e
"and(or(subset_eq(A, B), subset_eq(B, A)), greater_than(cardinality(intersection(A, B)), cardinality(difference(B, A))))",5ce951463f3046fc8d33c2ea874eb9de
"and(subset_eq(A, difference(A, B)), not(or(subset_eq(A, B), subset_eq(B, A))))",5dc4ac84a1ae42fabd3204f72d10502b
"and(subset_eq(A, difference(A, B)), not(or(subset_eq(A, B), subset_eq(B, A))))",283158e8e212437ba216bbb4be31154a
"and(subset_eq(A, difference(A, B)), not(or(subset_eq(A, B), subset_eq(B, A))))",5dc4ac84a1ae42fabd3204f72d10502b
"and(equals(cardinality(A), cardinality(B)), greater_than(cardinality(difference(A, B)), cardinality(intersection(A, B))))",59203eac62e947709c951c8be5830efe
"and(equals(cardinality(A), cardinality(B)), greater_than(cardinality(difference(A, B)), cardinality(intersection(A, B))))",01ceaf1aec21497da5b80b75a8cf1687
"and(equals(cardinality(A), cardinality(B)), greater_than(cardinality(difference(A, B)), cardinality(intersection(A, B))))",59203eac62e947709c951c8be5830efe
"and(not(subset_eq(A, B)), greater_than(cardinality(difference(B, A)), cardinality(A)))",cca26b07a1d24ada9e73b346a9c07e2b
"and(not(subset_eq(A, B)), greater_than(cardinality(difference(B, A)), cardinality(A)))",61936ca8613c431d8b0a534a5acf7155
"and(not(subset_eq(A, B)), greater_than(cardinality(difference(B, A)), cardinality(A)))",cca26b07a1d24ada9e73b346a9c07e2b
"and(not(subset_eq(A, B)), or(subset_eq(B, A), subset_eq(A, difference(A, B))))",d2ea66fc82bb410f822ab39fd1cb3029
"and(not(subset_eq(A, B)), or(subset_eq(B, A), subset_eq(A, difference(A, B))))",99391f768e0c403ea889479de3054018
"and(not(subset_eq(A, B)), or(subset_eq(B, A), subset_eq(A, difference(A, B))))",d2ea66fc82bb410f822ab39fd1cb3029
"and(not(subset_eq(A, B)), or(subset_eq(B, A), equals(cardinality(A), cardinality(B))))",809320b933274b819379ad0b7912c00a
"and(not(subset_eq(A, B)), or(subset_eq(B, A), equals(cardinality(A), cardinality(B))))",6634d4e66460467896e063b885643a21
"and(not(subset_eq(A, B)), or(subset_eq(B, A), equals(cardinality(A), cardinality(B))))",809320b933274b819379ad0b7912c00a
"and(not(subset_eq(A, B)), or(subset_eq(B, A), greater_than(cardinality(B), cardinality(A))))",0dd36dea389d4a0facb278d5ab5fff96
"and(not(subset_eq(A, B)), or(subset_eq(B, A), greater_than(cardinality(B), cardinality(A))))",b37c9b8c073b4d7782509bc97d15a3a1
"and(not(subset_eq(A, B)), or(subset_eq(B, A), greater_than(cardinality(B), cardinality(A))))",0dd36dea389d4a0facb278d5ab5fff96
"and(not(subset_eq(A, B)), or(not(subset_eq(B, A)), subset_eq(A, difference(A, B))))",f1d1a8ec59964a2cb11c1d41cb3fe396
"and(not(subset_eq(A, B)), or(not(subset_eq(B, A)), subset_eq(A, difference(A, B))))",1d6ed5d546ba42dbaa530dfba95ea531
"and(not(subset_eq(A, B)), or(not(subset_eq(B, A)), subset_eq(A, difference(A, B))))",f1d1a8ec59964a2cb11c1d41cb3fe396
"and(not(subset_eq(A, B)), or(subset_eq(A, difference(A, B)), equals(cardinality(A), cardinality(B))))",8699c350cdef45b9998bce37e08e79f7
"and(not(subset_eq(A, B)), or(subset_eq(A, difference(A, B)), equals(cardinality(A), cardinality(B))))",950f9e30616e432a8b8a9c643ee1ec1e
"and(not(subset_eq(A, B)), or(subset_eq(A, difference(A, B)), equals(cardinality(A), cardinality(B))))",8699c350cdef45b9998bce37e08e79f7
"or(greater_than(cardinality(A), cardinality(B)), greater_than(cardinality(difference(A, B)), cardinality(intersection(A, B))))",94810a6d00304758969d53458084db33
"or(greater_than(cardinality(A), cardinality(B)), greater_than(cardinality(difference(A, B)), cardinality(intersection(A, B))))",4755c12f2f8d4234ac50236122ad144c
"or(greater_than(cardinality(A), cardinality(B)), greater_than(cardinality(difference(A, B)), cardinality(intersection(A, B))))",94810a6d00304758969d53458084db33
"and(not(subset_eq(A, B)), or(subset_eq(A, difference(A, B)), greater_than(cardinality(B), cardinality(A))))",7225ab0085724c00a76a5f35cb49a4a3
"and(not(subset_eq(A, B)), or(subset_eq(A, difference(A, B)), greater_than(cardinality(B), cardinality(A))))",625a5f75b34f43aca70294501f1ffab5
"and(not(subset_eq(A, B)), or(subset_eq(A, difference(A, B)), greater_than(cardinality(B), cardinality(A))))",7225ab0085724c00a76a5f35cb49a4a3
"and(not(subset_eq(A, B)), or(subset_eq(B, difference(A, A)), equals(cardinality(A), cardinality(B))))",b6f9acd357ff4708b9eeccbe5d1c16f1
"and(not(subset_eq(A, B)), or(subset_eq(B, difference(A, A)), equals(cardinality(A), cardinality(B))))",2317da1d1eee44818e41832af2bc2974
"and(not(subset_eq(A, B)), or(subset_eq(B, difference(A, A)), equals(cardinality(A), cardinality(B))))",b6f9acd357ff4708b9eeccbe5d1c16f1
"and(not(subset_eq(A, B)), or(subset_eq(B, difference(A, A)), greater_than(cardinality(B), cardinality(A))))",5118232d09af438f9ee902822560b05d
"and(not(subset_eq(A, B)), or(subset_eq(B, difference(A, A)), greater_than(cardinality(B), cardinality(A))))",b29564b0d51c46fbb5c589e8af2f4116
"and(not(subset_eq(A, B)), or(subset_eq(B, difference(A, A)), greater_than(cardinality(B), cardinality(A))))",5118232d09af438f9ee902822560b05d
"not(or(subset_eq(A, B), greater_than(cardinality(B), cardinality(A))))",554512ed57b14091963ce2e3fe7c3ed0
"not(or(subset_eq(A, B), greater_than(cardinality(B), cardinality(A))))",964cb949152641b8808a2d258ecdf425
"not(or(subset_eq(A, B), greater_than(cardinality(B), cardinality(A))))",554512ed57b14091963ce2e3fe7c3ed0
"not(or(subset_eq(A, B), greater_than(cardinality(A), cardinality(B))))",787b1701bfad4995bebf8c931f61f21c
"not(or(subset_eq(A, B), greater_than(cardinality(A), cardinality(B))))",1b5508e3b539491f83111b65242aefb1
"not(or(subset_eq(A, B), greater_than(cardinality(A), cardinality(B))))",787b1701bfad4995bebf8c931f61f21c
"not(or(subset_eq(A, B), equals(cardinality(A), cardinality(B))))",9a1564885a444c45ac9850e97144c0b6
"not(or(subset_eq(A, B), equals(cardinality(A), cardinality(B))))",a3540dc728dc4bcfb83909a218094a41
"not(or(subset_eq(A, B), equals(cardinality(A), cardinality(B))))",9a1564885a444c45ac9850e97144c0b6
"not(or(subset_eq(A, B), subset_eq(A, difference(A, B))))",40e54506b19846dea6f7436576f91973
"not(or(subset_eq(A, B), subset_eq(A, difference(A, B))))",7a591f86df2441bc93ac1d7f61f8b312
"not(or(subset_eq(A, B), subset_eq(A, difference(A, B))))",40e54506b19846dea6f7436576f91973
"not(or(subset_eq(A, B), subset_eq(B, difference(A, A))))",af7111b6c802454aa564b8caf7c58e49
"and(not(subset_eq(A, B)), subset_eq(A, index(cardinality(B), A)))",222bdefec1584404abcfdd2cf1298a7a
"and(not(subset_eq(A, B)), subset_eq(A, index(cardinality(A), union(A, B))))",d528baadedeb4e51a405d9c08273a7b9
"and(not(subset_eq(A, B)), subset_eq(A, index(cardinality(B), union(A, B))))",f5f957369738409f87eadd78123d3862
"and(not(subset_eq(A, B)), subset_eq(B, index(cardinality(B), A)))",cc8b64932f314529a3a4ddf87fba0e39
"and(not(subset_eq(A, B)), subset_eq(B, index(cardinality(A), union(A, B))))",b26349607a0543b6a38535be8e4afb69
"and(not(subset_eq(A, B)), subset_eq(B, index(cardinality(B), union(A, B))))",2fc54c44d0de4b95924e81d9e03127fd
"and(not(subset_eq(A, B)), subset_eq(intersection(A, B), index(cardinality(A), B)))",26a9dca9efc847b388878e80e172d658
"and(not(subset_eq(A, B)), subset_eq(intersection(A, B), index(cardinality(A), B)))",d5fb899de5c443cca41e25305ccdead0
"and(not(subset_eq(A, B)), subset_eq(intersection(A, B), index(cardinality(A), B)))",26a9dca9efc847b388878e80e172d658
"and(not(subset_eq(A, B)), subset_eq(intersection(A, B), index(cardinality(B), A)))",d4b49fb4b26346dc9df10eec44bd043a
"and(not(subset_eq(A, B)), subset_eq(intersection(A, B), index(cardinality(B), A)))",2f89881f706b4e368904d62b677e9412
"and(not(subset_eq(A, B)), subset_eq(intersection(A, B), index(cardinality(B), A)))",d4b49fb4b26346dc9df10eec44bd043a
"and(not(subset_eq(A, B)), subset_eq(intersection(A, B), index(cardinality(A), union(A, B))))",4812db86bcaa4c55b03a7f91946c8f9c
"and(not(subset_eq(A, B)), subset_eq(intersection(A, B), index(cardinality(A), union(A, B))))",eb93ee21e4834bd4b7a5f1af98a2c61d
"and(not(subset_eq(A, B)), subset_eq(intersection(A, B), index(cardinality(A), union(A, B))))",4812db86bcaa4c55b03a7f91946c8f9c
"and(not(subset_eq(A, B)), subset_eq(intersection(A, B), index(cardinality(B), union(A, B))))",1e0ff673280f4856bac2cb6babb61649
"and(not(subset_eq(A, B)), subset_eq(intersection(A, B), index(cardinality(B), union(A, B))))",48c40512ba32479ebc6a6926a4ce3ade
"and(not(subset_eq(A, B)), subset_eq(intersection(A, B), index(cardinality(B), union(A, B))))",1e0ff673280f4856bac2cb6babb61649
"and(not(subset_eq(A, B)), subset_eq(difference(A, B), index(cardinality(B), A)))",4a4ebe0cfd5442b2a93dac301a610879
"and(not(subset_eq(A, B)), subset_eq(difference(A, B), index(cardinality(A), union(A, B))))",448d467f83f34810b2db428d620a614d
"and(not(subset_eq(A, B)), subset_eq(difference(A, B), index(cardinality(A), union(A, B))))",07fecd4792eb41ccbdb3371240158104
"and(not(subset_eq(A, B)), subset_eq(difference(A, B), index(cardinality(A), union(A, B))))",448d467f83f34810b2db428d620a614d
"and(not(subset_eq(A, B)), subset_eq(difference(A, B), index(cardinality(B), union(A, B))))",3e492c41d8684e44a7b6366d59e4b5fd
"and(not(subset_eq(A, B)), subset_eq(difference(A, B), index(cardinality(B), union(A, B))))",d88eb8f6da514250af5dff623366c310
"and(not(subset_eq(A, B)), subset_eq(difference(A, B), index(cardinality(B), union(A, B))))",3e492c41d8684e44a7b6366d59e4b5fd
"and(not(subset_eq(A, B)), subset_eq(difference(B, A), index(cardinality(A), union(A, B))))",3e9be9ddfe524a38b4d42e0c09208e69
"and(not(subset_eq(A, B)), subset_eq(difference(B, A), index(cardinality(A), union(A, B))))",aeda77656fa842ff9b88fe442a002998
"and(not(subset_eq(A, B)), subset_eq(difference(B, A), index(cardinality(A), union(A, B))))",3e9be9ddfe524a38b4d42e0c09208e69
"and(not(subset_eq(A, B)), subset_eq(difference(B, A), index(cardinality(B), union(A, B))))",0b0ca52d3271487982be09b6824d9356
"and(not(subset_eq(A, B)), subset_eq(difference(B, A), index(cardinality(B), union(A, B))))",f34fa2eb19464305b0e25101679f6db1
"and(not(subset_eq(A, B)), subset_eq(difference(B, A), index(cardinality(B), union(A, B))))",0b0ca52d3271487982be09b6824d9356
"and(not(subset_eq(A, B)), subset_eq(index(cardinality(A), B), A))",1c2bc3237e184472a5c4f734d8f0c831
"and(not(subset_eq(A, B)), subset_eq(index(cardinality(A), B), A))",e7db15ad1138407cb0c76f2070964136
"and(not(subset_eq(A, B)), subset_eq(index(cardinality(A), B), A))",1c2bc3237e184472a5c4f734d8f0c831
"and(not(subset_eq(A, B)), subset_eq(index(cardinality(B), A), B))",8ba7516aa01544d0bc3584b07677a058
"and(not(subset_eq(A, B)), subset_eq(index(cardinality(B), A), B))",5b692a991a494ed49f9baa7052c7e7ee
"and(not(subset_eq(A, B)), subset_eq(index(cardinality(B), A), B))",8ba7516aa01544d0bc3584b07677a058
"and(not(subset_eq(A, B)), subset_eq(index(cardinality(A), union(A, B)), A))",c27008ae3fa2479b92c476653cebb753
"and(not(subset_eq(A, B)), subset_eq(index(cardinality(A), union(A, B)), A))",db9ebdfd938c495e92525a79371196f8
"and(not(subset_eq(A, B)), subset_eq(index(cardinality(A), union(A, B)), A))",c27008ae3fa2479b92c476653cebb753
"and(not(subset_eq(A, B)), subset_eq(index(cardinality(A), union(A, B)), B))",5c1d98d4f67841f5ba3d4790b15ca2d4
"and(not(subset_eq(A, B)), subset_eq(index(cardinality(A), union(A, B)), B))",0519e145cc83416889ec1818cd793c33
"and(not(subset_eq(A, B)), subset_eq(index(cardinality(A), union(A, B)), B))",5c1d98d4f67841f5ba3d4790b15ca2d4
"greater_than(cardinality(difference(A, B)), cardinality(index(cardinality(A), difference(B, A))))",0a0669b89bc944c18b5d70842e08b7cf
"greater_than(cardinality(difference(A, B)), cardinality(index(cardinality(A), difference(B, A))))",5bebb382fec0408fb1ef9c3616435083
"greater_than(cardinality(difference(A, B)), cardinality(index(cardinality(A), difference(B, A))))",0a0669b89bc944c18b5d70842e08b7cf
"not(subset_eq(index(cardinality(B), union(A, B)), difference(B, A)))",293f5653ab1041efaa92b1426286444f
"not(subset_eq(index(cardinality(B), union(A, B)), difference(B, A)))",2eee40d0014842eaa05ac8b6d12a909e
"not(subset_eq(index(cardinality(B), union(A, B)), difference(B, A)))",293f5653ab1041efaa92b1426286444f
"not(subset_eq(index(cardinality(B), union(A, B)), difference(A, B)))",98556d331e024aeb99e98ed9953703b1
"not(subset_eq(index(cardinality(B), union(A, B)), difference(A, B)))",4d5eeee32fb54191888106ec6884fbf1
"not(subset_eq(index(cardinality(B), union(A, B)), difference(A, B)))",98556d331e024aeb99e98ed9953703b1
"and(not(subset_eq(A, B)), subset_eq(index(cardinality(B), difference(A, B)), B))",7e2f25b054974b5e99a4b92fdb63983d
"and(not(subset_eq(A, B)), subset_eq(index(cardinality(B), difference(A, B)), B))",5b78484168b5471c9c4e4c1f3c586f2c
"and(not(subset_eq(A, B)), subset_eq(index(cardinality(B), difference(A, B)), B))",7e2f25b054974b5e99a4b92fdb63983d
"and(not(subset_eq(A, B)), subset_eq(index(cardinality(A), B), difference(B, A)))",f929746480c547a8a8b6117447fae8ee
"and(not(subset_eq(A, B)), subset_eq(index(cardinality(A), B), difference(B, A)))",9e681d5727c14b818a0199387ec218b6
"and(not(subset_eq(A, B)), subset_eq(index(cardinality(A), B), difference(B, A)))",f929746480c547a8a8b6117447fae8ee
"and(not(subset_eq(A, B)), subset_eq(index(cardinality(B), A), difference(A, B)))",cb7eabb780944012bf450283c9fd845a
"and(not(subset_eq(A, B)), subset_eq(index(cardinality(B), A), difference(A, B)))",c15876055c534669b0245f9bd5548391
"and(not(subset_eq(A, B)), subset_eq(index(cardinality(B), A), difference(A, B)))",cb7eabb780944012bf450283c9fd845a
"and(not(subset_eq(A, B)), subset_eq(index(cardinality(A), union(A, B)), intersection(A, B)))",721fa659115f4601a136577dc6449223
"and(not(subset_eq(A, B)), subset_eq(index(cardinality(A), union(A, B)), intersection(A, B)))",842551824cc04113bc6a81ffb0fe2667
"and(not(subset_eq(A, B)), subset_eq(index(cardinality(A), union(A, B)), intersection(A, B)))",721fa659115f4601a136577dc6449223
"and(not(subset_eq(A, B)), subset_eq(index(cardinality(A), union(A, B)), difference(A, B)))",53eddbbe64914c0aa099177b01a50a67
"and(not(subset_eq(A, B)), subset_eq(index(cardinality(A), union(A, B)), difference(A, B)))",9e3c65af1d324c50978f54e97568e1a3
"and(not(subset_eq(A, B)), subset_eq(index(cardinality(A), union(A, B)), difference(A, B)))",53eddbbe64914c0aa099177b01a50a67
"and(not(subset_eq(A, B)), subset_eq(index(cardinality(A), union(A, B)), difference(B, A)))",3d8734ef0a374106a1e246f853b282b4
"and(not(subset_eq(A, B)), subset_eq(index(cardinality(A), union(A, B)), difference(B, A)))",2f612c43c8f04c389a9e6fd457ea1098
"and(not(subset_eq(A, B)), subset_eq(index(cardinality(A), union(A, B)), difference(B, A)))",3d8734ef0a374106a1e246f853b282b4
"and(not(subset_eq(A, B)), subset_eq(index(cardinality(B), union(A, B)), intersection(A, B)))",58e981afb5584cbb99db01b9ed5f4319
"and(not(subset_eq(A, B)), subset_eq(index(cardinality(B), union(A, B)), intersection(A, B)))",3a2c7d5758024edc91eb7b6461ae1c7d
"and(not(subset_eq(A, B)), subset_eq(index(cardinality(B), union(A, B)), intersection(A, B)))",58e981afb5584cbb99db01b9ed5f4319
"not(subset_eq(index(cardinality(B), union(A, B)), B))",ba5c37f672f147e0a6604d1c7b3f8193
"not(subset_eq(index(cardinality(B), union(A, B)), B))",1b463c30e34142179936dcaa8e70d472
"not(subset_eq(index(cardinality(B), union(A, B)), B))",ba5c37f672f147e0a6604d1c7b3f8193
"not(subset_eq(index(cardinality(B), union(A, B)), A))",42c01b267f074faba4898b17092ae15e
"not(subset_eq(index(cardinality(B), union(A, B)), A))",66a6766e1dfe4e89baaf1c92ee54a1a1
"not(subset_eq(index(cardinality(B), union(A, B)), A))",42c01b267f074faba4898b17092ae15e
"and(not(subset_eq(A, B)), subset_eq(index(cardinality(A), B), index(cardinality(A), union(A, B))))",be0faefdcc9b479691f3276efe8ad3f3
"and(not(subset_eq(A, B)), subset_eq(index(cardinality(A), B), index(cardinality(A), union(A, B))))",a7d8d1b92aa64255866c13b1c20ef6e1
"and(not(subset_eq(A, B)), subset_eq(index(cardinality(A), B), index(cardinality(A), union(A, B))))",be0faefdcc9b479691f3276efe8ad3f3
"and(not(subset_eq(A, B)), subset_eq(index(cardinality(A), B), index(cardinality(A), difference(B, A))))",fdac5821245244178e36b83bd26d7247
"and(not(subset_eq(A, B)), subset_eq(index(cardinality(A), B), index(cardinality(A), difference(B, A))))",f454425f200b4983ad6735de2173e2a7
"and(not(subset_eq(A, B)), subset_eq(index(cardinality(A), B), index(cardinality(A), difference(B, A))))",fdac5821245244178e36b83bd26d7247
"and(not(subset_eq(A, B)), subset_eq(index(cardinality(A), B), index(cardinality(B), union(A, B))))",0a9943c387794afa9644946881e4c899
"and(not(subset_eq(A, B)), subset_eq(index(cardinality(A), B), index(cardinality(B), union(A, B))))",5202140d1216405b8aa6b98b2116a0ac
"and(not(subset_eq(A, B)), subset_eq(index(cardinality(A), B), index(cardinality(B), union(A, B))))",0a9943c387794afa9644946881e4c899
"and(not(subset_eq(A, B)), subset_eq(index(cardinality(B), A), index(cardinality(A), union(A, B))))",d262c6e52f694adca9d35828c9ef271a
"and(not(subset_eq(A, B)), subset_eq(index(cardinality(B), A), index(cardinality(A), union(A, B))))",280efa13508340f691baa8b168e892e6
"and(not(subset_eq(A, B)), subset_eq(index(cardinality(B), A), index(cardinality(A), union(A, B))))",d262c6e52f694adca9d35828c9ef271a
"and(not(subset_eq(A, B)), subset_eq(index(cardinality(B), A), index(cardinality(B), union(A, B))))",e50fcbd6c8cf436588e11e52e0998eb9
"and(not(subset_eq(A, B)), subset_eq(index(cardinality(B), A), index(cardinality(B), union(A, B))))",9fc162a411e74b94857962b143f18207
"and(not(subset_eq(A, B)), subset_eq(index(cardinality(B), A), index(cardinality(B), union(A, B))))",e50fcbd6c8cf436588e11e52e0998eb9
"and(not(subset_eq(A, B)), subset_eq(index(cardinality(B), A), index(cardinality(B), difference(A, B))))",d9362f6673fb46509b2a4a84d69fc39f
"and(not(subset_eq(A, B)), subset_eq(index(cardinality(B), A), index(cardinality(B), difference(A, B))))",8d803dc1c3d047e2994d73ceeecb20d0
"and(not(subset_eq(A, B)), subset_eq(index(cardinality(B), A), index(cardinality(B), difference(A, B))))",d9362f6673fb46509b2a4a84d69fc39f
"and(not(subset_eq(A, B)), subset_eq(index(cardinality(A), union(A, B)), union(difference(A, B), difference(B, A))))",d626ed3b23724e5b941e64f16259bc80
"and(not(subset_eq(A, B)), subset_eq(index(cardinality(A), union(A, B)), union(difference(A, B), difference(B, A))))",1cedaee5fc75456eae113018c1d22d2a
"and(not(subset_eq(A, B)), subset_eq(index(cardinality(A), union(A, B)), union(difference(A, B), difference(B, A))))",d626ed3b23724e5b941e64f16259bc80
"and(not(subset_eq(A, B)), subset_eq(index(cardinality(A), union(A, B)), index(cardinality(A), B)))",82d37b1b888441a6b9ec552842a2c53d
"and(not(subset_eq(A, B)), subset_eq(index(cardinality(A), union(A, B)), index(cardinality(A), B)))",c3a69c3902e0486ea1a1391fb2b72391
"and(not(subset_eq(A, B)), subset_eq(index(cardinality(A), union(A, B)), index(cardinality(A), B)))",82d37b1b888441a6b9ec552842a2c53d
"and(not(subset_eq(A, B)), subset_eq(index(cardinality(A), union(A, B)), index(cardinality(B), A)))",086d668ed6574c2da32ebb087189def0
"and(not(subset_eq(A, B)), subset_eq(index(cardinality(A), union(A, B)), index(cardinality(B), A)))",e7a220a77fc54289bc4d59bdb0126d39
"and(not(subset_eq(A, B)), subset_eq(index(cardinality(A), union(A, B)), index(cardinality(B), A)))",086d668ed6574c2da32ebb087189def0
"and(not(subset_eq(A, B)), subset_eq(index(cardinality(A), union(A, B)), index(cardinality(A), difference(B, A))))",2ee87adf8bb44e6986a035896ebb89e2
"and(not(subset_eq(A, B)), subset_eq(index(cardinality(A), union(A, B)), index(cardinality(A), difference(B, A))))",2378c0557e6f442bad3ad2a5845d7b59
"and(not(subset_eq(A, B)), subset_eq(index(cardinality(A), union(A, B)), index(cardinality(A), difference(B, A))))",2ee87adf8bb44e6986a035896ebb89e2
"and(not(subset_eq(A, B)), subset_eq(index(cardinality(A), union(A, B)), index(cardinality(B), difference(A, B))))",fc01e34f96be4b29b84aedbe294212a0
"and(not(subset_eq(A, B)), subset_eq(index(cardinality(A), union(A, B)), index(cardinality(B), difference(A, B))))",376956e9587c4ed9a84a6352f3b4cc96
"and(not(subset_eq(A, B)), subset_eq(index(cardinality(A), union(A, B)), index(cardinality(B), difference(A, B))))",fc01e34f96be4b29b84aedbe294212a0
"and(not(subset_eq(A, B)), subset_eq(index(cardinality(A), difference(B, A)), index(cardinality(A), union(A, B))))",2af433470c42496a888e953f58610e08
"and(not(subset_eq(A, B)), subset_eq(index(cardinality(A), difference(B, A)), index(cardinality(A), union(A, B))))",11b91665218d4d5eaac3d29988b305db
"and(not(subset_eq(A, B)), subset_eq(index(cardinality(A), difference(B, A)), index(cardinality(A), union(A, B))))",2af433470c42496a888e953f58610e08
"and(not(subset_eq(A, B)), subset_eq(index(cardinality(A), difference(B, A)), index(cardinality(B), union(A, B))))",6b44e65caf01403aaddefef385ff5be0
"and(not(subset_eq(A, B)), subset_eq(index(cardinality(A), difference(B, A)), index(cardinality(B), union(A, B))))",ed3cdc997d774ba08fb05e693da3d683
"and(not(subset_eq(A, B)), subset_eq(index(cardinality(A), difference(B, A)), index(cardinality(B), union(A, B))))",6b44e65caf01403aaddefef385ff5be0
"not(subset_eq(index(cardinality(B), union(A, B)), intersection(A, B)))",c627622587c747aebb5004bcecf5ef05
"not(subset_eq(index(cardinality(B), union(A, B)), intersection(A, B)))",0b1e2669e5d1408da1dbc7f1f3f60c70
"not(subset_eq(index(cardinality(B), union(A, B)), intersection(A, B)))",c627622587c747aebb5004bcecf5ef05
"and(not(subset_eq(A, B)), subset_eq(index(cardinality(B), union(A, B)), index(cardinality(A), B)))",de5e13d7b5a04e659661c17958e2b319
"and(not(subset_eq(A, B)), subset_eq(index(cardinality(B), union(A, B)), index(cardinality(A), B)))",ee2058f5a33a4741a039a966c7ad4627
"and(not(subset_eq(A, B)), subset_eq(index(cardinality(B), union(A, B)), index(cardinality(A), B)))",de5e13d7b5a04e659661c17958e2b319
"and(not(subset_eq(A, B)), subset_eq(index(cardinality(B), union(A, B)), index(cardinality(B), A)))",f8c353ad7c314e9fb9a5904ec49d5bce
"and(not(subset_eq(A, B)), subset_eq(index(cardinality(B), union(A, B)), index(cardinality(B), A)))",138a40f424c549e28bd78eb00320f7e4
"and(not(subset_eq(A, B)), subset_eq(index(cardinality(B), union(A, B)), index(cardinality(B), A)))",f8c353ad7c314e9fb9a5904ec49d5bce
"and(not(subset_eq(A, B)), subset_eq(index(cardinality(B), union(A, B)), index(cardinality(A), difference(B, A))))",586f62a762d44ab3ac545eb2c871fd88
"and(not(subset_eq(A, B)), subset_eq(index(cardinality(B), union(A, B)), index(cardinality(A), difference(B, A))))",fea1410d654c42eaa7dcd3af07cf6c79
"and(not(subset_eq(A, B)), subset_eq(index(cardinality(B), union(A, B)), index(cardinality(A), difference(B, A))))",586f62a762d44ab3ac545eb2c871fd88
"and(not(subset_eq(A, B)), subset_eq(index(cardinality(B), union(A, B)), index(cardinality(B), difference(A, B))))",ce83589d90a14c728cfc149db6b0dbb3
"and(not(subset_eq(A, B)), subset_eq(index(cardinality(B), union(A, B)), index(cardinality(B), difference(A, B))))",d28ffdb236cb4958b2cd33e2c18695b6
"and(not(subset_eq(A, B)), subset_eq(index(cardinality(B), union(A, B)), index(cardinality(B), difference(A, B))))",ce83589d90a14c728cfc149db6b0dbb3
"and(not(subset_eq(A, B)), subset_eq(index(cardinality(B), difference(A, B)), index(cardinality(B), A)))",1f94bd6a8c50459997c6bd4ed4160f3b
"and(not(subset_eq(A, B)), subset_eq(index(cardinality(B), difference(A, B)), index(cardinality(B), A)))",5dc3a7b935ac4dfa9efe9ed7e9241f98
"and(not(subset_eq(A, B)), subset_eq(index(cardinality(B), difference(A, B)), index(cardinality(B), A)))",1f94bd6a8c50459997c6bd4ed4160f3b
"and(not(subset_eq(A, B)), subset_eq(index(cardinality(B), difference(A, B)), index(cardinality(A), union(A, B))))",62a4c2866c3f4cc4a21a93ec634c41ef
"and(not(subset_eq(A, B)), subset_eq(index(cardinality(B), difference(A, B)), index(cardinality(A), union(A, B))))",8c9a086db7e249b68223c4fdcb9610ee
"and(not(subset_eq(A, B)), subset_eq(index(cardinality(B), difference(A, B)), index(cardinality(A), union(A, B))))",62a4c2866c3f4cc4a21a93ec634c41ef
"and(not(subset_eq(A, B)), subset_eq(index(cardinality(B), difference(A, B)), index(cardinality(B), union(A, B))))",3593fbd8b9c84d589e3a6ea5db7cdd20
"and(not(subset_eq(A, B)), subset_eq(index(cardinality(B), difference(A, B)), index(cardinality(B), union(A, B))))",edb96a53a3364f7b8fbe00c4aa9a4f71
"and(not(subset_eq(A, B)), subset_eq(index(cardinality(B), difference(A, B)), index(cardinality(B), union(A, B))))",3593fbd8b9c84d589e3a6ea5db7cdd20
"and(not(subset_eq(A, B)), equals(cardinality(A), cardinality(difference(B, A))))",10d4f135e02944e7a0d991c4cb76410f
"and(not(subset_eq(A, B)), equals(cardinality(A), cardinality(difference(B, A))))",8677e83d0d224af19b39f697a3b2f722
"and(not(subset_eq(A, B)), equals(cardinality(A), cardinality(difference(B, A))))",10d4f135e02944e7a0d991c4cb76410f
"and(not(subset_eq(A, B)), equals(cardinality(B), cardinality(difference(A, B))))",4ee024d47d42478c9ca686f98c55db6b
"and(not(subset_eq(A, B)), equals(cardinality(B), cardinality(difference(A, B))))",5852c1678cc246929c0d79ad905b0568
"and(not(subset_eq(A, B)), equals(cardinality(B), cardinality(difference(A, B))))",4ee024d47d42478c9ca686f98c55db6b
"and(not(subset_eq(A, B)), equals(cardinality(intersection(A, B)), cardinality(difference(A, B))))",2323acd4fdd54ce98347addc8a56c1d4
"and(not(subset_eq(A, B)), equals(cardinality(intersection(A, B)), cardinality(difference(A, B))))",8498c1d46909461e81fd3d635f83681a
"and(not(subset_eq(A, B)), equals(cardinality(intersection(A, B)), cardinality(difference(A, B))))",2323acd4fdd54ce98347addc8a56c1d4
"and(not(subset_eq(A, B)), equals(cardinality(intersection(A, B)), cardinality(difference(B, A))))",397904dfbd7a47c695de31b81987b633
"and(not(subset_eq(A, B)), equals(cardinality(intersection(A, B)), cardinality(difference(B, A))))",e44ca29f49bc4a158b043488dac26748
"and(not(subset_eq(A, B)), equals(cardinality(intersection(A, B)), cardinality(difference(B, A))))",397904dfbd7a47c695de31b81987b633
"and(not(subset_eq(A, B)), greater_than(cardinality(A), cardinality(difference(B, A))))",743b1f515f4f4a5f88d9f9ba4d448ee3
"and(not(subset_eq(A, B)), greater_than(cardinality(A), cardinality(difference(B, A))))",9355f4d5ec35442facddba368517724b
"and(not(subset_eq(A, B)), greater_than(cardinality(A), cardinality(difference(B, A))))",743b1f515f4f4a5f88d9f9ba4d448ee3
"and(not(subset_eq(A, B)), greater_than(cardinality(B), cardinality(difference(A, B))))",f625b4083bfe485690498fb4e76c0dcc
"and(not(subset_eq(A, B)), greater_than(cardinality(B), cardinality(difference(A, B))))",0f5b209f863b4bfeb76308cf158343ce
"and(not(subset_eq(A, B)), greater_than(cardinality(B), cardinality(difference(A, B))))",f625b4083bfe485690498fb4e76c0dcc
"and(not(subset_eq(A, B)), greater_than(cardinality(intersection(A, B)), cardinality(difference(A, B))))",b3e06c949762495f8a7d4829ce087b93
"and(not(subset_eq(A, B)), greater_than(cardinality(intersection(A, B)), cardinality(difference(A, B))))",d83ba9cdfb904059856d53de884e9bf6
"and(not(subset_eq(A, B)), greater_than(cardinality(intersection(A, B)), cardinality(difference(A, B))))",b3e06c949762495f8a7d4829ce087b93
"and(not(subset_eq(A, B)), greater_than(cardinality(intersection(A, B)), cardinality(difference(B, A))))",83fb5b0f7b654027a7e8d4cf3d263ff6
"and(not(subset_eq(A, B)), greater_than(cardinality(intersection(A, B)), cardinality(difference(B, A))))",0eb28c8970f74aa1a1d30834c7b36813
"and(not(subset_eq(A, B)), greater_than(cardinality(intersection(A, B)), cardinality(difference(B, A))))",83fb5b0f7b654027a7e8d4cf3d263ff6
"and(not(subset_eq(A, B)), greater_than(cardinality(difference(B, A)), cardinality(intersection(A, B))))",081b0ec4674545f781187ca333d13d56
"and(not(subset_eq(A, B)), greater_than(cardinality(difference(B, A)), cardinality(intersection(A, B))))",e9c00a3417054f20b84a2953e736e158
"and(not(subset_eq(A, B)), greater_than(cardinality(difference(B, A)), cardinality(intersection(A, B))))",081b0ec4674545f781187ca333d13d56
"and(not(subset_eq(B, A)), greater_than(cardinality(difference(A, B)), cardinality(B)))",31f6a78b2f604b859ace768c2c969bc5
"and(not(subset_eq(B, A)), greater_than(cardinality(difference(A, B)), cardinality(B)))",66439f72002642918b64198018726b90
"and(not(subset_eq(B, A)), greater_than(cardinality(difference(A, B)), cardinality(B)))",31f6a78b2f604b859ace768c2c969bc5
"and(not(subset_eq(B, A)), or(subset_eq(A, B), subset_eq(A, difference(A, B))))",a690dadc892742acbc85b749a3a4c942
"and(not(subset_eq(B, A)), or(subset_eq(A, B), subset_eq(A, difference(A, B))))",1c456aa7f27f4814aac1c1bbd3a0b80e
"and(not(subset_eq(B, A)), or(subset_eq(A, B), subset_eq(A, difference(A, B))))",a690dadc892742acbc85b749a3a4c942
"and(not(subset_eq(B, A)), or(subset_eq(A, B), equals(cardinality(A), cardinality(B))))",6a130dda242d417dbafc878c9973550c
"and(not(subset_eq(B, A)), or(subset_eq(A, B), equals(cardinality(A), cardinality(B))))",9811cb3a831d49f0afdf3fb831fed292
"and(not(subset_eq(B, A)), or(subset_eq(A, B), equals(cardinality(A), cardinality(B))))",6a130dda242d417dbafc878c9973550c
"and(not(subset_eq(B, A)), or(subset_eq(A, B), greater_than(cardinality(A), cardinality(B))))",b4407bb586634145ace560237cc1b39f
"and(not(subset_eq(B, A)), or(subset_eq(A, B), greater_than(cardinality(A), cardinality(B))))",182bf5d0a8a24ffcaa8126046c5b4af7
"and(not(subset_eq(B, A)), or(subset_eq(A, B), greater_than(cardinality(A), cardinality(B))))",b4407bb586634145ace560237cc1b39f
"and(not(subset_eq(B, A)), or(not(subset_eq(A, B)), subset_eq(A, difference(A, A))))",0a720149bd0144da87532bddf29fe11b
"and(not(subset_eq(B, A)), or(not(subset_eq(A, B)), subset_eq(A, difference(A, A))))",82401940bdc642829709036ee5cf8924
"and(not(subset_eq(B, A)), or(not(subset_eq(A, B)), subset_eq(A, difference(A, A))))",0a720149bd0144da87532bddf29fe11b
"and(not(subset_eq(B, A)), or(subset_eq(A, difference(A, A)), equals(cardinality(A), cardinality(B))))",54e7a59d18204f5b8492fe7609356b59
"and(not(subset_eq(B, A)), or(subset_eq(A, difference(A, A)), equals(cardinality(A), cardinality(B))))",d01ec947839b487c95185fda309ebfd3
"and(not(subset_eq(B, A)), or(subset_eq(A, difference(A, A)), equals(cardinality(A), cardinality(B))))",54e7a59d18204f5b8492fe7609356b59
"and(not(subset_eq(B, A)), or(subset_eq(A, difference(A, A)), greater_than(cardinality(A), cardinality(B))))",114bf0c4d7004246862e6e123945c427
"and(not(subset_eq(B, A)), or(subset_eq(A, difference(A, A)), greater_than(cardinality(A), cardinality(B))))",598ce17106594db7932611bf9dc6333f
"and(not(subset_eq(B, A)), or(subset_eq(A, difference(A, A)), greater_than(cardinality(A), cardinality(B))))",114bf0c4d7004246862e6e123945c427
"and(not(subset_eq(B, A)), or(subset_eq(A, difference(A, B)), equals(cardinality(A), cardinality(B))))",3112f544bbd14648ab5eb5cfab48781e
"and(not(subset_eq(B, A)), or(subset_eq(A, difference(A, B)), equals(cardinality(A), cardinality(B))))",e61544075f524fe2874d3db879f410b6
"and(not(subset_eq(B, A)), or(subset_eq(A, difference(A, B)), equals(cardinality(A), cardinality(B))))",3112f544bbd14648ab5eb5cfab48781e
"and(not(subset_eq(B, A)), or(subset_eq(A, difference(A, B)), greater_than(cardinality(A), cardinality(B))))",c19ff5d8bb6e4f6280afb0896f343786
"and(not(subset_eq(B, A)), or(subset_eq(A, difference(A, B)), greater_than(cardinality(A), cardinality(B))))",1e42609fd265492a94990e6edd22224c
"and(not(subset_eq(B, A)), or(subset_eq(A, difference(A, B)), greater_than(cardinality(A), cardinality(B))))",c19ff5d8bb6e4f6280afb0896f343786
"or(greater_than(cardinality(B), cardinality(A)), greater_than(cardinality(difference(B, A)), cardinality(intersection(A, B))))",e54993949e684df19035bb914809221b
"or(greater_than(cardinality(B), cardinality(A)), greater_than(cardinality(difference(B, A)), cardinality(intersection(A, B))))",e59cc12b812e4222a3ade459e0fdd7b5
"or(greater_than(cardinality(B), cardinality(A)), greater_than(cardinality(difference(B, A)), cardinality(intersection(A, B))))",e54993949e684df19035bb914809221b
"not(or(subset_eq(B, A), greater_than(cardinality(B), cardinality(A))))",fd5d064b4fcf4963a6300b623c68cddb
"not(or(subset_eq(B, A), greater_than(cardinality(B), cardinality(A))))",e9a3c2ae823343e09fab5b4a9d0727cb
"not(or(subset_eq(B, A), greater_than(cardinality(B), cardinality(A))))",fd5d064b4fcf4963a6300b623c68cddb
"not(or(subset_eq(B, A), greater_than(cardinality(A), cardinality(B))))",424970ad69754348a880e62c024e257f
"not(or(subset_eq(B, A), greater_than(cardinality(A), cardinality(B))))",f9950ad78e714858995bae7f61a30f94
"not(or(subset_eq(B, A), greater_than(cardinality(A), cardinality(B))))",424970ad69754348a880e62c024e257f
"not(or(subset_eq(B, A), equals(cardinality(A), cardinality(B))))",1a2698c5beaa4e57bc24666278e1690c
"not(or(subset_eq(B, A), equals(cardinality(A), cardinality(B))))",1ffe792fb78f47028f604b39ea7301fe
"not(or(subset_eq(B, A), equals(cardinality(A), cardinality(B))))",1a2698c5beaa4e57bc24666278e1690c
"not(or(subset_eq(B, A), subset_eq(A, difference(A, A))))",b7107ad534d048b1af867ee729126d71
"not(or(subset_eq(B, A), subset_eq(A, difference(A, B))))",3b9ec5ae9da44a6086f408a716b59ed1
"not(or(subset_eq(B, A), subset_eq(A, difference(A, B))))",599747b7b4954ddfb9f7d5d23bd64370
"not(or(subset_eq(B, A), subset_eq(A, difference(A, B))))",3b9ec5ae9da44a6086f408a716b59ed1
"and(not(subset_eq(B, A)), subset_eq(A, index(cardinality(A), B)))",7628571fb65041d4a8cf074d56516920
"and(not(subset_eq(B, A)), subset_eq(A, index(cardinality(A), union(A, B))))",d76a41e1407241db9440bc6886e5a707
"and(not(subset_eq(B, A)), subset_eq(A, index(cardinality(B), union(A, B))))",026a6a5ab293423c8d0222b29e8c7bc1
"and(not(subset_eq(B, A)), subset_eq(B, index(cardinality(A), B)))",3a079910cdf944339c61559ba1e2d374
"and(not(subset_eq(B, A)), subset_eq(B, index(cardinality(A), union(A, B))))",bf934983349d4a92993c832e4a0bc577
"and(not(subset_eq(B, A)), subset_eq(B, index(cardinality(B), union(A, B))))",c5a0411915d149df8892ffa61c369ac3
"and(not(subset_eq(B, A)), subset_eq(intersection(A, B), index(cardinality(A), B)))",477a9f5e93eb4f7bb316ed5eb9994075
"and(not(subset_eq(B, A)), subset_eq(intersection(A, B), index(cardinality(A), B)))",6aa848eb8f364052a8d574e4842462ee
"and(not(subset_eq(B, A)), subset_eq(intersection(A, B), index(cardinality(A), B)))",477a9f5e93eb4f7bb316ed5eb9994075
"and(not(subset_eq(B, A)), subset_eq(intersection(A, B), index(cardinality(B), A)))",4ff28b8b74f24d86acfe3393c5994f56
"and(not(subset_eq(B, A)), subset_eq(intersection(A, B), index(cardinality(B), A)))",cfa459a5ec3c40b899293f0680006361
"and(not(subset_eq(B, A)), subset_eq(intersection(A, B), index(cardinality(B), A)))",4ff28b8b74f24d86acfe3393c5994f56
"and(not(subset_eq(B, A)), subset_eq(intersection(A, B), index(cardinality(A), union(A, B))))",02d79b5d29174665b7c8db639c416cfc
"and(not(subset_eq(B, A)), subset_eq(intersection(A, B), index(cardinality(A), union(A, B))))",ed5cbca7ab3b417f873d4a2ddaba7d7b
"and(not(subset_eq(B, A)), subset_eq(intersection(A, B), index(cardinality(A), union(A, B))))",02d79b5d29174665b7c8db639c416cfc
"and(not(subset_eq(B, A)), subset_eq(intersection(A, B), index(cardinality(B), union(A, B))))",6b205cc00020472d836cf0f829a95591
"and(not(subset_eq(B, A)), subset_eq(intersection(A, B), index(cardinality(B), union(A, B))))",5cec4c0de7fb4891b73a55e66a29a4cf
"and(not(subset_eq(B, A)), subset_eq(intersection(A, B), index(cardinality(B), union(A, B))))",6b205cc00020472d836cf0f829a95591
"and(not(subset_eq(B, A)), subset_eq(difference(A, B), index(cardinality(A), union(A, B))))",181da7d38d554019903d2ca894c89e4f
"and(not(subset_eq(B, A)), subset_eq(difference(A, B), index(cardinality(A), union(A, B))))",d2b27d458e7d490aafffe8ff9c191f8a
"and(not(subset_eq(B, A)), subset_eq(difference(A, B), index(cardinality(A), union(A, B))))",181da7d38d554019903d2ca894c89e4f
"and(not(subset_eq(B, A)), subset_eq(difference(A, B), index(cardinality(B), union(A, B))))",d23bf4683c5742dc86e0456671a516b3
"and(not(subset_eq(B, A)), subset_eq(difference(A, B), index(cardinality(B), union(A, B))))",fb49d67c2c6c4a3b87a7cc77be80d075
"and(not(subset_eq(B, A)), subset_eq(difference(A, B), index(cardinality(B), union(A, B))))",d23bf4683c5742dc86e0456671a516b3
"and(not(subset_eq(B, A)), subset_eq(difference(B, A), index(cardinality(A), B)))",1a81f5e1ea0e45e783e2d47fdf71827e
"and(not(subset_eq(B, A)), subset_eq(difference(B, A), index(cardinality(A), union(A, B))))",669fe6eb5a4f4369adfa7a99b5fa7483
"and(not(subset_eq(B, A)), subset_eq(difference(B, A), index(cardinality(A), union(A, B))))",8690cbf5c30b4017a545844444664de7
"and(not(subset_eq(B, A)), subset_eq(difference(B, A), index(cardinality(A), union(A, B))))",669fe6eb5a4f4369adfa7a99b5fa7483
"and(not(subset_eq(B, A)), subset_eq(difference(B, A), index(cardinality(B), union(A, B))))",52f74cbac98f4164b937b717e36a6d2f
"and(not(subset_eq(B, A)), subset_eq(difference(B, A), index(cardinality(B), union(A, B))))",e1b9a53bd030440cbc9d0897a2abf078
"and(not(subset_eq(B, A)), subset_eq(difference(B, A), index(cardinality(B), union(A, B))))",52f74cbac98f4164b937b717e36a6d2f
"and(not(subset_eq(B, A)), subset_eq(index(cardinality(A), B), A))",47e8d037c6c04d3e936a3e8fe525f1a0
"and(not(subset_eq(B, A)), subset_eq(index(cardinality(A), B), A))",0e3d7e11abd045bdac762d33e5b8db79
"and(not(subset_eq(B, A)), subset_eq(index(cardinality(A), B), A))",47e8d037c6c04d3e936a3e8fe525f1a0
"and(not(subset_eq(B, A)), subset_eq(index(cardinality(B), A), B))",7bc476c16d9345d68d64c079450b02de
"and(not(subset_eq(B, A)), subset_eq(index(cardinality(B), A), B))",47f19b434f61417897ca647fac4b6223
"and(not(subset_eq(B, A)), subset_eq(index(cardinality(B), A), B))",7bc476c16d9345d68d64c079450b02de
"not(subset_eq(index(cardinality(A), union(A, B)), difference(B, A)))",da7d4c49aa074ac8ab15cd692ba0e82a
"not(subset_eq(index(cardinality(A), union(A, B)), difference(B, A)))",cab09024bb6f4dfd847189a861cb6f63
"not(subset_eq(index(cardinality(A), union(A, B)), difference(B, A)))",da7d4c49aa074ac8ab15cd692ba0e82a
"not(subset_eq(index(cardinality(A), union(A, B)), difference(A, B)))",2a926234f5da4cb68958e52ecd217559
"not(subset_eq(index(cardinality(A), union(A, B)), difference(A, B)))",4f9bb28bf694468baf4a7cd13d5eaafb
"not(subset_eq(index(cardinality(A), union(A, B)), difference(A, B)))",2a926234f5da4cb68958e52ecd217559
"and(not(subset_eq(B, A)), subset_eq(index(cardinality(A), difference(B, A)), A))",92f934e34cb24026835218d03961649c
"and(not(subset_eq(B, A)), subset_eq(index(cardinality(A), difference(B, A)), A))",6ab3c0201c1e4d268a3a7dd9487c8620
"and(not(subset_eq(B, A)), subset_eq(index(cardinality(A), difference(B, A)), A))",92f934e34cb24026835218d03961649c
"and(not(subset_eq(B, A)), subset_eq(index(cardinality(B), union(A, B)), A))",a5619cca1da14d33b50315a14d74280e
"and(not(subset_eq(B, A)), subset_eq(index(cardinality(B), union(A, B)), A))",749427763f2442759261acf1fbdebfc4
"and(not(subset_eq(B, A)), subset_eq(index(cardinality(B), union(A, B)), A))",a5619cca1da14d33b50315a14d74280e
"and(not(subset_eq(B, A)), subset_eq(index(cardinality(B), union(A, B)), B))",ca805798f62b46f3a36dac29e010a998
"and(not(subset_eq(B, A)), subset_eq(index(cardinality(B), union(A, B)), B))",e6a97997f9ec4c32aca7b960d8b78897
"and(not(subset_eq(B, A)), subset_eq(index(cardinality(B), union(A, B)), B))",ca805798f62b46f3a36dac29e010a998
"greater_than(cardinality(difference(B, A)), cardinality(index(cardinality(B), difference(A, B))))",80883ada5d994fe1a556e09f9552ff0d
"greater_than(cardinality(difference(B, A)), cardinality(index(cardinality(B), difference(A, B))))",5988a1b5f944471ebcc638d669268f68
"greater_than(cardinality(difference(B, A)), cardinality(index(cardinality(B), difference(A, B))))",80883ada5d994fe1a556e09f9552ff0d
"and(not(subset_eq(B, A)), subset_eq(index(cardinality(A), B), difference(B, A)))",6440f3f274e64af09664d1fb5b5a7813
"and(not(subset_eq(B, A)), subset_eq(index(cardinality(A), B), difference(B, A)))",8e5c0747be664dbfa30cd80a9713ec7a
"and(not(subset_eq(B, A)), subset_eq(index(cardinality(A), B), difference(B, A)))",6440f3f274e64af09664d1fb5b5a7813
"and(not(subset_eq(B, A)), subset_eq(index(cardinality(B), A), difference(A, B)))",832b7e5390d34453be8a27ee5fecedb2
"and(not(subset_eq(B, A)), subset_eq(index(cardinality(B), A), difference(A, B)))",db801ea5361b45ad95b044e809b9c01b
"and(not(subset_eq(B, A)), subset_eq(index(cardinality(B), A), difference(A, B)))",832b7e5390d34453be8a27ee5fecedb2
"and(not(subset_eq(B, A)), subset_eq(index(cardinality(A), union(A, B)), intersection(A, B)))",31ba8f861f094a1d9193dcb744077c19
"and(not(subset_eq(B, A)), subset_eq(index(cardinality(A), union(A, B)), intersection(A, B)))",e0c9546dabd84eab8967512396815260
"and(not(subset_eq(B, A)), subset_eq(index(cardinality(A), union(A, B)), intersection(A, B)))",31ba8f861f094a1d9193dcb744077c19
"not(subset_eq(index(cardinality(A), union(A, B)), B))",c5a28c7dea534a2583179ac4675b9105
"not(subset_eq(index(cardinality(A), union(A, B)), B))",f46b87e09bbd4802a0865caeb20bdf8b
"not(subset_eq(index(cardinality(A), union(A, B)), B))",c5a28c7dea534a2583179ac4675b9105
"not(subset_eq(index(cardinality(A), union(A, B)), A))",937231e68f734a30a6d58e765530a912
"not(subset_eq(index(cardinality(A), union(A, B)), A))",ad1238a0350b43319162154e4bceefde
"not(subset_eq(index(cardinality(A), union(A, B)), A))",937231e68f734a30a6d58e765530a912
"and(not(subset_eq(B, A)), subset_eq(index(cardinality(B), union(A, B)), intersection(A, B)))",9d48e82b54cd495d8fdd7d45b9d02647
"and(not(subset_eq(B, A)), subset_eq(index(cardinality(B), union(A, B)), intersection(A, B)))",a913427b88014fb2bf6bfd9d7aa8ab1f
"and(not(subset_eq(B, A)), subset_eq(index(cardinality(B), union(A, B)), intersection(A, B)))",9d48e82b54cd495d8fdd7d45b9d02647
"and(not(subset_eq(B, A)), subset_eq(index(cardinality(B), union(A, B)), difference(A, B)))",c9efafd41e7e431ba484325e8ccf1139
"and(not(subset_eq(B, A)), subset_eq(index(cardinality(B), union(A, B)), difference(A, B)))",7ba993206c5e44bf8a7c71c21d5894d2
"and(not(subset_eq(B, A)), subset_eq(index(cardinality(B), union(A, B)), difference(A, B)))",c9efafd41e7e431ba484325e8ccf1139
"and(not(subset_eq(B, A)), subset_eq(index(cardinality(B), union(A, B)), difference(B, A)))",127c360d6f874c55b02805d368a65715
"and(not(subset_eq(B, A)), subset_eq(index(cardinality(B), union(A, B)), difference(B, A)))",7e2848adf85a40ea96939a3c58619084
"and(not(subset_eq(B, A)), subset_eq(index(cardinality(B), union(A, B)), difference(B, A)))",127c360d6f874c55b02805d368a65715
"and(not(subset_eq(B, A)), subset_eq(index(cardinality(A), B), index(cardinality(A), union(A, B))))",89144dfd98974ca6a77dbc46c9f62b84
"and(not(subset_eq(B, A)), subset_eq(index(cardinality(A), B), index(cardinality(A), union(A, B))))",bf496fc582bc40d0a4aa990d626a2403
"and(not(subset_eq(B, A)), subset_eq(index(cardinality(A), B), index(cardinality(A), union(A, B))))",89144dfd98974ca6a77dbc46c9f62b84
"and(not(subset_eq(B, A)), subset_eq(index(cardinality(A), B), index(cardinality(A), difference(B, A))))",6714e31a50804940ab01fd1c873bb3c8
"and(not(subset_eq(B, A)), subset_eq(index(cardinality(A), B), index(cardinality(A), difference(B, A))))",689c104970a04aaea8d0ebbd3e5722ff
"and(not(subset_eq(B, A)), subset_eq(index(cardinality(A), B), index(cardinality(A), difference(B, A))))",6714e31a50804940ab01fd1c873bb3c8
"and(not(subset_eq(B, A)), subset_eq(index(cardinality(A), B), index(cardinality(B), union(A, B))))",4fbc4734333e4d01baa80dd2e90254b8
"and(not(subset_eq(B, A)), subset_eq(index(cardinality(A), B), index(cardinality(B), union(A, B))))",155fff1760e44102965fdcf37c29f591
"and(not(subset_eq(B, A)), subset_eq(index(cardinality(A), B), index(cardinality(B), union(A, B))))",4fbc4734333e4d01baa80dd2e90254b8
"and(not(subset_eq(B, A)), subset_eq(index(cardinality(B), A), index(cardinality(A), union(A, B))))",efc95657f5d749ee8f525a99ef888c99
"and(not(subset_eq(B, A)), subset_eq(index(cardinality(B), A), index(cardinality(A), union(A, B))))",7c3187a2a54e4a4292f6614fcecc0725
"and(not(subset_eq(B, A)), subset_eq(index(cardinality(B), A), index(cardinality(A), union(A, B))))",efc95657f5d749ee8f525a99ef888c99
"and(not(subset_eq(B, A)), subset_eq(index(cardinality(B), A), index(cardinality(B), union(A, B))))",4cbd294ca5464ae183d2c210f5522241
"and(not(subset_eq(B, A)), subset_eq(index(cardinality(B), A), index(cardinality(B), union(A, B))))",2eb1230166a944fda32dc895a06c03d7
"and(not(subset_eq(B, A)), subset_eq(index(cardinality(B), A), index(cardinality(B), union(A, B))))",4cbd294ca5464ae183d2c210f5522241
"and(not(subset_eq(B, A)), subset_eq(index(cardinality(B), A), index(cardinality(B), difference(A, B))))",b85403c664dc43738c527a1b69a36b11
"and(not(subset_eq(B, A)), subset_eq(index(cardinality(B), A), index(cardinality(B), difference(A, B))))",dae13aba695c45f6a1ef96d7e7797926
"and(not(subset_eq(B, A)), subset_eq(index(cardinality(B), A), index(cardinality(B), difference(A, B))))",b85403c664dc43738c527a1b69a36b11
"not(subset_eq(index(cardinality(A), union(A, B)), intersection(A, B)))",6b37dcf11e1644f4b44cd20f251ed105
"not(subset_eq(index(cardinality(A), union(A, B)), intersection(A, B)))",979f4c925070479bb5df457a9b13ecbe
"not(subset_eq(index(cardinality(A), union(A, B)), intersection(A, B)))",6b37dcf11e1644f4b44cd20f251ed105
"and(not(subset_eq(B, A)), subset_eq(index(cardinality(A), union(A, B)), index(cardinality(A), B)))",671369fcceac4057828f3af635e7dffb
"and(not(subset_eq(B, A)), subset_eq(index(cardinality(A), union(A, B)), index(cardinality(A), B)))",93889a858c824490b74ecd17d67c42f9
"and(not(subset_eq(B, A)), subset_eq(index(cardinality(A), union(A, B)), index(cardinality(A), B)))",671369fcceac4057828f3af635e7dffb
"and(not(subset_eq(B, A)), subset_eq(index(cardinality(A), union(A, B)), index(cardinality(B), A)))",80622c9b32bf4d329de3e12b75d09798
"and(not(subset_eq(B, A)), subset_eq(index(cardinality(A), union(A, B)), index(cardinality(B), A)))",63a95d3e462d4bdbaba96ac4c8d28a01
"and(not(subset_eq(B, A)), subset_eq(index(cardinality(A), union(A, B)), index(cardinality(B), A)))",80622c9b32bf4d329de3e12b75d09798
"and(not(subset_eq(B, A)), subset_eq(index(cardinality(A), union(A, B)), index(cardinality(A), difference(B, A))))",f1657ffc53b74d92868e5f68ef086e7b
"and(not(subset_eq(B, A)), subset_eq(index(cardinality(A), union(A, B)), index(cardinality(A), difference(B, A))))",0dd71c7b31c04b1498383fe275ed45c9
"and(not(subset_eq(B, A)), subset_eq(index(cardinality(A), union(A, B)), index(cardinality(A), difference(B, A))))",f1657ffc53b74d92868e5f68ef086e7b
"and(not(subset_eq(B, A)), subset_eq(index(cardinality(A), union(A, B)), index(cardinality(B), difference(A, B))))",492612c961d549409836d17dfc732427
"and(not(subset_eq(B, A)), subset_eq(index(cardinality(A), union(A, B)), index(cardinality(B), difference(A, B))))",b41f22267cd8435bb86e99c4e01e087f
"and(not(subset_eq(B, A)), subset_eq(index(cardinality(A), union(A, B)), index(cardinality(B), difference(A, B))))",492612c961d549409836d17dfc732427
"and(not(subset_eq(B, A)), subset_eq(index(cardinality(A), difference(B, A)), index(cardinality(A), B)))",90c866115a664d9f815436b4d6e638c1
"and(not(subset_eq(B, A)), subset_eq(index(cardinality(A), difference(B, A)), index(cardinality(A), B)))",ea70d21d29c2483ca882bea9b58b798b
"and(not(subset_eq(B, A)), subset_eq(index(cardinality(A), difference(B, A)), index(cardinality(A), B)))",90c866115a664d9f815436b4d6e638c1
"and(not(subset_eq(B, A)), subset_eq(index(cardinality(A), difference(B, A)), index(cardinality(A), union(A, B))))",d72faff701794c84ad63c99eac429846
"and(not(subset_eq(B, A)), subset_eq(index(cardinality(A), difference(B, A)), index(cardinality(A), union(A, B))))",144a44a17da14c579bf7a1acd43da5df
"and(not(subset_eq(B, A)), subset_eq(index(cardinality(A), difference(B, A)), index(cardinality(A), union(A, B))))",d72faff701794c84ad63c99eac429846
"and(not(subset_eq(B, A)), subset_eq(index(cardinality(A), difference(B, A)), index(cardinality(B), union(A, B))))",85f562e501464da6956663206a1ade5b
"and(not(subset_eq(B, A)), subset_eq(index(cardinality(A), difference(B, A)), index(cardinality(B), union(A, B))))",aa11e468e6f8435b9065d95ed5ea7f68
"and(not(subset_eq(B, A)), subset_eq(index(cardinality(A), difference(B, A)), index(cardinality(B), union(A, B))))",85f562e501464da6956663206a1ade5b
"and(not(subset_eq(B, A)), subset_eq(index(cardinality(B), union(A, B)), union(difference(A, B), difference(B, A))))",addc401c8daa4acb8c4afb2c0bd8a139
"and(not(subset_eq(B, A)), subset_eq(index(cardinality(B), union(A, B)), union(difference(A, B), difference(B, A))))",e83e42bfba254386b4f169de2f2e50b4
"and(not(subset_eq(B, A)), subset_eq(index(cardinality(B), union(A, B)), union(difference(A, B), difference(B, A))))",addc401c8daa4acb8c4afb2c0bd8a139
"and(not(subset_eq(B, A)), subset_eq(index(cardinality(B), union(A, B)), index(cardinality(A), B)))",b2c9fa6d3c654d24b97bd2eb57d0c250
"and(not(subset_eq(B, A)), subset_eq(index(cardinality(B), union(A, B)), index(cardinality(A), B)))",f95636afbe204070af59e75c5349a5aa
"and(not(subset_eq(B, A)), subset_eq(index(cardinality(B), union(A, B)), index(cardinality(A), B)))",b2c9fa6d3c654d24b97bd2eb57d0c250
"and(not(subset_eq(B, A)), subset_eq(index(cardinality(B), union(A, B)), index(cardinality(B), A)))",0c47d30f00dd4319905a17fb4803f2ea
"and(not(subset_eq(B, A)), subset_eq(index(cardinality(B), union(A, B)), index(cardinality(B), A)))",5dc238fb81cc46f3836fa35eae942fe6
"and(not(subset_eq(B, A)), subset_eq(index(cardinality(B), union(A, B)), index(cardinality(B), A)))",0c47d30f00dd4319905a17fb4803f2ea
"and(not(subset_eq(B, A)), subset_eq(index(cardinality(B), union(A, B)), index(cardinality(A), difference(B, A))))",de0e440f0ea847eb876ae60f43f67de8
"and(not(subset_eq(B, A)), subset_eq(index(cardinality(B), union(A, B)), index(cardinality(A), difference(B, A))))",e0c23c8037354793bf8ff69a7cc19a8c
"and(not(subset_eq(B, A)), subset_eq(index(cardinality(B), union(A, B)), index(cardinality(A), difference(B, A))))",de0e440f0ea847eb876ae60f43f67de8
"and(not(subset_eq(B, A)), subset_eq(index(cardinality(B), union(A, B)), index(cardinality(B), difference(A, B))))",70c5d50938204d479b654000499efae5
"and(not(subset_eq(B, A)), subset_eq(index(cardinality(B), union(A, B)), index(cardinality(B), difference(A, B))))",54c819e32b5b4f739c8c9f7fdec86f60
"and(not(subset_eq(B, A)), subset_eq(index(cardinality(B), union(A, B)), index(cardinality(B), difference(A, B))))",70c5d50938204d479b654000499efae5
"and(not(subset_eq(B, A)), subset_eq(index(cardinality(B), difference(A, B)), index(cardinality(A), union(A, B))))",f8aa5fe361a34247a051c2d4c703af8e
"and(not(subset_eq(B, A)), subset_eq(index(cardinality(B), difference(A, B)), index(cardinality(A), union(A, B))))",22516d85b41b465db92f4ed00dfc2e7a
"and(not(subset_eq(B, A)), subset_eq(index(cardinality(B), difference(A, B)), index(cardinality(A), union(A, B))))",f8aa5fe361a34247a051c2d4c703af8e
"and(not(subset_eq(B, A)), subset_eq(index(cardinality(B), difference(A, B)), index(cardinality(B), union(A, B))))",2842c647e2b744178f59ff720fc55590
"and(not(subset_eq(B, A)), subset_eq(index(cardinality(B), difference(A, B)), index(cardinality(B), union(A, B))))",22f9a2ee7f464061bdcc6ef335cdeb06
"and(not(subset_eq(B, A)), subset_eq(index(cardinality(B), difference(A, B)), index(cardinality(B), union(A, B))))",2842c647e2b744178f59ff720fc55590
"and(not(subset_eq(B, A)), equals(cardinality(A), cardinality(difference(B, A))))",a1742cba93bd49bf82df8420466d9d5f
"and(not(subset_eq(B, A)), equals(cardinality(A), cardinality(difference(B, A))))",85d6d4728305445cbb784ee592a2c044
"and(not(subset_eq(B, A)), equals(cardinality(A), cardinality(difference(B, A))))",a1742cba93bd49bf82df8420466d9d5f
"and(not(subset_eq(B, A)), equals(cardinality(B), cardinality(difference(A, B))))",0869370ce04046a78bb513af9f66509b
"and(not(subset_eq(B, A)), equals(cardinality(B), cardinality(difference(A, B))))",52f106f3c85d439a9ccd2dc5c32c661e
"and(not(subset_eq(B, A)), equals(cardinality(B), cardinality(difference(A, B))))",0869370ce04046a78bb513af9f66509b
"and(not(subset_eq(B, A)), equals(cardinality(intersection(A, B)), cardinality(difference(A, B))))",be1e96b8dc044255b831d143c5108b47
"and(not(subset_eq(B, A)), equals(cardinality(intersection(A, B)), cardinality(difference(A, B))))",8c68bd729fec4a8384a99185cbfe703f
"and(not(subset_eq(B, A)), equals(cardinality(intersection(A, B)), cardinality(difference(A, B))))",be1e96b8dc044255b831d143c5108b47
"and(not(subset_eq(B, A)), equals(cardinality(intersection(A, B)), cardinality(difference(B, A))))",0f111df7862d4f6c9dd25a7262971aac
"and(not(subset_eq(B, A)), equals(cardinality(intersection(A, B)), cardinality(difference(B, A))))",f4d3dcd4a57b42c4aa449338682b84a2
"and(not(subset_eq(B, A)), equals(cardinality(intersection(A, B)), cardinality(difference(B, A))))",0f111df7862d4f6c9dd25a7262971aac
"and(not(subset_eq(B, A)), greater_than(cardinality(A), cardinality(difference(B, A))))",d0f5c6a5aef04281a098f6ee9491b0f0
"and(not(subset_eq(B, A)), greater_than(cardinality(A), cardinality(difference(B, A))))",888609c3772145739a612565760c7668
"and(not(subset_eq(B, A)), greater_than(cardinality(A), cardinality(difference(B, A))))",d0f5c6a5aef04281a098f6ee9491b0f0
"and(not(subset_eq(B, A)), greater_than(cardinality(B), cardinality(difference(A, B))))",398b6e440c53412382fc127c6dc33c86
"and(not(subset_eq(B, A)), greater_than(cardinality(B), cardinality(difference(A, B))))",b1a6b37f72694c8a8cd2d2fce75df4ec
"and(not(subset_eq(B, A)), greater_than(cardinality(B), cardinality(difference(A, B))))",398b6e440c53412382fc127c6dc33c86
"and(not(subset_eq(B, A)), greater_than(cardinality(intersection(A, B)), cardinality(difference(A, B))))",b9824539931b4b92a065d3a636b86b9b
"and(not(subset_eq(B, A)), greater_than(cardinality(intersection(A, B)), cardinality(difference(A, B))))",78cd40e9950945ffb3c60f648c714e69
"and(not(subset_eq(B, A)), greater_than(cardinality(intersection(A, B)), cardinality(difference(A, B))))",b9824539931b4b92a065d3a636b86b9b
"and(not(subset_eq(B, A)), greater_than(cardinality(intersection(A, B)), cardinality(difference(B, A))))",19443db128e7447a94ea95957ef98ef3
"and(not(subset_eq(B, A)), greater_than(cardinality(intersection(A, B)), cardinality(difference(B, A))))",a5b92f9ee03a433ebf4c87f674173fb7
"and(not(subset_eq(B, A)), greater_than(cardinality(intersection(A, B)), cardinality(difference(B, A))))",19443db128e7447a94ea95957ef98ef3
"and(not(subset_eq(B, A)), greater_than(cardinality(difference(A, B)), cardinality(intersection(A, B))))",abe7396949dc4e9da87cf442194bace6
"and(not(subset_eq(B, A)), greater_than(cardinality(difference(A, B)), cardinality(intersection(A, B))))",4b2c980872fc492ca2c6997c3837fbf4
"and(not(subset_eq(B, A)), greater_than(cardinality(difference(A, B)), cardinality(intersection(A, B))))",abe7396949dc4e9da87cf442194bace6
"and(subset_eq(A, difference(A, B)), or(subset_eq(A, B), not(subset_eq(B, A))))",0f3769a66428489f96091ee093a89cf8
"and(subset_eq(A, difference(A, B)), or(subset_eq(A, B), not(subset_eq(B, A))))",2459abeb70104f9a902f6f2cb340bc73
"and(subset_eq(A, difference(A, B)), or(subset_eq(A, B), not(subset_eq(B, A))))",0f3769a66428489f96091ee093a89cf8
"and(subset_eq(A, difference(A, B)), or(subset_eq(A, B), equals(cardinality(A), cardinality(B))))",558ccccb9e3841888708c97112793edd
"and(subset_eq(A, difference(A, B)), or(subset_eq(A, B), greater_than(cardinality(A), cardinality(B))))",0c1bed20b29e4b8ab3e768a99bdfda5b
"and(subset_eq(A, difference(A, B)), or(subset_eq(A, B), greater_than(cardinality(A), cardinality(B))))",43b5fa28df5a4c99b9f618998f5e0699
"and(subset_eq(A, difference(A, B)), or(subset_eq(A, B), greater_than(cardinality(A), cardinality(B))))",0c1bed20b29e4b8ab3e768a99bdfda5b
"and(subset_eq(A, difference(A, B)), or(subset_eq(A, B), greater_than(cardinality(B), cardinality(A))))",147c201ab94d4f74bd1b3efdcffda913
"and(subset_eq(A, difference(A, B)), or(subset_eq(A, B), greater_than(cardinality(B), cardinality(A))))",684c6238d61f49a2934aa1aa0bff35b4
"and(subset_eq(A, difference(A, B)), or(subset_eq(A, B), greater_than(cardinality(B), cardinality(A))))",147c201ab94d4f74bd1b3efdcffda913
"and(subset_eq(A, difference(A, B)), or(subset_eq(B, A), not(subset_eq(A, B))))",41eb70e6515146f8afeec30c578dbf35
"and(subset_eq(A, difference(A, B)), or(subset_eq(B, A), not(subset_eq(A, B))))",3ef066ea466e4904a0dde7f68ca7a1c3
"and(subset_eq(A, difference(A, B)), or(subset_eq(B, A), not(subset_eq(A, B))))",41eb70e6515146f8afeec30c578dbf35
"and(subset_eq(A, difference(A, B)), or(subset_eq(B, A), equals(cardinality(A), cardinality(B))))",9252e821c5054a8f8936746ddd45e243
"and(subset_eq(A, difference(A, B)), or(subset_eq(B, A), greater_than(cardinality(A), cardinality(B))))",60b9d5adb6ac49729e5e87f575d73779
"and(subset_eq(A, difference(A, B)), or(subset_eq(B, A), greater_than(cardinality(A), cardinality(B))))",8d206d38265d41f493ab46f532c4c914
"and(subset_eq(A, difference(A, B)), or(subset_eq(B, A), greater_than(cardinality(A), cardinality(B))))",60b9d5adb6ac49729e5e87f575d73779
"and(subset_eq(A, difference(A, B)), or(subset_eq(B, A), greater_than(cardinality(B), cardinality(A))))",5c7b44030d5c416395b4ab09929db562
"and(subset_eq(A, difference(A, B)), or(subset_eq(B, A), greater_than(cardinality(B), cardinality(A))))",a739f965e4e94bf98e634d68beb0bbde
"and(subset_eq(A, difference(A, B)), or(subset_eq(B, A), greater_than(cardinality(B), cardinality(A))))",5c7b44030d5c416395b4ab09929db562
"and(subset_eq(A, difference(A, B)), or(or(subset_eq(A, B), subset_eq(B, A)), equals(cardinality(A), cardinality(B))))",0f98c5094da34a508d8aeda8b7e103a7
"and(subset_eq(A, difference(A, B)), not(and(subset_eq(A, B), subset_eq(B, A))))",9e2368e98bef46118c24dc8c68c954f5
"and(subset_eq(A, difference(A, B)), not(and(subset_eq(A, B), subset_eq(B, A))))",52b631d5c11d48e18400c0b8e153acfd
"and(subset_eq(A, difference(A, B)), not(and(subset_eq(A, B), subset_eq(B, A))))",9e2368e98bef46118c24dc8c68c954f5
"subset_eq(B, difference(difference(B, A), index(cardinality(A), B)))",09e58b2f71b94e3f8b7a29c3de56691e
"subset_eq(B, difference(difference(B, A), index(cardinality(A), B)))",f6a7300a5653496a996c51d60070bac5
"subset_eq(B, difference(difference(B, A), index(cardinality(A), B)))",09e58b2f71b94e3f8b7a29c3de56691e
"subset_eq(A, difference(difference(A, B), index(cardinality(B), A)))",f68e090d9c7c4dcab4508833342b6da3
"subset_eq(A, difference(difference(A, B), index(cardinality(B), A)))",21f8b681150a4ac0a5960b07c87687e1
"subset_eq(A, difference(difference(A, B), index(cardinality(B), A)))",f68e090d9c7c4dcab4508833342b6da3
"and(subset_eq(A, difference(A, B)), not(equals(cardinality(A), cardinality(B))))",1e293eecfb41442f9e9c429cc3a0ef70
"and(subset_eq(A, difference(A, B)), not(equals(cardinality(A), cardinality(B))))",813f94e886b645a4864ff43b5745d344
"and(subset_eq(A, difference(A, B)), not(equals(cardinality(A), cardinality(B))))",1e293eecfb41442f9e9c429cc3a0ef70
"subset_eq(A, difference(index(cardinality(A), union(A, B)), B))",369cf4a1f5744d09b00f3554d79e9571
"subset_eq(B, difference(index(cardinality(B), union(A, B)), A))",97383707b16a45dc989e7b89eb283fb9
"subset_eq(B, difference(difference(B, A), index(cardinality(A), union(A, B))))",3776d5c7c7f147a399e92d6de8c30b28
"subset_eq(B, difference(difference(B, A), index(cardinality(A), union(A, B))))",8b04eb2fae4141e8b6b3d22405ade70f
"subset_eq(B, difference(difference(B, A), index(cardinality(A), union(A, B))))",3776d5c7c7f147a399e92d6de8c30b28
"subset_eq(A, difference(difference(A, B), index(cardinality(A), union(A, B))))",8efe408a08e0491b96fe55c1e776dec7
"subset_eq(A, difference(difference(A, B), index(cardinality(A), union(A, B))))",a4f134874d284cf8b073e4b0861ee7dc
"subset_eq(A, difference(difference(A, B), index(cardinality(A), union(A, B))))",8efe408a08e0491b96fe55c1e776dec7
"subset_eq(B, difference(difference(B, A), index(cardinality(B), union(A, B))))",cb3762aa66694782aa42bc060198d901
"subset_eq(B, difference(difference(B, A), index(cardinality(B), union(A, B))))",aeffd8eeec904331b762c4ca7453e682
"subset_eq(B, difference(difference(B, A), index(cardinality(B), union(A, B))))",cb3762aa66694782aa42bc060198d901
"subset_eq(A, difference(difference(A, B), index(cardinality(B), union(A, B))))",c71f7330763942f58d96dc2584c991d0
"subset_eq(A, difference(difference(A, B), index(cardinality(B), union(A, B))))",66a192294bfd42cca5f68e44552235e4
"subset_eq(A, difference(difference(A, B), index(cardinality(B), union(A, B))))",c71f7330763942f58d96dc2584c991d0
"and(subset_eq(A, difference(A, B)), subset_eq(index(cardinality(A), B), index(cardinality(A), union(A, B))))",eda7773a227d4edcaf3dc99284abbf48
"and(subset_eq(A, difference(A, B)), subset_eq(index(cardinality(A), B), index(cardinality(A), union(A, B))))",8c2f71a88d1e4aad97fd2e15d5c7b3fc
"and(subset_eq(A, difference(A, B)), subset_eq(index(cardinality(A), B), index(cardinality(A), union(A, B))))",eda7773a227d4edcaf3dc99284abbf48
"and(subset_eq(A, difference(A, B)), subset_eq(index(cardinality(A), B), index(cardinality(B), union(A, B))))",a304b1d3e2cb45cfad8dea2be72cf0d7
"and(subset_eq(A, difference(A, B)), subset_eq(index(cardinality(A), B), index(cardinality(B), union(A, B))))",033fb87f8c154118a473a48007bc1e00
"and(subset_eq(A, difference(A, B)), subset_eq(index(cardinality(A), B), index(cardinality(B), union(A, B))))",a304b1d3e2cb45cfad8dea2be72cf0d7
"and(subset_eq(A, difference(A, B)), subset_eq(index(cardinality(B), A), index(cardinality(A), union(A, B))))",b9bbc5fa2bb94e4fbc1ee9c01372951d
"and(subset_eq(A, difference(A, B)), subset_eq(index(cardinality(B), A), index(cardinality(A), union(A, B))))",aa53d913d27f421a9cd01e386220d65d
"and(subset_eq(A, difference(A, B)), subset_eq(index(cardinality(B), A), index(cardinality(A), union(A, B))))",b9bbc5fa2bb94e4fbc1ee9c01372951d
"and(subset_eq(A, difference(A, B)), subset_eq(index(cardinality(B), A), index(cardinality(B), union(A, B))))",ba09b35887744219b0b7132666faf803
"and(subset_eq(A, difference(A, B)), subset_eq(index(cardinality(B), A), index(cardinality(B), union(A, B))))",f4ce0ded80594939954bae5a5ee603ef
"and(subset_eq(A, difference(A, B)), subset_eq(index(cardinality(B), A), index(cardinality(B), union(A, B))))",ba09b35887744219b0b7132666faf803
"subset_eq(index(cardinality(difference(A, B)), union(A, B)), index(cardinality(A), B))",82ceb1175b784ffd8c6d2d25687f3b25
"and(subset_eq(A, difference(A, B)), subset_eq(index(cardinality(A), union(A, B)), index(cardinality(B), A)))",125d8a0f4b534a4690a5f9ba777d924c
"and(subset_eq(A, difference(A, B)), subset_eq(index(cardinality(B), union(A, B)), index(cardinality(A), B)))",cb9fe117ac3a4587826735e3babc25a7
"subset_eq(index(cardinality(difference(B, A)), union(A, B)), index(cardinality(B), A))",8a360e7fe4ac485786dc3fa00aa6faf0
"and(equals(cardinality(A), cardinality(B)), or(subset_eq(A, B), subset_eq(A, difference(A, B))))",36f0d8940cdb4b14a942b28216bcc651
"and(equals(cardinality(A), cardinality(B)), or(not(subset_eq(A, B)), subset_eq(A, difference(A, A))))",17e51397213b47c0ad56276bf25267da
"and(equals(cardinality(A), cardinality(B)), or(not(subset_eq(A, B)), subset_eq(A, difference(A, A))))",748d00b3c2af4aecb6245249eeafc844
"and(equals(cardinality(A), cardinality(B)), or(not(subset_eq(A, B)), subset_eq(A, difference(A, A))))",17e51397213b47c0ad56276bf25267da
"and(equals(cardinality(A), cardinality(B)), not(subset_eq(A, difference(A, A))))",a3724c39b78245d990c59ce1b8b98012
"and(equals(cardinality(A), cardinality(B)), not(subset_eq(A, difference(A, A))))",169ebb6c640d4e85bf3e4f15c9a90929
"and(equals(cardinality(A), cardinality(B)), not(subset_eq(A, difference(A, A))))",a3724c39b78245d990c59ce1b8b98012
"and(equals(cardinality(A), cardinality(B)), not(subset_eq(A, difference(A, B))))",2221ad12f0354002bbb7ccf78bbb9aa0
"and(equals(cardinality(A), cardinality(B)), not(subset_eq(A, difference(A, B))))",3eb787937d14473195da42adb65bdab4
"and(equals(cardinality(A), cardinality(B)), not(subset_eq(A, difference(A, B))))",2221ad12f0354002bbb7ccf78bbb9aa0
"and(equals(cardinality(A), cardinality(B)), subset_eq(A, index(cardinality(A), union(A, B))))",bfbaec7a68aa435f8e42a6e9f4472203
"and(equals(cardinality(A), cardinality(B)), subset_eq(B, index(cardinality(A), union(A, B))))",d8959019b98845219d39949bef7868e0
"and(equals(cardinality(A), cardinality(B)), subset_eq(intersection(A, B), index(cardinality(A), union(A, B))))",cade849c20084d2ba0394108031d2415
"and(equals(cardinality(A), cardinality(B)), subset_eq(intersection(A, B), index(cardinality(A), union(A, B))))",0b76e26d8e7b475794eb2584e1c17826
"and(equals(cardinality(A), cardinality(B)), subset_eq(intersection(A, B), index(cardinality(A), union(A, B))))",cade849c20084d2ba0394108031d2415
"and(equals(cardinality(A), cardinality(B)), subset_eq(difference(A, B), index(cardinality(A), union(A, B))))",01061cbc48f14535a1bead997132fd96
"and(equals(cardinality(A), cardinality(B)), subset_eq(difference(B, A), index(cardinality(A), union(A, B))))",184db305d52742c98b0e253935074ceb
"and(equals(cardinality(A), cardinality(B)), subset_eq(index(cardinality(A), union(A, B)), A))",3b1b9e4d7c2e4e829505735645e7a9fc
"and(equals(cardinality(A), cardinality(B)), subset_eq(index(cardinality(A), union(A, B)), A))",952a6a0963c04e22b449aaa59c64cc4a
"and(equals(cardinality(A), cardinality(B)), subset_eq(index(cardinality(A), union(A, B)), A))",3b1b9e4d7c2e4e829505735645e7a9fc
"and(equals(cardinality(A), cardinality(B)), subset_eq(index(cardinality(A), union(A, B)), B))",c2aaafbb850e45468e8570701a76d812
"and(equals(cardinality(A), cardinality(B)), subset_eq(index(cardinality(A), union(A, B)), B))",48cfddafa07745949236977361f5c58f
"and(equals(cardinality(A), cardinality(B)), subset_eq(index(cardinality(A), union(A, B)), B))",c2aaafbb850e45468e8570701a76d812
"and(equals(cardinality(A), cardinality(B)), subset_eq(index(cardinality(A), union(A, B)), intersection(A, B)))",3e922974d49841b7b8a553be72a15e91
"and(equals(cardinality(A), cardinality(B)), subset_eq(index(cardinality(A), union(A, B)), intersection(A, B)))",b13aad9145f74ef494a2ec4f4662ceda
"and(equals(cardinality(A), cardinality(B)), subset_eq(index(cardinality(A), union(A, B)), intersection(A, B)))",3e922974d49841b7b8a553be72a15e91
"and(equals(cardinality(A), cardinality(B)), subset_eq(index(cardinality(A), union(A, B)), difference(A, B)))",cb69ba4006e2411b880e1e10e42d8b48
"and(equals(cardinality(A), cardinality(B)), subset_eq(index(cardinality(A), union(A, B)), difference(A, B)))",5fa8cd99b3e44ed083eacc2f380403f8
"and(equals(cardinality(A), cardinality(B)), subset_eq(index(cardinality(A), union(A, B)), difference(A, B)))",cb69ba4006e2411b880e1e10e42d8b48
"and(equals(cardinality(A), cardinality(B)), subset_eq(index(cardinality(A), union(A, B)), difference(B, A)))",6f5c670a1c7e490c90df1d7d6729a772
"and(equals(cardinality(A), cardinality(B)), subset_eq(index(cardinality(A), union(A, B)), difference(B, A)))",80ca5b9c6a1b40da81e2c009e4cc5968
"and(equals(cardinality(A), cardinality(B)), subset_eq(index(cardinality(A), union(A, B)), difference(B, A)))",6f5c670a1c7e490c90df1d7d6729a772
"and(equals(cardinality(A), cardinality(B)), subset_eq(index(cardinality(A), union(A, B)), union(difference(A, B), difference(B, A))))",da319890353540fa80406b3cc68cba81
"and(equals(cardinality(A), cardinality(B)), subset_eq(index(cardinality(A), union(A, B)), union(difference(A, B), difference(B, A))))",097ad0d9eadf4e94a11f6337e303e90a
"and(equals(cardinality(A), cardinality(B)), subset_eq(index(cardinality(A), union(A, B)), union(difference(A, B), difference(B, A))))",da319890353540fa80406b3cc68cba81
"and(equals(cardinality(A), cardinality(B)), equals(cardinality(intersection(A, B)), cardinality(difference(A, B))))",72e350393bf8402683e7d271be4f1ba5
"and(equals(cardinality(A), cardinality(B)), equals(cardinality(intersection(A, B)), cardinality(difference(A, B))))",21f66d0a892642d1bbbfc024e029e7cd
"and(equals(cardinality(A), cardinality(B)), equals(cardinality(intersection(A, B)), cardinality(difference(A, B))))",72e350393bf8402683e7d271be4f1ba5
"and(equals(cardinality(A), cardinality(B)), greater_than(cardinality(intersection(A, B)), cardinality(difference(A, B))))",8de68265595c485093ac028402168987
"and(equals(cardinality(A), cardinality(B)), greater_than(cardinality(intersection(A, B)), cardinality(difference(A, B))))",825b0ef761db430ab80889eb5a616a75
"and(equals(cardinality(A), cardinality(B)), greater_than(cardinality(intersection(A, B)), cardinality(difference(A, B))))",8de68265595c485093ac028402168987
"and(greater_than(cardinality(A), cardinality(B)), or(subset_eq(B, A), subset_eq(A, difference(A, B))))",2fac2a4ff5a548419ee95b08d9e31528
"and(greater_than(cardinality(A), cardinality(B)), or(subset_eq(B, A), subset_eq(A, difference(A, B))))",f62e8fd9ef0344eebd9a093dd194afe0
"and(greater_than(cardinality(A), cardinality(B)), or(subset_eq(B, A), subset_eq(A, difference(A, B))))",2fac2a4ff5a548419ee95b08d9e31528
"and(greater_than(cardinality(A), cardinality(B)), or(not(subset_eq(B, A)), subset_eq(A, difference(A, B))))",2001d9ef8b6343c7b200def78866647e
"and(greater_than(cardinality(A), cardinality(B)), or(not(subset_eq(B, A)), subset_eq(A, difference(A, B))))",6c9c8cc4462649188da1bd4aefb5d232
"and(greater_than(cardinality(A), cardinality(B)), or(not(subset_eq(B, A)), subset_eq(A, difference(A, B))))",2001d9ef8b6343c7b200def78866647e
"and(greater_than(cardinality(A), cardinality(B)), not(subset_eq(A, difference(A, B))))",b75bb50b771b4260994d01f80c9fe463
"and(greater_than(cardinality(A), cardinality(B)), not(subset_eq(A, difference(A, B))))",297728e0bd494d2abfab8cd9cb408a25
"and(greater_than(cardinality(A), cardinality(B)), not(subset_eq(A, difference(A, B))))",b75bb50b771b4260994d01f80c9fe463
"and(greater_than(cardinality(A), cardinality(B)), not(subset_eq(B, difference(A, A))))",f0add162a58c4c18bcf4525ed73b1deb
"and(greater_than(cardinality(A), cardinality(B)), not(subset_eq(B, difference(A, A))))",14f86d5b051341adb28bc28cf91aff6b
"and(greater_than(cardinality(A), cardinality(B)), not(subset_eq(B, difference(A, A))))",f0add162a58c4c18bcf4525ed73b1deb
"and(greater_than(cardinality(A), cardinality(B)), subset_eq(B, index(cardinality(A), union(A, B))))",cae231ac7a6c4cf2a4a845f739d3aea1
"and(greater_than(cardinality(A), cardinality(B)), subset_eq(B, index(cardinality(B), union(A, B))))",e1a1503ad7c54f0ea19789eab0faaf65
"and(greater_than(cardinality(A), cardinality(B)), subset_eq(intersection(A, B), index(cardinality(B), A)))",828bd53852bf4ab5b4673c3b22911285
"and(greater_than(cardinality(A), cardinality(B)), subset_eq(intersection(A, B), index(cardinality(B), A)))",6622db50cc844c678c7cd8471496dd95
"and(greater_than(cardinality(A), cardinality(B)), subset_eq(intersection(A, B), index(cardinality(B), A)))",828bd53852bf4ab5b4673c3b22911285
"and(greater_than(cardinality(A), cardinality(B)), subset_eq(intersection(A, B), index(cardinality(A), union(A, B))))",2e98d899922d4b8d9f1d8ad4b5d84d6d
"and(greater_than(cardinality(A), cardinality(B)), subset_eq(intersection(A, B), index(cardinality(A), union(A, B))))",7ae02747f1cf433fb583ed77638c956e
"and(greater_than(cardinality(A), cardinality(B)), subset_eq(intersection(A, B), index(cardinality(A), union(A, B))))",2e98d899922d4b8d9f1d8ad4b5d84d6d
"and(greater_than(cardinality(A), cardinality(B)), subset_eq(intersection(A, B), index(cardinality(B), union(A, B))))",c8033aa841f44cb29bc7dbad85e5086d
"and(greater_than(cardinality(A), cardinality(B)), subset_eq(intersection(A, B), index(cardinality(B), union(A, B))))",95fb1aaa55de4623be17a41a86fc99c4
"and(greater_than(cardinality(A), cardinality(B)), subset_eq(intersection(A, B), index(cardinality(B), union(A, B))))",c8033aa841f44cb29bc7dbad85e5086d
"and(greater_than(cardinality(A), cardinality(B)), subset_eq(difference(B, A), index(cardinality(A), union(A, B))))",1346406117fe4fb88280f95d6674a97c
"and(greater_than(cardinality(A), cardinality(B)), subset_eq(difference(B, A), index(cardinality(A), union(A, B))))",27854ed8301e41a3925725c92de7efa1
"and(greater_than(cardinality(A), cardinality(B)), subset_eq(difference(B, A), index(cardinality(A), union(A, B))))",1346406117fe4fb88280f95d6674a97c
"and(greater_than(cardinality(A), cardinality(B)), subset_eq(difference(B, A), index(cardinality(B), union(A, B))))",d55115513f6c45dda6722ab31ccee0cc
"and(greater_than(cardinality(A), cardinality(B)), subset_eq(difference(B, A), index(cardinality(B), union(A, B))))",82626dd8dbc0439aae57004c1e1dceda
"and(greater_than(cardinality(A), cardinality(B)), subset_eq(difference(B, A), index(cardinality(B), union(A, B))))",d55115513f6c45dda6722ab31ccee0cc
"not(subset_eq(index(cardinality(B), A), difference(A, B)))",cc298c7338cf44689c80e18d27fe9814
"not(subset_eq(index(cardinality(B), A), difference(A, B)))",88b51c30d49b4aaeab77e66ceff1fa90
"not(subset_eq(index(cardinality(B), A), difference(A, B)))",cc298c7338cf44689c80e18d27fe9814
"and(greater_than(cardinality(A), cardinality(B)), subset_eq(index(cardinality(A), union(A, B)), A))",63113865ca9b4f4a9c02e1293586195f
"and(greater_than(cardinality(A), cardinality(B)), subset_eq(index(cardinality(A), union(A, B)), A))",7bc3476130de47449fa7fec01a310b2a
"and(greater_than(cardinality(A), cardinality(B)), subset_eq(index(cardinality(A), union(A, B)), A))",63113865ca9b4f4a9c02e1293586195f
"and(greater_than(cardinality(A), cardinality(B)), subset_eq(index(cardinality(A), union(A, B)), B))",bb9b9e698f204e05934b93ae5e935840
"and(greater_than(cardinality(A), cardinality(B)), subset_eq(index(cardinality(A), union(A, B)), B))",e4926732515840a5b55c6ad4fdab8b48
"and(greater_than(cardinality(A), cardinality(B)), subset_eq(index(cardinality(A), union(A, B)), B))",bb9b9e698f204e05934b93ae5e935840
"and(greater_than(cardinality(A), cardinality(B)), subset_eq(index(cardinality(B), union(A, B)), A))",9f396a6cb5e342a9a42b123f0271afab
"and(greater_than(cardinality(A), cardinality(B)), subset_eq(index(cardinality(B), union(A, B)), A))",c4983c898be34a25bf4de00008204cfb
"and(greater_than(cardinality(A), cardinality(B)), subset_eq(index(cardinality(B), union(A, B)), A))",9f396a6cb5e342a9a42b123f0271afab
"and(greater_than(cardinality(A), cardinality(B)), subset_eq(index(cardinality(B), union(A, B)), B))",ea8354d668d54fdcb35e15a476118917
"and(greater_than(cardinality(A), cardinality(B)), subset_eq(index(cardinality(B), union(A, B)), B))",db24b71374e64e5f85c5faf54888f055
"and(greater_than(cardinality(A), cardinality(B)), subset_eq(index(cardinality(B), union(A, B)), B))",ea8354d668d54fdcb35e15a476118917
"greater_than(cardinality(index(cardinality(B), A)), cardinality(index(cardinality(B), difference(A, B))))",1923afb3c2cc47b7a7e1c4606d19a3ac
"greater_than(cardinality(index(cardinality(B), A)), cardinality(index(cardinality(B), difference(A, B))))",21ba4561534240e7a4efc7580b7f8945
"greater_than(cardinality(index(cardinality(B), A)), cardinality(index(cardinality(B), difference(A, B))))",1923afb3c2cc47b7a7e1c4606d19a3ac
"not(subset_eq(index(cardinality(B), A), B))",26eb763fbd7a4cf8ac808b5d7e29ad1b
"not(subset_eq(index(cardinality(B), A), B))",7b359ccc8d2f49bbbc34690507c61b46
"not(subset_eq(index(cardinality(B), A), B))",26eb763fbd7a4cf8ac808b5d7e29ad1b
"and(greater_than(cardinality(A), cardinality(B)), subset_eq(index(cardinality(A), union(A, B)), intersection(A, B)))",67e5941ad4ea4ac9be9df466cc82b0ce
"and(greater_than(cardinality(A), cardinality(B)), subset_eq(index(cardinality(A), union(A, B)), intersection(A, B)))",30073b94e8b34aabafb52800a2618710
"and(greater_than(cardinality(A), cardinality(B)), subset_eq(index(cardinality(A), union(A, B)), intersection(A, B)))",67e5941ad4ea4ac9be9df466cc82b0ce
"and(greater_than(cardinality(A), cardinality(B)), subset_eq(index(cardinality(A), union(A, B)), difference(A, B)))",c4ccd8b7b9cf4152b55c9f90bb366b16
"and(greater_than(cardinality(A), cardinality(B)), subset_eq(index(cardinality(A), union(A, B)), difference(A, B)))",5b801d3b76d84eaebe428731e29fd892
"and(greater_than(cardinality(A), cardinality(B)), subset_eq(index(cardinality(A), union(A, B)), difference(A, B)))",c4ccd8b7b9cf4152b55c9f90bb366b16
"and(greater_than(cardinality(A), cardinality(B)), subset_eq(index(cardinality(B), union(A, B)), intersection(A, B)))",a336a89a6fd74c48a51bb0ec6a89dcfa
"and(greater_than(cardinality(A), cardinality(B)), subset_eq(index(cardinality(B), union(A, B)), intersection(A, B)))",75605fe596d14a8288b124d82d5843b9
"and(greater_than(cardinality(A), cardinality(B)), subset_eq(index(cardinality(B), union(A, B)), intersection(A, B)))",a336a89a6fd74c48a51bb0ec6a89dcfa
"and(greater_than(cardinality(A), cardinality(B)), subset_eq(index(cardinality(B), union(A, B)), difference(A, B)))",d9c324a34d2e4398ab0fd1d8bf00a27c
"and(greater_than(cardinality(A), cardinality(B)), subset_eq(index(cardinality(B), union(A, B)), difference(A, B)))",85a3746fc36945eea12b749fb0688146
"and(greater_than(cardinality(A), cardinality(B)), subset_eq(index(cardinality(B), union(A, B)), difference(A, B)))",d9c324a34d2e4398ab0fd1d8bf00a27c
"and(greater_than(cardinality(A), cardinality(B)), subset_eq(index(cardinality(B), union(A, B)), difference(B, A)))",654288e36e57459b89cb347241c03bd2
"and(greater_than(cardinality(A), cardinality(B)), subset_eq(index(cardinality(B), union(A, B)), difference(B, A)))",147a9c17c46844808b57698a7b57a5a3
"and(greater_than(cardinality(A), cardinality(B)), subset_eq(index(cardinality(B), union(A, B)), difference(B, A)))",654288e36e57459b89cb347241c03bd2
"and(greater_than(cardinality(A), cardinality(B)), subset_eq(index(cardinality(B), A), index(cardinality(B), difference(A, B))))",d1980ee491fc4b259881f492d357ccea
"and(greater_than(cardinality(A), cardinality(B)), subset_eq(index(cardinality(B), A), index(cardinality(B), difference(A, B))))",b805701eaeb04b82951b1c6b9c4f3299
"and(greater_than(cardinality(A), cardinality(B)), subset_eq(index(cardinality(B), A), index(cardinality(B), difference(A, B))))",d1980ee491fc4b259881f492d357ccea
"and(greater_than(cardinality(A), cardinality(B)), subset_eq(index(cardinality(A), union(A, B)), union(difference(A, B), difference(B, A))))",1806c853815c46589c2329658a907f7a
"and(greater_than(cardinality(A), cardinality(B)), subset_eq(index(cardinality(A), union(A, B)), union(difference(A, B), difference(B, A))))",93cf19fd33b64e6f80bdef4a5fa8a275
"and(greater_than(cardinality(A), cardinality(B)), subset_eq(index(cardinality(A), union(A, B)), union(difference(A, B), difference(B, A))))",1806c853815c46589c2329658a907f7a
"and(greater_than(cardinality(A), cardinality(B)), subset_eq(index(cardinality(B), union(A, B)), union(difference(A, B), difference(B, A))))",14f050fac54340d089adb8257f811190
"and(greater_than(cardinality(A), cardinality(B)), subset_eq(index(cardinality(B), union(A, B)), union(difference(A, B), difference(B, A))))",73363f0ad7154fd58c3e32f024d8c129
"and(greater_than(cardinality(A), cardinality(B)), subset_eq(index(cardinality(B), union(A, B)), union(difference(A, B), difference(B, A))))",14f050fac54340d089adb8257f811190
"and(greater_than(cardinality(A), cardinality(B)), subset_eq(index(cardinality(B), difference(A, B)), index(cardinality(B), A)))",41ac876d2bc7418aa4a485af647a0512
"and(greater_than(cardinality(A), cardinality(B)), subset_eq(index(cardinality(B), difference(A, B)), index(cardinality(B), A)))",9045c509ad1f477fafb51ec98f7e08a4
"and(greater_than(cardinality(A), cardinality(B)), subset_eq(index(cardinality(B), difference(A, B)), index(cardinality(B), A)))",41ac876d2bc7418aa4a485af647a0512
"and(greater_than(cardinality(A), cardinality(B)), subset_eq(index(cardinality(B), difference(A, B)), index(cardinality(A), union(A, B))))",7e68d4d7d5ef48adb4aa0dde9977a706
"and(greater_than(cardinality(A), cardinality(B)), subset_eq(index(cardinality(B), difference(A, B)), index(cardinality(A), union(A, B))))",e4da3920b4054418861a9c2937353a22
"and(greater_than(cardinality(A), cardinality(B)), subset_eq(index(cardinality(B), difference(A, B)), index(cardinality(A), union(A, B))))",7e68d4d7d5ef48adb4aa0dde9977a706
"and(greater_than(cardinality(A), cardinality(B)), subset_eq(index(cardinality(B), difference(A, B)), index(cardinality(B), union(A, B))))",d494aa5e940b4067947441f66522555e
"and(greater_than(cardinality(A), cardinality(B)), subset_eq(index(cardinality(B), difference(A, B)), index(cardinality(B), union(A, B))))",0d8d528212444c1fafb7703314bf856e
"and(greater_than(cardinality(A), cardinality(B)), subset_eq(index(cardinality(B), difference(A, B)), index(cardinality(B), union(A, B))))",d494aa5e940b4067947441f66522555e
"and(greater_than(cardinality(A), cardinality(B)), equals(cardinality(B), cardinality(difference(A, B))))",17964664d01445af8344b0a98ff9673f
"and(greater_than(cardinality(A), cardinality(B)), equals(cardinality(B), cardinality(difference(A, B))))",fe18bef7793145b88ed700c9b12d95bc
"and(greater_than(cardinality(A), cardinality(B)), equals(cardinality(B), cardinality(difference(A, B))))",17964664d01445af8344b0a98ff9673f
"and(greater_than(cardinality(A), cardinality(B)), equals(cardinality(intersection(A, B)), cardinality(difference(A, B))))",66f4e3d23ca24ff588ac08c69bbe699f
"and(greater_than(cardinality(A), cardinality(B)), equals(cardinality(intersection(A, B)), cardinality(difference(A, B))))",0f58e149cfcb41d6b701a10f52aff555
"and(greater_than(cardinality(A), cardinality(B)), equals(cardinality(intersection(A, B)), cardinality(difference(A, B))))",66f4e3d23ca24ff588ac08c69bbe699f
"and(greater_than(cardinality(A), cardinality(B)), equals(cardinality(intersection(A, B)), cardinality(difference(B, A))))",885a24bcc89a40f9b543be75280afdb9
"and(greater_than(cardinality(A), cardinality(B)), equals(cardinality(intersection(A, B)), cardinality(difference(B, A))))",3bfccda5547143d59236cc5700aaf2bc
"and(greater_than(cardinality(A), cardinality(B)), equals(cardinality(intersection(A, B)), cardinality(difference(B, A))))",885a24bcc89a40f9b543be75280afdb9
"and(greater_than(cardinality(A), cardinality(B)), greater_than(cardinality(B), cardinality(difference(A, B))))",55a824323f3348b3b550739f2ce1b2ed
"and(greater_than(cardinality(A), cardinality(B)), greater_than(cardinality(B), cardinality(difference(A, B))))",38015d707f59455e87a222d7259376d7
"and(greater_than(cardinality(A), cardinality(B)), greater_than(cardinality(B), cardinality(difference(A, B))))",55a824323f3348b3b550739f2ce1b2ed
"and(greater_than(cardinality(A), cardinality(B)), greater_than(cardinality(intersection(A, B)), cardinality(difference(B, A))))",b421010f72a7484787cbebb61a3123a7
"and(greater_than(cardinality(A), cardinality(B)), greater_than(cardinality(intersection(A, B)), cardinality(difference(B, A))))",24cf41f0b94141dca6f6a8ca8e03a05f
"and(greater_than(cardinality(A), cardinality(B)), greater_than(cardinality(intersection(A, B)), cardinality(difference(B, A))))",b421010f72a7484787cbebb61a3123a7
"and(greater_than(cardinality(A), cardinality(B)), greater_than(cardinality(difference(A, B)), cardinality(intersection(A, B))))",9ec108a959e1489f8eb9a9d49df43705
"and(greater_than(cardinality(A), cardinality(B)), greater_than(cardinality(difference(A, B)), cardinality(intersection(A, B))))",ea91488c1c6a4982ac219218215eec8f
"and(greater_than(cardinality(A), cardinality(B)), greater_than(cardinality(difference(A, B)), cardinality(intersection(A, B))))",9ec108a959e1489f8eb9a9d49df43705
"and(greater_than(cardinality(B), cardinality(A)), or(subset_eq(A, B), subset_eq(A, difference(A, B))))",5c8bfa2509904c96ad6144faee6effcb
"and(greater_than(cardinality(B), cardinality(A)), or(subset_eq(A, B), subset_eq(A, difference(A, B))))",fb76e447903d4a4c826fc9287197a53a
"and(greater_than(cardinality(B), cardinality(A)), or(subset_eq(A, B), subset_eq(A, difference(A, B))))",5c8bfa2509904c96ad6144faee6effcb
"and(greater_than(cardinality(B), cardinality(A)), or(not(subset_eq(A, B)), subset_eq(A, difference(A, A))))",cbd6b164b20c492e83cfb1df19529aaf
"and(greater_than(cardinality(B), cardinality(A)), or(not(subset_eq(A, B)), subset_eq(A, difference(A, A))))",bb1933b73277462dbb346374c9dc9227
"and(greater_than(cardinality(B), cardinality(A)), or(not(subset_eq(A, B)), subset_eq(A, difference(A, A))))",cbd6b164b20c492e83cfb1df19529aaf
"and(greater_than(cardinality(B), cardinality(A)), not(subset_eq(A, difference(A, A))))",79bc7245665f4669a835cdc399841001
"and(greater_than(cardinality(B), cardinality(A)), not(subset_eq(A, difference(A, A))))",39868da6aee944cb947f9f2b017d5012
"and(greater_than(cardinality(B), cardinality(A)), not(subset_eq(A, difference(A, A))))",79bc7245665f4669a835cdc399841001
"and(greater_than(cardinality(B), cardinality(A)), not(subset_eq(A, difference(A, B))))",ad54f09a083b499c8adec5f4815b1e24
"and(greater_than(cardinality(B), cardinality(A)), not(subset_eq(A, difference(A, B))))",85163c03b403404dbe77e8dfacd98b8b
"and(greater_than(cardinality(B), cardinality(A)), not(subset_eq(A, difference(A, B))))",ad54f09a083b499c8adec5f4815b1e24
"and(greater_than(cardinality(B), cardinality(A)), subset_eq(A, index(cardinality(A), union(A, B))))",d12433ab187040348254c8926513d71a
"and(greater_than(cardinality(B), cardinality(A)), subset_eq(A, index(cardinality(B), union(A, B))))",48d410f95c604c07b7555bc538556b14
"and(greater_than(cardinality(B), cardinality(A)), subset_eq(intersection(A, B), index(cardinality(A), B)))",af0be87e02e140478328f291ea91c819
"and(greater_than(cardinality(B), cardinality(A)), subset_eq(intersection(A, B), index(cardinality(A), B)))",5b471fe213fc46b08d5e3bf3179230e0
"and(greater_than(cardinality(B), cardinality(A)), subset_eq(intersection(A, B), index(cardinality(A), B)))",af0be87e02e140478328f291ea91c819
"and(greater_than(cardinality(B), cardinality(A)), subset_eq(intersection(A, B), index(cardinality(A), union(A, B))))",524d45b9ca4b42a0841179c1cd9e6afd
"and(greater_than(cardinality(B), cardinality(A)), subset_eq(intersection(A, B), index(cardinality(A), union(A, B))))",98f1c78fc0794ed4be8628550a02dfe5
"and(greater_than(cardinality(B), cardinality(A)), subset_eq(intersection(A, B), index(cardinality(A), union(A, B))))",524d45b9ca4b42a0841179c1cd9e6afd
"and(greater_than(cardinality(B), cardinality(A)), subset_eq(intersection(A, B), index(cardinality(B), union(A, B))))",c424110515e94768b042364c8e1dd3b3
"and(greater_than(cardinality(B), cardinality(A)), subset_eq(intersection(A, B), index(cardinality(B), union(A, B))))",ef36534050e94fce8b7333c011605838
"and(greater_than(cardinality(B), cardinality(A)), subset_eq(intersection(A, B), index(cardinality(B), union(A, B))))",c424110515e94768b042364c8e1dd3b3
"and(greater_than(cardinality(B), cardinality(A)), subset_eq(difference(A, B), index(cardinality(A), union(A, B))))",eee0658d05034391af5b7ff1da130f19
"and(greater_than(cardinality(B), cardinality(A)), subset_eq(difference(A, B), index(cardinality(A), union(A, B))))",2c6c4e2bfbcc4264b4e1a55aca64b11e
"and(greater_than(cardinality(B), cardinality(A)), subset_eq(difference(A, B), index(cardinality(A), union(A, B))))",eee0658d05034391af5b7ff1da130f19
"and(greater_than(cardinality(B), cardinality(A)), subset_eq(difference(A, B), index(cardinality(B), union(A, B))))",1a40036d9dc74a7cbc4f7643c0724db2
"and(greater_than(cardinality(B), cardinality(A)), subset_eq(difference(A, B), index(cardinality(B), union(A, B))))",3296c821fefd4fcaa5c67481cafdf056
"and(greater_than(cardinality(B), cardinality(A)), subset_eq(difference(A, B), index(cardinality(B), union(A, B))))",1a40036d9dc74a7cbc4f7643c0724db2
"not(subset_eq(index(cardinality(A), B), difference(B, A)))",68ca9f1f68a34079afa216ba4511768d
"not(subset_eq(index(cardinality(A), B), difference(B, A)))",4d957f79548a4ac6993aea8560159463
"not(subset_eq(index(cardinality(A), B), difference(B, A)))",68ca9f1f68a34079afa216ba4511768d
"and(greater_than(cardinality(B), cardinality(A)), subset_eq(index(cardinality(A), union(A, B)), A))",433e5792f1364c61938ff30b7ddbac9b
"and(greater_than(cardinality(B), cardinality(A)), subset_eq(index(cardinality(A), union(A, B)), A))",2aa003c1f498466daca01fa174c2a4f6
"and(greater_than(cardinality(B), cardinality(A)), subset_eq(index(cardinality(A), union(A, B)), A))",433e5792f1364c61938ff30b7ddbac9b
"and(greater_than(cardinality(B), cardinality(A)), subset_eq(index(cardinality(A), union(A, B)), B))",fea6632a86af4987bf995432191e1774
"and(greater_than(cardinality(B), cardinality(A)), subset_eq(index(cardinality(A), union(A, B)), B))",5101b4493a254eec8a72f74d57a25a9e
"and(greater_than(cardinality(B), cardinality(A)), subset_eq(index(cardinality(A), union(A, B)), B))",fea6632a86af4987bf995432191e1774
"greater_than(cardinality(index(cardinality(A), B)), cardinality(index(cardinality(A), difference(B, A))))",b94c26428a8b4fe98c55f58715086e81
"greater_than(cardinality(index(cardinality(A), B)), cardinality(index(cardinality(A), difference(B, A))))",580cfc4ee6e749718324428c6b096e1b
"greater_than(cardinality(index(cardinality(A), B)), cardinality(index(cardinality(A), difference(B, A))))",b94c26428a8b4fe98c55f58715086e81
"and(greater_than(cardinality(B), cardinality(A)), subset_eq(index(cardinality(B), union(A, B)), A))",1a07753344e340b2bd91a3666f54a9c8
"and(greater_than(cardinality(B), cardinality(A)), subset_eq(index(cardinality(B), union(A, B)), A))",bfac48817abd49088ab7495357221c42
"and(greater_than(cardinality(B), cardinality(A)), subset_eq(index(cardinality(B), union(A, B)), A))",1a07753344e340b2bd91a3666f54a9c8
"and(greater_than(cardinality(B), cardinality(A)), subset_eq(index(cardinality(B), union(A, B)), B))",626b8df2caad484887db616806bc4297
"and(greater_than(cardinality(B), cardinality(A)), subset_eq(index(cardinality(B), union(A, B)), B))",d5f8ab55bf5040b6b1a5185d266b530e
"and(greater_than(cardinality(B), cardinality(A)), subset_eq(index(cardinality(B), union(A, B)), B))",626b8df2caad484887db616806bc4297
"not(subset_eq(index(cardinality(A), B), A))",a00e10801d62462897565949c0e8bdfc
"not(subset_eq(index(cardinality(A), B), A))",a4e37f44f553447a8063265b043d2196
"not(subset_eq(index(cardinality(A), B), A))",a00e10801d62462897565949c0e8bdfc
"and(greater_than(cardinality(B), cardinality(A)), subset_eq(index(cardinality(A), union(A, B)), intersection(A, B)))",6c5ce6c2dca5422983cd1f5e2efdf086
"and(greater_than(cardinality(B), cardinality(A)), subset_eq(index(cardinality(A), union(A, B)), intersection(A, B)))",7713389da5b54cfc963631f7eae4d469
"and(greater_than(cardinality(B), cardinality(A)), subset_eq(index(cardinality(A), union(A, B)), intersection(A, B)))",6c5ce6c2dca5422983cd1f5e2efdf086
"and(greater_than(cardinality(B), cardinality(A)), subset_eq(index(cardinality(A), union(A, B)), difference(A, B)))",a48f43ef64264b3fb014c8708ea95e2c
"and(greater_than(cardinality(B), cardinality(A)), subset_eq(index(cardinality(A), union(A, B)), difference(A, B)))",c72b854b673d45fca965c7a8076e0df3
"and(greater_than(cardinality(B), cardinality(A)), subset_eq(index(cardinality(A), union(A, B)), difference(A, B)))",a48f43ef64264b3fb014c8708ea95e2c
"and(greater_than(cardinality(B), cardinality(A)), subset_eq(index(cardinality(A), union(A, B)), difference(B, A)))",a666dcb06a914ae8b4eebf4bf87d96b9
"and(greater_than(cardinality(B), cardinality(A)), subset_eq(index(cardinality(A), union(A, B)), difference(B, A)))",6a51d9950df74d53ac1d1060034f61dc
"and(greater_than(cardinality(B), cardinality(A)), subset_eq(index(cardinality(A), union(A, B)), difference(B, A)))",a666dcb06a914ae8b4eebf4bf87d96b9
"and(greater_than(cardinality(B), cardinality(A)), subset_eq(index(cardinality(B), union(A, B)), intersection(A, B)))",607e2806b56b41f9a211aef8b011c947
"and(greater_than(cardinality(B), cardinality(A)), subset_eq(index(cardinality(B), union(A, B)), intersection(A, B)))",34da532a65144d7c89df295d60ed6d1f
"and(greater_than(cardinality(B), cardinality(A)), subset_eq(index(cardinality(B), union(A, B)), intersection(A, B)))",607e2806b56b41f9a211aef8b011c947
"and(greater_than(cardinality(B), cardinality(A)), subset_eq(index(cardinality(B), union(A, B)), difference(B, A)))",36cb6a28f8d54f73938c8bcc58e2fa28
"and(greater_than(cardinality(B), cardinality(A)), subset_eq(index(cardinality(B), union(A, B)), difference(B, A)))",55e67bd51e15444c8268770e5c9905fc
"and(greater_than(cardinality(B), cardinality(A)), subset_eq(index(cardinality(B), union(A, B)), difference(B, A)))",36cb6a28f8d54f73938c8bcc58e2fa28
"and(greater_than(cardinality(B), cardinality(A)), subset_eq(index(cardinality(A), B), index(cardinality(A), difference(B, A))))",28f800bb02a34f63a59c01c3d254ef6f
"and(greater_than(cardinality(B), cardinality(A)), subset_eq(index(cardinality(A), B), index(cardinality(A), difference(B, A))))",524726ac3b934f44b05a4bc63e4719fa
"and(greater_than(cardinality(B), cardinality(A)), subset_eq(index(cardinality(A), B), index(cardinality(A), difference(B, A))))",28f800bb02a34f63a59c01c3d254ef6f
"and(greater_than(cardinality(B), cardinality(A)), subset_eq(index(cardinality(A), union(A, B)), union(difference(A, B), difference(B, A))))",96383eafa56e478ba583c9fa101bef58
"and(greater_than(cardinality(B), cardinality(A)), subset_eq(index(cardinality(A), union(A, B)), union(difference(A, B), difference(B, A))))",01e2990bfc23437d9f41bedb4cd2cede
"and(greater_than(cardinality(B), cardinality(A)), subset_eq(index(cardinality(A), union(A, B)), union(difference(A, B), difference(B, A))))",96383eafa56e478ba583c9fa101bef58
"and(greater_than(cardinality(B), cardinality(A)), subset_eq(index(cardinality(A), difference(B, A)), index(cardinality(A), B)))",2043d36a5a2246d2a21e706613667f92
"and(greater_than(cardinality(B), cardinality(A)), subset_eq(index(cardinality(A), difference(B, A)), index(cardinality(A), B)))",a5165d9d205949b288e544c0a64014a0
"and(greater_than(cardinality(B), cardinality(A)), subset_eq(index(cardinality(A), difference(B, A)), index(cardinality(A), B)))",2043d36a5a2246d2a21e706613667f92
"and(greater_than(cardinality(B), cardinality(A)), subset_eq(index(cardinality(A), difference(B, A)), index(cardinality(A), union(A, B))))",14ddfcc0403c4901ba3f0cbfb606ee08
"and(greater_than(cardinality(B), cardinality(A)), subset_eq(index(cardinality(A), difference(B, A)), index(cardinality(A), union(A, B))))",c6bca6aff30246a2b6c6736851b040c4
"and(greater_than(cardinality(B), cardinality(A)), subset_eq(index(cardinality(A), difference(B, A)), index(cardinality(A), union(A, B))))",14ddfcc0403c4901ba3f0cbfb606ee08
"and(greater_than(cardinality(B), cardinality(A)), subset_eq(index(cardinality(A), difference(B, A)), index(cardinality(B), union(A, B))))",532b97e6dc2e4d09a091285fb420b893
"and(greater_than(cardinality(B), cardinality(A)), subset_eq(index(cardinality(A), difference(B, A)), index(cardinality(B), union(A, B))))",9e43d5f662f64ef19fb8fc2a0630cdc2
"and(greater_than(cardinality(B), cardinality(A)), subset_eq(index(cardinality(A), difference(B, A)), index(cardinality(B), union(A, B))))",532b97e6dc2e4d09a091285fb420b893
"and(greater_than(cardinality(B), cardinality(A)), subset_eq(index(cardinality(B), union(A, B)), union(difference(A, B), difference(B, A))))",0b9f77fb5fd9430cbfdd2d1d5ed60138
"and(greater_than(cardinality(B), cardinality(A)), subset_eq(index(cardinality(B), union(A, B)), union(difference(A, B), difference(B, A))))",4cbfcc333625424d8f810922462f70f3
"and(greater_than(cardinality(B), cardinality(A)), subset_eq(index(cardinality(B), union(A, B)), union(difference(A, B), difference(B, A))))",0b9f77fb5fd9430cbfdd2d1d5ed60138
"and(greater_than(cardinality(B), cardinality(A)), equals(cardinality(A), cardinality(difference(B, A))))",11d293ba2a5f4463aa6b1e204a3aa7e5
"and(greater_than(cardinality(B), cardinality(A)), equals(cardinality(A), cardinality(difference(B, A))))",41f54375e79146a195e8b23ae42eb35f
"and(greater_than(cardinality(B), cardinality(A)), equals(cardinality(A), cardinality(difference(B, A))))",11d293ba2a5f4463aa6b1e204a3aa7e5
"and(greater_than(cardinality(B), cardinality(A)), equals(cardinality(intersection(A, B)), cardinality(difference(A, B))))",ccae5820c0284e68970ed01fea59fd0e
"and(greater_than(cardinality(B), cardinality(A)), equals(cardinality(intersection(A, B)), cardinality(difference(A, B))))",d5b45126fc00442899b96938b021a24c
"and(greater_than(cardinality(B), cardinality(A)), equals(cardinality(intersection(A, B)), cardinality(difference(A, B))))",ccae5820c0284e68970ed01fea59fd0e
"and(greater_than(cardinality(B), cardinality(A)), equals(cardinality(intersection(A, B)), cardinality(difference(B, A))))",220f5f42930244839c807eb40620fb97
"and(greater_than(cardinality(B), cardinality(A)), equals(cardinality(intersection(A, B)), cardinality(difference(B, A))))",654892e1809b4d61a7e70ecb3ea3fe7e
"and(greater_than(cardinality(B), cardinality(A)), equals(cardinality(intersection(A, B)), cardinality(difference(B, A))))",220f5f42930244839c807eb40620fb97
"and(greater_than(cardinality(B), cardinality(A)), greater_than(cardinality(A), cardinality(difference(B, A))))",99551f39d6f94f9aa8f89eb36ad90ff8
"and(greater_than(cardinality(B), cardinality(A)), greater_than(cardinality(A), cardinality(difference(B, A))))",936e4d030cc5489690fc7e6a05544b8e
"and(greater_than(cardinality(B), cardinality(A)), greater_than(cardinality(A), cardinality(difference(B, A))))",99551f39d6f94f9aa8f89eb36ad90ff8
"and(greater_than(cardinality(B), cardinality(A)), greater_than(cardinality(intersection(A, B)), cardinality(difference(A, B))))",6f18704b5f59417088b62fb9abb37dbe
"and(greater_than(cardinality(B), cardinality(A)), greater_than(cardinality(intersection(A, B)), cardinality(difference(A, B))))",ec5729183168435684f732d260a4970d
"and(greater_than(cardinality(B), cardinality(A)), greater_than(cardinality(intersection(A, B)), cardinality(difference(A, B))))",6f18704b5f59417088b62fb9abb37dbe
"and(greater_than(cardinality(B), cardinality(A)), greater_than(cardinality(difference(B, A)), cardinality(intersection(A, B))))",13c532ec2bff470397697ccee286ecbb
"and(greater_than(cardinality(B), cardinality(A)), greater_than(cardinality(difference(B, A)), cardinality(intersection(A, B))))",e7524a1cfbbc4bb68c3a4f7d76c14666
"and(greater_than(cardinality(B), cardinality(A)), greater_than(cardinality(difference(B, A)), cardinality(intersection(A, B))))",13c532ec2bff470397697ccee286ecbb
"and(and(subset_eq(A, B), not(subset_eq(B, A))), subset_eq(index(cardinality(A), B), A))",e059729984034050a8155d24fd18e1a3
"and(and(subset_eq(A, B), not(subset_eq(B, A))), subset_eq(index(cardinality(A), B), A))",ebd2cb269c0c400e87fac49483231298
"and(and(subset_eq(A, B), not(subset_eq(B, A))), subset_eq(index(cardinality(A), B), A))",e059729984034050a8155d24fd18e1a3
"and(and(subset_eq(A, B), not(subset_eq(B, A))), subset_eq(index(cardinality(A), difference(B, A)), A))",87228a76e35e4ecd875ec1eb0f53f9b0
"and(and(subset_eq(A, B), not(subset_eq(B, A))), subset_eq(index(cardinality(A), difference(B, A)), A))",be2ed5b9ff744861865cae6f4f797308
"and(and(subset_eq(A, B), not(subset_eq(B, A))), subset_eq(index(cardinality(A), difference(B, A)), A))",87228a76e35e4ecd875ec1eb0f53f9b0
"and(and(subset_eq(A, B), not(subset_eq(B, A))), subset_eq(index(cardinality(A), B), difference(B, A)))",9fd70eeda16a47c18120f759ccd7f2f4
"and(and(subset_eq(A, B), not(subset_eq(B, A))), subset_eq(index(cardinality(A), B), difference(B, A)))",5ef7bd76cfab4b969c0e644e39481772
"and(and(subset_eq(A, B), not(subset_eq(B, A))), subset_eq(index(cardinality(A), B), difference(B, A)))",9fd70eeda16a47c18120f759ccd7f2f4
"and(and(subset_eq(A, B), not(subset_eq(B, A))), subset_eq(index(cardinality(A), B), index(cardinality(A), difference(B, A))))",a0e3cbdd5a284751b2dbb192e493ecf0
"and(and(subset_eq(A, B), not(subset_eq(B, A))), subset_eq(index(cardinality(A), difference(B, A)), index(cardinality(A), B)))",e29e48095ae84050bcbb3fd31c337aff
"and(and(subset_eq(A, B), not(subset_eq(B, A))), subset_eq(index(cardinality(A), difference(B, A)), index(cardinality(A), B)))",0d8c9fc7ccc24283a7809e711499c9ee
"and(and(subset_eq(A, B), not(subset_eq(B, A))), subset_eq(index(cardinality(A), difference(B, A)), index(cardinality(A), B)))",e29e48095ae84050bcbb3fd31c337aff
"and(and(subset_eq(B, A), not(subset_eq(A, B))), subset_eq(index(cardinality(B), A), B))",0d372230393b4c73a606ea7feb4eb668
"and(and(subset_eq(B, A), not(subset_eq(A, B))), subset_eq(index(cardinality(B), A), B))",445bdce2e12443038882278352b08b26
"and(and(subset_eq(B, A), not(subset_eq(A, B))), subset_eq(index(cardinality(B), A), B))",0d372230393b4c73a606ea7feb4eb668
"and(and(subset_eq(B, A), not(subset_eq(A, B))), subset_eq(index(cardinality(B), difference(A, B)), B))",5962a42fd4174dbf8e01bfa2ef2ed222
"and(and(subset_eq(B, A), not(subset_eq(A, B))), subset_eq(index(cardinality(B), difference(A, B)), B))",f6f40d5fa19e43e2beaa6230b331fe76
"and(and(subset_eq(B, A), not(subset_eq(A, B))), subset_eq(index(cardinality(B), difference(A, B)), B))",5962a42fd4174dbf8e01bfa2ef2ed222
"and(and(subset_eq(B, A), not(subset_eq(A, B))), subset_eq(index(cardinality(B), A), difference(A, B)))",971dceb548d34ca7a7645219c56ec2c6
"and(and(subset_eq(B, A), not(subset_eq(A, B))), subset_eq(index(cardinality(B), A), difference(A, B)))",64a8798de75d4ae0989d401e3b5444f4
"and(and(subset_eq(B, A), not(subset_eq(A, B))), subset_eq(index(cardinality(B), A), difference(A, B)))",971dceb548d34ca7a7645219c56ec2c6
"and(and(subset_eq(B, A), not(subset_eq(A, B))), subset_eq(index(cardinality(B), A), index(cardinality(B), difference(A, B))))",4d7863a21b1d415887bbd149db7e53b4
"and(and(subset_eq(B, A), not(subset_eq(A, B))), subset_eq(index(cardinality(B), difference(A, B)), index(cardinality(B), A)))",de522405f6924eb2a5389585292cbe7a
"and(and(subset_eq(B, A), not(subset_eq(A, B))), subset_eq(index(cardinality(B), difference(A, B)), index(cardinality(B), A)))",7f778dde1a3f49bfb7783fc230edd107
"and(and(subset_eq(B, A), not(subset_eq(A, B))), subset_eq(index(cardinality(B), difference(A, B)), index(cardinality(B), A)))",de522405f6924eb2a5389585292cbe7a
"and(or(subset_eq(A, difference(A, A)), subset_eq(B, difference(A, A))), not(equals(cardinality(A), cardinality(B))))",71162cc59e4c41cabf044b621e30b461
"and(or(subset_eq(A, difference(A, B)), equals(cardinality(A), cardinality(B))), not(or(subset_eq(A, B), subset_eq(B, A))))",e3c41956180647b9b99a60b011c033ef
"and(or(subset_eq(A, difference(A, B)), equals(cardinality(A), cardinality(B))), not(or(subset_eq(A, B), subset_eq(B, A))))",cb28eae3b56342a6a309a9532a04ee9b
"and(or(subset_eq(A, difference(A, B)), equals(cardinality(A), cardinality(B))), not(or(subset_eq(A, B), subset_eq(B, A))))",e3c41956180647b9b99a60b011c033ef
"not(or(or(subset_eq(A, B), subset_eq(B, A)), equals(cardinality(A), cardinality(B))))",8de935b581674bac8c76560e7b297f6c
"not(or(or(subset_eq(A, B), subset_eq(B, A)), equals(cardinality(A), cardinality(B))))",3f64aba900de431ab7cde26a6486dc40
"not(or(or(subset_eq(A, B), subset_eq(B, A)), equals(cardinality(A), cardinality(B))))",8de935b581674bac8c76560e7b297f6c
"not(or(or(subset_eq(A, B), subset_eq(B, A)), subset_eq(A, difference(A, B))))",62aa98ce66f04c069fc6d7b4edcab542
"not(or(or(subset_eq(A, B), subset_eq(B, A)), subset_eq(A, difference(A, B))))",4ee6e4982b314112b451c86502498de2
"not(or(or(subset_eq(A, B), subset_eq(B, A)), subset_eq(A, difference(A, B))))",62aa98ce66f04c069fc6d7b4edcab542
"and(not(or(subset_eq(A, B), subset_eq(B, A))), subset_eq(A, index(cardinality(B), union(A, B))))",5abe8ff9e0b64a088a7331051371ea61
"and(not(or(subset_eq(A, B), subset_eq(B, A))), subset_eq(B, index(cardinality(A), union(A, B))))",0b0cc17f6c5840278982bae771018d96
"and(not(or(subset_eq(A, B), subset_eq(B, A))), subset_eq(intersection(A, B), index(cardinality(A), B)))",2881f2758e9446fc8c17cf22e20ded3d
"and(not(or(subset_eq(A, B), subset_eq(B, A))), subset_eq(intersection(A, B), index(cardinality(A), B)))",fde4bf31c4704642925399bcbbd5cfe9
"and(not(or(subset_eq(A, B), subset_eq(B, A))), subset_eq(intersection(A, B), index(cardinality(A), B)))",2881f2758e9446fc8c17cf22e20ded3d
"and(not(or(subset_eq(A, B), subset_eq(B, A))), subset_eq(intersection(A, B), index(cardinality(B), A)))",1ac68a2290f743448a18594468d1a87f
"and(not(or(subset_eq(A, B), subset_eq(B, A))), subset_eq(intersection(A, B), index(cardinality(B), A)))",87715a31d38d4efca4b1c60f0f55b119
"and(not(or(subset_eq(A, B), subset_eq(B, A))), subset_eq(intersection(A, B), index(cardinality(B), A)))",1ac68a2290f743448a18594468d1a87f
"and(not(or(subset_eq(A, B), subset_eq(B, A))), subset_eq(intersection(A, B), index(cardinality(A), union(A, B))))",b116848f0e5b4c1487b7a0e15cb9b4f5
"and(not(or(subset_eq(A, B), subset_eq(B, A))), subset_eq(intersection(A, B), index(cardinality(A), union(A, B))))",810b02e30eec4302a101b95c1ea4d37e
"and(not(or(subset_eq(A, B), subset_eq(B, A))), subset_eq(intersection(A, B), index(cardinality(A), union(A, B))))",b116848f0e5b4c1487b7a0e15cb9b4f5
"and(not(or(subset_eq(A, B), subset_eq(B, A))), subset_eq(intersection(A, B), index(cardinality(B), union(A, B))))",0ed10a5d077b4b6b9e0d1d7f648dd32d
"and(not(or(subset_eq(A, B), subset_eq(B, A))), subset_eq(intersection(A, B), index(cardinality(B), union(A, B))))",3cce4c5a29a14077989d2c101d647c31
"and(not(or(subset_eq(A, B), subset_eq(B, A))), subset_eq(intersection(A, B), index(cardinality(B), union(A, B))))",0ed10a5d077b4b6b9e0d1d7f648dd32d
"and(not(or(subset_eq(A, B), subset_eq(B, A))), subset_eq(difference(A, B), index(cardinality(B), union(A, B))))",2100f9e421764e28ae22a1934ed05b87
"and(not(or(subset_eq(A, B), subset_eq(B, A))), subset_eq(difference(A, B), index(cardinality(B), union(A, B))))",f35ac60c553642958260218a65d23784
"and(not(or(subset_eq(A, B), subset_eq(B, A))), subset_eq(difference(A, B), index(cardinality(B), union(A, B))))",2100f9e421764e28ae22a1934ed05b87
"and(not(or(subset_eq(A, B), subset_eq(B, A))), subset_eq(difference(B, A), index(cardinality(A), union(A, B))))",847404e340c648d28b8cf0bd2565c4b8
"and(not(or(subset_eq(A, B), subset_eq(B, A))), subset_eq(difference(B, A), index(cardinality(A), union(A, B))))",418625b98f5543aab8bc7203fb711ab7
"and(not(or(subset_eq(A, B), subset_eq(B, A))), subset_eq(difference(B, A), index(cardinality(A), union(A, B))))",847404e340c648d28b8cf0bd2565c4b8
"and(not(or(subset_eq(A, B), subset_eq(B, A))), subset_eq(index(cardinality(A), B), A))",f4c834d7422a488499c1d758903df10c
"and(not(or(subset_eq(A, B), subset_eq(B, A))), subset_eq(index(cardinality(A), B), A))",fe77cdcf9d904f3ab392299493476375
"and(not(or(subset_eq(A, B), subset_eq(B, A))), subset_eq(index(cardinality(A), B), A))",f4c834d7422a488499c1d758903df10c
"and(not(or(subset_eq(A, B), subset_eq(B, A))), subset_eq(index(cardinality(B), A), B))",f5ad587207ed4752a76b785047785154
"and(not(or(subset_eq(A, B), subset_eq(B, A))), subset_eq(index(cardinality(B), A), B))",a39e2d843c6e40d7aa84300f4e475c16
"and(not(or(subset_eq(A, B), subset_eq(B, A))), subset_eq(index(cardinality(B), A), B))",f5ad587207ed4752a76b785047785154
"and(not(or(subset_eq(A, B), subset_eq(B, A))), subset_eq(index(cardinality(A), union(A, B)), A))",722089c33c184008a852c98423ca6ffe
"and(not(or(subset_eq(A, B), subset_eq(B, A))), subset_eq(index(cardinality(A), union(A, B)), A))",675480307ffc44e2b37ceeaabfdceb5c
"and(not(or(subset_eq(A, B), subset_eq(B, A))), subset_eq(index(cardinality(A), union(A, B)), A))",722089c33c184008a852c98423ca6ffe
"and(not(or(subset_eq(A, B), subset_eq(B, A))), subset_eq(index(cardinality(A), union(A, B)), B))",4d42d9d1dc7d4e2b9d607c9eae6453ca
"and(not(or(subset_eq(A, B), subset_eq(B, A))), subset_eq(index(cardinality(A), union(A, B)), B))",1951d578dba1434ea59b6b0865f5caf3
"and(not(or(subset_eq(A, B), subset_eq(B, A))), subset_eq(index(cardinality(A), union(A, B)), B))",4d42d9d1dc7d4e2b9d607c9eae6453ca
"and(not(or(subset_eq(A, B), subset_eq(B, A))), subset_eq(index(cardinality(A), difference(B, A)), A))",1187b89d6fcd403d93307cf846f3ae8a
"and(not(or(subset_eq(A, B), subset_eq(B, A))), subset_eq(index(cardinality(A), difference(B, A)), A))",06286a2a886d4eb7a5ba93b44838644d
"and(not(or(subset_eq(A, B), subset_eq(B, A))), subset_eq(index(cardinality(A), difference(B, A)), A))",1187b89d6fcd403d93307cf846f3ae8a
"and(not(or(subset_eq(A, B), subset_eq(B, A))), subset_eq(index(cardinality(B), union(A, B)), A))",ef944c67adeb4565a096e9f28b21e259
"and(not(or(subset_eq(A, B), subset_eq(B, A))), subset_eq(index(cardinality(B), union(A, B)), A))",6c8fbe225ebe4535bc21effdb5636e32
"and(not(or(subset_eq(A, B), subset_eq(B, A))), subset_eq(index(cardinality(B), union(A, B)), A))",ef944c67adeb4565a096e9f28b21e259
"and(not(or(subset_eq(A, B), subset_eq(B, A))), subset_eq(index(cardinality(B), union(A, B)), B))",df5ad9f8049045b8b8d181457cd4dfc1
"and(not(or(subset_eq(A, B), subset_eq(B, A))), subset_eq(index(cardinality(B), union(A, B)), B))",bd3cf944cde64bf9bf6e91e1b87ec54c
"and(not(or(subset_eq(A, B), subset_eq(B, A))), subset_eq(index(cardinality(B), union(A, B)), B))",df5ad9f8049045b8b8d181457cd4dfc1
"and(not(or(subset_eq(A, B), subset_eq(B, A))), subset_eq(index(cardinality(B), difference(A, B)), B))",af7fbef17f9b4a17951dfadfb488ae3f
"and(not(or(subset_eq(A, B), subset_eq(B, A))), subset_eq(index(cardinality(B), difference(A, B)), B))",03d8193d6eae4f86b7e0cc45d0c9452b
"and(not(or(subset_eq(A, B), subset_eq(B, A))), subset_eq(index(cardinality(B), difference(A, B)), B))",af7fbef17f9b4a17951dfadfb488ae3f
"and(not(or(subset_eq(A, B), subset_eq(B, A))), subset_eq(index(cardinality(A), B), difference(B, A)))",a7b0f68b38fc4b639715f554d1f74501
"and(not(or(subset_eq(A, B), subset_eq(B, A))), subset_eq(index(cardinality(A), B), difference(B, A)))",4d241299f8d24077a56caa700c6855e6
"and(not(or(subset_eq(A, B), subset_eq(B, A))), subset_eq(index(cardinality(A), B), difference(B, A)))",a7b0f68b38fc4b639715f554d1f74501
"and(not(or(subset_eq(A, B), subset_eq(B, A))), subset_eq(index(cardinality(B), A), difference(A, B)))",372a72ca410b4262b0058af1107c3be0
"and(not(or(subset_eq(A, B), subset_eq(B, A))), subset_eq(index(cardinality(B), A), difference(A, B)))",de5d044ac7ac4624bd4d523a3224460d
"and(not(or(subset_eq(A, B), subset_eq(B, A))), subset_eq(index(cardinality(B), A), difference(A, B)))",372a72ca410b4262b0058af1107c3be0
"and(not(or(subset_eq(A, B), subset_eq(B, A))), subset_eq(index(cardinality(A), union(A, B)), intersection(A, B)))",e0648e36cd4d4f8fbc892d6b93593c65
"and(not(or(subset_eq(A, B), subset_eq(B, A))), subset_eq(index(cardinality(A), union(A, B)), intersection(A, B)))",1c8039934e7541078bbbaba2ac9b3fd2
"and(not(or(subset_eq(A, B), subset_eq(B, A))), subset_eq(index(cardinality(A), union(A, B)), intersection(A, B)))",e0648e36cd4d4f8fbc892d6b93593c65
"and(not(or(subset_eq(A, B), subset_eq(B, A))), subset_eq(index(cardinality(A), union(A, B)), difference(B, A)))",1a3aa8b94ae64da2ba37c237c882fdae
"and(not(or(subset_eq(A, B), subset_eq(B, A))), subset_eq(index(cardinality(A), union(A, B)), difference(B, A)))",90227e4ff0d14724bba29c3dcea80253
"and(not(or(subset_eq(A, B), subset_eq(B, A))), subset_eq(index(cardinality(A), union(A, B)), difference(B, A)))",1a3aa8b94ae64da2ba37c237c882fdae
"and(not(or(subset_eq(A, B), subset_eq(B, A))), subset_eq(index(cardinality(B), union(A, B)), intersection(A, B)))",e64cc8aedba54956a90165d732a1bc33
"and(not(or(subset_eq(A, B), subset_eq(B, A))), subset_eq(index(cardinality(B), union(A, B)), intersection(A, B)))",986802f17c494f6591b5c2628fe826f8
"and(not(or(subset_eq(A, B), subset_eq(B, A))), subset_eq(index(cardinality(B), union(A, B)), intersection(A, B)))",e64cc8aedba54956a90165d732a1bc33
"and(not(or(subset_eq(A, B), subset_eq(B, A))), subset_eq(index(cardinality(B), union(A, B)), difference(A, B)))",07c629c075d5451da7b969cd4c97ed57
"and(not(or(subset_eq(A, B), subset_eq(B, A))), subset_eq(index(cardinality(B), union(A, B)), difference(A, B)))",dd683b4083ca420989c4b612003da919
"and(not(or(subset_eq(A, B), subset_eq(B, A))), subset_eq(index(cardinality(B), union(A, B)), difference(A, B)))",07c629c075d5451da7b969cd4c97ed57
"and(not(or(subset_eq(A, B), subset_eq(B, A))), subset_eq(index(cardinality(A), B), index(cardinality(A), union(A, B))))",8da8663ec00a4ace8b2d58a467707ca1
"and(not(or(subset_eq(A, B), subset_eq(B, A))), subset_eq(index(cardinality(A), B), index(cardinality(A), union(A, B))))",1ced4a1a77324ce683fdae8dcda76c84
"and(not(or(subset_eq(A, B), subset_eq(B, A))), subset_eq(index(cardinality(A), B), index(cardinality(A), union(A, B))))",8da8663ec00a4ace8b2d58a467707ca1
"and(not(or(subset_eq(A, B), subset_eq(B, A))), subset_eq(index(cardinality(A), B), index(cardinality(A), difference(B, A))))",c5fa842b09bc4c6eb024986cc93a163d
"and(not(or(subset_eq(A, B), subset_eq(B, A))), subset_eq(index(cardinality(A), B), index(cardinality(A), difference(B, A))))",f91bfa5f5fe64cb498af850dfa39d5cd
"and(not(or(subset_eq(A, B), subset_eq(B, A))), subset_eq(index(cardinality(A), B), index(cardinality(A), difference(B, A))))",c5fa842b09bc4c6eb024986cc93a163d
"and(not(or(subset_eq(A, B), subset_eq(B, A))), subset_eq(index(cardinality(B), A), index(cardinality(B), union(A, B))))",0fcccc618e9c48cf9fd995911056c3fd
"and(not(or(subset_eq(A, B), subset_eq(B, A))), subset_eq(index(cardinality(B), A), index(cardinality(B), union(A, B))))",f23fa995649648f49169e4a5152ff187
"and(not(or(subset_eq(A, B), subset_eq(B, A))), subset_eq(index(cardinality(B), A), index(cardinality(B), union(A, B))))",0fcccc618e9c48cf9fd995911056c3fd
"and(not(or(subset_eq(A, B), subset_eq(B, A))), subset_eq(index(cardinality(B), A), index(cardinality(B), difference(A, B))))",b25647381d654ff68b24203773a7b486
"and(not(or(subset_eq(A, B), subset_eq(B, A))), subset_eq(index(cardinality(B), A), index(cardinality(B), difference(A, B))))",bc2e0f783f314a6aa447c13262b1b95b
"and(not(or(subset_eq(A, B), subset_eq(B, A))), subset_eq(index(cardinality(B), A), index(cardinality(B), difference(A, B))))",b25647381d654ff68b24203773a7b486
"and(not(or(subset_eq(A, B), subset_eq(B, A))), subset_eq(index(cardinality(A), union(A, B)), union(difference(A, B), difference(B, A))))",395c49ccc007485c8c249f6c4087c566
"and(not(or(subset_eq(A, B), subset_eq(B, A))), subset_eq(index(cardinality(A), union(A, B)), union(difference(A, B), difference(B, A))))",02f23de47a4848aa83f5418a3c993f4a
"and(not(or(subset_eq(A, B), subset_eq(B, A))), subset_eq(index(cardinality(A), union(A, B)), union(difference(A, B), difference(B, A))))",395c49ccc007485c8c249f6c4087c566
"and(not(or(subset_eq(A, B), subset_eq(B, A))), subset_eq(index(cardinality(A), union(A, B)), index(cardinality(A), B)))",4b658dafc0e24179a80de5d839daf0b6
"and(not(or(subset_eq(A, B), subset_eq(B, A))), subset_eq(index(cardinality(A), union(A, B)), index(cardinality(A), B)))",3b3bf0ee946345c3865a9e76df46d5f9
"and(not(or(subset_eq(A, B), subset_eq(B, A))), subset_eq(index(cardinality(A), union(A, B)), index(cardinality(A), B)))",4b658dafc0e24179a80de5d839daf0b6
"and(not(or(subset_eq(A, B), subset_eq(B, A))), subset_eq(index(cardinality(A), union(A, B)), index(cardinality(A), difference(B, A))))",c2f52b25b58e4275935813e4d4e55e98
"and(not(or(subset_eq(A, B), subset_eq(B, A))), subset_eq(index(cardinality(A), union(A, B)), index(cardinality(A), difference(B, A))))",9d3a624e7ec24483886b366a1eceabbe
"and(not(or(subset_eq(A, B), subset_eq(B, A))), subset_eq(index(cardinality(A), union(A, B)), index(cardinality(A), difference(B, A))))",c2f52b25b58e4275935813e4d4e55e98
"and(not(or(subset_eq(A, B), subset_eq(B, A))), subset_eq(index(cardinality(A), difference(B, A)), index(cardinality(A), union(A, B))))",ef6037ca15db41399e1ce7e6dfbf290c
"and(not(or(subset_eq(A, B), subset_eq(B, A))), subset_eq(index(cardinality(A), difference(B, A)), index(cardinality(A), union(A, B))))",0b7bce22790f4a0d922065f83671194a
"and(not(or(subset_eq(A, B), subset_eq(B, A))), subset_eq(index(cardinality(A), difference(B, A)), index(cardinality(A), union(A, B))))",ef6037ca15db41399e1ce7e6dfbf290c
"and(not(or(subset_eq(A, B), subset_eq(B, A))), subset_eq(index(cardinality(A), difference(B, A)), index(cardinality(B), union(A, B))))",54b36e4ec2c34771b456bf661c48b239
"and(not(or(subset_eq(A, B), subset_eq(B, A))), subset_eq(index(cardinality(A), difference(B, A)), index(cardinality(B), union(A, B))))",090656e46d6b4d87812e0a03ce711c71
"and(not(or(subset_eq(A, B), subset_eq(B, A))), subset_eq(index(cardinality(A), difference(B, A)), index(cardinality(B), union(A, B))))",54b36e4ec2c34771b456bf661c48b239
"and(not(or(subset_eq(A, B), subset_eq(B, A))), subset_eq(index(cardinality(B), union(A, B)), union(difference(A, B), difference(B, A))))",836d3f165bdc4e639b096da1a63b6657
"and(not(or(subset_eq(A, B), subset_eq(B, A))), subset_eq(index(cardinality(B), union(A, B)), union(difference(A, B), difference(B, A))))",f49c07db13d544d1aa052bcf9a717175
"and(not(or(subset_eq(A, B), subset_eq(B, A))), subset_eq(index(cardinality(B), union(A, B)), union(difference(A, B), difference(B, A))))",836d3f165bdc4e639b096da1a63b6657
"and(not(or(subset_eq(A, B), subset_eq(B, A))), subset_eq(index(cardinality(B), union(A, B)), index(cardinality(B), A)))",ace8952cfe854c15bb326bac5a7fd959
"and(not(or(subset_eq(A, B), subset_eq(B, A))), subset_eq(index(cardinality(B), union(A, B)), index(cardinality(B), A)))",7718647e45b445bfa2345b14c2248c2c
"and(not(or(subset_eq(A, B), subset_eq(B, A))), subset_eq(index(cardinality(B), union(A, B)), index(cardinality(B), A)))",ace8952cfe854c15bb326bac5a7fd959
"and(not(or(subset_eq(A, B), subset_eq(B, A))), subset_eq(index(cardinality(B), union(A, B)), index(cardinality(B), difference(A, B))))",b442a6133d794b66af92c97f5052513b
"and(not(or(subset_eq(A, B), subset_eq(B, A))), subset_eq(index(cardinality(B), union(A, B)), index(cardinality(B), difference(A, B))))",2f5747248de644bb8cc17f16aeaea6a8
"and(not(or(subset_eq(A, B), subset_eq(B, A))), subset_eq(index(cardinality(B), union(A, B)), index(cardinality(B), difference(A, B))))",b442a6133d794b66af92c97f5052513b
"and(not(or(subset_eq(A, B), subset_eq(B, A))), subset_eq(index(cardinality(B), difference(A, B)), index(cardinality(A), union(A, B))))",8208633a0f114c2d9b0a23af4450aa69
"and(not(or(subset_eq(A, B), subset_eq(B, A))), subset_eq(index(cardinality(B), difference(A, B)), index(cardinality(A), union(A, B))))",fb3b8524577d48778b06d455e95b9409
"and(not(or(subset_eq(A, B), subset_eq(B, A))), subset_eq(index(cardinality(B), difference(A, B)), index(cardinality(A), union(A, B))))",8208633a0f114c2d9b0a23af4450aa69
"and(not(or(subset_eq(A, B), subset_eq(B, A))), subset_eq(index(cardinality(B), difference(A, B)), index(cardinality(B), union(A, B))))",344f59faffa6435496a9f6b850280947
"and(not(or(subset_eq(A, B), subset_eq(B, A))), subset_eq(index(cardinality(B), difference(A, B)), index(cardinality(B), union(A, B))))",70954d6349cf4bc697abc7fe4c278bdd
"and(not(or(subset_eq(A, B), subset_eq(B, A))), subset_eq(index(cardinality(B), difference(A, B)), index(cardinality(B), union(A, B))))",344f59faffa6435496a9f6b850280947
"and(not(or(subset_eq(A, B), subset_eq(B, A))), equals(cardinality(intersection(A, B)), cardinality(difference(A, B))))",13b601cb82d444efa40ffdc0da338d03
"and(not(or(subset_eq(A, B), subset_eq(B, A))), equals(cardinality(intersection(A, B)), cardinality(difference(A, B))))",bf4f982396774f42848d0f7754f396f0
"and(not(or(subset_eq(A, B), subset_eq(B, A))), equals(cardinality(intersection(A, B)), cardinality(difference(A, B))))",13b601cb82d444efa40ffdc0da338d03
"and(not(or(subset_eq(A, B), subset_eq(B, A))), equals(cardinality(intersection(A, B)), cardinality(difference(B, A))))",d446e32fdcd94764a5a3d6f528dd1028
"and(not(or(subset_eq(A, B), subset_eq(B, A))), equals(cardinality(intersection(A, B)), cardinality(difference(B, A))))",fcc23f85b59a4669a51bb80298c6c81c
"and(not(or(subset_eq(A, B), subset_eq(B, A))), equals(cardinality(intersection(A, B)), cardinality(difference(B, A))))",d446e32fdcd94764a5a3d6f528dd1028
"and(not(or(subset_eq(A, B), subset_eq(B, A))), greater_than(cardinality(A), cardinality(difference(B, A))))",7da810ba825243b19481f9a633f151f2
"and(not(or(subset_eq(A, B), subset_eq(B, A))), greater_than(cardinality(A), cardinality(difference(B, A))))",91814ada35fa4f59b3690a20a93b7220
"and(not(or(subset_eq(A, B), subset_eq(B, A))), greater_than(cardinality(A), cardinality(difference(B, A))))",7da810ba825243b19481f9a633f151f2
"and(not(or(subset_eq(A, B), subset_eq(B, A))), greater_than(cardinality(B), cardinality(difference(A, B))))",89996299c3c040c48fff1d7b60a94147
"and(not(or(subset_eq(A, B), subset_eq(B, A))), greater_than(cardinality(B), cardinality(difference(A, B))))",f72f92973e9c499dab34b4887f876b88
"and(not(or(subset_eq(A, B), subset_eq(B, A))), greater_than(cardinality(B), cardinality(difference(A, B))))",89996299c3c040c48fff1d7b60a94147
"and(not(or(subset_eq(A, B), subset_eq(B, A))), greater_than(cardinality(intersection(A, B)), cardinality(difference(A, B))))",14367def6a9041edbf556d4662774189
"and(not(or(subset_eq(A, B), subset_eq(B, A))), greater_than(cardinality(intersection(A, B)), cardinality(difference(A, B))))",7bb1729c3e594252977f8b8388f5d9ef
"and(not(or(subset_eq(A, B), subset_eq(B, A))), greater_than(cardinality(intersection(A, B)), cardinality(difference(A, B))))",14367def6a9041edbf556d4662774189
"and(and(not(subset_eq(A, B)), subset_eq(A, difference(A, B))), or(subset_eq(B, A), equals(cardinality(A), cardinality(B))))",c73a21f2a6394b0a9876ca6880bd00bc
"and(and(not(subset_eq(A, B)), subset_eq(A, difference(A, B))), or(subset_eq(B, A), greater_than(cardinality(B), cardinality(A))))",ee52562fed7b4b0393b2f6378157bac4
"and(and(not(subset_eq(A, B)), subset_eq(A, difference(A, B))), or(subset_eq(B, A), greater_than(cardinality(B), cardinality(A))))",38e5861432e84308a570a0c4dab41d96
"and(and(not(subset_eq(A, B)), subset_eq(A, difference(A, B))), or(subset_eq(B, A), greater_than(cardinality(B), cardinality(A))))",ee52562fed7b4b0393b2f6378157bac4
"and(and(not(subset_eq(A, B)), subset_eq(A, difference(A, B))), not(greater_than(cardinality(B), cardinality(A))))",bda4b1cf60174ce091fdcf6fb5f21a7e
"and(and(not(subset_eq(A, B)), subset_eq(A, difference(A, B))), not(greater_than(cardinality(B), cardinality(A))))",95d022b1141d4a3b89b7a11e765acca1
"and(and(not(subset_eq(A, B)), subset_eq(A, difference(A, B))), not(greater_than(cardinality(B), cardinality(A))))",bda4b1cf60174ce091fdcf6fb5f21a7e
"and(not(greater_than(cardinality(A), cardinality(B))), greater_than(cardinality(difference(A, B)), cardinality(intersection(A, B))))",526fa424bb634b5c9fca00a2819f101e
"and(not(greater_than(cardinality(A), cardinality(B))), greater_than(cardinality(difference(A, B)), cardinality(intersection(A, B))))",4d0a55f0a630423b83f6837a610e5906
"and(not(greater_than(cardinality(A), cardinality(B))), greater_than(cardinality(difference(A, B)), cardinality(intersection(A, B))))",526fa424bb634b5c9fca00a2819f101e
"and(and(not(subset_eq(A, B)), subset_eq(A, difference(A, B))), not(equals(cardinality(A), cardinality(B))))",bbf225fad5c845568ea2079c470c1efe
"and(and(not(subset_eq(A, B)), subset_eq(A, difference(A, B))), not(equals(cardinality(A), cardinality(B))))",aa9a4b36c8374f09b9e32d0e862e0db8
"and(and(not(subset_eq(A, B)), subset_eq(A, difference(A, B))), not(equals(cardinality(A), cardinality(B))))",bbf225fad5c845568ea2079c470c1efe
"and(and(not(subset_eq(A, B)), subset_eq(A, difference(A, B))), subset_eq(B, index(cardinality(B), union(A, B))))",e1d73d02efd7412ca99f71e1c68d36ed
"and(and(not(subset_eq(A, B)), subset_eq(A, difference(A, B))), subset_eq(index(cardinality(A), union(A, B)), A))",3145903c22ba4dbd9910829361a592b4
"and(and(not(subset_eq(A, B)), subset_eq(A, difference(A, B))), subset_eq(index(cardinality(A), union(A, B)), A))",5cd67b206fbb4f6c937598056c9004e2
"and(and(not(subset_eq(A, B)), subset_eq(A, difference(A, B))), subset_eq(index(cardinality(A), union(A, B)), A))",3145903c22ba4dbd9910829361a592b4
"and(and(not(subset_eq(A, B)), subset_eq(A, difference(A, B))), subset_eq(index(cardinality(A), union(A, B)), B))",4736da946dc743d8b5af8c3c9c90c194
"and(and(not(subset_eq(A, B)), subset_eq(A, difference(A, B))), subset_eq(index(cardinality(A), union(A, B)), B))",d1d73f2a30ee49949061e6a068fe98c1
"and(and(not(subset_eq(A, B)), subset_eq(A, difference(A, B))), subset_eq(index(cardinality(A), union(A, B)), B))",4736da946dc743d8b5af8c3c9c90c194
"and(and(not(subset_eq(A, B)), subset_eq(A, difference(A, B))), subset_eq(index(cardinality(B), union(A, B)), A))",683756cde20d47fd9fdaf00c696fbc8b
"and(and(not(subset_eq(A, B)), subset_eq(A, difference(A, B))), subset_eq(index(cardinality(B), union(A, B)), A))",1fd617298b0047688bc20933ddf9dd5a
"and(and(not(subset_eq(A, B)), subset_eq(A, difference(A, B))), subset_eq(index(cardinality(B), union(A, B)), A))",683756cde20d47fd9fdaf00c696fbc8b
"and(and(not(subset_eq(A, B)), subset_eq(A, difference(A, B))), subset_eq(index(cardinality(B), union(A, B)), B))",d1aee401946b4b8fbcb8874c73b05f58
"and(and(not(subset_eq(A, B)), subset_eq(A, difference(A, B))), subset_eq(index(cardinality(B), union(A, B)), B))",566fc2484e7443b29ec29f5a717a08ff
"and(and(not(subset_eq(A, B)), subset_eq(A, difference(A, B))), subset_eq(index(cardinality(B), union(A, B)), B))",d1aee401946b4b8fbcb8874c73b05f58
"and(and(not(subset_eq(A, B)), subset_eq(A, difference(A, B))), subset_eq(index(cardinality(A), B), index(cardinality(A), union(A, B))))",94c1ef3f950547acae5150c9a5e5dc94
"and(and(not(subset_eq(A, B)), subset_eq(A, difference(A, B))), subset_eq(index(cardinality(A), B), index(cardinality(A), union(A, B))))",981f1667476b49afbf9e2d62b2adf211
"and(and(not(subset_eq(A, B)), subset_eq(A, difference(A, B))), subset_eq(index(cardinality(A), B), index(cardinality(A), union(A, B))))",94c1ef3f950547acae5150c9a5e5dc94
"and(and(not(subset_eq(A, B)), subset_eq(A, difference(A, B))), subset_eq(index(cardinality(A), B), index(cardinality(B), union(A, B))))",27254477344848e09e1ebb4e05ab6961
"and(and(not(subset_eq(A, B)), subset_eq(A, difference(A, B))), subset_eq(index(cardinality(A), B), index(cardinality(B), union(A, B))))",b0c0e8ce3526457f9edc5c5d9df9edcd
"and(and(not(subset_eq(A, B)), subset_eq(A, difference(A, B))), subset_eq(index(cardinality(A), B), index(cardinality(B), union(A, B))))",27254477344848e09e1ebb4e05ab6961
"and(and(not(subset_eq(A, B)), subset_eq(A, difference(A, B))), subset_eq(index(cardinality(B), A), index(cardinality(A), union(A, B))))",1049d6a71f9a4a7cb46b63049ed290fd
"and(and(not(subset_eq(A, B)), subset_eq(A, difference(A, B))), subset_eq(index(cardinality(B), A), index(cardinality(A), union(A, B))))",0f1ab33c773d45e4b634c6a458e8ffa9
"and(and(not(subset_eq(A, B)), subset_eq(A, difference(A, B))), subset_eq(index(cardinality(B), A), index(cardinality(A), union(A, B))))",1049d6a71f9a4a7cb46b63049ed290fd
"and(and(not(subset_eq(A, B)), subset_eq(A, difference(A, B))), subset_eq(index(cardinality(B), A), index(cardinality(B), union(A, B))))",30ecb796cc9e4f7ebf9e000d12c12d47
"and(and(not(subset_eq(A, B)), subset_eq(A, difference(A, B))), subset_eq(index(cardinality(B), A), index(cardinality(B), union(A, B))))",8d0d51bcaeaf4f6e9e96348f2561c8c7
"and(and(not(subset_eq(A, B)), subset_eq(A, difference(A, B))), subset_eq(index(cardinality(B), A), index(cardinality(B), union(A, B))))",30ecb796cc9e4f7ebf9e000d12c12d47
"and(and(not(subset_eq(A, B)), subset_eq(A, difference(A, B))), subset_eq(index(cardinality(A), union(A, B)), index(cardinality(A), B)))",605f38096a074c81943c3a54b31b0121
"and(and(not(subset_eq(A, B)), subset_eq(A, difference(A, B))), subset_eq(index(cardinality(A), union(A, B)), index(cardinality(B), A)))",3678b55a97e4422491815b26c9f6de75
"and(and(not(subset_eq(A, B)), subset_eq(A, difference(A, B))), subset_eq(index(cardinality(B), union(A, B)), index(cardinality(B), A)))",1d714bec38a04db0947b3bf161eba325
"and(and(not(subset_eq(A, B)), equals(cardinality(A), cardinality(B))), not(subset_eq(A, difference(A, B))))",232d252cb7254a97a18822e82bc971ca
"and(and(not(subset_eq(A, B)), equals(cardinality(A), cardinality(B))), not(subset_eq(A, difference(A, B))))",c1f3334c27324e77b7f7f90bae9d545e
"and(and(not(subset_eq(A, B)), equals(cardinality(A), cardinality(B))), not(subset_eq(A, difference(A, B))))",232d252cb7254a97a18822e82bc971ca
"and(and(not(subset_eq(A, B)), equals(cardinality(A), cardinality(B))), subset_eq(A, index(cardinality(A), union(A, B))))",deed8e91246e4789a054341a6ee81907
"and(and(not(subset_eq(A, B)), equals(cardinality(A), cardinality(B))), subset_eq(B, index(cardinality(A), union(A, B))))",22453ddb747848a8a2f846e4450a1c3d
"and(and(not(subset_eq(A, B)), equals(cardinality(A), cardinality(B))), subset_eq(intersection(A, B), index(cardinality(A), union(A, B))))",82a078a8a83049b29a08ba95e5db4fc4
"and(and(not(subset_eq(A, B)), equals(cardinality(A), cardinality(B))), subset_eq(intersection(A, B), index(cardinality(A), union(A, B))))",87187ea915b54453a144b7d5dacda3c0
"and(and(not(subset_eq(A, B)), equals(cardinality(A), cardinality(B))), subset_eq(intersection(A, B), index(cardinality(A), union(A, B))))",82a078a8a83049b29a08ba95e5db4fc4
"and(and(not(subset_eq(A, B)), equals(cardinality(A), cardinality(B))), subset_eq(difference(A, B), index(cardinality(A), union(A, B))))",4eb8f99247424445b331481a5e9c46d7
"and(and(not(subset_eq(A, B)), equals(cardinality(A), cardinality(B))), subset_eq(difference(B, A), index(cardinality(A), union(A, B))))",d48f65f8f10b451eba8e2dd8fee14498
"and(and(not(subset_eq(A, B)), equals(cardinality(A), cardinality(B))), subset_eq(index(cardinality(A), union(A, B)), A))",9c4bcbcfe4fa4dbd85d9cf7969f9681e
"and(and(not(subset_eq(A, B)), equals(cardinality(A), cardinality(B))), subset_eq(index(cardinality(A), union(A, B)), A))",76a2cf93a72745659e795037e7bd3192
"and(and(not(subset_eq(A, B)), equals(cardinality(A), cardinality(B))), subset_eq(index(cardinality(A), union(A, B)), A))",9c4bcbcfe4fa4dbd85d9cf7969f9681e
"and(and(not(subset_eq(A, B)), equals(cardinality(A), cardinality(B))), subset_eq(index(cardinality(A), union(A, B)), B))",48eaa9e39b5441cebc016f396a7cdbfb
"and(and(not(subset_eq(A, B)), equals(cardinality(A), cardinality(B))), subset_eq(index(cardinality(A), union(A, B)), B))",7de576547ddd4e47ae5ab1da0991f509
"and(and(not(subset_eq(A, B)), equals(cardinality(A), cardinality(B))), subset_eq(index(cardinality(A), union(A, B)), B))",48eaa9e39b5441cebc016f396a7cdbfb
"and(and(not(subset_eq(A, B)), equals(cardinality(A), cardinality(B))), subset_eq(index(cardinality(A), union(A, B)), intersection(A, B)))",1c309fc33d034417a0be21b5f251d270
"and(and(not(subset_eq(A, B)), equals(cardinality(A), cardinality(B))), subset_eq(index(cardinality(A), union(A, B)), intersection(A, B)))",326f46fb0bdf43529c43d25d21e2fc41
"and(and(not(subset_eq(A, B)), equals(cardinality(A), cardinality(B))), subset_eq(index(cardinality(A), union(A, B)), intersection(A, B)))",1c309fc33d034417a0be21b5f251d270
"and(and(not(subset_eq(A, B)), equals(cardinality(A), cardinality(B))), subset_eq(index(cardinality(A), union(A, B)), difference(A, B)))",295ab9c65673463598ec139aef0bf8e0
"and(and(not(subset_eq(A, B)), equals(cardinality(A), cardinality(B))), subset_eq(index(cardinality(A), union(A, B)), difference(A, B)))",feca036c3b364f55a4ae3a4b5551f3f5
"and(and(not(subset_eq(A, B)), equals(cardinality(A), cardinality(B))), subset_eq(index(cardinality(A), union(A, B)), difference(A, B)))",295ab9c65673463598ec139aef0bf8e0
"and(and(not(subset_eq(A, B)), equals(cardinality(A), cardinality(B))), subset_eq(index(cardinality(A), union(A, B)), difference(B, A)))",56788e04ebe845f5aae7756472910c72
"and(and(not(subset_eq(A, B)), equals(cardinality(A), cardinality(B))), subset_eq(index(cardinality(A), union(A, B)), difference(B, A)))",286f2f3cb87d4f5a9a4eec83fa788527
"and(and(not(subset_eq(A, B)), equals(cardinality(A), cardinality(B))), subset_eq(index(cardinality(A), union(A, B)), difference(B, A)))",56788e04ebe845f5aae7756472910c72
"and(and(not(subset_eq(A, B)), equals(cardinality(A), cardinality(B))), subset_eq(index(cardinality(A), union(A, B)), union(difference(A, B), difference(B, A))))",54a797e2b2fa4428888593ec169b82d7
"and(and(not(subset_eq(A, B)), equals(cardinality(A), cardinality(B))), subset_eq(index(cardinality(A), union(A, B)), union(difference(A, B), difference(B, A))))",3f77c239a76c408dae200f4047b2c101
"and(and(not(subset_eq(A, B)), equals(cardinality(A), cardinality(B))), subset_eq(index(cardinality(A), union(A, B)), union(difference(A, B), difference(B, A))))",54a797e2b2fa4428888593ec169b82d7
"and(and(not(subset_eq(A, B)), equals(cardinality(A), cardinality(B))), equals(cardinality(intersection(A, B)), cardinality(difference(A, B))))",82e8ca8d57564bf1b169f94dc6112dfb
"and(and(not(subset_eq(A, B)), equals(cardinality(A), cardinality(B))), equals(cardinality(intersection(A, B)), cardinality(difference(A, B))))",260741a4ccd9446f8fc29e1eb3a10cb9
"and(and(not(subset_eq(A, B)), equals(cardinality(A), cardinality(B))), equals(cardinality(intersection(A, B)), cardinality(difference(A, B))))",82e8ca8d57564bf1b169f94dc6112dfb
"and(and(not(subset_eq(A, B)), greater_than(cardinality(B), cardinality(A))), not(subset_eq(A, difference(A, B))))",17376e1c24ec41ecb19a01787d6313d2
"and(and(not(subset_eq(A, B)), greater_than(cardinality(B), cardinality(A))), not(subset_eq(A, difference(A, B))))",61725e57c1c64877b30e9ac7cc21d1a0
"and(and(not(subset_eq(A, B)), greater_than(cardinality(B), cardinality(A))), not(subset_eq(A, difference(A, B))))",17376e1c24ec41ecb19a01787d6313d2
"and(subset_eq(index(cardinality(A), union(A, B)), difference(A, B)), greater_than(cardinality(difference(B, A)), cardinality(A)))",4416d36748124fa7a90328d46d426b6b
"and(subset_eq(index(cardinality(A), union(A, B)), difference(A, B)), greater_than(cardinality(difference(B, A)), cardinality(A)))",e1820cf4e605497f960df2cb72e7fb02
"and(subset_eq(index(cardinality(A), union(A, B)), difference(A, B)), greater_than(cardinality(difference(B, A)), cardinality(A)))",4416d36748124fa7a90328d46d426b6b
"and(and(not(subset_eq(A, B)), greater_than(cardinality(B), cardinality(A))), subset_eq(A, index(cardinality(B), union(A, B))))",4cb81074e8454716b523823855ae34f5
"and(and(not(subset_eq(A, B)), greater_than(cardinality(B), cardinality(A))), subset_eq(intersection(A, B), index(cardinality(A), B)))",28e5e02b1abe48b6b217d8be45973d9a
"and(and(not(subset_eq(A, B)), greater_than(cardinality(B), cardinality(A))), subset_eq(intersection(A, B), index(cardinality(A), B)))",c14f37ee35c54c3f81440ac39002f608
"and(and(not(subset_eq(A, B)), greater_than(cardinality(B), cardinality(A))), subset_eq(intersection(A, B), index(cardinality(A), B)))",28e5e02b1abe48b6b217d8be45973d9a
"and(and(not(subset_eq(A, B)), greater_than(cardinality(B), cardinality(A))), subset_eq(intersection(A, B), index(cardinality(A), union(A, B))))",2a658cac8ec847bd80d7bb466520fa5b
"and(and(not(subset_eq(A, B)), greater_than(cardinality(B), cardinality(A))), subset_eq(intersection(A, B), index(cardinality(A), union(A, B))))",5f56b34975b1446f9d1395205c85dcb2
"and(and(not(subset_eq(A, B)), greater_than(cardinality(B), cardinality(A))), subset_eq(intersection(A, B), index(cardinality(A), union(A, B))))",2a658cac8ec847bd80d7bb466520fa5b
"and(and(not(subset_eq(A, B)), greater_than(cardinality(B), cardinality(A))), subset_eq(intersection(A, B), index(cardinality(B), union(A, B))))",57fc2c5d4fa74303b837dbb114ce289c
"and(and(not(subset_eq(A, B)), greater_than(cardinality(B), cardinality(A))), subset_eq(intersection(A, B), index(cardinality(B), union(A, B))))",251113aabb4443f7ac7881cf115c14e1
"and(and(not(subset_eq(A, B)), greater_than(cardinality(B), cardinality(A))), subset_eq(intersection(A, B), index(cardinality(B), union(A, B))))",57fc2c5d4fa74303b837dbb114ce289c
"and(and(not(subset_eq(A, B)), greater_than(cardinality(B), cardinality(A))), subset_eq(difference(A, B), index(cardinality(B), union(A, B))))",1ae43f3088f64c12ac3acf7e8c055e5f
"and(and(not(subset_eq(A, B)), greater_than(cardinality(B), cardinality(A))), subset_eq(difference(A, B), index(cardinality(B), union(A, B))))",aeee0365ea764be19b6e5760d8b7d063
"and(and(not(subset_eq(A, B)), greater_than(cardinality(B), cardinality(A))), subset_eq(difference(A, B), index(cardinality(B), union(A, B))))",1ae43f3088f64c12ac3acf7e8c055e5f
"and(and(not(subset_eq(A, B)), greater_than(cardinality(B), cardinality(A))), subset_eq(index(cardinality(A), B), A))",a3192f14fc5641599a04a29e17a01af8
"and(and(not(subset_eq(A, B)), greater_than(cardinality(B), cardinality(A))), subset_eq(index(cardinality(A), B), A))",5bc04796a1804d44a6d431ec9690df16
"and(and(not(subset_eq(A, B)), greater_than(cardinality(B), cardinality(A))), subset_eq(index(cardinality(A), B), A))",a3192f14fc5641599a04a29e17a01af8
"and(and(not(subset_eq(A, B)), greater_than(cardinality(B), cardinality(A))), subset_eq(index(cardinality(A), union(A, B)), A))",741c0057867e48a4b501897a0256635b
"and(and(not(subset_eq(A, B)), greater_than(cardinality(B), cardinality(A))), subset_eq(index(cardinality(A), union(A, B)), A))",033fabb067e5449cbb29de3a0c3182bf
"and(and(not(subset_eq(A, B)), greater_than(cardinality(B), cardinality(A))), subset_eq(index(cardinality(A), union(A, B)), A))",741c0057867e48a4b501897a0256635b
"and(and(not(subset_eq(A, B)), greater_than(cardinality(B), cardinality(A))), subset_eq(index(cardinality(A), union(A, B)), B))",02b97a584bc04140a755093ee1943963
"and(and(not(subset_eq(A, B)), greater_than(cardinality(B), cardinality(A))), subset_eq(index(cardinality(A), union(A, B)), B))",9aee378214d34d8fb9819222811ddf50
"and(and(not(subset_eq(A, B)), greater_than(cardinality(B), cardinality(A))), subset_eq(index(cardinality(A), union(A, B)), B))",02b97a584bc04140a755093ee1943963
"and(and(not(subset_eq(A, B)), greater_than(cardinality(B), cardinality(A))), subset_eq(index(cardinality(B), union(A, B)), A))",4a90cf0d82974138934425aa660c2322
"and(and(not(subset_eq(A, B)), greater_than(cardinality(B), cardinality(A))), subset_eq(index(cardinality(B), union(A, B)), A))",ac85d89b1fa94f598be96776746fd5b1
"and(and(not(subset_eq(A, B)), greater_than(cardinality(B), cardinality(A))), subset_eq(index(cardinality(B), union(A, B)), A))",4a90cf0d82974138934425aa660c2322
"and(and(not(subset_eq(A, B)), greater_than(cardinality(B), cardinality(A))), subset_eq(index(cardinality(B), union(A, B)), B))",5f75a727ea974bf391cf1602c229035b
"and(and(not(subset_eq(A, B)), greater_than(cardinality(B), cardinality(A))), subset_eq(index(cardinality(B), union(A, B)), B))",e38471dd5b9a445180f9705d886d1d1b
"and(and(not(subset_eq(A, B)), greater_than(cardinality(B), cardinality(A))), subset_eq(index(cardinality(B), union(A, B)), B))",5f75a727ea974bf391cf1602c229035b
"and(and(not(subset_eq(A, B)), greater_than(cardinality(B), cardinality(A))), subset_eq(index(cardinality(A), B), difference(B, A)))",2679ce3654cb4884b1c65ccc297e30f5
"and(and(not(subset_eq(A, B)), greater_than(cardinality(B), cardinality(A))), subset_eq(index(cardinality(A), B), difference(B, A)))",3df94a6378e349168e2c1f75c5285773
"and(and(not(subset_eq(A, B)), greater_than(cardinality(B), cardinality(A))), subset_eq(index(cardinality(A), B), difference(B, A)))",2679ce3654cb4884b1c65ccc297e30f5
"and(and(not(subset_eq(A, B)), greater_than(cardinality(B), cardinality(A))), subset_eq(index(cardinality(A), union(A, B)), intersection(A, B)))",6e53e27e7177438fae372af2fe7d06bb
"and(and(not(subset_eq(A, B)), greater_than(cardinality(B), cardinality(A))), subset_eq(index(cardinality(A), union(A, B)), intersection(A, B)))",a8d8c12392024741818df1db4c64d45b
"and(and(not(subset_eq(A, B)), greater_than(cardinality(B), cardinality(A))), subset_eq(index(cardinality(A), union(A, B)), intersection(A, B)))",6e53e27e7177438fae372af2fe7d06bb
"and(and(not(subset_eq(A, B)), greater_than(cardinality(B), cardinality(A))), subset_eq(index(cardinality(A), union(A, B)), difference(B, A)))",aa584d15310746c6944a87633e986ea6
"and(and(not(subset_eq(A, B)), greater_than(cardinality(B), cardinality(A))), subset_eq(index(cardinality(A), union(A, B)), difference(B, A)))",c985c3281a4e433e8ced4ede7e1dacea
"and(and(not(subset_eq(A, B)), greater_than(cardinality(B), cardinality(A))), subset_eq(index(cardinality(A), union(A, B)), difference(B, A)))",aa584d15310746c6944a87633e986ea6
"and(and(not(subset_eq(A, B)), greater_than(cardinality(B), cardinality(A))), subset_eq(index(cardinality(B), union(A, B)), intersection(A, B)))",8c535eb6f79a45f5bc9409edda26baca
"and(and(not(subset_eq(A, B)), greater_than(cardinality(B), cardinality(A))), subset_eq(index(cardinality(B), union(A, B)), intersection(A, B)))",1d9bc46cf64a4796b41eb8a48e0669cd
"and(and(not(subset_eq(A, B)), greater_than(cardinality(B), cardinality(A))), subset_eq(index(cardinality(B), union(A, B)), intersection(A, B)))",8c535eb6f79a45f5bc9409edda26baca
"and(and(not(subset_eq(A, B)), greater_than(cardinality(B), cardinality(A))), subset_eq(index(cardinality(B), union(A, B)), difference(B, A)))",a11b3c7614434e5fbcdf4fd08aab8e85
"and(and(not(subset_eq(A, B)), greater_than(cardinality(B), cardinality(A))), subset_eq(index(cardinality(B), union(A, B)), difference(B, A)))",a2b2917574ee4290b198bd331321063d
"and(and(not(subset_eq(A, B)), greater_than(cardinality(B), cardinality(A))), subset_eq(index(cardinality(B), union(A, B)), difference(B, A)))",a11b3c7614434e5fbcdf4fd08aab8e85
"and(and(not(subset_eq(A, B)), greater_than(cardinality(B), cardinality(A))), subset_eq(index(cardinality(A), union(A, B)), union(difference(A, B), difference(B, A))))",a53376bd7bb343539fa64af693c02a87
"and(and(not(subset_eq(A, B)), greater_than(cardinality(B), cardinality(A))), subset_eq(index(cardinality(A), union(A, B)), union(difference(A, B), difference(B, A))))",5f101d3f43f84b2db241bf0973f560a3
"and(and(not(subset_eq(A, B)), greater_than(cardinality(B), cardinality(A))), subset_eq(index(cardinality(A), union(A, B)), union(difference(A, B), difference(B, A))))",a53376bd7bb343539fa64af693c02a87
"and(and(not(subset_eq(A, B)), greater_than(cardinality(B), cardinality(A))), subset_eq(index(cardinality(A), difference(B, A)), index(cardinality(A), union(A, B))))",f8b3a94ba8074beab8c11c7c90e01cbf
"and(and(not(subset_eq(A, B)), greater_than(cardinality(B), cardinality(A))), subset_eq(index(cardinality(A), difference(B, A)), index(cardinality(A), union(A, B))))",92c61f4d375d4e7f8cec37a26e257eaa
"and(and(not(subset_eq(A, B)), greater_than(cardinality(B), cardinality(A))), subset_eq(index(cardinality(A), difference(B, A)), index(cardinality(A), union(A, B))))",f8b3a94ba8074beab8c11c7c90e01cbf
"and(and(not(subset_eq(A, B)), greater_than(cardinality(B), cardinality(A))), subset_eq(index(cardinality(A), difference(B, A)), index(cardinality(B), union(A, B))))",f9c6f17c61164702bac9f7ade707a735
"and(and(not(subset_eq(A, B)), greater_than(cardinality(B), cardinality(A))), subset_eq(index(cardinality(A), difference(B, A)), index(cardinality(B), union(A, B))))",d6bcb369cc494446b9b76f92a8e4d634
"and(and(not(subset_eq(A, B)), greater_than(cardinality(B), cardinality(A))), subset_eq(index(cardinality(A), difference(B, A)), index(cardinality(B), union(A, B))))",f9c6f17c61164702bac9f7ade707a735
"and(and(not(subset_eq(A, B)), greater_than(cardinality(B), cardinality(A))), subset_eq(index(cardinality(B), union(A, B)), union(difference(A, B), difference(B, A))))",398a95d6bd2b408c887e4fd50c0990a7
"and(and(not(subset_eq(A, B)), greater_than(cardinality(B), cardinality(A))), subset_eq(index(cardinality(B), union(A, B)), union(difference(A, B), difference(B, A))))",d760b933b5094d298fda74c3ca85c6a3
"and(and(not(subset_eq(A, B)), greater_than(cardinality(B), cardinality(A))), subset_eq(index(cardinality(B), union(A, B)), union(difference(A, B), difference(B, A))))",398a95d6bd2b408c887e4fd50c0990a7
"and(and(not(subset_eq(B, A)), subset_eq(A, difference(A, B))), or(subset_eq(A, B), equals(cardinality(A), cardinality(B))))",9b1caacc0445408fb70307ea2273f594
"and(and(not(subset_eq(B, A)), subset_eq(A, difference(A, B))), or(subset_eq(A, B), greater_than(cardinality(A), cardinality(B))))",28fc6144696646ecbedc8ded19c0439b
"and(and(not(subset_eq(B, A)), subset_eq(A, difference(A, B))), or(subset_eq(A, B), greater_than(cardinality(A), cardinality(B))))",3b8540d33415496dbc386052810fb41a
"and(and(not(subset_eq(B, A)), subset_eq(A, difference(A, B))), or(subset_eq(A, B), greater_than(cardinality(A), cardinality(B))))",28fc6144696646ecbedc8ded19c0439b
"and(not(greater_than(cardinality(B), cardinality(A))), greater_than(cardinality(difference(B, A)), cardinality(intersection(A, B))))",7d9bffb3c1d348acb853b5f46fcbfa2b
"and(not(greater_than(cardinality(B), cardinality(A))), greater_than(cardinality(difference(B, A)), cardinality(intersection(A, B))))",5993be475c864706b5b702060978a22e
"and(not(greater_than(cardinality(B), cardinality(A))), greater_than(cardinality(difference(B, A)), cardinality(intersection(A, B))))",7d9bffb3c1d348acb853b5f46fcbfa2b
"and(and(not(subset_eq(B, A)), subset_eq(A, difference(A, B))), not(greater_than(cardinality(A), cardinality(B))))",e4c56b49b8784118a15ddf424016e02a
"and(and(not(subset_eq(B, A)), subset_eq(A, difference(A, B))), not(greater_than(cardinality(A), cardinality(B))))",c0f9167a17e34472b484159bb563909a
"and(and(not(subset_eq(B, A)), subset_eq(A, difference(A, B))), not(greater_than(cardinality(A), cardinality(B))))",e4c56b49b8784118a15ddf424016e02a
"and(and(not(subset_eq(B, A)), subset_eq(A, difference(A, B))), not(equals(cardinality(A), cardinality(B))))",83e96d0a966348e9b842918148f0eaa7
"and(and(not(subset_eq(B, A)), subset_eq(A, difference(A, B))), not(equals(cardinality(A), cardinality(B))))",90424da141bc4b1884ec1dd26742fa40
"and(and(not(subset_eq(B, A)), subset_eq(A, difference(A, B))), not(equals(cardinality(A), cardinality(B))))",83e96d0a966348e9b842918148f0eaa7
"and(and(not(subset_eq(B, A)), subset_eq(A, difference(A, B))), subset_eq(A, index(cardinality(A), union(A, B))))",c99ddeabb4144a6da6a90c1c1cd54c6a
"and(and(not(subset_eq(B, A)), subset_eq(A, difference(A, B))), subset_eq(index(cardinality(A), union(A, B)), A))",c55dd02b663447348dd3559fb2fb1a0f
"and(and(not(subset_eq(B, A)), subset_eq(A, difference(A, B))), subset_eq(index(cardinality(A), union(A, B)), A))",fe8010d4af384274a84bd9018b77360f
"and(and(not(subset_eq(B, A)), subset_eq(A, difference(A, B))), subset_eq(index(cardinality(A), union(A, B)), A))",c55dd02b663447348dd3559fb2fb1a0f
"and(and(not(subset_eq(B, A)), subset_eq(A, difference(A, B))), subset_eq(index(cardinality(A), union(A, B)), B))",2e3202ccb99f4a0ca7a0fe042ce92e6f
"and(and(not(subset_eq(B, A)), subset_eq(A, difference(A, B))), subset_eq(index(cardinality(A), union(A, B)), B))",d0d0c74b36cf49689fb877272701c11f
"and(and(not(subset_eq(B, A)), subset_eq(A, difference(A, B))), subset_eq(index(cardinality(A), union(A, B)), B))",2e3202ccb99f4a0ca7a0fe042ce92e6f
"and(and(not(subset_eq(B, A)), subset_eq(A, difference(A, B))), subset_eq(index(cardinality(B), union(A, B)), A))",8a26b183a5fb479da3224b61d626984e
"and(and(not(subset_eq(B, A)), subset_eq(A, difference(A, B))), subset_eq(index(cardinality(B), union(A, B)), A))",1e271c05a5d24384985421a2d997ae64
"and(and(not(subset_eq(B, A)), subset_eq(A, difference(A, B))), subset_eq(index(cardinality(B), union(A, B)), A))",8a26b183a5fb479da3224b61d626984e
"and(and(not(subset_eq(B, A)), subset_eq(A, difference(A, B))), subset_eq(index(cardinality(B), union(A, B)), B))",e50ccf8b2aaa4a28a3102da1eb88180f
"and(and(not(subset_eq(B, A)), subset_eq(A, difference(A, B))), subset_eq(index(cardinality(B), union(A, B)), B))",786b755a9e934e9e8116ef4c87447991
"and(and(not(subset_eq(B, A)), subset_eq(A, difference(A, B))), subset_eq(index(cardinality(B), union(A, B)), B))",e50ccf8b2aaa4a28a3102da1eb88180f
"and(and(not(subset_eq(B, A)), subset_eq(A, difference(A, B))), subset_eq(index(cardinality(A), B), index(cardinality(A), union(A, B))))",0c576613bdb64b93b64b759429b8df30
"and(and(not(subset_eq(B, A)), subset_eq(A, difference(A, B))), subset_eq(index(cardinality(A), B), index(cardinality(A), union(A, B))))",9b0e73093dda42f493ac7e57e3997b2f
"and(and(not(subset_eq(B, A)), subset_eq(A, difference(A, B))), subset_eq(index(cardinality(A), B), index(cardinality(A), union(A, B))))",0c576613bdb64b93b64b759429b8df30
"and(and(not(subset_eq(B, A)), subset_eq(A, difference(A, B))), subset_eq(index(cardinality(A), B), index(cardinality(B), union(A, B))))",9915fe9bed3b47c3908d45597421c3eb
"and(and(not(subset_eq(B, A)), subset_eq(A, difference(A, B))), subset_eq(index(cardinality(A), B), index(cardinality(B), union(A, B))))",617cbc981dd5438bb01c76b20b6aa9ac
"and(and(not(subset_eq(B, A)), subset_eq(A, difference(A, B))), subset_eq(index(cardinality(A), B), index(cardinality(B), union(A, B))))",9915fe9bed3b47c3908d45597421c3eb
"and(and(not(subset_eq(B, A)), subset_eq(A, difference(A, B))), subset_eq(index(cardinality(B), A), index(cardinality(A), union(A, B))))",cb3c3813b9ef4f4a8f8989f468af1a23
"and(and(not(subset_eq(B, A)), subset_eq(A, difference(A, B))), subset_eq(index(cardinality(B), A), index(cardinality(A), union(A, B))))",5c09839c660c41af8f562db18df8a640
"and(and(not(subset_eq(B, A)), subset_eq(A, difference(A, B))), subset_eq(index(cardinality(B), A), index(cardinality(A), union(A, B))))",cb3c3813b9ef4f4a8f8989f468af1a23
"and(and(not(subset_eq(B, A)), subset_eq(A, difference(A, B))), subset_eq(index(cardinality(B), A), index(cardinality(B), union(A, B))))",450ec8eef7324ab79319fca8bbcdac32
"and(and(not(subset_eq(B, A)), subset_eq(A, difference(A, B))), subset_eq(index(cardinality(B), A), index(cardinality(B), union(A, B))))",22a42bf7ca7e427aa105a11b601bbc41
"and(and(not(subset_eq(B, A)), subset_eq(A, difference(A, B))), subset_eq(index(cardinality(B), A), index(cardinality(B), union(A, B))))",450ec8eef7324ab79319fca8bbcdac32
"and(and(not(subset_eq(B, A)), subset_eq(A, difference(A, B))), subset_eq(index(cardinality(A), union(A, B)), index(cardinality(A), B)))",9a0674178d694cb4840569badd4d61ca
"and(and(not(subset_eq(B, A)), subset_eq(A, difference(A, B))), subset_eq(index(cardinality(B), union(A, B)), index(cardinality(A), B)))",c3827c4e6a0541c9964d2fc356f48a06
"and(and(not(subset_eq(B, A)), subset_eq(A, difference(A, B))), subset_eq(index(cardinality(B), union(A, B)), index(cardinality(B), A)))",1bca9654a78e46fcb4665ca5cf310d20
"and(and(not(subset_eq(B, A)), greater_than(cardinality(A), cardinality(B))), not(subset_eq(A, difference(A, B))))",f624202761ad4c99ae4ac3dd67dac43a
"and(and(not(subset_eq(B, A)), greater_than(cardinality(A), cardinality(B))), not(subset_eq(A, difference(A, B))))",a0d236fd4d194ec2bbfb8e3f88fa8b1e
"and(and(not(subset_eq(B, A)), greater_than(cardinality(A), cardinality(B))), not(subset_eq(A, difference(A, B))))",f624202761ad4c99ae4ac3dd67dac43a
"and(and(not(subset_eq(B, A)), greater_than(cardinality(A), cardinality(B))), subset_eq(B, index(cardinality(A), union(A, B))))",e9f98756bf2c4bb7ba9c0a1212751407
"and(subset_eq(index(cardinality(B), union(A, B)), difference(B, A)), greater_than(cardinality(difference(A, B)), cardinality(B)))",c6cae28436314db8a80d5ddc6e023ea3
"and(subset_eq(index(cardinality(B), union(A, B)), difference(B, A)), greater_than(cardinality(difference(A, B)), cardinality(B)))",2379ff9dc36b4a889815279a07a6618d
"and(subset_eq(index(cardinality(B), union(A, B)), difference(B, A)), greater_than(cardinality(difference(A, B)), cardinality(B)))",c6cae28436314db8a80d5ddc6e023ea3
"and(and(not(subset_eq(B, A)), greater_than(cardinality(A), cardinality(B))), subset_eq(intersection(A, B), index(cardinality(B), A)))",a3f2d2926a2b4c199eb9b840137ce330
"and(and(not(subset_eq(B, A)), greater_than(cardinality(A), cardinality(B))), subset_eq(intersection(A, B), index(cardinality(B), A)))",9e43f7d4d9cb4c7d9fd8ce8650125ec1
"and(and(not(subset_eq(B, A)), greater_than(cardinality(A), cardinality(B))), subset_eq(intersection(A, B), index(cardinality(B), A)))",a3f2d2926a2b4c199eb9b840137ce330
"and(and(not(subset_eq(B, A)), greater_than(cardinality(A), cardinality(B))), subset_eq(intersection(A, B), index(cardinality(A), union(A, B))))",eb966569f8b74c11adb0189a36779546
"and(and(not(subset_eq(B, A)), greater_than(cardinality(A), cardinality(B))), subset_eq(intersection(A, B), index(cardinality(A), union(A, B))))",d333cc93ab294c328a9f39dd6dec67bc
"and(and(not(subset_eq(B, A)), greater_than(cardinality(A), cardinality(B))), subset_eq(intersection(A, B), index(cardinality(A), union(A, B))))",eb966569f8b74c11adb0189a36779546
"and(and(not(subset_eq(B, A)), greater_than(cardinality(A), cardinality(B))), subset_eq(intersection(A, B), index(cardinality(B), union(A, B))))",c408245189f8469b94647bf28ac2d6f8
"and(and(not(subset_eq(B, A)), greater_than(cardinality(A), cardinality(B))), subset_eq(intersection(A, B), index(cardinality(B), union(A, B))))",4fb137c6c30347f8a92b2c42577859c3
"and(and(not(subset_eq(B, A)), greater_than(cardinality(A), cardinality(B))), subset_eq(intersection(A, B), index(cardinality(B), union(A, B))))",c408245189f8469b94647bf28ac2d6f8
"and(and(not(subset_eq(B, A)), greater_than(cardinality(A), cardinality(B))), subset_eq(difference(B, A), index(cardinality(A), union(A, B))))",e1963524b3d04ddbb9cced34a999cdd6
"and(and(not(subset_eq(B, A)), greater_than(cardinality(A), cardinality(B))), subset_eq(difference(B, A), index(cardinality(A), union(A, B))))",1a074a69a86a41b5b5320996cecc92fa
"and(and(not(subset_eq(B, A)), greater_than(cardinality(A), cardinality(B))), subset_eq(difference(B, A), index(cardinality(A), union(A, B))))",e1963524b3d04ddbb9cced34a999cdd6
"and(and(not(subset_eq(B, A)), greater_than(cardinality(A), cardinality(B))), subset_eq(index(cardinality(B), A), B))",01892283f00647aa85d603c2b2ce87ba
"and(and(not(subset_eq(B, A)), greater_than(cardinality(A), cardinality(B))), subset_eq(index(cardinality(B), A), B))",a02e0a80e484436ba2c3132a2f1a0a01
"and(and(not(subset_eq(B, A)), greater_than(cardinality(A), cardinality(B))), subset_eq(index(cardinality(B), A), B))",01892283f00647aa85d603c2b2ce87ba
"and(and(not(subset_eq(B, A)), greater_than(cardinality(A), cardinality(B))), subset_eq(index(cardinality(A), union(A, B)), A))",2f439344269e46038c5415db96e4d82f
"and(and(not(subset_eq(B, A)), greater_than(cardinality(A), cardinality(B))), subset_eq(index(cardinality(A), union(A, B)), A))",a2bfc1f4e7d84c2099ddb5da631130a1
"and(and(not(subset_eq(B, A)), greater_than(cardinality(A), cardinality(B))), subset_eq(index(cardinality(A), union(A, B)), A))",2f439344269e46038c5415db96e4d82f
"and(and(not(subset_eq(B, A)), greater_than(cardinality(A), cardinality(B))), subset_eq(index(cardinality(A), union(A, B)), B))",963ae07b5483459ba0885f848f98f8c2
"and(and(not(subset_eq(B, A)), greater_than(cardinality(A), cardinality(B))), subset_eq(index(cardinality(A), union(A, B)), B))",9d5fb9c7bb1f4475800e36dd4f291744
"and(and(not(subset_eq(B, A)), greater_than(cardinality(A), cardinality(B))), subset_eq(index(cardinality(A), union(A, B)), B))",963ae07b5483459ba0885f848f98f8c2
"and(and(not(subset_eq(B, A)), greater_than(cardinality(A), cardinality(B))), subset_eq(index(cardinality(B), union(A, B)), A))",67538998018e4cbe8ee7c1764d88d8c9
"and(and(not(subset_eq(B, A)), greater_than(cardinality(A), cardinality(B))), subset_eq(index(cardinality(B), union(A, B)), A))",9562115152e24ca2bb929050795f3f1b
"and(and(not(subset_eq(B, A)), greater_than(cardinality(A), cardinality(B))), subset_eq(index(cardinality(B), union(A, B)), A))",67538998018e4cbe8ee7c1764d88d8c9
"and(and(not(subset_eq(B, A)), greater_than(cardinality(A), cardinality(B))), subset_eq(index(cardinality(B), union(A, B)), B))",ea5fb6d3bc6e41978ae3c0c177661885
"and(and(not(subset_eq(B, A)), greater_than(cardinality(A), cardinality(B))), subset_eq(index(cardinality(B), union(A, B)), B))",0dba2bdb4cf6422e921108065cb59cd5
"and(and(not(subset_eq(B, A)), greater_than(cardinality(A), cardinality(B))), subset_eq(index(cardinality(B), union(A, B)), B))",ea5fb6d3bc6e41978ae3c0c177661885
"and(and(not(subset_eq(B, A)), greater_than(cardinality(A), cardinality(B))), subset_eq(index(cardinality(B), A), difference(A, B)))",f9607b97743046acbd607d0835b09e6f
"and(and(not(subset_eq(B, A)), greater_than(cardinality(A), cardinality(B))), subset_eq(index(cardinality(B), A), difference(A, B)))",0e4a602a18b5464bbdb346aab9530b6a
"and(and(not(subset_eq(B, A)), greater_than(cardinality(A), cardinality(B))), subset_eq(index(cardinality(B), A), difference(A, B)))",f9607b97743046acbd607d0835b09e6f
"and(and(not(subset_eq(B, A)), greater_than(cardinality(A), cardinality(B))), subset_eq(index(cardinality(A), union(A, B)), intersection(A, B)))",3d87898e01364460812dc24b2a02e3e9
"and(and(not(subset_eq(B, A)), greater_than(cardinality(A), cardinality(B))), subset_eq(index(cardinality(A), union(A, B)), intersection(A, B)))",58788c0ed6b44cea8b842cdb21341878
"and(and(not(subset_eq(B, A)), greater_than(cardinality(A), cardinality(B))), subset_eq(index(cardinality(A), union(A, B)), intersection(A, B)))",3d87898e01364460812dc24b2a02e3e9
"and(and(not(subset_eq(B, A)), greater_than(cardinality(A), cardinality(B))), subset_eq(index(cardinality(A), union(A, B)), difference(A, B)))",19aea5e4cf1145e8b815539c97254718
"and(and(not(subset_eq(B, A)), greater_than(cardinality(A), cardinality(B))), subset_eq(index(cardinality(A), union(A, B)), difference(A, B)))",1af4b6b1bdd2472d8d0e5c67983fc352
"and(and(not(subset_eq(B, A)), greater_than(cardinality(A), cardinality(B))), subset_eq(index(cardinality(A), union(A, B)), difference(A, B)))",19aea5e4cf1145e8b815539c97254718
"and(and(not(subset_eq(B, A)), greater_than(cardinality(A), cardinality(B))), subset_eq(index(cardinality(B), union(A, B)), intersection(A, B)))",283ae41753a447ca937831e17d231a78
"and(and(not(subset_eq(B, A)), greater_than(cardinality(A), cardinality(B))), subset_eq(index(cardinality(B), union(A, B)), intersection(A, B)))",adb59044262c4464b265eb79608ce9e7
"and(and(not(subset_eq(B, A)), greater_than(cardinality(A), cardinality(B))), subset_eq(index(cardinality(B), union(A, B)), intersection(A, B)))",283ae41753a447ca937831e17d231a78
"and(and(not(subset_eq(B, A)), greater_than(cardinality(A), cardinality(B))), subset_eq(index(cardinality(B), union(A, B)), difference(A, B)))",2527ddb8957146cd868e4370111df5fd
"and(and(not(subset_eq(B, A)), greater_than(cardinality(A), cardinality(B))), subset_eq(index(cardinality(B), union(A, B)), difference(A, B)))",7b5137776fae45589d4750f2adde93a0
"and(and(not(subset_eq(B, A)), greater_than(cardinality(A), cardinality(B))), subset_eq(index(cardinality(B), union(A, B)), difference(A, B)))",2527ddb8957146cd868e4370111df5fd
"and(and(not(subset_eq(B, A)), greater_than(cardinality(A), cardinality(B))), subset_eq(index(cardinality(A), union(A, B)), union(difference(A, B), difference(B, A))))",673d16955a2845a8b9c6caae4aeb74f4
"and(and(not(subset_eq(B, A)), greater_than(cardinality(A), cardinality(B))), subset_eq(index(cardinality(A), union(A, B)), union(difference(A, B), difference(B, A))))",14aa2ceeb6db4f968191cc1d1c32285c
"and(and(not(subset_eq(B, A)), greater_than(cardinality(A), cardinality(B))), subset_eq(index(cardinality(A), union(A, B)), union(difference(A, B), difference(B, A))))",673d16955a2845a8b9c6caae4aeb74f4
"and(and(not(subset_eq(B, A)), greater_than(cardinality(A), cardinality(B))), subset_eq(index(cardinality(B), union(A, B)), union(difference(A, B), difference(B, A))))",29e829a753e74e95a78ed18361d16379
"and(and(not(subset_eq(B, A)), greater_than(cardinality(A), cardinality(B))), subset_eq(index(cardinality(B), union(A, B)), union(difference(A, B), difference(B, A))))",2bcd6af232504605bb7dce908b98c47b
"and(and(not(subset_eq(B, A)), greater_than(cardinality(A), cardinality(B))), subset_eq(index(cardinality(B), union(A, B)), union(difference(A, B), difference(B, A))))",29e829a753e74e95a78ed18361d16379
"and(and(not(subset_eq(B, A)), greater_than(cardinality(A), cardinality(B))), subset_eq(index(cardinality(B), difference(A, B)), index(cardinality(A), union(A, B))))",254d90693f1e4121860987aeed8ac573
"and(and(not(subset_eq(B, A)), greater_than(cardinality(A), cardinality(B))), subset_eq(index(cardinality(B), difference(A, B)), index(cardinality(A), union(A, B))))",a2538730fdcd4e0eb8a2e2ba33886db0
"and(and(not(subset_eq(B, A)), greater_than(cardinality(A), cardinality(B))), subset_eq(index(cardinality(B), difference(A, B)), index(cardinality(A), union(A, B))))",254d90693f1e4121860987aeed8ac573
"and(and(not(subset_eq(B, A)), greater_than(cardinality(A), cardinality(B))), subset_eq(index(cardinality(B), difference(A, B)), index(cardinality(B), union(A, B))))",6ce8c242ee894eb9814a2f33f6fbbb8d
"and(and(not(subset_eq(B, A)), greater_than(cardinality(A), cardinality(B))), subset_eq(index(cardinality(B), difference(A, B)), index(cardinality(B), union(A, B))))",a079f2fa333247549e1e22d4769f53aa
"and(and(not(subset_eq(B, A)), greater_than(cardinality(A), cardinality(B))), subset_eq(index(cardinality(B), difference(A, B)), index(cardinality(B), union(A, B))))",6ce8c242ee894eb9814a2f33f6fbbb8d
"and(and(subset_eq(A, difference(A, B)), equals(cardinality(A), cardinality(B))), subset_eq(index(cardinality(A), union(A, B)), A))",37c552894a4f45639d86cf35ca9679ea
"and(and(subset_eq(A, difference(A, B)), equals(cardinality(A), cardinality(B))), subset_eq(index(cardinality(A), union(A, B)), B))",597be68c282748e1b65767eb87a14300
"and(and(subset_eq(A, difference(A, B)), greater_than(cardinality(A), cardinality(B))), subset_eq(B, index(cardinality(B), union(A, B))))",ef5ec0fc7ad7410987bf0e961b1f9964
"and(and(subset_eq(A, difference(A, B)), greater_than(cardinality(A), cardinality(B))), subset_eq(index(cardinality(A), union(A, B)), A))",bee7322dd7d84b0c86975313e0d517eb
"and(and(subset_eq(A, difference(A, B)), greater_than(cardinality(A), cardinality(B))), subset_eq(index(cardinality(A), union(A, B)), A))",ad3de8eca437429c9601aa416273a994
"and(and(subset_eq(A, difference(A, B)), greater_than(cardinality(A), cardinality(B))), subset_eq(index(cardinality(A), union(A, B)), A))",bee7322dd7d84b0c86975313e0d517eb
"and(and(subset_eq(A, difference(A, B)), greater_than(cardinality(A), cardinality(B))), subset_eq(index(cardinality(B), union(A, B)), A))",571a7acbbaeb47978597be903b850ad5
"and(and(subset_eq(A, difference(A, B)), greater_than(cardinality(A), cardinality(B))), subset_eq(index(cardinality(B), union(A, B)), A))",5ffed9a7e7ed41cf870a76bc72881db1
"and(and(subset_eq(A, difference(A, B)), greater_than(cardinality(A), cardinality(B))), subset_eq(index(cardinality(B), union(A, B)), A))",571a7acbbaeb47978597be903b850ad5
"and(and(subset_eq(A, difference(A, B)), greater_than(cardinality(B), cardinality(A))), subset_eq(A, index(cardinality(A), union(A, B))))",84d8ecaf389b4e2ba7e56e8581422025
"and(and(subset_eq(A, difference(A, B)), greater_than(cardinality(B), cardinality(A))), subset_eq(index(cardinality(A), union(A, B)), B))",6cada994224e47899fc306ad3597c230
"and(and(subset_eq(A, difference(A, B)), greater_than(cardinality(B), cardinality(A))), subset_eq(index(cardinality(A), union(A, B)), B))",a18cc5819a5f4c1fb722bfa6021dee16
"and(and(subset_eq(A, difference(A, B)), greater_than(cardinality(B), cardinality(A))), subset_eq(index(cardinality(A), union(A, B)), B))",6cada994224e47899fc306ad3597c230
"and(and(subset_eq(A, difference(A, B)), greater_than(cardinality(B), cardinality(A))), subset_eq(index(cardinality(B), union(A, B)), B))",1bc514ff7fe34919b7da8d37fcddf2dc
"and(and(subset_eq(A, difference(A, B)), greater_than(cardinality(B), cardinality(A))), subset_eq(index(cardinality(B), union(A, B)), B))",672475c9c4cd41999ee9d526ea776a26
"and(and(subset_eq(A, difference(A, B)), greater_than(cardinality(B), cardinality(A))), subset_eq(index(cardinality(B), union(A, B)), B))",1bc514ff7fe34919b7da8d37fcddf2dc
"or(subset_eq(A, B), and(not(subset_eq(B, A)), subset_eq(A, difference(A, B))))",a2b64735787e4b5a86ea8cfdc5d0a6f0
"or(subset_eq(A, B), and(not(subset_eq(B, A)), subset_eq(A, difference(A, B))))",48b13544d72b4fbba1d56a962ff6d9f1
"or(subset_eq(A, B), and(not(subset_eq(B, A)), subset_eq(A, difference(A, B))))",a2b64735787e4b5a86ea8cfdc5d0a6f0
"or(subset_eq(A, B), and(not(subset_eq(B, A)), greater_than(cardinality(A), cardinality(B))))",1c1a993108b64b148656fba84b3aaefb
"or(subset_eq(A, B), and(not(subset_eq(B, A)), greater_than(cardinality(A), cardinality(B))))",993446977b5443d0b0f6bac5dfdd9abc
"or(subset_eq(A, B), and(not(subset_eq(B, A)), greater_than(cardinality(A), cardinality(B))))",1c1a993108b64b148656fba84b3aaefb
"or(equals(cardinality(A), cardinality(B)), not(or(subset_eq(A, B), subset_eq(B, A))))",eec2700a73b04b2d9909f0a7dcb5a450
"or(equals(cardinality(A), cardinality(B)), not(or(subset_eq(A, B), subset_eq(B, A))))",b8faf8c3adf444008f94948fba40bc65
"or(equals(cardinality(A), cardinality(B)), not(or(subset_eq(A, B), subset_eq(B, A))))",eec2700a73b04b2d9909f0a7dcb5a450
"and(or(subset_eq(A, B), not(subset_eq(B, A))), or(subset_eq(B, A), subset_eq(A, difference(A, B))))",c16600249fa54650bcaacd43b1dbc7cf
"and(or(subset_eq(A, B), not(subset_eq(B, A))), or(subset_eq(B, A), subset_eq(A, difference(A, B))))",e8aeb21775df4ad3827e75789c8a06bd
"and(or(subset_eq(A, B), not(subset_eq(B, A))), or(subset_eq(B, A), subset_eq(A, difference(A, B))))",c16600249fa54650bcaacd43b1dbc7cf
"equals(cardinality(difference(B, A)), cardinality(index(cardinality(B), A)))",c464a7b6c7a349cda19d9662eb9f3fb3
"equals(cardinality(difference(B, A)), cardinality(index(cardinality(B), A)))",b474c3177d38464a9f9b25d3e5c8c7b8
"equals(cardinality(difference(B, A)), cardinality(index(cardinality(B), A)))",c464a7b6c7a349cda19d9662eb9f3fb3
"or(subset_eq(A, difference(A, A)), not(or(subset_eq(A, B), subset_eq(B, A))))",812502d1993c4c5e99f54bc2c59e7394
"or(subset_eq(A, difference(A, A)), not(or(subset_eq(A, B), subset_eq(B, A))))",6b2cd6520153432bac36a8893869b85b
"or(subset_eq(A, difference(A, A)), not(or(subset_eq(A, B), subset_eq(B, A))))",812502d1993c4c5e99f54bc2c59e7394
"or(subset_eq(union(A, B), difference(A, A)), not(or(subset_eq(A, B), subset_eq(B, A))))",641e1853c578450ebd3b068d739e2543
"or(subset_eq(union(A, B), difference(A, A)), not(or(subset_eq(A, B), subset_eq(B, A))))",879a7a37d0514a66b4d359ba77e1c918
"or(subset_eq(union(A, B), difference(A, A)), not(or(subset_eq(A, B), subset_eq(B, A))))",641e1853c578450ebd3b068d739e2543
"or(subset_eq(A, difference(A, A)), and(not(subset_eq(B, A)), greater_than(cardinality(A), cardinality(B))))",be0c5b74ad104b8fa0966bfc8264f8e7
"or(subset_eq(A, difference(A, A)), and(not(subset_eq(B, A)), greater_than(cardinality(A), cardinality(B))))",18a98fd4e7b043f2b57f8cceeec76ac6
"or(subset_eq(A, difference(A, A)), and(not(subset_eq(B, A)), greater_than(cardinality(A), cardinality(B))))",be0c5b74ad104b8fa0966bfc8264f8e7
"or(equals(cardinality(A), cardinality(B)), and(not(subset_eq(B, A)), subset_eq(A, difference(A, B))))",ff1bb29394194b4a951315f6839c4972
"or(equals(cardinality(A), cardinality(B)), and(not(subset_eq(B, A)), subset_eq(A, difference(A, B))))",bf66f267be8c4cc9aa045dc351a249f6
"or(equals(cardinality(A), cardinality(B)), and(not(subset_eq(B, A)), subset_eq(A, difference(A, B))))",ff1bb29394194b4a951315f6839c4972
"and(or(subset_eq(A, B), not(subset_eq(B, A))), or(subset_eq(A, difference(A, B)), greater_than(cardinality(A), cardinality(B))))",79b4a4de26254d96b8a00be84e379892
"and(or(subset_eq(A, B), not(subset_eq(B, A))), or(subset_eq(A, difference(A, B)), greater_than(cardinality(A), cardinality(B))))",01b5e327c3ab4e5f83ebf72a698819ac
"and(or(subset_eq(A, B), not(subset_eq(B, A))), or(subset_eq(A, difference(A, B)), greater_than(cardinality(A), cardinality(B))))",79b4a4de26254d96b8a00be84e379892
"and(or(subset_eq(A, B), not(subset_eq(B, A))), or(subset_eq(A, difference(A, B)), greater_than(cardinality(B), cardinality(A))))",113c7da49eef4ba5a098878b63217b36
"and(or(subset_eq(A, B), not(subset_eq(B, A))), or(subset_eq(A, difference(A, B)), greater_than(cardinality(B), cardinality(A))))",49fabdf50c184fbaa22953d70238d33a
"and(or(subset_eq(A, B), not(subset_eq(B, A))), or(subset_eq(A, difference(A, B)), greater_than(cardinality(B), cardinality(A))))",113c7da49eef4ba5a098878b63217b36
"or(subset_eq(union(A, B), difference(A, A)), and(not(subset_eq(B, A)), greater_than(cardinality(A), cardinality(B))))",1ddce4f502e749fb9f00272034e4fb4b
"or(subset_eq(union(A, B), difference(A, A)), and(not(subset_eq(B, A)), greater_than(cardinality(A), cardinality(B))))",8085a2e5d9cc485fa8562449fa782a49
"or(subset_eq(union(A, B), difference(A, A)), and(not(subset_eq(B, A)), greater_than(cardinality(A), cardinality(B))))",1ddce4f502e749fb9f00272034e4fb4b
"and(or(subset_eq(A, B), not(subset_eq(B, A))), not(greater_than(cardinality(B), cardinality(A))))",d5b788eb0452448d80e070109ec75267
"and(or(subset_eq(A, B), not(subset_eq(B, A))), not(greater_than(cardinality(B), cardinality(A))))",12e2a70271f94c6aa3d724a484b7a2f5
"and(or(subset_eq(A, B), not(subset_eq(B, A))), not(greater_than(cardinality(B), cardinality(A))))",d5b788eb0452448d80e070109ec75267
"and(or(subset_eq(A, B), not(subset_eq(B, A))), not(subset_eq(A, difference(A, A))))",bf9794e8a69649df8c83a0a63b4a5e4b
"and(or(subset_eq(A, B), not(subset_eq(B, A))), not(subset_eq(A, difference(A, B))))",86253400c0144da18b6ed09255a5d30d
"and(or(subset_eq(A, B), not(subset_eq(B, A))), not(subset_eq(A, difference(A, B))))",ea40531e06f84f81880f1476c5bb1986
"and(or(subset_eq(A, B), not(subset_eq(B, A))), not(subset_eq(A, difference(A, B))))",86253400c0144da18b6ed09255a5d30d
"and(or(subset_eq(A, B), not(subset_eq(B, A))), not(subset_eq(B, difference(A, A))))",e4dc6f67182f421ab9e0dc68859a59c8
"subset_eq(A, difference(index(cardinality(B), union(A, B)), index(cardinality(B), A)))",78822431ed6a4cd0ad7ec78eadf1429a
"and(or(subset_eq(A, B), not(subset_eq(B, A))), subset_eq(B, index(cardinality(A), union(A, B))))",f3ff7dc50672408081fd265dcb303441
"and(or(subset_eq(A, B), not(subset_eq(B, A))), subset_eq(B, index(cardinality(B), union(A, B))))",e35090584b6b4f1ea31cb046bdbd1bb9
"and(or(subset_eq(A, B), not(subset_eq(B, A))), subset_eq(intersection(A, B), index(cardinality(A), B)))",6d9b53a835ec44d7a600d8841ef790fe
"and(or(subset_eq(A, B), not(subset_eq(B, A))), subset_eq(intersection(A, B), index(cardinality(A), B)))",288e17b7d6224b2098784b51733596a0
"and(or(subset_eq(A, B), not(subset_eq(B, A))), subset_eq(intersection(A, B), index(cardinality(A), B)))",6d9b53a835ec44d7a600d8841ef790fe
"and(or(subset_eq(A, B), not(subset_eq(B, A))), subset_eq(intersection(A, B), index(cardinality(B), A)))",73af6cac0cc84aab8a581ac775068981
"and(or(subset_eq(A, B), not(subset_eq(B, A))), subset_eq(intersection(A, B), index(cardinality(B), A)))",50a88fbb6d064b82a6675399c4cbaaef
"and(or(subset_eq(A, B), not(subset_eq(B, A))), subset_eq(intersection(A, B), index(cardinality(B), A)))",73af6cac0cc84aab8a581ac775068981
"and(or(subset_eq(A, B), not(subset_eq(B, A))), subset_eq(intersection(A, B), index(cardinality(A), union(A, B))))",f4c90ba81d5d4610987bf46e35a40084
"and(or(subset_eq(A, B), not(subset_eq(B, A))), subset_eq(intersection(A, B), index(cardinality(A), union(A, B))))",91dee6ee4a034d3da17fa66e43f1d6ed
"and(or(subset_eq(A, B), not(subset_eq(B, A))), subset_eq(intersection(A, B), index(cardinality(A), union(A, B))))",f4c90ba81d5d4610987bf46e35a40084
"and(or(subset_eq(A, B), not(subset_eq(B, A))), subset_eq(intersection(A, B), index(cardinality(B), union(A, B))))",97f1695248ff46eeb5bd549aafdcd5ad
"and(or(subset_eq(A, B), not(subset_eq(B, A))), subset_eq(intersection(A, B), index(cardinality(B), union(A, B))))",d9cd4616c6144f06a95e64c6c7a8db51
"and(or(subset_eq(A, B), not(subset_eq(B, A))), subset_eq(intersection(A, B), index(cardinality(B), union(A, B))))",97f1695248ff46eeb5bd549aafdcd5ad
"subset_eq(difference(A, B), difference(index(cardinality(B), union(A, B)), index(cardinality(B), A)))",8457b291d57a42be914439b992cc0549
"subset_eq(difference(A, B), difference(index(cardinality(B), union(A, B)), index(cardinality(B), A)))",ee7fb8977eea4ad99c9dff54f5af5afd
"subset_eq(difference(A, B), difference(index(cardinality(B), union(A, B)), index(cardinality(B), A)))",8457b291d57a42be914439b992cc0549
"and(or(subset_eq(A, B), not(subset_eq(B, A))), subset_eq(difference(B, A), index(cardinality(A), union(A, B))))",34719b8fbf6c4457ac7911b5c4dbed6f
"and(or(subset_eq(A, B), not(subset_eq(B, A))), subset_eq(difference(B, A), index(cardinality(A), union(A, B))))",d07c7a585a334c3a8f1071e650db7dc1
"and(or(subset_eq(A, B), not(subset_eq(B, A))), subset_eq(difference(B, A), index(cardinality(A), union(A, B))))",34719b8fbf6c4457ac7911b5c4dbed6f
"and(or(subset_eq(A, B), not(subset_eq(B, A))), subset_eq(difference(B, A), index(cardinality(B), union(A, B))))",8f2c5c02618143f29c108ca866d7935d
"and(or(subset_eq(A, B), not(subset_eq(B, A))), subset_eq(difference(B, A), index(cardinality(B), union(A, B))))",bab907b54ed94cebbe90d536f58cb5d8
"and(or(subset_eq(A, B), not(subset_eq(B, A))), subset_eq(difference(B, A), index(cardinality(B), union(A, B))))",8f2c5c02618143f29c108ca866d7935d
"and(or(subset_eq(A, B), not(subset_eq(B, A))), subset_eq(index(cardinality(A), B), A))",7b87aba7ba4c483eae7c008e75165afe
"and(or(subset_eq(A, B), not(subset_eq(B, A))), subset_eq(index(cardinality(A), B), A))",6aadc9a08ccb4e4995866b5b9fee093d
"and(or(subset_eq(A, B), not(subset_eq(B, A))), subset_eq(index(cardinality(A), B), A))",7b87aba7ba4c483eae7c008e75165afe
"and(or(subset_eq(A, B), not(subset_eq(B, A))), subset_eq(index(cardinality(B), A), B))",abaa859b165947388279401464627b38
"and(or(subset_eq(A, B), not(subset_eq(B, A))), subset_eq(index(cardinality(B), A), B))",96256f6799f640789dc440e9b93c08d3
"and(or(subset_eq(A, B), not(subset_eq(B, A))), subset_eq(index(cardinality(B), A), B))",abaa859b165947388279401464627b38
"and(or(subset_eq(A, B), not(subset_eq(B, A))), subset_eq(index(cardinality(A), union(A, B)), A))",2add7e60e23b48dd88a0fbb1f050b3b4
"and(or(subset_eq(A, B), not(subset_eq(B, A))), subset_eq(index(cardinality(A), union(A, B)), A))",d20f3b43f6564fe5aabe11a787edbaea
"and(or(subset_eq(A, B), not(subset_eq(B, A))), subset_eq(index(cardinality(A), union(A, B)), A))",2add7e60e23b48dd88a0fbb1f050b3b4
"and(or(subset_eq(A, B), not(subset_eq(B, A))), subset_eq(index(cardinality(A), union(A, B)), B))",be6f00d6d04c4c6182b3a94ef885590d
"and(or(subset_eq(A, B), not(subset_eq(B, A))), subset_eq(index(cardinality(A), union(A, B)), B))",fcea8b94f53d44208a54bd07b8f0f385
"and(or(subset_eq(A, B), not(subset_eq(B, A))), subset_eq(index(cardinality(A), union(A, B)), B))",be6f00d6d04c4c6182b3a94ef885590d
"and(or(subset_eq(A, B), not(subset_eq(B, A))), subset_eq(index(cardinality(A), difference(B, A)), A))",ad4914cba55e4de0bd4c8711e52d740a
"and(or(subset_eq(A, B), not(subset_eq(B, A))), subset_eq(index(cardinality(A), difference(B, A)), A))",6d08422d15d34cf5afd2c12c3d9754af
"and(or(subset_eq(A, B), not(subset_eq(B, A))), subset_eq(index(cardinality(A), difference(B, A)), A))",ad4914cba55e4de0bd4c8711e52d740a
"and(or(subset_eq(A, B), not(subset_eq(B, A))), subset_eq(index(cardinality(B), union(A, B)), A))",194f587febc8435c9acaa95a370fd69e
"and(or(subset_eq(A, B), not(subset_eq(B, A))), subset_eq(index(cardinality(B), union(A, B)), A))",d4ab9ebb53044ee084ff1a84a6b9986c
"and(or(subset_eq(A, B), not(subset_eq(B, A))), subset_eq(index(cardinality(B), union(A, B)), A))",194f587febc8435c9acaa95a370fd69e
"and(or(subset_eq(A, B), not(subset_eq(B, A))), subset_eq(index(cardinality(B), union(A, B)), B))",69d0e54626f641d2ab3fbd645bda0810
"and(or(subset_eq(A, B), not(subset_eq(B, A))), subset_eq(index(cardinality(B), union(A, B)), B))",f7ee93622c5443ca97a7d84d24f64d26
"and(or(subset_eq(A, B), not(subset_eq(B, A))), subset_eq(index(cardinality(B), union(A, B)), B))",69d0e54626f641d2ab3fbd645bda0810
"and(or(subset_eq(A, B), not(subset_eq(B, A))), subset_eq(index(cardinality(B), difference(A, B)), B))",131b48bda7cd481e9a0128537164a747
"and(or(subset_eq(A, B), not(subset_eq(B, A))), subset_eq(index(cardinality(B), difference(A, B)), B))",39821a67155d4f0eb7f1cbf9e2d0cb62
"and(or(subset_eq(A, B), not(subset_eq(B, A))), subset_eq(index(cardinality(B), difference(A, B)), B))",131b48bda7cd481e9a0128537164a747
"and(or(subset_eq(A, B), not(subset_eq(B, A))), subset_eq(index(cardinality(A), B), difference(B, A)))",1be1e47ceafe4fa98aec03f8dc0917b4
"and(or(subset_eq(A, B), not(subset_eq(B, A))), subset_eq(index(cardinality(A), B), difference(B, A)))",f2fd1292914d43289c00a4220c374fa2
"and(or(subset_eq(A, B), not(subset_eq(B, A))), subset_eq(index(cardinality(A), B), difference(B, A)))",1be1e47ceafe4fa98aec03f8dc0917b4
"and(or(subset_eq(A, B), not(subset_eq(B, A))), subset_eq(index(cardinality(B), A), difference(A, B)))",1115b033e5264f8ea1af7a530810dc6d
"and(or(subset_eq(A, B), not(subset_eq(B, A))), subset_eq(index(cardinality(B), A), difference(A, B)))",e51408a4b3de4a33b20351a92c246af8
"and(or(subset_eq(A, B), not(subset_eq(B, A))), subset_eq(index(cardinality(B), A), difference(A, B)))",1115b033e5264f8ea1af7a530810dc6d
"and(or(subset_eq(A, B), not(subset_eq(B, A))), subset_eq(index(cardinality(A), union(A, B)), intersection(A, B)))",fe4dd351755442a19608d6b52d3e4d41
"and(or(subset_eq(A, B), not(subset_eq(B, A))), subset_eq(index(cardinality(A), union(A, B)), intersection(A, B)))",60288a05a83e49739ace62281a99b563
"and(or(subset_eq(A, B), not(subset_eq(B, A))), subset_eq(index(cardinality(A), union(A, B)), intersection(A, B)))",fe4dd351755442a19608d6b52d3e4d41
"and(or(subset_eq(A, B), not(subset_eq(B, A))), subset_eq(index(cardinality(A), union(A, B)), difference(A, B)))",1a5da19f49be4fada58cde6b331b1753
"and(or(subset_eq(A, B), not(subset_eq(B, A))), subset_eq(index(cardinality(A), union(A, B)), difference(A, B)))",75e348392e4d4441bd40077113bcefc0
"and(or(subset_eq(A, B), not(subset_eq(B, A))), subset_eq(index(cardinality(A), union(A, B)), difference(A, B)))",1a5da19f49be4fada58cde6b331b1753
"and(or(subset_eq(A, B), not(subset_eq(B, A))), subset_eq(index(cardinality(A), union(A, B)), difference(B, A)))",adfcafb767c94399826b75100f58466a
"and(or(subset_eq(A, B), not(subset_eq(B, A))), subset_eq(index(cardinality(A), union(A, B)), difference(B, A)))",230a4377a4054df9a6f56dfd49169149
"and(or(subset_eq(A, B), not(subset_eq(B, A))), subset_eq(index(cardinality(A), union(A, B)), difference(B, A)))",adfcafb767c94399826b75100f58466a
"and(or(subset_eq(A, B), not(subset_eq(B, A))), subset_eq(index(cardinality(B), union(A, B)), intersection(A, B)))",e3aa6c784f1f4e8b8f4732804ecf1efe
"and(or(subset_eq(A, B), not(subset_eq(B, A))), subset_eq(index(cardinality(B), union(A, B)), intersection(A, B)))",4f4dcca5447a4a21ab04770696ded482
"and(or(subset_eq(A, B), not(subset_eq(B, A))), subset_eq(index(cardinality(B), union(A, B)), intersection(A, B)))",e3aa6c784f1f4e8b8f4732804ecf1efe
"and(or(subset_eq(A, B), not(subset_eq(B, A))), subset_eq(index(cardinality(B), union(A, B)), difference(A, B)))",da6d24d172ce4f5e8c26a7daf68e3c1c
"and(or(subset_eq(A, B), not(subset_eq(B, A))), subset_eq(index(cardinality(B), union(A, B)), difference(A, B)))",744992ef5e374d1ab56b7b4bdd7b3cfa
"and(or(subset_eq(A, B), not(subset_eq(B, A))), subset_eq(index(cardinality(B), union(A, B)), difference(A, B)))",da6d24d172ce4f5e8c26a7daf68e3c1c
"and(or(subset_eq(A, B), not(subset_eq(B, A))), subset_eq(index(cardinality(A), B), index(cardinality(A), union(A, B))))",c796699e1e2e480c827b24bccc6795dc
"and(or(subset_eq(A, B), not(subset_eq(B, A))), subset_eq(index(cardinality(A), B), index(cardinality(A), union(A, B))))",813bce4f63e04212bcf5a32a7487ad1d
"and(or(subset_eq(A, B), not(subset_eq(B, A))), subset_eq(index(cardinality(A), B), index(cardinality(A), union(A, B))))",c796699e1e2e480c827b24bccc6795dc
"and(or(subset_eq(A, B), not(subset_eq(B, A))), subset_eq(index(cardinality(A), B), index(cardinality(A), difference(B, A))))",19a5c75ba2384db3ae26fdd5eb4764f4
"and(or(subset_eq(A, B), not(subset_eq(B, A))), subset_eq(index(cardinality(A), B), index(cardinality(A), difference(B, A))))",211bf1e5186e4cb4a2d321ab63bbb488
"and(or(subset_eq(A, B), not(subset_eq(B, A))), subset_eq(index(cardinality(A), B), index(cardinality(A), difference(B, A))))",19a5c75ba2384db3ae26fdd5eb4764f4
"and(or(subset_eq(A, B), not(subset_eq(B, A))), subset_eq(index(cardinality(A), B), index(cardinality(B), union(A, B))))",911e7e4923b840d1a646176ce92c2709
"and(or(subset_eq(A, B), not(subset_eq(B, A))), subset_eq(index(cardinality(A), B), index(cardinality(B), union(A, B))))",be9528be05784e7c90b80844c29fb480
"and(or(subset_eq(A, B), not(subset_eq(B, A))), subset_eq(index(cardinality(A), B), index(cardinality(B), union(A, B))))",911e7e4923b840d1a646176ce92c2709
"and(or(subset_eq(A, B), not(subset_eq(B, A))), subset_eq(index(cardinality(B), A), index(cardinality(B), union(A, B))))",1b028f3c9ed043829754c3579e3a75f5
"and(or(subset_eq(A, B), not(subset_eq(B, A))), subset_eq(index(cardinality(B), A), index(cardinality(B), union(A, B))))",373b3664d343490a9f59a2684a7670a9
"and(or(subset_eq(A, B), not(subset_eq(B, A))), subset_eq(index(cardinality(B), A), index(cardinality(B), union(A, B))))",1b028f3c9ed043829754c3579e3a75f5
"or(not(greater_than(cardinality(A), cardinality(B))), greater_than(cardinality(difference(B, A)), cardinality(intersection(A, B))))",b3423e8bdaef4224a05cad7f754f5c04
"or(not(greater_than(cardinality(A), cardinality(B))), greater_than(cardinality(difference(B, A)), cardinality(intersection(A, B))))",b7af740c4a9b4b1891789d2a133bd8aa
"or(not(greater_than(cardinality(A), cardinality(B))), greater_than(cardinality(difference(B, A)), cardinality(intersection(A, B))))",b3423e8bdaef4224a05cad7f754f5c04
"and(or(subset_eq(A, B), not(subset_eq(B, A))), subset_eq(index(cardinality(A), union(A, B)), union(difference(A, B), difference(B, A))))",dff2f65478e442da88757f507b211ecf
"and(or(subset_eq(A, B), not(subset_eq(B, A))), subset_eq(index(cardinality(A), union(A, B)), union(difference(A, B), difference(B, A))))",a16fadf2bcd649be9ebc9ee8df8e3fb1
"and(or(subset_eq(A, B), not(subset_eq(B, A))), subset_eq(index(cardinality(A), union(A, B)), union(difference(A, B), difference(B, A))))",dff2f65478e442da88757f507b211ecf
"subset_eq(union(index(cardinality(B), A), index(cardinality(A), union(A, B))), index(cardinality(A), B))",40ef9d3a0bfe404197cb2a54fe8091c8
"subset_eq(union(index(cardinality(B), A), index(cardinality(A), union(A, B))), index(cardinality(A), B))",22c3f4f5a347491da936de8abbd6c73d
"subset_eq(union(index(cardinality(B), A), index(cardinality(A), union(A, B))), index(cardinality(A), B))",40ef9d3a0bfe404197cb2a54fe8091c8
"and(or(subset_eq(A, B), not(subset_eq(B, A))), subset_eq(index(cardinality(A), union(A, B)), index(cardinality(B), A)))",1b4d899a582340e5b25e78a8ff56298d
"and(or(subset_eq(A, B), not(subset_eq(B, A))), subset_eq(index(cardinality(A), union(A, B)), index(cardinality(B), A)))",ba52bd69806e42abbd3b4d8816e84570
"and(or(subset_eq(A, B), not(subset_eq(B, A))), subset_eq(index(cardinality(A), union(A, B)), index(cardinality(B), A)))",1b4d899a582340e5b25e78a8ff56298d
"subset_eq(union(index(cardinality(B), A), index(cardinality(A), union(A, B))), index(cardinality(A), difference(B, A)))",693cf0ac6988446d82a6da9ba2b99190
"subset_eq(union(index(cardinality(B), A), index(cardinality(A), union(A, B))), index(cardinality(A), difference(B, A)))",99191b1183a64b7d962600b5b10bf9ec
"subset_eq(union(index(cardinality(B), A), index(cardinality(A), union(A, B))), index(cardinality(A), difference(B, A)))",693cf0ac6988446d82a6da9ba2b99190
"and(or(subset_eq(A, B), not(subset_eq(B, A))), subset_eq(index(cardinality(A), union(A, B)), index(cardinality(B), difference(A, B))))",578534383dae4ff68df36e63ae83992d
"and(or(subset_eq(A, B), not(subset_eq(B, A))), subset_eq(index(cardinality(A), union(A, B)), index(cardinality(B), difference(A, B))))",712c39c99f8244328811cd4c8ccbbfa4
"and(or(subset_eq(A, B), not(subset_eq(B, A))), subset_eq(index(cardinality(A), union(A, B)), index(cardinality(B), difference(A, B))))",578534383dae4ff68df36e63ae83992d
"and(or(subset_eq(A, B), not(subset_eq(B, A))), subset_eq(index(cardinality(A), difference(B, A)), index(cardinality(A), B)))",a9c5a8c0d4934036a5d4d58c60941152
"and(or(subset_eq(A, B), not(subset_eq(B, A))), subset_eq(index(cardinality(A), difference(B, A)), index(cardinality(A), B)))",f7c4d8c5fe154064a98f73d26f039c66
"and(or(subset_eq(A, B), not(subset_eq(B, A))), subset_eq(index(cardinality(A), difference(B, A)), index(cardinality(A), B)))",a9c5a8c0d4934036a5d4d58c60941152
"and(or(subset_eq(A, B), not(subset_eq(B, A))), subset_eq(index(cardinality(A), difference(B, A)), index(cardinality(A), union(A, B))))",711dd59ef9fe44dc9b7721065a19c009
"and(or(subset_eq(A, B), not(subset_eq(B, A))), subset_eq(index(cardinality(A), difference(B, A)), index(cardinality(A), union(A, B))))",0ce691c0eef940e696f4cef700f49c9e
"and(or(subset_eq(A, B), not(subset_eq(B, A))), subset_eq(index(cardinality(A), difference(B, A)), index(cardinality(A), union(A, B))))",711dd59ef9fe44dc9b7721065a19c009
"and(or(subset_eq(A, B), not(subset_eq(B, A))), subset_eq(index(cardinality(A), difference(B, A)), index(cardinality(B), union(A, B))))",b513374008dd4d858d560e40cf091705
"and(or(subset_eq(A, B), not(subset_eq(B, A))), subset_eq(index(cardinality(A), difference(B, A)), index(cardinality(B), union(A, B))))",edebdf04dbf7422db1fc418eba003def
"and(or(subset_eq(A, B), not(subset_eq(B, A))), subset_eq(index(cardinality(A), difference(B, A)), index(cardinality(B), union(A, B))))",b513374008dd4d858d560e40cf091705
"and(or(subset_eq(A, B), not(subset_eq(B, A))), subset_eq(index(cardinality(B), union(A, B)), union(difference(A, B), difference(B, A))))",be2531a29647458d8172c2bed148e3a5
"and(or(subset_eq(A, B), not(subset_eq(B, A))), subset_eq(index(cardinality(B), union(A, B)), union(difference(A, B), difference(B, A))))",69ab052ab2f04e55b2c9e9272d97d4de
"and(or(subset_eq(A, B), not(subset_eq(B, A))), subset_eq(index(cardinality(B), union(A, B)), union(difference(A, B), difference(B, A))))",be2531a29647458d8172c2bed148e3a5
"and(or(subset_eq(A, B), not(subset_eq(B, A))), subset_eq(index(cardinality(B), union(A, B)), index(cardinality(B), A)))",4bd8626c536948628a6bb888555b3270
"and(or(subset_eq(A, B), not(subset_eq(B, A))), subset_eq(index(cardinality(B), union(A, B)), index(cardinality(B), A)))",9b48298ba61c4047a1c5652477a2920f
"and(or(subset_eq(A, B), not(subset_eq(B, A))), subset_eq(index(cardinality(B), union(A, B)), index(cardinality(B), A)))",4bd8626c536948628a6bb888555b3270
"and(or(subset_eq(A, B), not(subset_eq(B, A))), subset_eq(index(cardinality(B), union(A, B)), index(cardinality(B), difference(A, B))))",20afa706d5674d2294eaa802a64b8614
"and(or(subset_eq(A, B), not(subset_eq(B, A))), subset_eq(index(cardinality(B), union(A, B)), index(cardinality(B), difference(A, B))))",5a190f566b984ce8bf72d16860224d42
"and(or(subset_eq(A, B), not(subset_eq(B, A))), subset_eq(index(cardinality(B), union(A, B)), index(cardinality(B), difference(A, B))))",20afa706d5674d2294eaa802a64b8614
"and(or(subset_eq(A, B), not(subset_eq(B, A))), subset_eq(index(cardinality(B), difference(A, B)), index(cardinality(A), union(A, B))))",868d09c76e854463a6cee14dfc56d7f7
"and(or(subset_eq(A, B), not(subset_eq(B, A))), subset_eq(index(cardinality(B), difference(A, B)), index(cardinality(A), union(A, B))))",8974757572c14f74b089f2d3b0b29660
"and(or(subset_eq(A, B), not(subset_eq(B, A))), subset_eq(index(cardinality(B), difference(A, B)), index(cardinality(A), union(A, B))))",868d09c76e854463a6cee14dfc56d7f7
"and(or(subset_eq(A, B), not(subset_eq(B, A))), subset_eq(index(cardinality(B), difference(A, B)), index(cardinality(B), union(A, B))))",bbf5950d0c9d4740b048f2d298189c94
"and(or(subset_eq(A, B), not(subset_eq(B, A))), subset_eq(index(cardinality(B), difference(A, B)), index(cardinality(B), union(A, B))))",a6510618fb704f44ad7be09b5c190b86
"and(or(subset_eq(A, B), not(subset_eq(B, A))), subset_eq(index(cardinality(B), difference(A, B)), index(cardinality(B), union(A, B))))",bbf5950d0c9d4740b048f2d298189c94
"and(or(subset_eq(A, B), not(subset_eq(B, A))), equals(cardinality(B), cardinality(difference(A, B))))",13b1196ce5534f938a07446ae502a929
"and(or(subset_eq(A, B), not(subset_eq(B, A))), equals(cardinality(B), cardinality(difference(A, B))))",9a9a41bcfe1640bcb9c1e58b6ad882be
"and(or(subset_eq(A, B), not(subset_eq(B, A))), equals(cardinality(B), cardinality(difference(A, B))))",13b1196ce5534f938a07446ae502a929
"and(not(greater_than(cardinality(A), cardinality(B))), equals(cardinality(intersection(A, B)), cardinality(difference(A, B))))",639867e167bb406ab09f81efda76b249
"and(not(greater_than(cardinality(A), cardinality(B))), equals(cardinality(intersection(A, B)), cardinality(difference(A, B))))",08b4e939bbf1485e96635eee015dfa27
"and(not(greater_than(cardinality(A), cardinality(B))), equals(cardinality(intersection(A, B)), cardinality(difference(A, B))))",639867e167bb406ab09f81efda76b249
"and(or(subset_eq(A, B), not(subset_eq(B, A))), equals(cardinality(intersection(A, B)), cardinality(difference(B, A))))",9e1f8c510306411ead84b3d5d6f65806
"and(or(subset_eq(A, B), not(subset_eq(B, A))), equals(cardinality(intersection(A, B)), cardinality(difference(B, A))))",6f477b25bfed4c8d83f1ed3c7805f27e
"and(or(subset_eq(A, B), not(subset_eq(B, A))), equals(cardinality(intersection(A, B)), cardinality(difference(B, A))))",9e1f8c510306411ead84b3d5d6f65806
"and(or(subset_eq(A, B), not(subset_eq(B, A))), greater_than(cardinality(A), cardinality(difference(B, A))))",2cc0b54bdd524e2abd790f14bc8a22d2
"and(or(subset_eq(A, B), not(subset_eq(B, A))), greater_than(cardinality(A), cardinality(difference(B, A))))",84fac641cf0a4856809f0c47917a6f01
"and(or(subset_eq(A, B), not(subset_eq(B, A))), greater_than(cardinality(A), cardinality(difference(B, A))))",2cc0b54bdd524e2abd790f14bc8a22d2
"and(not(greater_than(cardinality(A), cardinality(B))), greater_than(cardinality(B), cardinality(difference(A, B))))",2b4277d7286843da83c286cbbd8a645b
"and(not(greater_than(cardinality(A), cardinality(B))), greater_than(cardinality(B), cardinality(difference(A, B))))",a776fe93b26b493b92c012d5bce06197
"and(not(greater_than(cardinality(A), cardinality(B))), greater_than(cardinality(B), cardinality(difference(A, B))))",2b4277d7286843da83c286cbbd8a645b
"and(not(greater_than(cardinality(A), cardinality(B))), greater_than(cardinality(intersection(A, B)), cardinality(difference(A, B))))",536fd0c51a9d4be3aacf5d8f4a09783d
"and(not(greater_than(cardinality(A), cardinality(B))), greater_than(cardinality(intersection(A, B)), cardinality(difference(A, B))))",3e6f2177aead4574bc66835f4962dd05
"and(not(greater_than(cardinality(A), cardinality(B))), greater_than(cardinality(intersection(A, B)), cardinality(difference(A, B))))",536fd0c51a9d4be3aacf5d8f4a09783d
"and(not(greater_than(cardinality(A), cardinality(B))), greater_than(cardinality(intersection(A, B)), cardinality(difference(B, A))))",cb9b9c5ce77e4028a92237f73c3d8a6d
"and(not(greater_than(cardinality(A), cardinality(B))), greater_than(cardinality(intersection(A, B)), cardinality(difference(B, A))))",2eab893985ae48559032bb1f2613bc11
"and(not(greater_than(cardinality(A), cardinality(B))), greater_than(cardinality(intersection(A, B)), cardinality(difference(B, A))))",cb9b9c5ce77e4028a92237f73c3d8a6d
"or(subset_eq(A, B), and(subset_eq(A, difference(A, B)), equals(cardinality(A), cardinality(B))))",1adefbf569ab45b6830baf79362dad2c
"or(subset_eq(A, B), and(subset_eq(A, difference(A, B)), equals(cardinality(A), cardinality(B))))",7785430c2dd942fcb2a838c8709b5153
"or(subset_eq(A, B), and(subset_eq(A, difference(A, B)), equals(cardinality(A), cardinality(B))))",1adefbf569ab45b6830baf79362dad2c
"or(subset_eq(A, B), and(subset_eq(A, difference(A, B)), greater_than(cardinality(A), cardinality(B))))",ec38ceec29a346cbbe54f762ce6590c8
"or(subset_eq(A, B), and(subset_eq(A, difference(A, B)), greater_than(cardinality(A), cardinality(B))))",deeb6a523f5b400dbd8d841d32a52126
"or(subset_eq(A, B), and(subset_eq(A, difference(A, B)), greater_than(cardinality(A), cardinality(B))))",ec38ceec29a346cbbe54f762ce6590c8
"or(subset_eq(A, B), greater_than(cardinality(difference(B, A)), cardinality(A)))",415e4d5f97924849806b83bafb03e614
"or(subset_eq(A, B), greater_than(cardinality(difference(B, A)), cardinality(A)))",d9210ac540974df49ead6ecd5c867d08
"or(subset_eq(A, B), greater_than(cardinality(difference(B, A)), cardinality(A)))",415e4d5f97924849806b83bafb03e614
"and(or(subset_eq(A, B), subset_eq(A, difference(A, B))), or(subset_eq(B, A), not(subset_eq(A, B))))",770af85159aa4b3b997b9d89ddcd5984
"and(or(subset_eq(A, B), subset_eq(A, difference(A, B))), or(subset_eq(B, A), not(subset_eq(A, B))))",2c8c84eeecdc4fe5bf55ba2cd7e31fd0
"and(or(subset_eq(A, B), subset_eq(A, difference(A, B))), or(subset_eq(B, A), not(subset_eq(A, B))))",770af85159aa4b3b997b9d89ddcd5984
"and(or(subset_eq(A, B), subset_eq(A, difference(A, B))), or(subset_eq(B, A), equals(cardinality(A), cardinality(B))))",b163ae97c4874b9a843b0d95ad67df7e
"and(or(subset_eq(A, B), subset_eq(A, difference(A, B))), or(subset_eq(B, A), greater_than(cardinality(A), cardinality(B))))",fecf9648e0d04801bfb3c727f982fdaf
"and(or(subset_eq(A, B), subset_eq(A, difference(A, B))), or(subset_eq(B, A), greater_than(cardinality(A), cardinality(B))))",aa3b4db2bcca451faff11e43dab37a54
"and(or(subset_eq(A, B), subset_eq(A, difference(A, B))), or(subset_eq(B, A), greater_than(cardinality(A), cardinality(B))))",fecf9648e0d04801bfb3c727f982fdaf
"or(or(subset_eq(A, B), subset_eq(B, difference(A, A))), greater_than(cardinality(difference(B, A)), cardinality(A)))",978dbef8bec44deb8f85dc9d20d47976
"or(or(subset_eq(A, B), subset_eq(B, difference(A, A))), greater_than(cardinality(difference(B, A)), cardinality(A)))",0c57894e6ba34ee4b56fd4beafc0ea59
"or(or(subset_eq(A, B), subset_eq(B, difference(A, A))), greater_than(cardinality(difference(B, A)), cardinality(A)))",978dbef8bec44deb8f85dc9d20d47976
"or(and(subset_eq(A, difference(A, B)), equals(cardinality(A), cardinality(B))), or(subset_eq(A, B), subset_eq(B, difference(A, A))))",58daa2435bfe4084b0e42c344db2e578
"or(and(subset_eq(A, difference(A, B)), equals(cardinality(A), cardinality(B))), or(subset_eq(A, B), subset_eq(B, difference(A, A))))",5a7254b1cc7b4f6787fa90ba542abaa5
"or(and(subset_eq(A, difference(A, B)), equals(cardinality(A), cardinality(B))), or(subset_eq(A, B), subset_eq(B, difference(A, A))))",58daa2435bfe4084b0e42c344db2e578
"and(or(subset_eq(A, B), subset_eq(A, difference(A, B))), not(and(subset_eq(A, B), subset_eq(B, A))))",96d466696212473c8cc42f8b2c081767
"and(or(subset_eq(A, B), subset_eq(A, difference(A, B))), not(and(subset_eq(A, B), subset_eq(B, A))))",09aea853c88e4fca89a107ca6534a384
"and(or(subset_eq(A, B), subset_eq(A, difference(A, B))), not(and(subset_eq(A, B), subset_eq(B, A))))",96d466696212473c8cc42f8b2c081767
"and(or(subset_eq(A, B), subset_eq(A, difference(A, B))), or(not(subset_eq(B, A)), subset_eq(A, difference(A, A))))",0f19585ca8f0410a94eaa2487f63419b
"and(or(subset_eq(A, B), subset_eq(A, difference(A, B))), or(not(subset_eq(B, A)), subset_eq(A, difference(A, A))))",25f32eee1251430ea6df2144878656af
"and(or(subset_eq(A, B), subset_eq(A, difference(A, B))), or(not(subset_eq(B, A)), subset_eq(A, difference(A, A))))",0f19585ca8f0410a94eaa2487f63419b
"or(subset_eq(A, difference(A, B)), and(subset_eq(A, B), not(subset_eq(B, A))))",bbe00424be3045b0a5bb669a8b045e73
"or(subset_eq(A, difference(A, B)), and(subset_eq(A, B), not(subset_eq(B, A))))",eede05c5a8d84b7cb4dc5c4489d7c236
"or(subset_eq(A, difference(A, B)), and(subset_eq(A, B), not(subset_eq(B, A))))",bbe00424be3045b0a5bb669a8b045e73
"and(or(subset_eq(A, B), equals(cardinality(A), cardinality(B))), or(subset_eq(B, A), subset_eq(A, difference(A, B))))",442251c1115b43ceb6efe78ed1cdd22e
"and(or(subset_eq(A, B), subset_eq(A, difference(A, B))), or(subset_eq(A, difference(A, A)), greater_than(cardinality(B), cardinality(A))))",3b2faf2090184337a5e66b7f10965843
"and(or(subset_eq(A, B), subset_eq(A, difference(A, B))), or(subset_eq(A, difference(A, A)), greater_than(cardinality(B), cardinality(A))))",819fcc96c5c24298a9f14307d4359da1
"and(or(subset_eq(A, B), subset_eq(A, difference(A, B))), or(subset_eq(A, difference(A, A)), greater_than(cardinality(B), cardinality(A))))",3b2faf2090184337a5e66b7f10965843
"and(or(subset_eq(A, B), subset_eq(A, difference(A, B))), or(subset_eq(B, difference(A, A)), greater_than(cardinality(B), cardinality(A))))",fa2ee43d2bdc4d8e9d6bb870e64a62a1
"and(or(subset_eq(A, B), subset_eq(A, difference(A, B))), or(subset_eq(B, difference(A, A)), greater_than(cardinality(B), cardinality(A))))",cbf2acc8dcc9487d8a90c30458c00ce4
"and(or(subset_eq(A, B), subset_eq(A, difference(A, B))), or(subset_eq(B, difference(A, A)), greater_than(cardinality(B), cardinality(A))))",fa2ee43d2bdc4d8e9d6bb870e64a62a1
"and(or(subset_eq(A, B), subset_eq(A, difference(A, B))), not(greater_than(cardinality(B), cardinality(A))))",13f8ba0a829e408e9f4367ee37a826e4
"and(or(subset_eq(A, B), subset_eq(A, difference(A, B))), not(greater_than(cardinality(B), cardinality(A))))",f4a83d4d6be94f14ad2163ad39a527d9
"and(or(subset_eq(A, B), subset_eq(A, difference(A, B))), not(greater_than(cardinality(B), cardinality(A))))",13f8ba0a829e408e9f4367ee37a826e4
"and(or(subset_eq(A, B), subset_eq(A, difference(A, B))), not(greater_than(cardinality(A), cardinality(B))))",a14099b180c2477c9385b47e27dac787
"and(or(subset_eq(A, B), subset_eq(A, difference(A, B))), not(greater_than(cardinality(A), cardinality(B))))",2603f7f6915b4577839609917ffb61bc
"and(or(subset_eq(A, B), subset_eq(A, difference(A, B))), not(greater_than(cardinality(A), cardinality(B))))",a14099b180c2477c9385b47e27dac787
"and(or(subset_eq(A, B), subset_eq(A, difference(A, B))), not(equals(cardinality(A), cardinality(B))))",825bab3b996c4aeeb07e162564f385c1
"and(or(subset_eq(A, B), subset_eq(A, difference(A, B))), not(equals(cardinality(A), cardinality(B))))",377e7386380e414c9596586e0be8fb66
"and(or(subset_eq(A, B), subset_eq(A, difference(A, B))), not(equals(cardinality(A), cardinality(B))))",825bab3b996c4aeeb07e162564f385c1
"and(or(subset_eq(A, B), subset_eq(A, difference(A, B))), not(subset_eq(A, difference(A, A))))",041957ca0f5d45d49faf04d029552359
"and(or(subset_eq(A, B), subset_eq(A, difference(A, B))), not(subset_eq(A, difference(A, A))))",99305c80c89349fa8f6668c9c183e431
"and(or(subset_eq(A, B), subset_eq(A, difference(A, B))), not(subset_eq(A, difference(A, A))))",041957ca0f5d45d49faf04d029552359
"and(or(subset_eq(A, B), subset_eq(A, difference(A, B))), not(subset_eq(B, difference(A, A))))",69d97a37b85d4efcb9926984a0b32836
"and(or(subset_eq(A, B), subset_eq(A, difference(A, B))), not(subset_eq(B, difference(A, A))))",c79881e637c4480b8e414ce5c1c7d0b7
"and(or(subset_eq(A, B), subset_eq(A, difference(A, B))), not(subset_eq(B, difference(A, A))))",69d97a37b85d4efcb9926984a0b32836
"and(or(subset_eq(A, B), subset_eq(A, difference(A, B))), not(subset_eq(union(A, B), difference(A, A))))",17afb0514e464f058d4eb186455147b9
"and(or(subset_eq(A, B), subset_eq(A, difference(A, B))), not(subset_eq(union(A, B), difference(A, A))))",3f7446d8deb8408fa74cd4deccfc6fc7
"and(or(subset_eq(A, B), subset_eq(A, difference(A, B))), not(subset_eq(union(A, B), difference(A, A))))",17afb0514e464f058d4eb186455147b9
"or(subset_eq(A, difference(A, B)), subset_eq(A, index(cardinality(A), B)))",4ae9e6e8772f41019952032552fde4bb
"or(subset_eq(A, difference(A, B)), subset_eq(A, index(cardinality(A), B)))",05afdadc572f4017aefe39146897ca52
"or(subset_eq(A, difference(A, B)), subset_eq(A, index(cardinality(A), B)))",4ae9e6e8772f41019952032552fde4bb
"or(subset_eq(A, B), subset_eq(A, index(cardinality(A), union(A, B))))",5ab98ffe9c6c4c03941e3b07083147d8
"or(subset_eq(A, B), subset_eq(A, index(cardinality(A), union(A, B))))",73042c16878343c58901986dded87a03
"or(subset_eq(A, B), subset_eq(A, index(cardinality(A), union(A, B))))",5ab98ffe9c6c4c03941e3b07083147d8
"or(subset_eq(A, B), subset_eq(A, index(cardinality(B), union(A, B))))",f6d81f0a9d3b4cc493cc65baa3aa113e
"or(subset_eq(A, B), subset_eq(A, index(cardinality(B), union(A, B))))",3b599cb6dc2d4f99a09d01c492df4dd1
"or(subset_eq(A, B), subset_eq(A, index(cardinality(B), union(A, B))))",f6d81f0a9d3b4cc493cc65baa3aa113e
"and(or(subset_eq(A, B), subset_eq(A, difference(A, B))), subset_eq(difference(B, A), index(cardinality(A), B)))",761ccb1e656444b6b0dadf68da0cf7de
"and(or(subset_eq(A, B), subset_eq(A, difference(A, B))), subset_eq(difference(B, A), index(cardinality(A), union(A, B))))",f1936dbb85e04073861fd908d1d6ce7e
"or(and(subset_eq(A, B), subset_eq(B, A)), subset_eq(B, index(cardinality(A), B)))",4f9bfaedb19d453cbb74c81d3600a172
"and(or(subset_eq(A, B), subset_eq(A, difference(A, B))), subset_eq(difference(B, A), index(cardinality(B), union(A, B))))",dd5a5c296a8f425c990c7295ed230f4a
"and(or(subset_eq(A, B), subset_eq(A, difference(A, B))), subset_eq(index(cardinality(A), B), A))",362621788eef454fbb1213d65e2bf161
"and(or(subset_eq(A, B), subset_eq(A, difference(A, B))), subset_eq(index(cardinality(A), B), A))",8925f2df37bf4e8bac0c8bff0a345f98
"and(or(subset_eq(A, B), subset_eq(A, difference(A, B))), subset_eq(index(cardinality(A), B), A))",362621788eef454fbb1213d65e2bf161
"and(or(subset_eq(A, B), subset_eq(A, difference(A, B))), subset_eq(index(cardinality(A), union(A, B)), A))",547eb9d53f2e4d1ca3a62c0d879f2b0a
"and(or(subset_eq(A, B), subset_eq(A, difference(A, B))), subset_eq(index(cardinality(A), union(A, B)), A))",2edf339f52e54cea9ebe3be5c7cf27b8
"and(or(subset_eq(A, B), subset_eq(A, difference(A, B))), subset_eq(index(cardinality(A), union(A, B)), A))",547eb9d53f2e4d1ca3a62c0d879f2b0a
"and(or(subset_eq(A, B), subset_eq(A, difference(A, B))), subset_eq(index(cardinality(A), union(A, B)), B))",72c0701ab2104997badff716b690a67a
"and(or(subset_eq(A, B), subset_eq(A, difference(A, B))), subset_eq(index(cardinality(A), union(A, B)), B))",ba50f5956de7484781fdb57692eae36b
"and(or(subset_eq(A, B), subset_eq(A, difference(A, B))), subset_eq(index(cardinality(A), union(A, B)), B))",72c0701ab2104997badff716b690a67a
"and(or(subset_eq(A, B), subset_eq(A, difference(A, B))), subset_eq(index(cardinality(A), difference(B, A)), A))",e7ab2eee456549ebae13324941963764
"and(or(subset_eq(A, B), subset_eq(A, difference(A, B))), subset_eq(index(cardinality(A), difference(B, A)), A))",76a0447258044f898918b71d707ea34c
"and(or(subset_eq(A, B), subset_eq(A, difference(A, B))), subset_eq(index(cardinality(A), difference(B, A)), A))",e7ab2eee456549ebae13324941963764
"and(or(subset_eq(A, B), subset_eq(A, difference(A, B))), subset_eq(index(cardinality(B), union(A, B)), A))",216cf3cec1f04bafb12d3dd61fc7a9b9
"and(or(subset_eq(A, B), subset_eq(A, difference(A, B))), subset_eq(index(cardinality(B), union(A, B)), A))",336645910f844f52b208e1f5fb8a4f30
"and(or(subset_eq(A, B), subset_eq(A, difference(A, B))), subset_eq(index(cardinality(B), union(A, B)), A))",216cf3cec1f04bafb12d3dd61fc7a9b9
"and(or(subset_eq(A, B), subset_eq(A, difference(A, B))), subset_eq(index(cardinality(B), union(A, B)), B))",b8e4d53ddd064e6391b84c8b10098d9e
"and(or(subset_eq(A, B), subset_eq(A, difference(A, B))), subset_eq(index(cardinality(B), union(A, B)), B))",425019a7d9c64a33b76a7e750281f58a
"and(or(subset_eq(A, B), subset_eq(A, difference(A, B))), subset_eq(index(cardinality(B), union(A, B)), B))",b8e4d53ddd064e6391b84c8b10098d9e
"and(or(subset_eq(A, B), subset_eq(A, difference(A, B))), subset_eq(index(cardinality(A), B), difference(B, A)))",fc71bbb682fa4a91a8921a442223246e
"and(or(subset_eq(A, B), subset_eq(A, difference(A, B))), subset_eq(index(cardinality(A), B), difference(B, A)))",aa0a123393624e7fb516d00cacdc2b92
"and(or(subset_eq(A, B), subset_eq(A, difference(A, B))), subset_eq(index(cardinality(A), B), difference(B, A)))",fc71bbb682fa4a91a8921a442223246e
"and(or(subset_eq(A, B), subset_eq(B, difference(A, A))), subset_eq(index(cardinality(A), B), A))",da7d877134e547e880dc88d135f8f384
"and(or(subset_eq(A, B), subset_eq(B, difference(A, A))), subset_eq(index(cardinality(A), B), A))",d0452ad433864493aedb25e77a4be7ff
"and(or(subset_eq(A, B), subset_eq(B, difference(A, A))), subset_eq(index(cardinality(A), B), A))",da7d877134e547e880dc88d135f8f384
"and(or(subset_eq(A, B), subset_eq(A, difference(A, B))), subset_eq(index(cardinality(A), union(A, B)), difference(A, B)))",dc26a536e8a34214b51baaa8c10efbb8
"and(or(subset_eq(A, B), subset_eq(A, difference(A, B))), subset_eq(index(cardinality(A), union(A, B)), difference(A, B)))",57dc5b2d9d5842d2b0aec4993de64a2c
"and(or(subset_eq(A, B), subset_eq(A, difference(A, B))), subset_eq(index(cardinality(A), union(A, B)), difference(A, B)))",dc26a536e8a34214b51baaa8c10efbb8
"and(or(subset_eq(A, B), subset_eq(A, difference(A, B))), subset_eq(index(cardinality(A), union(A, B)), difference(B, A)))",526ede995f5f43b4b2e2ce19d86ec606
"and(or(subset_eq(A, B), subset_eq(A, difference(A, B))), subset_eq(index(cardinality(A), union(A, B)), difference(B, A)))",b6c4f3c9d929445ba398a83435d1a252
"and(or(subset_eq(A, B), subset_eq(A, difference(A, B))), subset_eq(index(cardinality(A), union(A, B)), difference(B, A)))",526ede995f5f43b4b2e2ce19d86ec606
"and(or(subset_eq(A, B), subset_eq(A, difference(A, B))), subset_eq(index(cardinality(A), B), index(cardinality(A), union(A, B))))",e34fcb579c604768b49776b67133b6e4
"and(or(subset_eq(A, B), subset_eq(A, difference(A, B))), subset_eq(index(cardinality(A), B), index(cardinality(A), union(A, B))))",6c5db7769cd843a484dd9b25261d4875
"and(or(subset_eq(A, B), subset_eq(A, difference(A, B))), subset_eq(index(cardinality(A), B), index(cardinality(A), union(A, B))))",e34fcb579c604768b49776b67133b6e4
"and(or(subset_eq(A, B), subset_eq(A, difference(A, B))), subset_eq(index(cardinality(A), B), index(cardinality(A), difference(B, A))))",7eee147b0ea74485af35e9433a604679
"and(or(subset_eq(A, B), subset_eq(A, difference(A, B))), subset_eq(index(cardinality(A), B), index(cardinality(A), difference(B, A))))",c5ee0d0a540641abbf0cc172a38ba53e
"and(or(subset_eq(A, B), subset_eq(A, difference(A, B))), subset_eq(index(cardinality(A), B), index(cardinality(A), difference(B, A))))",7eee147b0ea74485af35e9433a604679
"and(or(subset_eq(A, B), subset_eq(A, difference(A, B))), subset_eq(index(cardinality(A), B), index(cardinality(B), union(A, B))))",1cff5a3ccce94c7a92355df304b712aa
"and(or(subset_eq(A, B), subset_eq(A, difference(A, B))), subset_eq(index(cardinality(A), B), index(cardinality(B), union(A, B))))",ef1525aa644e4ecfbf6c247759799a7f
"and(or(subset_eq(A, B), subset_eq(A, difference(A, B))), subset_eq(index(cardinality(A), B), index(cardinality(B), union(A, B))))",1cff5a3ccce94c7a92355df304b712aa
"and(or(subset_eq(A, B), subset_eq(A, difference(A, B))), subset_eq(index(cardinality(B), A), index(cardinality(A), union(A, B))))",71b1e1b1df1842ec96687220117a2607
"and(or(subset_eq(A, B), subset_eq(A, difference(A, B))), subset_eq(index(cardinality(B), A), index(cardinality(A), union(A, B))))",678938192e564b18a62b1008f03ebd8b
"and(or(subset_eq(A, B), subset_eq(A, difference(A, B))), subset_eq(index(cardinality(B), A), index(cardinality(A), union(A, B))))",71b1e1b1df1842ec96687220117a2607
"subset_eq(union(index(cardinality(B), A), index(cardinality(B), union(A, B))), index(cardinality(difference(B, A)), union(A, B)))",7bdeb1a387034ec4a22ca99b849ba4cd
"subset_eq(union(index(cardinality(B), A), index(cardinality(B), union(A, B))), index(cardinality(difference(B, A)), union(A, B)))",61d2998449cf4a0eaa8597404bb6b97a
"subset_eq(union(index(cardinality(B), A), index(cardinality(B), union(A, B))), index(cardinality(difference(B, A)), union(A, B)))",7bdeb1a387034ec4a22ca99b849ba4cd
"and(or(subset_eq(A, B), subset_eq(A, difference(A, B))), subset_eq(index(cardinality(A), union(A, B)), index(cardinality(A), B)))",7f401fedaded482baaa1ea18a3ced3da
"and(or(subset_eq(A, B), subset_eq(A, difference(A, B))), subset_eq(index(cardinality(A), union(A, B)), index(cardinality(A), B)))",d938837dc0c640d98bced7165bfa77c5
"and(or(subset_eq(A, B), subset_eq(A, difference(A, B))), subset_eq(index(cardinality(A), union(A, B)), index(cardinality(A), B)))",7f401fedaded482baaa1ea18a3ced3da
"and(or(subset_eq(A, B), subset_eq(A, difference(A, B))), subset_eq(index(cardinality(A), union(A, B)), index(cardinality(B), A)))",0fe8d8365c7b4736b5386ecdcfe92b0b
"and(or(subset_eq(A, B), subset_eq(A, difference(A, B))), subset_eq(index(cardinality(A), union(A, B)), index(cardinality(A), difference(B, A))))",598b5cdb37014f7eb4a79861cee62d35
"and(or(subset_eq(A, B), subset_eq(A, difference(A, B))), subset_eq(index(cardinality(A), union(A, B)), index(cardinality(A), difference(B, A))))",4580e0cab99b4f0c92d3ef3d42dba30a
"and(or(subset_eq(A, B), subset_eq(A, difference(A, B))), subset_eq(index(cardinality(A), union(A, B)), index(cardinality(A), difference(B, A))))",598b5cdb37014f7eb4a79861cee62d35
"and(or(subset_eq(A, B), subset_eq(A, difference(A, B))), subset_eq(index(cardinality(A), difference(B, A)), index(cardinality(A), B)))",85e395f7bcd045c09e6bcb43ae6fe3da
"and(or(subset_eq(A, B), subset_eq(A, difference(A, B))), subset_eq(index(cardinality(A), difference(B, A)), index(cardinality(A), B)))",69130a4110dd4e628c070b1f971d9122
"and(or(subset_eq(A, B), subset_eq(A, difference(A, B))), subset_eq(index(cardinality(A), difference(B, A)), index(cardinality(A), B)))",85e395f7bcd045c09e6bcb43ae6fe3da
"and(or(subset_eq(A, B), subset_eq(A, difference(A, B))), subset_eq(index(cardinality(A), difference(B, A)), index(cardinality(A), union(A, B))))",9fb03652a1b44f4e86168b6595864b01
"and(or(subset_eq(A, B), subset_eq(A, difference(A, B))), subset_eq(index(cardinality(A), difference(B, A)), index(cardinality(A), union(A, B))))",67fe6cb646f4446c8c120257d016308c
"and(or(subset_eq(A, B), subset_eq(A, difference(A, B))), subset_eq(index(cardinality(A), difference(B, A)), index(cardinality(A), union(A, B))))",9fb03652a1b44f4e86168b6595864b01
"and(or(subset_eq(A, B), subset_eq(A, difference(A, B))), subset_eq(index(cardinality(A), difference(B, A)), index(cardinality(B), union(A, B))))",9ec929fb4bdd4142a9fc260407cf8e99
"and(or(subset_eq(A, B), subset_eq(A, difference(A, B))), subset_eq(index(cardinality(A), difference(B, A)), index(cardinality(B), union(A, B))))",83c6bebb80ac4829834cd46002361dde
"and(or(subset_eq(A, B), subset_eq(A, difference(A, B))), subset_eq(index(cardinality(A), difference(B, A)), index(cardinality(B), union(A, B))))",9ec929fb4bdd4142a9fc260407cf8e99
"subset_eq(index(cardinality(B), union(A, B)), index(cardinality(intersection(A, B)), index(cardinality(B), A)))",ef4b02383cd04fe3a6d58dec2d51b6ff
"subset_eq(index(cardinality(B), union(A, B)), index(cardinality(intersection(A, B)), index(cardinality(B), A)))",361322fc6b65427f87f9faad1993076a
"subset_eq(index(cardinality(B), union(A, B)), index(cardinality(intersection(A, B)), index(cardinality(B), A)))",ef4b02383cd04fe3a6d58dec2d51b6ff
"and(or(subset_eq(A, B), subset_eq(A, difference(A, B))), equals(cardinality(A), cardinality(difference(B, A))))",919c81cb761a4de2a38c15fbd23d0de5
"and(or(subset_eq(A, B), subset_eq(A, difference(A, B))), equals(cardinality(A), cardinality(difference(B, A))))",9a9265bee79e45e69c272ee03014b492
"and(or(subset_eq(A, B), subset_eq(A, difference(A, B))), equals(cardinality(A), cardinality(difference(B, A))))",919c81cb761a4de2a38c15fbd23d0de5
"and(or(subset_eq(A, B), subset_eq(A, difference(A, B))), greater_than(cardinality(A), cardinality(difference(B, A))))",04c892ee585046258dbee863b68f3693
"and(or(subset_eq(A, B), subset_eq(A, difference(A, B))), greater_than(cardinality(A), cardinality(difference(B, A))))",7e1472c98a7144cb87ef332eadaf85ed
"and(or(subset_eq(A, B), subset_eq(A, difference(A, B))), greater_than(cardinality(A), cardinality(difference(B, A))))",04c892ee585046258dbee863b68f3693
"and(or(subset_eq(A, B), subset_eq(A, difference(A, B))), greater_than(cardinality(B), cardinality(difference(A, B))))",c559f662e3f045f4ae42ea03d93a721c
"and(or(subset_eq(A, B), subset_eq(A, difference(A, B))), greater_than(cardinality(B), cardinality(difference(A, B))))",865a732ed5f84358ab86c1c18eff7052
"and(or(subset_eq(A, B), subset_eq(A, difference(A, B))), greater_than(cardinality(B), cardinality(difference(A, B))))",c559f662e3f045f4ae42ea03d93a721c
"or(and(not(subset_eq(B, A)), subset_eq(A, difference(A, B))), greater_than(cardinality(difference(B, A)), cardinality(A)))",29baf0ff8d2c4f52a13c739c814ba5e2
"or(and(not(subset_eq(B, A)), subset_eq(A, difference(A, B))), greater_than(cardinality(difference(B, A)), cardinality(A)))",5203a0aa4c824567b73674f354b1f461
"or(and(not(subset_eq(B, A)), subset_eq(A, difference(A, B))), greater_than(cardinality(difference(B, A)), cardinality(A)))",29baf0ff8d2c4f52a13c739c814ba5e2
"and(or(subset_eq(A, B), subset_eq(B, difference(A, A))), not(equals(cardinality(A), cardinality(B))))",555316d6a047454a8723673eec23edec
"and(or(subset_eq(A, B), subset_eq(B, difference(A, A))), not(equals(cardinality(A), cardinality(B))))",e11f06b369f44a6aa8075d61f05a36d2
"and(or(subset_eq(A, B), subset_eq(B, difference(A, A))), not(equals(cardinality(A), cardinality(B))))",555316d6a047454a8723673eec23edec
"and(or(subset_eq(A, B), subset_eq(B, difference(A, A))), not(subset_eq(A, difference(A, A))))",5c89fc2270994d90bc4763e33e65411e
"and(or(subset_eq(A, B), subset_eq(B, difference(A, A))), not(subset_eq(A, difference(A, A))))",1503e47182364b4cb6b88d03b6f93a83
"and(or(subset_eq(A, B), subset_eq(B, difference(A, A))), not(subset_eq(A, difference(A, A))))",5c89fc2270994d90bc4763e33e65411e
"and(or(subset_eq(A, B), subset_eq(B, difference(A, A))), not(subset_eq(union(A, B), difference(A, A))))",baa65481905f4e62b332e8d5af2c45ec
"and(or(subset_eq(A, B), subset_eq(B, difference(A, A))), not(subset_eq(union(A, B), difference(A, A))))",107444f4ab754918b09426d8d55a6bba
"and(or(subset_eq(A, B), subset_eq(B, difference(A, A))), not(subset_eq(union(A, B), difference(A, A))))",baa65481905f4e62b332e8d5af2c45ec
"and(or(subset_eq(A, B), subset_eq(B, difference(A, A))), subset_eq(index(cardinality(A), difference(B, A)), A))",e008d16313ae41c992ead070bda62c37
"and(or(subset_eq(A, B), subset_eq(B, difference(A, A))), subset_eq(index(cardinality(A), difference(B, A)), A))",93219067c0df4a198de4e55b4316cf0e
"and(or(subset_eq(A, B), subset_eq(B, difference(A, A))), subset_eq(index(cardinality(A), difference(B, A)), A))",e008d16313ae41c992ead070bda62c37
"and(or(subset_eq(A, B), subset_eq(B, difference(A, A))), subset_eq(index(cardinality(A), B), difference(B, A)))",7ef6317b7fe84adb9c060dca5d661762
"and(or(subset_eq(A, B), subset_eq(B, difference(A, A))), subset_eq(index(cardinality(A), B), difference(B, A)))",bc02aa5d526943bd8583c7009376540c
"and(or(subset_eq(A, B), subset_eq(B, difference(A, A))), subset_eq(index(cardinality(A), B), difference(B, A)))",7ef6317b7fe84adb9c060dca5d661762
"and(or(subset_eq(A, B), subset_eq(B, difference(A, A))), subset_eq(index(cardinality(A), B), index(cardinality(A), difference(B, A))))",fa987d3889984748b855e016b3b5e203
"and(or(subset_eq(A, B), subset_eq(B, difference(A, A))), subset_eq(index(cardinality(A), difference(B, A)), index(cardinality(A), B)))",fcbe213400ef4161923f8c8e34a1474e
"and(or(subset_eq(A, B), subset_eq(B, difference(A, A))), subset_eq(index(cardinality(A), difference(B, A)), index(cardinality(A), B)))",73d49790cf97468a8a5fe81b0110a956
"and(or(subset_eq(A, B), subset_eq(B, difference(A, A))), subset_eq(index(cardinality(A), difference(B, A)), index(cardinality(A), B)))",fcbe213400ef4161923f8c8e34a1474e
"and(or(subset_eq(A, B), subset_eq(B, difference(A, A))), greater_than(cardinality(A), cardinality(difference(B, A))))",ba31e35612154d4baa725201d2e4f2ee
"and(or(subset_eq(A, B), subset_eq(B, difference(A, A))), greater_than(cardinality(A), cardinality(difference(B, A))))",a2fb259b7dec40289dfc6c8a23cd7de9
"and(or(subset_eq(A, B), subset_eq(B, difference(A, A))), greater_than(cardinality(A), cardinality(difference(B, A))))",ba31e35612154d4baa725201d2e4f2ee
"or(subset_eq(A, difference(A, A)), and(not(subset_eq(A, B)), equals(cardinality(A), cardinality(B))))",85852633f6c644dfaa9576e13f4b2209
"or(subset_eq(A, difference(A, A)), and(not(subset_eq(A, B)), equals(cardinality(A), cardinality(B))))",a0ccfd074cf34c418f0e135feb2139e6
"or(subset_eq(A, difference(A, A)), and(not(subset_eq(A, B)), equals(cardinality(A), cardinality(B))))",85852633f6c644dfaa9576e13f4b2209
"and(or(subset_eq(A, B), equals(cardinality(A), cardinality(B))), or(not(subset_eq(B, A)), subset_eq(A, difference(A, A))))",787c02d3d32041b7b181df46edf242f9
"and(or(subset_eq(A, B), equals(cardinality(A), cardinality(B))), or(not(subset_eq(B, A)), subset_eq(A, difference(A, A))))",32bccd58a80a4e4da302f74b586a5ab4
"and(or(subset_eq(A, B), equals(cardinality(A), cardinality(B))), or(not(subset_eq(B, A)), subset_eq(A, difference(A, A))))",787c02d3d32041b7b181df46edf242f9
"or(and(subset_eq(A, B), not(subset_eq(B, A))), and(subset_eq(A, difference(A, B)), equals(cardinality(A), cardinality(B))))",f811cdc80a874d08b1ce73c37aab060b
"or(and(subset_eq(A, B), not(subset_eq(B, A))), and(subset_eq(A, difference(A, B)), equals(cardinality(A), cardinality(B))))",084eb4dd18ee4e26a59f87bc11c86596
"or(and(subset_eq(A, B), not(subset_eq(B, A))), and(subset_eq(A, difference(A, B)), equals(cardinality(A), cardinality(B))))",f811cdc80a874d08b1ce73c37aab060b
"and(or(subset_eq(A, B), equals(cardinality(A), cardinality(B))), not(subset_eq(A, difference(A, A))))",72824717abdf4ed4a84ae897fd057609
"and(or(subset_eq(A, B), equals(cardinality(A), cardinality(B))), not(subset_eq(A, difference(A, A))))",1c2e5e6ba6b6484bb696cfb31fdeecba
"and(or(subset_eq(A, B), equals(cardinality(A), cardinality(B))), not(subset_eq(A, difference(A, A))))",72824717abdf4ed4a84ae897fd057609
"and(or(subset_eq(A, B), equals(cardinality(A), cardinality(B))), not(subset_eq(A, difference(A, B))))",20dc446dca5640b3873e8d4d12cf0d93
"and(or(subset_eq(A, B), equals(cardinality(A), cardinality(B))), not(subset_eq(A, difference(A, B))))",03a717e6abfe48a5bc7a319c9df15a97
"and(or(subset_eq(A, B), equals(cardinality(A), cardinality(B))), not(subset_eq(A, difference(A, B))))",20dc446dca5640b3873e8d4d12cf0d93
"and(or(subset_eq(A, B), equals(cardinality(A), cardinality(B))), not(subset_eq(B, difference(A, A))))",88f1ec75bbef4fdab4d8bd711ff1ce34
"and(or(subset_eq(A, B), equals(cardinality(A), cardinality(B))), not(subset_eq(B, difference(A, A))))",52b4a38916af44b19eba0eab5fc3b00e
"and(or(subset_eq(A, B), equals(cardinality(A), cardinality(B))), not(subset_eq(B, difference(A, A))))",88f1ec75bbef4fdab4d8bd711ff1ce34
"subset_eq(union(A, index(cardinality(A), B)), index(cardinality(A), union(A, B)))",6512730ffa0a4c92ab56c6919a8e520f
"subset_eq(A, intersection(index(cardinality(A), union(A, B)), index(cardinality(B), union(A, B))))",5240d6e111d24ff38744b53dfb069131
"subset_eq(union(B, index(cardinality(B), A)), index(cardinality(A), union(A, B)))",aa3f4d8ecb984cba8c0fa3afc7e2022c
"and(or(subset_eq(A, B), equals(cardinality(A), cardinality(B))), subset_eq(intersection(A, B), index(cardinality(A), B)))",0cb753bb7833472e9c2bae1ef05d6478
"subset_eq(union(intersection(A, B), index(cardinality(B), union(A, B))), index(cardinality(A), union(A, B)))",c42302ffbdf64687be75cc9149ca28e4
"subset_eq(union(intersection(A, B), index(cardinality(B), union(A, B))), index(cardinality(A), union(A, B)))",0e06ff55781e4e3f96b0070acc93aa2c
"subset_eq(union(intersection(A, B), index(cardinality(B), union(A, B))), index(cardinality(A), union(A, B)))",c42302ffbdf64687be75cc9149ca28e4
"and(or(subset_eq(A, B), equals(cardinality(A), cardinality(B))), subset_eq(intersection(A, B), index(cardinality(B), union(A, B))))",b63a44e0ae4d407a8ce9227dd644a4d3
"and(or(subset_eq(A, B), equals(cardinality(A), cardinality(B))), subset_eq(intersection(A, B), index(cardinality(B), union(A, B))))",435e90e1269f41a789ac19fa7ec74e0d
"and(or(subset_eq(A, B), equals(cardinality(A), cardinality(B))), subset_eq(intersection(A, B), index(cardinality(B), union(A, B))))",b63a44e0ae4d407a8ce9227dd644a4d3
"subset_eq(union(difference(A, B), index(cardinality(A), B)), index(cardinality(A), union(A, B)))",3a7451185f514482b8d9cc0834e1dbbf
"subset_eq(union(difference(A, B), index(cardinality(A), B)), index(cardinality(A), union(A, B)))",7ce66ca97fa44db8960ca85a0162cfac
"subset_eq(union(difference(A, B), index(cardinality(A), B)), index(cardinality(A), union(A, B)))",3a7451185f514482b8d9cc0834e1dbbf
"subset_eq(union(difference(B, A), index(cardinality(B), A)), index(cardinality(A), union(A, B)))",43e110a65822444897413472b9b1f00d
"and(or(subset_eq(A, B), equals(cardinality(A), cardinality(B))), subset_eq(index(cardinality(A), B), A))",5478c713913a44ecab8d273d801ccd89
"and(or(subset_eq(A, B), equals(cardinality(A), cardinality(B))), subset_eq(index(cardinality(A), B), A))",34fc78654b8e448782ed400a23421138
"and(or(subset_eq(A, B), equals(cardinality(A), cardinality(B))), subset_eq(index(cardinality(A), B), A))",5478c713913a44ecab8d273d801ccd89
"and(or(subset_eq(A, B), equals(cardinality(A), cardinality(B))), subset_eq(index(cardinality(A), union(A, B)), A))",9acd1ef7d5e34662823a13867d271b1d
"and(or(subset_eq(A, B), equals(cardinality(A), cardinality(B))), subset_eq(index(cardinality(A), union(A, B)), A))",e434e61ceeb24481b02737d08234c9c4
"and(or(subset_eq(A, B), equals(cardinality(A), cardinality(B))), subset_eq(index(cardinality(A), union(A, B)), A))",9acd1ef7d5e34662823a13867d271b1d
"subset_eq(index(cardinality(B), union(A, B)), intersection(B, index(cardinality(A), union(A, B))))",3dbdd36401b142a39030366e2953732c
"subset_eq(index(cardinality(B), union(A, B)), intersection(B, index(cardinality(A), union(A, B))))",5184f1bbeae345b2909b7471a494d703
"subset_eq(index(cardinality(B), union(A, B)), intersection(B, index(cardinality(A), union(A, B))))",3dbdd36401b142a39030366e2953732c
"and(or(subset_eq(A, B), equals(cardinality(A), cardinality(B))), subset_eq(index(cardinality(A), difference(B, A)), A))",941e857f441f4b888a067da2562116ac
"and(or(subset_eq(A, B), equals(cardinality(A), cardinality(B))), subset_eq(index(cardinality(A), difference(B, A)), A))",1a989b0651034de4b3248fc464a01cd4
"and(or(subset_eq(A, B), equals(cardinality(A), cardinality(B))), subset_eq(index(cardinality(A), difference(B, A)), A))",941e857f441f4b888a067da2562116ac
"subset_eq(index(cardinality(B), union(A, B)), intersection(A, index(cardinality(A), union(A, B))))",2e5c3b1734b748eb9eaf7d0260cfebe5
"subset_eq(index(cardinality(B), union(A, B)), intersection(A, index(cardinality(A), union(A, B))))",ec60b7fd8fc84515bd0a564bc1743bb4
"subset_eq(index(cardinality(B), union(A, B)), intersection(A, index(cardinality(A), union(A, B))))",2e5c3b1734b748eb9eaf7d0260cfebe5
"and(or(subset_eq(A, B), equals(cardinality(A), cardinality(B))), subset_eq(index(cardinality(A), B), difference(B, A)))",046822f2e72043d0831d448b825b2544
"and(or(subset_eq(A, B), equals(cardinality(A), cardinality(B))), subset_eq(index(cardinality(A), B), difference(B, A)))",63c103879bf148068ca9e3b824c1629c
"and(or(subset_eq(A, B), equals(cardinality(A), cardinality(B))), subset_eq(index(cardinality(A), B), difference(B, A)))",046822f2e72043d0831d448b825b2544
"and(or(subset_eq(A, B), equals(cardinality(A), cardinality(B))), subset_eq(index(cardinality(A), union(A, B)), intersection(A, B)))",787fa1cfbeca43a9b986161c02750536
"and(or(subset_eq(A, B), equals(cardinality(A), cardinality(B))), subset_eq(index(cardinality(A), union(A, B)), intersection(A, B)))",aa467303a22148769d7a95954651558d
"and(or(subset_eq(A, B), equals(cardinality(A), cardinality(B))), subset_eq(index(cardinality(A), union(A, B)), intersection(A, B)))",787fa1cfbeca43a9b986161c02750536
"and(or(subset_eq(A, B), equals(cardinality(A), cardinality(B))), subset_eq(index(cardinality(A), union(A, B)), difference(B, A)))",3078d48c507747b7bbca0e9cf657eee3
"and(or(subset_eq(A, B), equals(cardinality(A), cardinality(B))), subset_eq(index(cardinality(A), union(A, B)), difference(B, A)))",6d8063ecc5904fd7a7064b373d7d97f1
"and(or(subset_eq(A, B), equals(cardinality(A), cardinality(B))), subset_eq(index(cardinality(A), union(A, B)), difference(B, A)))",3078d48c507747b7bbca0e9cf657eee3
"subset_eq(index(cardinality(B), union(A, B)), intersection(intersection(A, B), index(cardinality(A), union(A, B))))",4bf3b7f9747a4dc2bfde45040588f97a
"subset_eq(index(cardinality(B), union(A, B)), intersection(intersection(A, B), index(cardinality(A), union(A, B))))",60248dafcbe141b08d5d15ee47fbfb90
"subset_eq(index(cardinality(B), union(A, B)), intersection(intersection(A, B), index(cardinality(A), union(A, B))))",4bf3b7f9747a4dc2bfde45040588f97a
"subset_eq(index(cardinality(B), union(A, B)), difference(index(cardinality(A), union(A, B)), B))",29362d9a737b4840bf8a97b217cec960
"subset_eq(index(cardinality(B), union(A, B)), difference(index(cardinality(A), union(A, B)), B))",52dbeb7f874b4d919d074869d86f7321
"subset_eq(index(cardinality(B), union(A, B)), difference(index(cardinality(A), union(A, B)), B))",29362d9a737b4840bf8a97b217cec960
"subset_eq(index(cardinality(B), union(A, B)), difference(index(cardinality(A), union(A, B)), A))",3c6a7df0a39149dd8d4e3e5b55eb98ad
"subset_eq(index(cardinality(B), union(A, B)), difference(index(cardinality(A), union(A, B)), A))",992a1afe3d9a4fa19e835d4fd3c10b9c
"subset_eq(index(cardinality(B), union(A, B)), difference(index(cardinality(A), union(A, B)), A))",3c6a7df0a39149dd8d4e3e5b55eb98ad
"and(or(subset_eq(A, B), equals(cardinality(A), cardinality(B))), subset_eq(index(cardinality(A), B), index(cardinality(A), difference(B, A))))",f62af13c9ac741aeb2f859cd2e12de12
"and(or(subset_eq(A, B), equals(cardinality(A), cardinality(B))), subset_eq(index(cardinality(A), B), index(cardinality(A), difference(B, A))))",ecac01339bbc483781676f404408ce61
"and(or(subset_eq(A, B), equals(cardinality(A), cardinality(B))), subset_eq(index(cardinality(A), B), index(cardinality(A), difference(B, A))))",f62af13c9ac741aeb2f859cd2e12de12
"subset_eq(union(index(cardinality(A), B), index(cardinality(B), union(A, B))), difference(index(cardinality(A), union(A, B)), intersection(A, B)))",8049cc7e9136464cb3ed865ff81ccda3
"subset_eq(union(index(cardinality(A), B), index(cardinality(B), union(A, B))), difference(index(cardinality(A), union(A, B)), intersection(A, B)))",d3006c74673246faa9e1723c5e9d0a03
"subset_eq(union(index(cardinality(A), B), index(cardinality(B), union(A, B))), difference(index(cardinality(A), union(A, B)), intersection(A, B)))",8049cc7e9136464cb3ed865ff81ccda3
"subset_eq(union(index(cardinality(A), difference(B, A)), index(cardinality(B), union(A, B))), index(cardinality(A), union(A, B)))",9f1c7ccaa27843b285d0ab5f6a859c53
"subset_eq(union(index(cardinality(A), difference(B, A)), index(cardinality(B), union(A, B))), index(cardinality(A), union(A, B)))",07b6ca051fa2453dadcabe667fdf00e2
"subset_eq(union(index(cardinality(A), difference(B, A)), index(cardinality(B), union(A, B))), index(cardinality(A), union(A, B)))",9f1c7ccaa27843b285d0ab5f6a859c53
"subset_eq(index(cardinality(B), union(A, B)), difference(index(cardinality(A), union(A, B)), intersection(A, B)))",b9e157c54d08464785529a2126b2693f
"subset_eq(index(cardinality(B), union(A, B)), difference(index(cardinality(A), union(A, B)), intersection(A, B)))",eb02afcfa0f94289a46313a0bdd214f5
"subset_eq(index(cardinality(B), union(A, B)), difference(index(cardinality(A), union(A, B)), intersection(A, B)))",b9e157c54d08464785529a2126b2693f
"and(or(subset_eq(A, B), equals(cardinality(A), cardinality(B))), equals(cardinality(intersection(A, B)), cardinality(difference(A, B))))",19cad5d7d5654174ab19613e6461f821
"and(or(subset_eq(A, B), equals(cardinality(A), cardinality(B))), equals(cardinality(intersection(A, B)), cardinality(difference(A, B))))",35b5757a1c624079a19dd18303f2ef6c
"and(or(subset_eq(A, B), equals(cardinality(A), cardinality(B))), equals(cardinality(intersection(A, B)), cardinality(difference(A, B))))",19cad5d7d5654174ab19613e6461f821
"and(not(greater_than(cardinality(A), cardinality(B))), equals(cardinality(intersection(A, B)), cardinality(difference(B, A))))",2cd459c6b0be49aab7d478258d847cc1
"and(not(greater_than(cardinality(A), cardinality(B))), equals(cardinality(intersection(A, B)), cardinality(difference(B, A))))",00302ca791cc48b4bfe4158bbf575bd4
"and(not(greater_than(cardinality(A), cardinality(B))), equals(cardinality(intersection(A, B)), cardinality(difference(B, A))))",2cd459c6b0be49aab7d478258d847cc1
"and(not(greater_than(cardinality(A), cardinality(B))), greater_than(cardinality(A), cardinality(difference(B, A))))",36f0be97003345899c11d63b6578b963
"and(not(greater_than(cardinality(A), cardinality(B))), greater_than(cardinality(A), cardinality(difference(B, A))))",6a83660ac91745598150c972717c0212
"and(not(greater_than(cardinality(A), cardinality(B))), greater_than(cardinality(A), cardinality(difference(B, A))))",36f0be97003345899c11d63b6578b963
"and(or(subset_eq(A, B), equals(cardinality(A), cardinality(B))), greater_than(cardinality(B), cardinality(difference(A, B))))",7fab3c5cac8c431d88c366aed8c5413f
"and(or(subset_eq(A, B), equals(cardinality(A), cardinality(B))), greater_than(cardinality(B), cardinality(difference(A, B))))",9731cd2e5c624956b216889752942fb3
"and(or(subset_eq(A, B), equals(cardinality(A), cardinality(B))), greater_than(cardinality(B), cardinality(difference(A, B))))",7fab3c5cac8c431d88c366aed8c5413f
"and(or(subset_eq(A, B), equals(cardinality(A), cardinality(B))), greater_than(cardinality(difference(B, A)), cardinality(intersection(A, B))))",fc5c266c63f544fa9b488acb28fff2fd
"and(or(subset_eq(A, B), equals(cardinality(A), cardinality(B))), greater_than(cardinality(difference(B, A)), cardinality(intersection(A, B))))",03985f57f8e14459b1be87c060f9a5ad
"and(or(subset_eq(A, B), equals(cardinality(A), cardinality(B))), greater_than(cardinality(difference(B, A)), cardinality(intersection(A, B))))",fc5c266c63f544fa9b488acb28fff2fd
"or(or(subset_eq(B, A), subset_eq(A, difference(A, A))), greater_than(cardinality(difference(A, B)), cardinality(B)))",2aac2ba61ddc4244ae3cb74e07baf0e4
"or(or(subset_eq(B, A), subset_eq(A, difference(A, A))), greater_than(cardinality(difference(A, B)), cardinality(B)))",bdc41bbcf6df484f9fb24fe69a833573
"or(or(subset_eq(B, A), subset_eq(A, difference(A, A))), greater_than(cardinality(difference(A, B)), cardinality(B)))",2aac2ba61ddc4244ae3cb74e07baf0e4
"and(or(subset_eq(A, B), greater_than(cardinality(A), cardinality(B))), or(subset_eq(A, difference(A, B)), equals(cardinality(A), cardinality(B))))",2a458a12c96240699cd6cdd5085a7f27
"and(or(subset_eq(A, B), greater_than(cardinality(A), cardinality(B))), or(subset_eq(A, difference(A, B)), equals(cardinality(A), cardinality(B))))",0f10d9ae657a40f081c060de4436cff4
"and(or(subset_eq(A, B), greater_than(cardinality(A), cardinality(B))), or(subset_eq(A, difference(A, B)), equals(cardinality(A), cardinality(B))))",2a458a12c96240699cd6cdd5085a7f27
"or(or(subset_eq(A, B), subset_eq(B, A)), greater_than(cardinality(difference(A, B)), cardinality(B)))",db8d070e26e64396a7c1bba196b62fbc
"or(or(subset_eq(A, B), subset_eq(B, A)), greater_than(cardinality(difference(A, B)), cardinality(B)))",e5c56faef70e4ef2b88d3c6d5e182e2d
"or(or(subset_eq(A, B), subset_eq(B, A)), greater_than(cardinality(difference(A, B)), cardinality(B)))",db8d070e26e64396a7c1bba196b62fbc
"or(greater_than(cardinality(A), cardinality(B)), and(subset_eq(A, B), not(subset_eq(B, A))))",1f71f513ba804f61bc74ed6fa3a6238b
"or(greater_than(cardinality(A), cardinality(B)), and(subset_eq(A, B), not(subset_eq(B, A))))",71a913ed17294ca682880335e5c3a403
"or(greater_than(cardinality(A), cardinality(B)), and(subset_eq(A, B), not(subset_eq(B, A))))",1f71f513ba804f61bc74ed6fa3a6238b
"and(or(subset_eq(A, B), greater_than(cardinality(A), cardinality(B))), or(not(subset_eq(B, A)), subset_eq(A, difference(A, A))))",f54da9815162454f8dfefa7b00aa48cd
"and(or(subset_eq(A, B), greater_than(cardinality(A), cardinality(B))), or(not(subset_eq(B, A)), subset_eq(A, difference(A, A))))",303e013ca00a454483e51779b322c11b
"and(or(subset_eq(A, B), greater_than(cardinality(A), cardinality(B))), or(not(subset_eq(B, A)), subset_eq(A, difference(A, A))))",f54da9815162454f8dfefa7b00aa48cd
"and(or(subset_eq(A, B), greater_than(cardinality(A), cardinality(B))), or(not(subset_eq(B, A)), subset_eq(A, difference(A, B))))",2256c272d79f44fb8eb871d4b8b1b771
"and(or(subset_eq(A, B), greater_than(cardinality(A), cardinality(B))), or(not(subset_eq(B, A)), subset_eq(A, difference(A, B))))",89f5c901351e41969adb0f9554d2dc3d
"and(or(subset_eq(A, B), greater_than(cardinality(A), cardinality(B))), or(not(subset_eq(B, A)), subset_eq(A, difference(A, B))))",2256c272d79f44fb8eb871d4b8b1b771
"and(or(subset_eq(A, B), greater_than(cardinality(A), cardinality(B))), or(subset_eq(A, difference(A, B)), greater_than(cardinality(B), cardinality(A))))",1f4631a963d4439b8497cba07d052c03
"and(or(subset_eq(A, B), greater_than(cardinality(A), cardinality(B))), or(subset_eq(A, difference(A, B)), greater_than(cardinality(B), cardinality(A))))",5ac38f1d4b5c4987963026bce494bf96
"and(or(subset_eq(A, B), greater_than(cardinality(A), cardinality(B))), or(subset_eq(A, difference(A, B)), greater_than(cardinality(B), cardinality(A))))",1f4631a963d4439b8497cba07d052c03
"and(or(subset_eq(A, B), greater_than(cardinality(A), cardinality(B))), not(subset_eq(A, difference(A, A))))",96373e2deaa64f49ad1dd57f4464276c
"and(or(subset_eq(A, B), greater_than(cardinality(A), cardinality(B))), not(subset_eq(A, difference(A, A))))",4429a3970ddf43ed972969b6a824a513
"and(or(subset_eq(A, B), greater_than(cardinality(A), cardinality(B))), not(subset_eq(A, difference(A, A))))",96373e2deaa64f49ad1dd57f4464276c
"and(or(subset_eq(A, B), greater_than(cardinality(A), cardinality(B))), not(subset_eq(A, difference(A, B))))",c85740bcb29f44af80f505766646bb36
"and(or(subset_eq(A, B), greater_than(cardinality(A), cardinality(B))), not(subset_eq(A, difference(A, B))))",1ef0946ae1854e5d9499825b1376bf18
"and(or(subset_eq(A, B), greater_than(cardinality(A), cardinality(B))), not(subset_eq(A, difference(A, B))))",c85740bcb29f44af80f505766646bb36
"and(or(subset_eq(A, B), greater_than(cardinality(A), cardinality(B))), not(subset_eq(B, difference(A, A))))",2cc5c60ebfb646a284d239b48e19474d
"and(or(subset_eq(A, B), greater_than(cardinality(A), cardinality(B))), not(subset_eq(B, difference(A, A))))",ade9bd3dff3d4970b87547c6b8317398
"and(or(subset_eq(A, B), greater_than(cardinality(A), cardinality(B))), not(subset_eq(B, difference(A, A))))",2cc5c60ebfb646a284d239b48e19474d
"and(or(subset_eq(A, B), greater_than(cardinality(A), cardinality(B))), not(subset_eq(union(A, B), difference(A, A))))",cc0dc6d9f9ba4228b583a3d6892c9ee4
"and(or(subset_eq(A, B), greater_than(cardinality(A), cardinality(B))), not(subset_eq(union(A, B), difference(A, A))))",98cd63415b254bdcb9ef012664fb6c42
"and(or(subset_eq(A, B), greater_than(cardinality(A), cardinality(B))), not(subset_eq(union(A, B), difference(A, A))))",cc0dc6d9f9ba4228b583a3d6892c9ee4
"subset_eq(B, difference(index(cardinality(A), union(A, B)), index(cardinality(B), union(A, B))))",9fc870b4829a4f26950ce368c708646b
"subset_eq(B, difference(index(cardinality(B), union(A, B)), index(cardinality(A), union(A, B))))",37543a9da81b4597bb8ec42f5aa24e94
"and(or(subset_eq(A, B), greater_than(cardinality(A), cardinality(B))), subset_eq(intersection(A, B), index(cardinality(A), B)))",fc3c8e7f8e8b4cbb94f440ec12a295c4
"and(or(subset_eq(A, B), greater_than(cardinality(A), cardinality(B))), subset_eq(intersection(A, B), index(cardinality(A), B)))",6b20f95d6ab94b0ba7ba3fa1f24e68e8
"and(or(subset_eq(A, B), greater_than(cardinality(A), cardinality(B))), subset_eq(intersection(A, B), index(cardinality(A), B)))",fc3c8e7f8e8b4cbb94f440ec12a295c4
"and(or(subset_eq(A, B), greater_than(cardinality(A), cardinality(B))), subset_eq(intersection(A, B), index(cardinality(B), A)))",11c4693b5ee04bef9ab20009818e79e4
"and(or(subset_eq(A, B), greater_than(cardinality(A), cardinality(B))), subset_eq(intersection(A, B), index(cardinality(B), A)))",e47045725a574906af5a744be383804a
"and(or(subset_eq(A, B), greater_than(cardinality(A), cardinality(B))), subset_eq(intersection(A, B), index(cardinality(B), A)))",11c4693b5ee04bef9ab20009818e79e4
"and(or(subset_eq(A, B), greater_than(cardinality(A), cardinality(B))), subset_eq(intersection(A, B), index(cardinality(A), union(A, B))))",8fc459aa5e9f4bf0aa8c04c72b39f43f
"and(or(subset_eq(A, B), greater_than(cardinality(A), cardinality(B))), subset_eq(intersection(A, B), index(cardinality(A), union(A, B))))",b2c1731824484b03a30d420760189165
"and(or(subset_eq(A, B), greater_than(cardinality(A), cardinality(B))), subset_eq(intersection(A, B), index(cardinality(A), union(A, B))))",8fc459aa5e9f4bf0aa8c04c72b39f43f
"and(or(subset_eq(A, B), greater_than(cardinality(A), cardinality(B))), subset_eq(intersection(A, B), index(cardinality(B), union(A, B))))",1aba8798a48541bbbc9d545eb4720d6b
"and(or(subset_eq(A, B), greater_than(cardinality(A), cardinality(B))), subset_eq(intersection(A, B), index(cardinality(B), union(A, B))))",54e245d2c6d142dfb90789a6c1ccfcba
"and(or(subset_eq(A, B), greater_than(cardinality(A), cardinality(B))), subset_eq(intersection(A, B), index(cardinality(B), union(A, B))))",1aba8798a48541bbbc9d545eb4720d6b
"subset_eq(difference(B, A), difference(index(cardinality(A), union(A, B)), index(cardinality(B), union(A, B))))",df238509b2574ab0b5c8f9f3f3c293fb
"subset_eq(difference(B, A), difference(index(cardinality(A), union(A, B)), index(cardinality(B), union(A, B))))",3630c28232c748a5a5cb629432cdd78a
"subset_eq(difference(B, A), difference(index(cardinality(A), union(A, B)), index(cardinality(B), union(A, B))))",df238509b2574ab0b5c8f9f3f3c293fb
"subset_eq(difference(B, A), difference(index(cardinality(B), union(A, B)), index(cardinality(A), union(A, B))))",fe4840c4ac674c5182e070b001cd3b67
"subset_eq(difference(B, A), difference(index(cardinality(B), union(A, B)), index(cardinality(A), union(A, B))))",dd14d97399194b3b829bb91397cd68f8
"subset_eq(difference(B, A), difference(index(cardinality(B), union(A, B)), index(cardinality(A), union(A, B))))",fe4840c4ac674c5182e070b001cd3b67
"and(or(subset_eq(A, B), greater_than(cardinality(A), cardinality(B))), subset_eq(index(cardinality(A), B), A))",448faa9e2862420badadcbdf78927510
"and(or(subset_eq(A, B), greater_than(cardinality(A), cardinality(B))), subset_eq(index(cardinality(A), B), A))",991e431953b0408baf3962f24805192c
"and(or(subset_eq(A, B), greater_than(cardinality(A), cardinality(B))), subset_eq(index(cardinality(A), B), A))",448faa9e2862420badadcbdf78927510
"and(or(subset_eq(A, B), greater_than(cardinality(A), cardinality(B))), subset_eq(index(cardinality(B), A), B))",0b3f55ad36b44fe28982b1b7bf21c000
"and(or(subset_eq(A, B), greater_than(cardinality(A), cardinality(B))), subset_eq(index(cardinality(B), A), B))",17f4b8a6304c46a5b4042f05aa4739fd
"and(or(subset_eq(A, B), greater_than(cardinality(A), cardinality(B))), subset_eq(index(cardinality(B), A), B))",0b3f55ad36b44fe28982b1b7bf21c000
"and(or(subset_eq(A, B), greater_than(cardinality(A), cardinality(B))), subset_eq(index(cardinality(A), union(A, B)), A))",91ccdf0b8f5a4b6992e9e9b7cc3c32e7
"and(or(subset_eq(A, B), greater_than(cardinality(A), cardinality(B))), subset_eq(index(cardinality(A), union(A, B)), A))",33ecbbb8977c480a91ebe6bfb654ce87
"and(or(subset_eq(A, B), greater_than(cardinality(A), cardinality(B))), subset_eq(index(cardinality(A), union(A, B)), A))",91ccdf0b8f5a4b6992e9e9b7cc3c32e7
"and(or(subset_eq(A, B), greater_than(cardinality(A), cardinality(B))), subset_eq(index(cardinality(A), union(A, B)), B))",646e171c7868401489853f1bc684e55e
"and(or(subset_eq(A, B), greater_than(cardinality(A), cardinality(B))), subset_eq(index(cardinality(A), union(A, B)), B))",c79f78253f424be8bb9b8fe7f65e824a
"and(or(subset_eq(A, B), greater_than(cardinality(A), cardinality(B))), subset_eq(index(cardinality(A), union(A, B)), B))",646e171c7868401489853f1bc684e55e
"and(or(subset_eq(A, B), greater_than(cardinality(A), cardinality(B))), subset_eq(index(cardinality(A), difference(B, A)), A))",c3bca24b01014d0c8a8d3120a5236484
"and(or(subset_eq(A, B), greater_than(cardinality(A), cardinality(B))), subset_eq(index(cardinality(A), difference(B, A)), A))",1a2f48877eac4622829c4f2ede56ee75
"and(or(subset_eq(A, B), greater_than(cardinality(A), cardinality(B))), subset_eq(index(cardinality(A), difference(B, A)), A))",c3bca24b01014d0c8a8d3120a5236484
"and(or(subset_eq(A, B), greater_than(cardinality(A), cardinality(B))), subset_eq(index(cardinality(B), union(A, B)), A))",828407cbd8804f1a800d7a419ab2bac2
"and(or(subset_eq(A, B), greater_than(cardinality(A), cardinality(B))), subset_eq(index(cardinality(B), union(A, B)), A))",439b3563e0554bbc94b1fdeef6d87cd5
"and(or(subset_eq(A, B), greater_than(cardinality(A), cardinality(B))), subset_eq(index(cardinality(B), union(A, B)), A))",828407cbd8804f1a800d7a419ab2bac2
"and(or(subset_eq(A, B), greater_than(cardinality(A), cardinality(B))), subset_eq(index(cardinality(B), union(A, B)), B))",17f7ae2174c54a8bb945f149180d0df2
"and(or(subset_eq(A, B), greater_than(cardinality(A), cardinality(B))), subset_eq(index(cardinality(B), union(A, B)), B))",3a78d8f559164eb28903a13acf7dbbb7
"and(or(subset_eq(A, B), greater_than(cardinality(A), cardinality(B))), subset_eq(index(cardinality(B), union(A, B)), B))",17f7ae2174c54a8bb945f149180d0df2
"and(or(subset_eq(A, B), greater_than(cardinality(A), cardinality(B))), subset_eq(index(cardinality(B), difference(A, B)), B))",636bb6185caf43068919aff9fcb7927f
"and(or(subset_eq(A, B), greater_than(cardinality(A), cardinality(B))), subset_eq(index(cardinality(B), difference(A, B)), B))",aea77272dbeb42bba53b3c929149cd32
"and(or(subset_eq(A, B), greater_than(cardinality(A), cardinality(B))), subset_eq(index(cardinality(B), difference(A, B)), B))",636bb6185caf43068919aff9fcb7927f
"and(or(subset_eq(A, B), greater_than(cardinality(A), cardinality(B))), subset_eq(index(cardinality(A), B), difference(B, A)))",31f89a9c74944e51937d2db8b7a49786
"and(or(subset_eq(A, B), greater_than(cardinality(A), cardinality(B))), subset_eq(index(cardinality(A), B), difference(B, A)))",7cd4db5b06c140f8b1cc05d6746a82da
"and(or(subset_eq(A, B), greater_than(cardinality(A), cardinality(B))), subset_eq(index(cardinality(A), B), difference(B, A)))",31f89a9c74944e51937d2db8b7a49786
"and(or(subset_eq(A, B), greater_than(cardinality(A), cardinality(B))), subset_eq(index(cardinality(B), A), difference(A, B)))",a97b373508394976b7c1fcb4b18e009b
"and(or(subset_eq(A, B), greater_than(cardinality(A), cardinality(B))), subset_eq(index(cardinality(B), A), difference(A, B)))",b18cd8fdec484a4eb040b75a209472a1
"and(or(subset_eq(A, B), greater_than(cardinality(A), cardinality(B))), subset_eq(index(cardinality(B), A), difference(A, B)))",a97b373508394976b7c1fcb4b18e009b
"and(or(subset_eq(A, B), greater_than(cardinality(A), cardinality(B))), subset_eq(index(cardinality(A), union(A, B)), intersection(A, B)))",8deb2f221d9745f4b5cd90027b4dcbce
"and(or(subset_eq(A, B), greater_than(cardinality(A), cardinality(B))), subset_eq(index(cardinality(A), union(A, B)), intersection(A, B)))",9f2b7baa08474812b5837b2c54560999
"and(or(subset_eq(A, B), greater_than(cardinality(A), cardinality(B))), subset_eq(index(cardinality(A), union(A, B)), intersection(A, B)))",8deb2f221d9745f4b5cd90027b4dcbce
"and(or(subset_eq(A, B), greater_than(cardinality(A), cardinality(B))), subset_eq(index(cardinality(A), union(A, B)), difference(A, B)))",dbbd2d1211174093bac621a30ad0167a
"and(or(subset_eq(A, B), greater_than(cardinality(A), cardinality(B))), subset_eq(index(cardinality(A), union(A, B)), difference(A, B)))",b799d53c26ba418cbb3ecab79bb973dc
"and(or(subset_eq(A, B), greater_than(cardinality(A), cardinality(B))), subset_eq(index(cardinality(A), union(A, B)), difference(A, B)))",dbbd2d1211174093bac621a30ad0167a
"and(or(subset_eq(A, B), greater_than(cardinality(A), cardinality(B))), subset_eq(index(cardinality(A), union(A, B)), difference(B, A)))",c07e21595f794b4095780f70cdb7db71
"and(or(subset_eq(A, B), greater_than(cardinality(A), cardinality(B))), subset_eq(index(cardinality(A), union(A, B)), difference(B, A)))",b0bbc71fbb8e4f54b6c3414c039f2400
"and(or(subset_eq(A, B), greater_than(cardinality(A), cardinality(B))), subset_eq(index(cardinality(A), union(A, B)), difference(B, A)))",c07e21595f794b4095780f70cdb7db71
"and(or(subset_eq(A, B), greater_than(cardinality(A), cardinality(B))), subset_eq(index(cardinality(B), union(A, B)), intersection(A, B)))",821d4624c46d4b8d8d306443873ec0b3
"and(or(subset_eq(A, B), greater_than(cardinality(A), cardinality(B))), subset_eq(index(cardinality(B), union(A, B)), intersection(A, B)))",d752c469960a43138ddb58f3f861b47e
"and(or(subset_eq(A, B), greater_than(cardinality(A), cardinality(B))), subset_eq(index(cardinality(B), union(A, B)), intersection(A, B)))",821d4624c46d4b8d8d306443873ec0b3
"and(or(subset_eq(A, B), greater_than(cardinality(A), cardinality(B))), subset_eq(index(cardinality(B), union(A, B)), difference(A, B)))",93dbc3f2339e4b128347525fbe543504
"and(or(subset_eq(A, B), greater_than(cardinality(A), cardinality(B))), subset_eq(index(cardinality(B), union(A, B)), difference(A, B)))",34558ec397ef43ecb2be4a52d765198f
"and(or(subset_eq(A, B), greater_than(cardinality(A), cardinality(B))), subset_eq(index(cardinality(B), union(A, B)), difference(A, B)))",93dbc3f2339e4b128347525fbe543504
"and(or(subset_eq(A, B), greater_than(cardinality(A), cardinality(B))), subset_eq(index(cardinality(B), union(A, B)), difference(B, A)))",4343ec66a6434074b9e1482b1a489eef
"and(or(subset_eq(A, B), greater_than(cardinality(A), cardinality(B))), subset_eq(index(cardinality(B), union(A, B)), difference(B, A)))",e98537786dcd48b0878ccd6b717bb74c
"and(or(subset_eq(A, B), greater_than(cardinality(A), cardinality(B))), subset_eq(index(cardinality(B), union(A, B)), difference(B, A)))",4343ec66a6434074b9e1482b1a489eef
"and(or(subset_eq(A, B), greater_than(cardinality(A), cardinality(B))), subset_eq(index(cardinality(A), B), index(cardinality(A), difference(B, A))))",50ac5976624b4819a51159c356869de9
"and(or(subset_eq(A, B), greater_than(cardinality(A), cardinality(B))), subset_eq(index(cardinality(A), B), index(cardinality(A), difference(B, A))))",56f3d56362754a29b111fbd46a782b2b
"and(or(subset_eq(A, B), greater_than(cardinality(A), cardinality(B))), subset_eq(index(cardinality(A), B), index(cardinality(A), difference(B, A))))",50ac5976624b4819a51159c356869de9
"and(or(subset_eq(A, B), greater_than(cardinality(A), cardinality(B))), subset_eq(index(cardinality(B), A), index(cardinality(A), union(A, B))))",30cf334f59684dbfa3514e842ebee8f9
"and(or(subset_eq(A, B), greater_than(cardinality(A), cardinality(B))), subset_eq(index(cardinality(B), A), index(cardinality(A), union(A, B))))",eedd230f2dd94472ab439f4501c5597d
"and(or(subset_eq(A, B), greater_than(cardinality(A), cardinality(B))), subset_eq(index(cardinality(B), A), index(cardinality(A), union(A, B))))",30cf334f59684dbfa3514e842ebee8f9
"and(or(subset_eq(A, B), greater_than(cardinality(A), cardinality(B))), subset_eq(index(cardinality(B), A), index(cardinality(B), difference(A, B))))",3ff2c5653b464b429ad2942c95f8add2
"and(or(subset_eq(A, B), greater_than(cardinality(A), cardinality(B))), subset_eq(index(cardinality(B), A), index(cardinality(B), difference(A, B))))",3e6859a4601845f19a66d89ac1c51215
"and(or(subset_eq(A, B), greater_than(cardinality(A), cardinality(B))), subset_eq(index(cardinality(B), A), index(cardinality(B), difference(A, B))))",3ff2c5653b464b429ad2942c95f8add2
"and(or(subset_eq(A, B), greater_than(cardinality(A), cardinality(B))), subset_eq(index(cardinality(A), union(A, B)), union(difference(A, B), difference(B, A))))",9205751766da4892af371e73e0f91fa2
"and(or(subset_eq(A, B), greater_than(cardinality(A), cardinality(B))), subset_eq(index(cardinality(A), union(A, B)), union(difference(A, B), difference(B, A))))",86779f00eb0f42b5928df05fe98eb613
"and(or(subset_eq(A, B), greater_than(cardinality(A), cardinality(B))), subset_eq(index(cardinality(A), union(A, B)), union(difference(A, B), difference(B, A))))",9205751766da4892af371e73e0f91fa2
"and(or(subset_eq(A, B), greater_than(cardinality(A), cardinality(B))), subset_eq(index(cardinality(A), difference(B, A)), index(cardinality(A), B)))",db85d13d1ccd4568abf06f55598525d4
"and(or(subset_eq(A, B), greater_than(cardinality(A), cardinality(B))), subset_eq(index(cardinality(A), difference(B, A)), index(cardinality(A), B)))",42391c822a7048398cb7d12a4875d9ae
"and(or(subset_eq(A, B), greater_than(cardinality(A), cardinality(B))), subset_eq(index(cardinality(A), difference(B, A)), index(cardinality(A), B)))",db85d13d1ccd4568abf06f55598525d4
"and(or(subset_eq(A, B), greater_than(cardinality(A), cardinality(B))), subset_eq(index(cardinality(B), union(A, B)), union(difference(A, B), difference(B, A))))",7145a3d7333a40e597210cf677d8f195
"and(or(subset_eq(A, B), greater_than(cardinality(A), cardinality(B))), subset_eq(index(cardinality(B), union(A, B)), union(difference(A, B), difference(B, A))))",414b4a3493b04c9483bae3b15b0a0213
"and(or(subset_eq(A, B), greater_than(cardinality(A), cardinality(B))), subset_eq(index(cardinality(B), union(A, B)), union(difference(A, B), difference(B, A))))",7145a3d7333a40e597210cf677d8f195
"and(or(subset_eq(A, B), greater_than(cardinality(A), cardinality(B))), subset_eq(index(cardinality(B), difference(A, B)), index(cardinality(B), A)))",d4abcc31dc014ae59d021409506eb536
"and(or(subset_eq(A, B), greater_than(cardinality(A), cardinality(B))), subset_eq(index(cardinality(B), difference(A, B)), index(cardinality(B), A)))",12cedb5528cc467cb61a0b72915f1680
"and(or(subset_eq(A, B), greater_than(cardinality(A), cardinality(B))), subset_eq(index(cardinality(B), difference(A, B)), index(cardinality(B), A)))",d4abcc31dc014ae59d021409506eb536
"and(or(subset_eq(A, B), greater_than(cardinality(A), cardinality(B))), subset_eq(index(cardinality(B), difference(A, B)), index(cardinality(A), union(A, B))))",74f8559057d640bcbda46ce0307e8868
"and(or(subset_eq(A, B), greater_than(cardinality(A), cardinality(B))), subset_eq(index(cardinality(B), difference(A, B)), index(cardinality(A), union(A, B))))",14340842cf554de4b449fd7168836e38
"and(or(subset_eq(A, B), greater_than(cardinality(A), cardinality(B))), subset_eq(index(cardinality(B), difference(A, B)), index(cardinality(A), union(A, B))))",74f8559057d640bcbda46ce0307e8868
"and(or(subset_eq(A, B), greater_than(cardinality(A), cardinality(B))), subset_eq(index(cardinality(B), difference(A, B)), index(cardinality(B), union(A, B))))",c6bdcbc67f2b405ebcb02b890513d56e
"and(or(subset_eq(A, B), greater_than(cardinality(A), cardinality(B))), subset_eq(index(cardinality(B), difference(A, B)), index(cardinality(B), union(A, B))))",6ddfb83aa129466aa022f3e91f0e8660
"and(or(subset_eq(A, B), greater_than(cardinality(A), cardinality(B))), subset_eq(index(cardinality(B), difference(A, B)), index(cardinality(B), union(A, B))))",c6bdcbc67f2b405ebcb02b890513d56e
"and(or(subset_eq(A, B), greater_than(cardinality(A), cardinality(B))), equals(cardinality(B), cardinality(difference(A, B))))",b4ee551903be4ec6b816a00d4f65f08a
"and(or(subset_eq(A, B), greater_than(cardinality(A), cardinality(B))), equals(cardinality(B), cardinality(difference(A, B))))",4699b719f0c14e22b81fb0cd8a70dfe1
"and(or(subset_eq(A, B), greater_than(cardinality(A), cardinality(B))), equals(cardinality(B), cardinality(difference(A, B))))",b4ee551903be4ec6b816a00d4f65f08a
"and(or(subset_eq(A, B), greater_than(cardinality(A), cardinality(B))), equals(cardinality(intersection(A, B)), cardinality(difference(B, A))))",905a97693550435cb452dda794f48ba6
"and(or(subset_eq(A, B), greater_than(cardinality(A), cardinality(B))), equals(cardinality(intersection(A, B)), cardinality(difference(B, A))))",39267de94de44abe8f771baf2bcf997d
"and(or(subset_eq(A, B), greater_than(cardinality(A), cardinality(B))), equals(cardinality(intersection(A, B)), cardinality(difference(B, A))))",905a97693550435cb452dda794f48ba6
"and(or(subset_eq(A, B), greater_than(cardinality(A), cardinality(B))), greater_than(cardinality(A), cardinality(difference(B, A))))",1ec6950b4d0547eeb77ea8fd844bdfe8
"and(or(subset_eq(A, B), greater_than(cardinality(A), cardinality(B))), greater_than(cardinality(A), cardinality(difference(B, A))))",9454ec859faf412386cc474ea07e9118
"and(or(subset_eq(A, B), greater_than(cardinality(A), cardinality(B))), greater_than(cardinality(A), cardinality(difference(B, A))))",1ec6950b4d0547eeb77ea8fd844bdfe8
"and(or(subset_eq(A, B), greater_than(cardinality(A), cardinality(B))), greater_than(cardinality(difference(B, A)), cardinality(intersection(A, B))))",f7e5d8e46d4049ab84a858d70c56d11d
"and(or(subset_eq(A, B), greater_than(cardinality(A), cardinality(B))), greater_than(cardinality(difference(B, A)), cardinality(intersection(A, B))))",016e8b72e09643e4a03fefedd3570a9a
"and(or(subset_eq(A, B), greater_than(cardinality(A), cardinality(B))), greater_than(cardinality(difference(B, A)), cardinality(intersection(A, B))))",f7e5d8e46d4049ab84a858d70c56d11d
"equals(cardinality(difference(A, B)), cardinality(index(cardinality(A), B)))",db359b72d7cb4aab88f621331aa2dd8a
"equals(cardinality(difference(A, B)), cardinality(index(cardinality(A), B)))",e09259c76d9a40c5aca8c12387e81e70
"equals(cardinality(difference(A, B)), cardinality(index(cardinality(A), B)))",db359b72d7cb4aab88f621331aa2dd8a
"and(or(subset_eq(A, B), greater_than(cardinality(B), cardinality(A))), or(subset_eq(B, A), subset_eq(A, difference(A, B))))",f210be562582429abe88ec7c714efcc2
"and(or(subset_eq(A, B), greater_than(cardinality(B), cardinality(A))), or(subset_eq(B, A), subset_eq(A, difference(A, B))))",eb9b7e11247d4384937435662b3f0436
"and(or(subset_eq(A, B), greater_than(cardinality(B), cardinality(A))), or(subset_eq(B, A), subset_eq(A, difference(A, B))))",f210be562582429abe88ec7c714efcc2
"or(subset_eq(A, difference(A, A)), and(not(subset_eq(A, B)), greater_than(cardinality(B), cardinality(A))))",06ee2d422a074951b72a1003503292cb
"or(subset_eq(A, difference(A, A)), and(not(subset_eq(A, B)), greater_than(cardinality(B), cardinality(A))))",135fba8861b8466cb841ac19619f3bcb
"or(subset_eq(A, difference(A, A)), and(not(subset_eq(A, B)), greater_than(cardinality(B), cardinality(A))))",06ee2d422a074951b72a1003503292cb
"or(subset_eq(union(A, B), difference(A, A)), and(not(subset_eq(A, B)), greater_than(cardinality(B), cardinality(A))))",0937fb9b30f34f0ab629c409baaca5c5
"or(subset_eq(union(A, B), difference(A, A)), and(not(subset_eq(A, B)), greater_than(cardinality(B), cardinality(A))))",b4ed3036357a4c4bbfb2baebd4300916
"or(subset_eq(union(A, B), difference(A, A)), and(not(subset_eq(A, B)), greater_than(cardinality(B), cardinality(A))))",0937fb9b30f34f0ab629c409baaca5c5
"and(or(subset_eq(A, B), greater_than(cardinality(B), cardinality(A))), not(subset_eq(A, difference(A, A))))",514be5c806e0404481d39204534363fb
"and(or(subset_eq(A, B), greater_than(cardinality(B), cardinality(A))), not(subset_eq(A, difference(A, A))))",bb76897ffe28460d92f95f23afc05e73
"and(or(subset_eq(A, B), greater_than(cardinality(B), cardinality(A))), not(subset_eq(A, difference(A, A))))",514be5c806e0404481d39204534363fb
"and(or(subset_eq(A, B), greater_than(cardinality(B), cardinality(A))), not(subset_eq(A, difference(A, B))))",38a627b51bc34092b61caf4fc8ce5b40
"and(or(subset_eq(A, B), greater_than(cardinality(B), cardinality(A))), not(subset_eq(A, difference(A, B))))",15ce0b985af641f8a589d5f9d2cf2796
"and(or(subset_eq(A, B), greater_than(cardinality(B), cardinality(A))), not(subset_eq(A, difference(A, B))))",38a627b51bc34092b61caf4fc8ce5b40
"and(or(subset_eq(A, B), greater_than(cardinality(B), cardinality(A))), not(subset_eq(B, difference(A, A))))",7afc4a3d21ca46a5b95f12220ff2be99
"and(or(subset_eq(A, B), greater_than(cardinality(B), cardinality(A))), not(subset_eq(B, difference(A, A))))",f7a8682180a04e8a84b61ea4ffb50e86
"and(or(subset_eq(A, B), greater_than(cardinality(B), cardinality(A))), not(subset_eq(B, difference(A, A))))",7afc4a3d21ca46a5b95f12220ff2be99
"subset_eq(A, difference(index(cardinality(A), union(A, B)), index(cardinality(B), union(A, B))))",ecef337cd98c459b8269b2f572ef8c21
"and(or(subset_eq(A, B), greater_than(cardinality(B), cardinality(A))), subset_eq(A, index(cardinality(B), union(A, B))))",7e6823022d624ba7ba8a2c1c1c9bc96b
"and(or(subset_eq(A, B), greater_than(cardinality(B), cardinality(A))), subset_eq(intersection(A, B), index(cardinality(A), B)))",cbd4d04fa1ef467da971827a410c953c
"and(or(subset_eq(A, B), greater_than(cardinality(B), cardinality(A))), subset_eq(intersection(A, B), index(cardinality(A), B)))",625968bfc0834a75a926ca7a8a743974
"and(or(subset_eq(A, B), greater_than(cardinality(B), cardinality(A))), subset_eq(intersection(A, B), index(cardinality(A), B)))",cbd4d04fa1ef467da971827a410c953c
"and(or(subset_eq(A, B), greater_than(cardinality(B), cardinality(A))), subset_eq(intersection(A, B), index(cardinality(A), union(A, B))))",98a5a9f36e9a485e98bf833c5bd6b645
"and(or(subset_eq(A, B), greater_than(cardinality(B), cardinality(A))), subset_eq(intersection(A, B), index(cardinality(A), union(A, B))))",276e3cb591c4425c8407a8731a1e9c96
"and(or(subset_eq(A, B), greater_than(cardinality(B), cardinality(A))), subset_eq(intersection(A, B), index(cardinality(A), union(A, B))))",98a5a9f36e9a485e98bf833c5bd6b645
"and(or(subset_eq(A, B), greater_than(cardinality(B), cardinality(A))), subset_eq(intersection(A, B), index(cardinality(B), union(A, B))))",76d44a5fd78245b1970e84965a20a13d
"and(or(subset_eq(A, B), greater_than(cardinality(B), cardinality(A))), subset_eq(intersection(A, B), index(cardinality(B), union(A, B))))",9ec5e6d7a37b4ffbb3a34c01593ac8aa
"and(or(subset_eq(A, B), greater_than(cardinality(B), cardinality(A))), subset_eq(intersection(A, B), index(cardinality(B), union(A, B))))",76d44a5fd78245b1970e84965a20a13d
"subset_eq(difference(A, B), difference(index(cardinality(A), union(A, B)), index(cardinality(B), union(A, B))))",0189c594e1f4416fb3f75caa3ee93d21
"subset_eq(difference(A, B), difference(index(cardinality(A), union(A, B)), index(cardinality(B), union(A, B))))",80b429fe855f4519ab6b367cd670e185
"subset_eq(difference(A, B), difference(index(cardinality(A), union(A, B)), index(cardinality(B), union(A, B))))",0189c594e1f4416fb3f75caa3ee93d21
"and(or(subset_eq(A, B), greater_than(cardinality(B), cardinality(A))), subset_eq(difference(A, B), index(cardinality(B), union(A, B))))",89d31cc19c90459ab5366de908156bf9
"and(or(subset_eq(A, B), greater_than(cardinality(B), cardinality(A))), subset_eq(difference(A, B), index(cardinality(B), union(A, B))))",c91a76fe9a8641d287ec152efe2c61ce
"and(or(subset_eq(A, B), greater_than(cardinality(B), cardinality(A))), subset_eq(difference(A, B), index(cardinality(B), union(A, B))))",89d31cc19c90459ab5366de908156bf9
"and(or(subset_eq(A, B), greater_than(cardinality(B), cardinality(A))), subset_eq(index(cardinality(A), B), A))",2dff57f9d2cc4e23a11041c731a7c60f
"and(or(subset_eq(A, B), greater_than(cardinality(B), cardinality(A))), subset_eq(index(cardinality(A), B), A))",e7c24230bffb4227ad320bf77930e6d0
"and(or(subset_eq(A, B), greater_than(cardinality(B), cardinality(A))), subset_eq(index(cardinality(A), B), A))",2dff57f9d2cc4e23a11041c731a7c60f
"and(or(subset_eq(A, B), greater_than(cardinality(B), cardinality(A))), subset_eq(index(cardinality(A), union(A, B)), A))",c1d3dc70b8934b929f0147e7b0dbb247
"and(or(subset_eq(A, B), greater_than(cardinality(B), cardinality(A))), subset_eq(index(cardinality(A), union(A, B)), A))",44024d6e371b41f69e5283903e604ee1
"and(or(subset_eq(A, B), greater_than(cardinality(B), cardinality(A))), subset_eq(index(cardinality(A), union(A, B)), A))",c1d3dc70b8934b929f0147e7b0dbb247
"and(or(subset_eq(A, B), greater_than(cardinality(B), cardinality(A))), subset_eq(index(cardinality(A), union(A, B)), B))",37a4d6cf17364be0b06e145d40024388
"and(or(subset_eq(A, B), greater_than(cardinality(B), cardinality(A))), subset_eq(index(cardinality(A), union(A, B)), B))",e9481d48ba554b84bd34b49a258b2e42
"and(or(subset_eq(A, B), greater_than(cardinality(B), cardinality(A))), subset_eq(index(cardinality(A), union(A, B)), B))",37a4d6cf17364be0b06e145d40024388
"and(or(subset_eq(A, B), greater_than(cardinality(B), cardinality(A))), subset_eq(index(cardinality(A), difference(B, A)), A))",e18b58e76d2e406fb05243111da68409
"and(or(subset_eq(A, B), greater_than(cardinality(B), cardinality(A))), subset_eq(index(cardinality(A), difference(B, A)), A))",954e8e7b36924f3b9650ae2d6db20d11
"and(or(subset_eq(A, B), greater_than(cardinality(B), cardinality(A))), subset_eq(index(cardinality(A), difference(B, A)), A))",e18b58e76d2e406fb05243111da68409
"and(or(subset_eq(A, B), greater_than(cardinality(B), cardinality(A))), subset_eq(index(cardinality(B), union(A, B)), A))",79472709994b4fe98156933739e75e78
"and(or(subset_eq(A, B), greater_than(cardinality(B), cardinality(A))), subset_eq(index(cardinality(B), union(A, B)), A))",2067fec0537d4ec5b4efa59f3ae9049a
"and(or(subset_eq(A, B), greater_than(cardinality(B), cardinality(A))), subset_eq(index(cardinality(B), union(A, B)), A))",79472709994b4fe98156933739e75e78
"and(or(subset_eq(A, B), greater_than(cardinality(B), cardinality(A))), subset_eq(index(cardinality(B), union(A, B)), B))",fd2a6dc4d50b44ce86f334a224579508
"and(or(subset_eq(A, B), greater_than(cardinality(B), cardinality(A))), subset_eq(index(cardinality(B), union(A, B)), B))",3dc1b107705e46a6a4d5b5cfb3a34619
"and(or(subset_eq(A, B), greater_than(cardinality(B), cardinality(A))), subset_eq(index(cardinality(B), union(A, B)), B))",fd2a6dc4d50b44ce86f334a224579508
"and(or(subset_eq(A, B), greater_than(cardinality(B), cardinality(A))), subset_eq(index(cardinality(A), B), difference(B, A)))",5adeae6dfdf64c64913002ae3370ca2b
"and(or(subset_eq(A, B), greater_than(cardinality(B), cardinality(A))), subset_eq(index(cardinality(A), B), difference(B, A)))",aa217c05cc7846a8896d34c023121de2
"and(or(subset_eq(A, B), greater_than(cardinality(B), cardinality(A))), subset_eq(index(cardinality(A), B), difference(B, A)))",5adeae6dfdf64c64913002ae3370ca2b
"and(or(subset_eq(A, B), greater_than(cardinality(B), cardinality(A))), subset_eq(index(cardinality(A), union(A, B)), intersection(A, B)))",400b9f0c62c34b4eb8381a52e2948606
"and(or(subset_eq(A, B), greater_than(cardinality(B), cardinality(A))), subset_eq(index(cardinality(A), union(A, B)), intersection(A, B)))",907cd8fd379542a68a7a424270ba73d4
"and(or(subset_eq(A, B), greater_than(cardinality(B), cardinality(A))), subset_eq(index(cardinality(A), union(A, B)), intersection(A, B)))",400b9f0c62c34b4eb8381a52e2948606
"and(or(subset_eq(A, B), greater_than(cardinality(B), cardinality(A))), subset_eq(index(cardinality(A), union(A, B)), difference(A, B)))",8f070c53ff59481590c0541fdd7ec09a
"and(or(subset_eq(A, B), greater_than(cardinality(B), cardinality(A))), subset_eq(index(cardinality(A), union(A, B)), difference(A, B)))",c81cf212838440bfb3e39ef64486c7bd
"and(or(subset_eq(A, B), greater_than(cardinality(B), cardinality(A))), subset_eq(index(cardinality(A), union(A, B)), difference(A, B)))",8f070c53ff59481590c0541fdd7ec09a
"and(or(subset_eq(A, B), greater_than(cardinality(B), cardinality(A))), subset_eq(index(cardinality(A), union(A, B)), difference(B, A)))",812996b487e940c683280d16ac67c916
"and(or(subset_eq(A, B), greater_than(cardinality(B), cardinality(A))), subset_eq(index(cardinality(A), union(A, B)), difference(B, A)))",c7e14ab9cc3f41c9860be71fbda94ae0
"and(or(subset_eq(A, B), greater_than(cardinality(B), cardinality(A))), subset_eq(index(cardinality(A), union(A, B)), difference(B, A)))",812996b487e940c683280d16ac67c916
"subset_eq(index(cardinality(intersection(A, B)), A), index(cardinality(A), B))",beba5eba65034597bc952cafab01c978
"subset_eq(index(cardinality(intersection(A, B)), A), index(cardinality(A), B))",a77ff5a8c84a4e96880fbc5213616977
"subset_eq(index(cardinality(intersection(A, B)), A), index(cardinality(A), B))",beba5eba65034597bc952cafab01c978
"and(or(subset_eq(A, B), greater_than(cardinality(B), cardinality(A))), subset_eq(index(cardinality(B), union(A, B)), difference(B, A)))",880ec484bed5445da92f924dbf38d24a
"and(or(subset_eq(A, B), greater_than(cardinality(B), cardinality(A))), subset_eq(index(cardinality(B), union(A, B)), difference(B, A)))",dd504e92d43047f8b3b00cde25a87c6e
"and(or(subset_eq(A, B), greater_than(cardinality(B), cardinality(A))), subset_eq(index(cardinality(B), union(A, B)), difference(B, A)))",880ec484bed5445da92f924dbf38d24a
"and(or(subset_eq(A, B), greater_than(cardinality(B), cardinality(A))), subset_eq(index(cardinality(A), B), index(cardinality(A), difference(B, A))))",2c73712d7914497e8315e9ec335413a2
"and(or(subset_eq(A, B), greater_than(cardinality(B), cardinality(A))), subset_eq(index(cardinality(A), B), index(cardinality(A), difference(B, A))))",eb03fa8b0fa444bdb9002c467181e8e9
"and(or(subset_eq(A, B), greater_than(cardinality(B), cardinality(A))), subset_eq(index(cardinality(A), B), index(cardinality(A), difference(B, A))))",2c73712d7914497e8315e9ec335413a2
"and(or(subset_eq(B, A), not(subset_eq(A, B))), subset_eq(index(cardinality(B), union(A, B)), index(cardinality(A), B)))",abdc3921ca6b4733a4d4b3959af27270
"and(or(subset_eq(B, A), not(subset_eq(A, B))), subset_eq(index(cardinality(B), union(A, B)), index(cardinality(A), B)))",f9f7179474184c44b82e3babe58f7e18
"and(or(subset_eq(B, A), not(subset_eq(A, B))), subset_eq(index(cardinality(B), union(A, B)), index(cardinality(A), B)))",abdc3921ca6b4733a4d4b3959af27270
"and(or(subset_eq(A, B), greater_than(cardinality(B), cardinality(A))), subset_eq(index(cardinality(A), union(A, B)), union(difference(A, B), difference(B, A))))",4ed500a42cae42e1b86358c47bef072c
"and(or(subset_eq(A, B), greater_than(cardinality(B), cardinality(A))), subset_eq(index(cardinality(A), union(A, B)), union(difference(A, B), difference(B, A))))",76e843284fb1449f940d1df6a450076f
"and(or(subset_eq(A, B), greater_than(cardinality(B), cardinality(A))), subset_eq(index(cardinality(A), union(A, B)), union(difference(A, B), difference(B, A))))",4ed500a42cae42e1b86358c47bef072c
"and(or(subset_eq(A, B), greater_than(cardinality(B), cardinality(A))), subset_eq(index(cardinality(A), difference(B, A)), index(cardinality(A), B)))",4359a09eb17a44e3b5d02c850b259453
"and(or(subset_eq(A, B), greater_than(cardinality(B), cardinality(A))), subset_eq(index(cardinality(A), difference(B, A)), index(cardinality(A), B)))",309f5e2c9ea94a6b8714359ce4629726
"and(or(subset_eq(A, B), greater_than(cardinality(B), cardinality(A))), subset_eq(index(cardinality(A), difference(B, A)), index(cardinality(A), B)))",4359a09eb17a44e3b5d02c850b259453
"and(or(subset_eq(A, B), greater_than(cardinality(B), cardinality(A))), subset_eq(index(cardinality(A), difference(B, A)), index(cardinality(A), union(A, B))))",6d61f05e6ae24e319bb2c2729a36ece0
"and(or(subset_eq(A, B), greater_than(cardinality(B), cardinality(A))), subset_eq(index(cardinality(A), difference(B, A)), index(cardinality(A), union(A, B))))",a148bf24bc954d27ad1e4e7eed6343dc
"and(or(subset_eq(A, B), greater_than(cardinality(B), cardinality(A))), subset_eq(index(cardinality(A), difference(B, A)), index(cardinality(A), union(A, B))))",6d61f05e6ae24e319bb2c2729a36ece0
"and(or(subset_eq(A, B), greater_than(cardinality(B), cardinality(A))), subset_eq(index(cardinality(A), difference(B, A)), index(cardinality(B), union(A, B))))",db8221a57be747d089bdb09b01e548a8
"and(or(subset_eq(A, B), greater_than(cardinality(B), cardinality(A))), subset_eq(index(cardinality(A), difference(B, A)), index(cardinality(B), union(A, B))))",57a613fdb4bb4d19816d9b6a4a9b7a21
"and(or(subset_eq(A, B), greater_than(cardinality(B), cardinality(A))), subset_eq(index(cardinality(A), difference(B, A)), index(cardinality(B), union(A, B))))",db8221a57be747d089bdb09b01e548a8
"and(or(subset_eq(A, B), greater_than(cardinality(B), cardinality(A))), subset_eq(index(cardinality(B), union(A, B)), union(difference(A, B), difference(B, A))))",912beeb9e14f481f8b05e8034f911911
"and(or(subset_eq(A, B), greater_than(cardinality(B), cardinality(A))), subset_eq(index(cardinality(B), union(A, B)), union(difference(A, B), difference(B, A))))",86a9c39852154bf2b4c1f16fb1e5fc88
"and(or(subset_eq(A, B), greater_than(cardinality(B), cardinality(A))), subset_eq(index(cardinality(B), union(A, B)), union(difference(A, B), difference(B, A))))",912beeb9e14f481f8b05e8034f911911
"and(or(subset_eq(A, B), greater_than(cardinality(B), cardinality(A))), equals(cardinality(A), cardinality(difference(B, A))))",004386cc073840b98082fb2d86e7f5ce
"and(or(subset_eq(A, B), greater_than(cardinality(B), cardinality(A))), equals(cardinality(A), cardinality(difference(B, A))))",a692338f17224cb5a38471c137996cb8
"and(or(subset_eq(A, B), greater_than(cardinality(B), cardinality(A))), equals(cardinality(A), cardinality(difference(B, A))))",004386cc073840b98082fb2d86e7f5ce
"and(or(subset_eq(A, B), greater_than(cardinality(B), cardinality(A))), equals(cardinality(intersection(A, B)), cardinality(difference(A, B))))",c1de962ed94640d19531a819c83e8e4f
"and(or(subset_eq(A, B), greater_than(cardinality(B), cardinality(A))), equals(cardinality(intersection(A, B)), cardinality(difference(A, B))))",2d72a34d2e0b41db975d9357b6fce772
"and(or(subset_eq(A, B), greater_than(cardinality(B), cardinality(A))), equals(cardinality(intersection(A, B)), cardinality(difference(A, B))))",c1de962ed94640d19531a819c83e8e4f
"or(subset_eq(B, A), and(not(subset_eq(A, B)), subset_eq(A, difference(A, B))))",27effb8c706d4fab9d15b9bf8587141d
"or(subset_eq(B, A), and(not(subset_eq(A, B)), subset_eq(A, difference(A, B))))",842c3a571b5c4559bdef4b89500ab154
"or(subset_eq(B, A), and(not(subset_eq(A, B)), subset_eq(A, difference(A, B))))",27effb8c706d4fab9d15b9bf8587141d
"or(subset_eq(B, A), and(not(subset_eq(A, B)), greater_than(cardinality(B), cardinality(A))))",44448e123345420ead50d75d1b5b9d63
"or(subset_eq(B, A), and(not(subset_eq(A, B)), greater_than(cardinality(B), cardinality(A))))",e4493608156947ae92ea406e1ce27e2d
"or(subset_eq(B, A), and(not(subset_eq(A, B)), greater_than(cardinality(B), cardinality(A))))",44448e123345420ead50d75d1b5b9d63
"or(subset_eq(B, difference(A, A)), not(or(subset_eq(A, B), subset_eq(B, A))))",c0d787769d9c492da63c244ec2489da8
"or(subset_eq(B, difference(A, A)), not(or(subset_eq(A, B), subset_eq(B, A))))",c1400e5faa5e4246bb58563d014c3e93
"or(subset_eq(B, difference(A, A)), not(or(subset_eq(A, B), subset_eq(B, A))))",c0d787769d9c492da63c244ec2489da8
"or(equals(cardinality(A), cardinality(B)), and(not(subset_eq(A, B)), subset_eq(A, difference(A, B))))",60e7d071dcc44daebe3810b7192b47a5
"or(equals(cardinality(A), cardinality(B)), and(not(subset_eq(A, B)), subset_eq(A, difference(A, B))))",b873c33e91904437ac2dd61de987f38e
"or(equals(cardinality(A), cardinality(B)), and(not(subset_eq(A, B)), subset_eq(A, difference(A, B))))",60e7d071dcc44daebe3810b7192b47a5
"and(or(subset_eq(B, A), not(subset_eq(A, B))), or(subset_eq(A, difference(A, B)), greater_than(cardinality(A), cardinality(B))))",462b8faedd2146efbc51fcc822a93738
"and(or(subset_eq(B, A), not(subset_eq(A, B))), or(subset_eq(A, difference(A, B)), greater_than(cardinality(A), cardinality(B))))",c00f1322f14a4f098b6911851793bc86
"and(or(subset_eq(B, A), not(subset_eq(A, B))), or(subset_eq(A, difference(A, B)), greater_than(cardinality(A), cardinality(B))))",462b8faedd2146efbc51fcc822a93738
"and(or(subset_eq(B, A), not(subset_eq(A, B))), or(subset_eq(A, difference(A, B)), greater_than(cardinality(B), cardinality(A))))",d019a684ca5a44a2a3b95605474d60a6
"and(or(subset_eq(B, A), not(subset_eq(A, B))), or(subset_eq(A, difference(A, B)), greater_than(cardinality(B), cardinality(A))))",3898532e61f54c8fb7bead85f7b9f820
"and(or(subset_eq(B, A), not(subset_eq(A, B))), or(subset_eq(A, difference(A, B)), greater_than(cardinality(B), cardinality(A))))",d019a684ca5a44a2a3b95605474d60a6
"or(subset_eq(B, difference(A, A)), and(not(subset_eq(A, B)), greater_than(cardinality(B), cardinality(A))))",9a9b411662ec4963b188575713ea6b20
"or(subset_eq(B, difference(A, A)), and(not(subset_eq(A, B)), greater_than(cardinality(B), cardinality(A))))",39d252b27b934675aadf66bc040cc0a4
"or(subset_eq(B, difference(A, A)), and(not(subset_eq(A, B)), greater_than(cardinality(B), cardinality(A))))",9a9b411662ec4963b188575713ea6b20
"and(or(subset_eq(B, A), not(subset_eq(A, B))), not(greater_than(cardinality(A), cardinality(B))))",c2610a8e6cde4d8cbec5eab07bf2bbdd
"and(or(subset_eq(B, A), not(subset_eq(A, B))), not(greater_than(cardinality(A), cardinality(B))))",d3ba487dfb2544bab41ce45090d251f9
"and(or(subset_eq(B, A), not(subset_eq(A, B))), not(greater_than(cardinality(A), cardinality(B))))",c2610a8e6cde4d8cbec5eab07bf2bbdd
"and(or(subset_eq(B, A), not(subset_eq(A, B))), not(subset_eq(A, difference(A, A))))",6b4b31eae88d48ae9a753e443980f526
"and(or(subset_eq(B, A), not(subset_eq(A, B))), not(subset_eq(A, difference(A, A))))",a344b906f3374491bd994726c34586ac
"and(or(subset_eq(B, A), not(subset_eq(A, B))), not(subset_eq(A, difference(A, A))))",6b4b31eae88d48ae9a753e443980f526
"and(or(subset_eq(B, A), not(subset_eq(A, B))), not(subset_eq(A, difference(A, B))))",13f8b8fffdfe43b7a604a19742279766
"and(or(subset_eq(B, A), not(subset_eq(A, B))), not(subset_eq(A, difference(A, B))))",23ff390dfa5a495195b33955ec357246
"and(or(subset_eq(B, A), not(subset_eq(A, B))), not(subset_eq(A, difference(A, B))))",13f8b8fffdfe43b7a604a19742279766
"and(or(subset_eq(B, A), not(subset_eq(A, B))), not(subset_eq(B, difference(A, A))))",1dea5b5467da41c9b36ba26fdf889a18
"and(or(subset_eq(B, A), not(subset_eq(A, B))), subset_eq(A, index(cardinality(A), union(A, B))))",8b9bc7dbbfb34b0cad77b6894b29712c
"and(or(subset_eq(B, A), not(subset_eq(A, B))), subset_eq(A, index(cardinality(B), union(A, B))))",e5b60f8a0bd34d7abd0ce3cd35be5db0
"subset_eq(B, difference(index(cardinality(A), union(A, B)), index(cardinality(A), B)))",6179de63256c49e78d0085a9ace685aa
"and(or(subset_eq(B, A), not(subset_eq(A, B))), subset_eq(intersection(A, B), index(cardinality(A), B)))",555bdb9347764f5594179ad0e456106e
"and(or(subset_eq(B, A), not(subset_eq(A, B))), subset_eq(intersection(A, B), index(cardinality(A), B)))",23f8fb6ff86d4201a98d70808e04706e
"and(or(subset_eq(B, A), not(subset_eq(A, B))), subset_eq(intersection(A, B), index(cardinality(A), B)))",555bdb9347764f5594179ad0e456106e
"and(or(subset_eq(B, A), not(subset_eq(A, B))), subset_eq(intersection(A, B), index(cardinality(B), A)))",a8b9b2dd02a84332b47ed1ed4019e7f0
"and(or(subset_eq(B, A), not(subset_eq(A, B))), subset_eq(intersection(A, B), index(cardinality(B), A)))",8e886c0e830f47ee8ac9a18b0f1f95ab
"and(or(subset_eq(B, A), not(subset_eq(A, B))), subset_eq(intersection(A, B), index(cardinality(B), A)))",a8b9b2dd02a84332b47ed1ed4019e7f0
"and(or(subset_eq(B, A), not(subset_eq(A, B))), subset_eq(intersection(A, B), index(cardinality(A), union(A, B))))",082cbff9e36f482893b1b133f3a1e79e
"and(or(subset_eq(B, A), not(subset_eq(A, B))), subset_eq(intersection(A, B), index(cardinality(A), union(A, B))))",429057a86b3744b7a6cc19137c63eaae
"and(or(subset_eq(B, A), not(subset_eq(A, B))), subset_eq(intersection(A, B), index(cardinality(A), union(A, B))))",082cbff9e36f482893b1b133f3a1e79e
"and(or(subset_eq(B, A), not(subset_eq(A, B))), subset_eq(intersection(A, B), index(cardinality(B), union(A, B))))",7fba7ed1e6de447d95ea49bf88547bc0
"and(or(subset_eq(B, A), not(subset_eq(A, B))), subset_eq(intersection(A, B), index(cardinality(B), union(A, B))))",68f7f7f752654bf5b0e88e217763110a
"and(or(subset_eq(B, A), not(subset_eq(A, B))), subset_eq(intersection(A, B), index(cardinality(B), union(A, B))))",7fba7ed1e6de447d95ea49bf88547bc0
"and(or(subset_eq(B, A), not(subset_eq(A, B))), subset_eq(difference(A, B), index(cardinality(A), union(A, B))))",c3e22b5f9d8b406a9af21675d11d06c8
"and(or(subset_eq(B, A), not(subset_eq(A, B))), subset_eq(difference(A, B), index(cardinality(A), union(A, B))))",27fba5947bbf4ce6b1f4d009ede4f460
"and(or(subset_eq(B, A), not(subset_eq(A, B))), subset_eq(difference(A, B), index(cardinality(A), union(A, B))))",c3e22b5f9d8b406a9af21675d11d06c8
"and(or(subset_eq(B, A), not(subset_eq(A, B))), subset_eq(difference(A, B), index(cardinality(B), union(A, B))))",6ecd16cfc99a444881359f65817f09fe
"and(or(subset_eq(B, A), not(subset_eq(A, B))), subset_eq(difference(A, B), index(cardinality(B), union(A, B))))",19fe2d018dba4d63a86d5361a01e8435
"and(or(subset_eq(B, A), not(subset_eq(A, B))), subset_eq(difference(A, B), index(cardinality(B), union(A, B))))",6ecd16cfc99a444881359f65817f09fe
"subset_eq(difference(B, A), difference(index(cardinality(A), union(A, B)), index(cardinality(A), B)))",9f500a1ec20b46299ee3180e43dfca4e
"subset_eq(difference(B, A), difference(index(cardinality(A), union(A, B)), index(cardinality(A), B)))",1f6e487670074966ba7a526d9d078879
"subset_eq(difference(B, A), difference(index(cardinality(A), union(A, B)), index(cardinality(A), B)))",9f500a1ec20b46299ee3180e43dfca4e
"and(or(subset_eq(B, A), not(subset_eq(A, B))), subset_eq(index(cardinality(A), B), A))",21bce30441f345adb8a57ce70f2efb10
"and(or(subset_eq(B, A), not(subset_eq(A, B))), subset_eq(index(cardinality(A), B), A))",cc6ed4086d1e440a95a479d0ee40abfe
"and(or(subset_eq(B, A), not(subset_eq(A, B))), subset_eq(index(cardinality(A), B), A))",21bce30441f345adb8a57ce70f2efb10
"and(or(subset_eq(B, A), not(subset_eq(A, B))), subset_eq(index(cardinality(B), A), B))",980c6610dad049999e8cec7cd4a4356c
"and(or(subset_eq(B, A), not(subset_eq(A, B))), subset_eq(index(cardinality(B), A), B))",8e4404af927847cab8fcf292de9df604
"and(or(subset_eq(B, A), not(subset_eq(A, B))), subset_eq(index(cardinality(B), A), B))",980c6610dad049999e8cec7cd4a4356c
"and(or(subset_eq(B, A), not(subset_eq(A, B))), subset_eq(index(cardinality(A), union(A, B)), A))",477ac41bb2134ccaade1c46b724d6ba2
"and(or(subset_eq(B, A), not(subset_eq(A, B))), subset_eq(index(cardinality(A), union(A, B)), A))",d2275bee80094e0fa008747279f03b05
"and(or(subset_eq(B, A), not(subset_eq(A, B))), subset_eq(index(cardinality(A), union(A, B)), A))",477ac41bb2134ccaade1c46b724d6ba2
"and(or(subset_eq(B, A), not(subset_eq(A, B))), subset_eq(index(cardinality(A), union(A, B)), B))",8d1dc479bf114b15bfaeccc5fdafb906
"and(or(subset_eq(B, A), not(subset_eq(A, B))), subset_eq(index(cardinality(A), union(A, B)), B))",93bc6b58790e4082a5dce0504b6e0001
"and(or(subset_eq(B, A), not(subset_eq(A, B))), subset_eq(index(cardinality(A), union(A, B)), B))",8d1dc479bf114b15bfaeccc5fdafb906
"and(or(subset_eq(B, A), not(subset_eq(A, B))), subset_eq(index(cardinality(A), difference(B, A)), A))",fb1706915eb3450cb03cdf330d6fc610
"and(or(subset_eq(B, A), not(subset_eq(A, B))), subset_eq(index(cardinality(A), difference(B, A)), A))",d03228ba1b894ec09c72cdddb540ce50
"and(or(subset_eq(B, A), not(subset_eq(A, B))), subset_eq(index(cardinality(A), difference(B, A)), A))",fb1706915eb3450cb03cdf330d6fc610
"and(or(subset_eq(B, A), not(subset_eq(A, B))), subset_eq(index(cardinality(B), union(A, B)), A))",b1e541e625e7422fb1ee0195be9f3c7e
"and(or(subset_eq(B, A), not(subset_eq(A, B))), subset_eq(index(cardinality(B), union(A, B)), A))",cf0459813c3b4ec4902068e2e5cc4dff
"and(or(subset_eq(B, A), not(subset_eq(A, B))), subset_eq(index(cardinality(B), union(A, B)), A))",b1e541e625e7422fb1ee0195be9f3c7e
"and(or(subset_eq(B, A), not(subset_eq(A, B))), subset_eq(index(cardinality(B), union(A, B)), B))",6eaead8644df4e12bca8c6950b6fc632
"and(or(subset_eq(B, A), not(subset_eq(A, B))), subset_eq(index(cardinality(B), union(A, B)), B))",3b5b0facbc17401494e232bc7ff1f475
"and(or(subset_eq(B, A), not(subset_eq(A, B))), subset_eq(index(cardinality(B), union(A, B)), B))",6eaead8644df4e12bca8c6950b6fc632
"and(or(subset_eq(B, A), not(subset_eq(A, B))), subset_eq(index(cardinality(B), difference(A, B)), B))",d5b6d150c07b493d85d545de3b0cf6e0
"and(or(subset_eq(B, A), not(subset_eq(A, B))), subset_eq(index(cardinality(B), difference(A, B)), B))",cc106b5a912a4646b5ce1638e5cb8365
"and(or(subset_eq(B, A), not(subset_eq(A, B))), subset_eq(index(cardinality(B), difference(A, B)), B))",d5b6d150c07b493d85d545de3b0cf6e0
"and(or(subset_eq(B, A), not(subset_eq(A, B))), subset_eq(index(cardinality(A), B), difference(B, A)))",bae0485ff2e748ffb41afaeac6386ae9
"and(or(subset_eq(B, A), not(subset_eq(A, B))), subset_eq(index(cardinality(A), B), difference(B, A)))",3ac3e02fdfc64b98802821b9a2d56899
"and(or(subset_eq(B, A), not(subset_eq(A, B))), subset_eq(index(cardinality(A), B), difference(B, A)))",bae0485ff2e748ffb41afaeac6386ae9
"and(or(subset_eq(B, A), not(subset_eq(A, B))), subset_eq(index(cardinality(B), A), difference(A, B)))",067758f9ddc545b58f23452a7eee04c1
"and(or(subset_eq(B, A), not(subset_eq(A, B))), subset_eq(index(cardinality(B), A), difference(A, B)))",b959449a07c84f45a2efa6b990917d7d
"and(or(subset_eq(B, A), not(subset_eq(A, B))), subset_eq(index(cardinality(B), A), difference(A, B)))",067758f9ddc545b58f23452a7eee04c1
"and(or(subset_eq(B, A), not(subset_eq(A, B))), subset_eq(index(cardinality(A), union(A, B)), intersection(A, B)))",93302a01f0ce4cbdb7aad8e50e300592
"and(or(subset_eq(B, A), not(subset_eq(A, B))), subset_eq(index(cardinality(A), union(A, B)), intersection(A, B)))",8e4dac0d40024c5bb5fbdf094851983d
"and(or(subset_eq(B, A), not(subset_eq(A, B))), subset_eq(index(cardinality(A), union(A, B)), intersection(A, B)))",93302a01f0ce4cbdb7aad8e50e300592
"and(or(subset_eq(B, A), not(subset_eq(A, B))), subset_eq(index(cardinality(A), union(A, B)), difference(B, A)))",5e4916524d4e4be9985cdc8640d85fd9
"and(or(subset_eq(B, A), not(subset_eq(A, B))), subset_eq(index(cardinality(A), union(A, B)), difference(B, A)))",21f06027ffc14aac89931d97cf23424d
"and(or(subset_eq(B, A), not(subset_eq(A, B))), subset_eq(index(cardinality(A), union(A, B)), difference(B, A)))",5e4916524d4e4be9985cdc8640d85fd9
"and(or(subset_eq(B, A), not(subset_eq(A, B))), subset_eq(index(cardinality(B), union(A, B)), intersection(A, B)))",74ac395440e043a39e9a85764df81b61
"and(or(subset_eq(B, A), not(subset_eq(A, B))), subset_eq(index(cardinality(B), union(A, B)), intersection(A, B)))",2cdcb67dff504571aa63f87c0a7910a3
"and(or(subset_eq(B, A), not(subset_eq(A, B))), subset_eq(index(cardinality(B), union(A, B)), intersection(A, B)))",74ac395440e043a39e9a85764df81b61
"and(or(subset_eq(B, A), not(subset_eq(A, B))), subset_eq(index(cardinality(B), union(A, B)), difference(A, B)))",e5d3752cd6da43488de2927d597859d0
"and(or(subset_eq(B, A), not(subset_eq(A, B))), subset_eq(index(cardinality(B), union(A, B)), difference(A, B)))",1c9abb26df7c49fb99a0ba32b74b118a
"and(or(subset_eq(B, A), not(subset_eq(A, B))), subset_eq(index(cardinality(B), union(A, B)), difference(A, B)))",e5d3752cd6da43488de2927d597859d0
"and(or(subset_eq(B, A), not(subset_eq(A, B))), subset_eq(index(cardinality(B), union(A, B)), difference(B, A)))",5dc634a701ab4e479fb2f6f1aa4dcb50
"and(or(subset_eq(B, A), not(subset_eq(A, B))), subset_eq(index(cardinality(B), union(A, B)), difference(B, A)))",b4279973537942ee9aa3cf4a0eacaff7
"and(or(subset_eq(B, A), not(subset_eq(A, B))), subset_eq(index(cardinality(B), union(A, B)), difference(B, A)))",5dc634a701ab4e479fb2f6f1aa4dcb50
"and(or(subset_eq(B, A), not(subset_eq(A, B))), subset_eq(index(cardinality(A), B), index(cardinality(A), union(A, B))))",41317273198c41ba81f20b72c8f84922
"and(or(subset_eq(B, A), not(subset_eq(A, B))), subset_eq(index(cardinality(A), B), index(cardinality(A), union(A, B))))",bd9faf22e24243ebb23966a66c6f57d4
"and(or(subset_eq(B, A), not(subset_eq(A, B))), subset_eq(index(cardinality(A), B), index(cardinality(A), union(A, B))))",41317273198c41ba81f20b72c8f84922
"or(not(greater_than(cardinality(B), cardinality(A))), greater_than(cardinality(difference(A, B)), cardinality(intersection(A, B))))",e6211d2bca114fb1a32c10984e34ad0d
"or(not(greater_than(cardinality(B), cardinality(A))), greater_than(cardinality(difference(A, B)), cardinality(intersection(A, B))))",f72f6a98868445ca90687f381ee67844
"or(not(greater_than(cardinality(B), cardinality(A))), greater_than(cardinality(difference(A, B)), cardinality(intersection(A, B))))",e6211d2bca114fb1a32c10984e34ad0d
"and(or(subset_eq(B, A), not(subset_eq(A, B))), subset_eq(index(cardinality(B), A), index(cardinality(A), union(A, B))))",feb0c2be895f4347bb1a393cc1a1a286
"and(or(subset_eq(B, A), not(subset_eq(A, B))), subset_eq(index(cardinality(B), A), index(cardinality(A), union(A, B))))",1b310a68b23242bda4a04b7050adbe56
"and(or(subset_eq(B, A), not(subset_eq(A, B))), subset_eq(index(cardinality(B), A), index(cardinality(A), union(A, B))))",feb0c2be895f4347bb1a393cc1a1a286
"and(or(subset_eq(B, A), not(subset_eq(A, B))), subset_eq(index(cardinality(B), A), index(cardinality(B), union(A, B))))",001461247f614a9e9176cb804a95648e
"and(or(subset_eq(B, A), not(subset_eq(A, B))), subset_eq(index(cardinality(B), A), index(cardinality(B), union(A, B))))",2b36960a8f8e40adab96eff7623bffec
"and(or(subset_eq(B, A), not(subset_eq(A, B))), subset_eq(index(cardinality(B), A), index(cardinality(B), union(A, B))))",001461247f614a9e9176cb804a95648e
"and(or(subset_eq(B, A), not(subset_eq(A, B))), subset_eq(index(cardinality(B), A), index(cardinality(B), difference(A, B))))",6c81e5fb34aa41479d1f19036a012094
"and(or(subset_eq(B, A), not(subset_eq(A, B))), subset_eq(index(cardinality(B), A), index(cardinality(B), difference(A, B))))",feb0ec68652c4471bb2f602865284196
"and(or(subset_eq(B, A), not(subset_eq(A, B))), subset_eq(index(cardinality(B), A), index(cardinality(B), difference(A, B))))",6c81e5fb34aa41479d1f19036a012094
"and(or(subset_eq(B, A), not(subset_eq(A, B))), subset_eq(index(cardinality(A), union(A, B)), union(difference(A, B), difference(B, A))))",abb2d812a3f64c2d8bdfbf0b126de393
"and(or(subset_eq(B, A), not(subset_eq(A, B))), subset_eq(index(cardinality(A), union(A, B)), union(difference(A, B), difference(B, A))))",e86ffadf17c64219b9629a817fccbfe9
"and(or(subset_eq(B, A), not(subset_eq(A, B))), subset_eq(index(cardinality(A), union(A, B)), union(difference(A, B), difference(B, A))))",abb2d812a3f64c2d8bdfbf0b126de393
"and(or(subset_eq(B, A), not(subset_eq(A, B))), subset_eq(index(cardinality(A), union(A, B)), index(cardinality(A), B)))",516af0e36139452aaf00d004dcdc94a0
"and(or(subset_eq(B, A), not(subset_eq(A, B))), subset_eq(index(cardinality(A), union(A, B)), index(cardinality(A), B)))",620d52a1166943b197aa2352cbf4d612
"and(or(subset_eq(B, A), not(subset_eq(A, B))), subset_eq(index(cardinality(A), union(A, B)), index(cardinality(A), B)))",516af0e36139452aaf00d004dcdc94a0
"and(or(subset_eq(B, A), not(subset_eq(A, B))), subset_eq(index(cardinality(A), union(A, B)), index(cardinality(A), difference(B, A))))",f0337dbd58c4438ab94a1769ea59c2ed
"and(or(subset_eq(B, A), not(subset_eq(A, B))), subset_eq(index(cardinality(A), union(A, B)), index(cardinality(A), difference(B, A))))",b7042bbbcc574cbda5811d1de82a4e2b
"and(or(subset_eq(B, A), not(subset_eq(A, B))), subset_eq(index(cardinality(A), union(A, B)), index(cardinality(A), difference(B, A))))",f0337dbd58c4438ab94a1769ea59c2ed
"and(or(subset_eq(B, A), not(subset_eq(A, B))), subset_eq(index(cardinality(A), difference(B, A)), index(cardinality(A), union(A, B))))",84528e8f15524fe583e1f1921fa853a9
"and(or(subset_eq(B, A), not(subset_eq(A, B))), subset_eq(index(cardinality(A), difference(B, A)), index(cardinality(A), union(A, B))))",24a6e6a0be874411ba3ce687e11a7ab7
"and(or(subset_eq(B, A), not(subset_eq(A, B))), subset_eq(index(cardinality(A), difference(B, A)), index(cardinality(A), union(A, B))))",84528e8f15524fe583e1f1921fa853a9
"and(or(subset_eq(B, A), not(subset_eq(A, B))), subset_eq(index(cardinality(A), difference(B, A)), index(cardinality(B), union(A, B))))",a4e2779c5c9049fe996f15a93d60bf1b
"and(or(subset_eq(B, A), not(subset_eq(A, B))), subset_eq(index(cardinality(A), difference(B, A)), index(cardinality(B), union(A, B))))",a431790e244a4b9a952351eb25579411
"and(or(subset_eq(B, A), not(subset_eq(A, B))), subset_eq(index(cardinality(A), difference(B, A)), index(cardinality(B), union(A, B))))",a4e2779c5c9049fe996f15a93d60bf1b
"and(or(subset_eq(B, A), not(subset_eq(A, B))), subset_eq(index(cardinality(B), union(A, B)), union(difference(A, B), difference(B, A))))",66a2794592694033be87d125059941b0
"and(or(subset_eq(B, A), not(subset_eq(A, B))), subset_eq(index(cardinality(B), union(A, B)), union(difference(A, B), difference(B, A))))",e83962a5752c4371972dc81f411f1990
"and(or(subset_eq(B, A), not(subset_eq(A, B))), subset_eq(index(cardinality(B), union(A, B)), union(difference(A, B), difference(B, A))))",66a2794592694033be87d125059941b0
"subset_eq(union(index(cardinality(A), B), index(cardinality(B), union(A, B))), index(cardinality(B), A))",06fbccf7bc194f60beb9da8f79a77016
"subset_eq(union(index(cardinality(A), B), index(cardinality(B), union(A, B))), index(cardinality(B), A))",716aaa2ed0e54c3cb6f71ff1e6db5728
"subset_eq(union(index(cardinality(A), B), index(cardinality(B), union(A, B))), index(cardinality(B), A))",06fbccf7bc194f60beb9da8f79a77016
"and(or(subset_eq(B, A), not(subset_eq(A, B))), subset_eq(index(cardinality(B), union(A, B)), index(cardinality(A), difference(B, A))))",af345df4005f4bb7b2a61625bed39b0f
"and(or(subset_eq(B, A), not(subset_eq(A, B))), subset_eq(index(cardinality(B), union(A, B)), index(cardinality(A), difference(B, A))))",6f59500178c94266bd76a575d67227ff
"and(or(subset_eq(B, A), not(subset_eq(A, B))), subset_eq(index(cardinality(B), union(A, B)), index(cardinality(A), difference(B, A))))",af345df4005f4bb7b2a61625bed39b0f
"subset_eq(union(index(cardinality(A), B), index(cardinality(B), union(A, B))), index(cardinality(B), difference(A, B)))",a71b29ce5fef4476bf6b2174a78a7620
"subset_eq(union(index(cardinality(A), B), index(cardinality(B), union(A, B))), index(cardinality(B), difference(A, B)))",bf5d68f179d349f9b3406f65ed96cd56
"subset_eq(union(index(cardinality(A), B), index(cardinality(B), union(A, B))), index(cardinality(B), difference(A, B)))",a71b29ce5fef4476bf6b2174a78a7620
"and(or(subset_eq(B, A), not(subset_eq(A, B))), subset_eq(index(cardinality(B), difference(A, B)), index(cardinality(B), A)))",2110f85eb80446359030821a668b71bd
"and(or(subset_eq(B, A), not(subset_eq(A, B))), subset_eq(index(cardinality(B), difference(A, B)), index(cardinality(B), A)))",be9c5e723c154daa9586398d6d399b94
"and(or(subset_eq(B, A), not(subset_eq(A, B))), subset_eq(index(cardinality(B), difference(A, B)), index(cardinality(B), A)))",2110f85eb80446359030821a668b71bd
"and(or(subset_eq(B, A), not(subset_eq(A, B))), subset_eq(index(cardinality(B), difference(A, B)), index(cardinality(A), union(A, B))))",3650c9274bee4d31ab90b279b995de13
"and(or(subset_eq(B, A), not(subset_eq(A, B))), subset_eq(index(cardinality(B), difference(A, B)), index(cardinality(A), union(A, B))))",2d8ab03e06e64ab291fe695de101d667
"and(or(subset_eq(B, A), not(subset_eq(A, B))), subset_eq(index(cardinality(B), difference(A, B)), index(cardinality(A), union(A, B))))",3650c9274bee4d31ab90b279b995de13
"and(or(subset_eq(B, A), not(subset_eq(A, B))), subset_eq(index(cardinality(B), difference(A, B)), index(cardinality(B), union(A, B))))",b42d8e3bd5c948f3bd4eb98aed78db02
"and(or(subset_eq(B, A), not(subset_eq(A, B))), subset_eq(index(cardinality(B), difference(A, B)), index(cardinality(B), union(A, B))))",095c0e9bc5d545d1af9f8c0988dcadfb
"and(or(subset_eq(B, A), not(subset_eq(A, B))), subset_eq(index(cardinality(B), difference(A, B)), index(cardinality(B), union(A, B))))",b42d8e3bd5c948f3bd4eb98aed78db02
"and(or(subset_eq(B, A), not(subset_eq(A, B))), equals(cardinality(A), cardinality(difference(B, A))))",853c8f83eca0436baaa787354d64de82
"and(or(subset_eq(B, A), not(subset_eq(A, B))), equals(cardinality(A), cardinality(difference(B, A))))",5a6910762d3f425ba3f10cc9486db546
"and(or(subset_eq(B, A), not(subset_eq(A, B))), equals(cardinality(A), cardinality(difference(B, A))))",853c8f83eca0436baaa787354d64de82
"and(or(subset_eq(B, A), not(subset_eq(A, B))), equals(cardinality(intersection(A, B)), cardinality(difference(A, B))))",5fe0065e734a4b63a9d4ec1ffc7b506f
"and(or(subset_eq(B, A), not(subset_eq(A, B))), equals(cardinality(intersection(A, B)), cardinality(difference(A, B))))",3b58452fa07643f38b5753c800be509e
"and(or(subset_eq(B, A), not(subset_eq(A, B))), equals(cardinality(intersection(A, B)), cardinality(difference(A, B))))",5fe0065e734a4b63a9d4ec1ffc7b506f
"and(not(greater_than(cardinality(B), cardinality(A))), equals(cardinality(intersection(A, B)), cardinality(difference(B, A))))",1e6673cd41834af4b48b8b5722060798
"and(not(greater_than(cardinality(B), cardinality(A))), equals(cardinality(intersection(A, B)), cardinality(difference(B, A))))",61a044322f8d4d50aab4cf750cbd4d0d
"and(not(greater_than(cardinality(B), cardinality(A))), equals(cardinality(intersection(A, B)), cardinality(difference(B, A))))",1e6673cd41834af4b48b8b5722060798
"and(not(greater_than(cardinality(B), cardinality(A))), greater_than(cardinality(A), cardinality(difference(B, A))))",a57f8ff4bea846718341c67bc5f84596
"and(not(greater_than(cardinality(B), cardinality(A))), greater_than(cardinality(A), cardinality(difference(B, A))))",739900926b4a4c35a2f6c497a2bca6e8
"and(not(greater_than(cardinality(B), cardinality(A))), greater_than(cardinality(A), cardinality(difference(B, A))))",a57f8ff4bea846718341c67bc5f84596
"and(or(subset_eq(B, A), not(subset_eq(A, B))), greater_than(cardinality(B), cardinality(difference(A, B))))",aa2db8ff99fd412880057c5a85001215
"and(or(subset_eq(B, A), not(subset_eq(A, B))), greater_than(cardinality(B), cardinality(difference(A, B))))",d39ac2be7f134885afe38bd871a02301
"and(or(subset_eq(B, A), not(subset_eq(A, B))), greater_than(cardinality(B), cardinality(difference(A, B))))",aa2db8ff99fd412880057c5a85001215
"and(not(greater_than(cardinality(B), cardinality(A))), greater_than(cardinality(intersection(A, B)), cardinality(difference(A, B))))",ae805d92972d4d2ea1f5df72c7f23d4d
"and(not(greater_than(cardinality(B), cardinality(A))), greater_than(cardinality(intersection(A, B)), cardinality(difference(A, B))))",2bbc260f9bc4429b8810c0f4e6b15c28
"and(not(greater_than(cardinality(B), cardinality(A))), greater_than(cardinality(intersection(A, B)), cardinality(difference(A, B))))",ae805d92972d4d2ea1f5df72c7f23d4d
"and(not(greater_than(cardinality(B), cardinality(A))), greater_than(cardinality(intersection(A, B)), cardinality(difference(B, A))))",959bf2a8134949ccb6b9738bbb6df6c5
"and(not(greater_than(cardinality(B), cardinality(A))), greater_than(cardinality(intersection(A, B)), cardinality(difference(B, A))))",c0a2ddff15b54f7eba1a88381b228f7f
"and(not(greater_than(cardinality(B), cardinality(A))), greater_than(cardinality(intersection(A, B)), cardinality(difference(B, A))))",959bf2a8134949ccb6b9738bbb6df6c5
"and(or(subset_eq(B, A), subset_eq(A, difference(A, A))), not(equals(cardinality(A), cardinality(B))))",e434471173814864b9aa1da282c73c2f
"and(or(subset_eq(B, A), subset_eq(A, difference(A, A))), not(equals(cardinality(A), cardinality(B))))",d5f33e7ee28e4833b9ced6b1bb986c18
"and(or(subset_eq(B, A), subset_eq(A, difference(A, A))), not(equals(cardinality(A), cardinality(B))))",e434471173814864b9aa1da282c73c2f
"and(or(subset_eq(B, A), subset_eq(A, difference(A, A))), not(subset_eq(B, difference(A, A))))",5775c56313634629a87984325545171f
"and(or(subset_eq(B, A), subset_eq(A, difference(A, A))), not(subset_eq(B, difference(A, A))))",8b5877da54e04355a79bdd6ef4877ac4
"and(or(subset_eq(B, A), subset_eq(A, difference(A, A))), not(subset_eq(B, difference(A, A))))",5775c56313634629a87984325545171f
"and(or(subset_eq(B, A), subset_eq(A, difference(A, A))), not(subset_eq(union(A, B), difference(A, A))))",9e1ee6b878cd4a97b9754719a18c7200
"and(or(subset_eq(B, A), subset_eq(A, difference(A, A))), not(subset_eq(union(A, B), difference(A, A))))",b29523da2e7441129c0a698da4891815
"and(or(subset_eq(B, A), subset_eq(A, difference(A, A))), not(subset_eq(union(A, B), difference(A, A))))",9e1ee6b878cd4a97b9754719a18c7200
"and(or(subset_eq(B, A), subset_eq(A, difference(A, A))), subset_eq(difference(A, B), index(cardinality(B), A)))",98fe67b249b34dbeb09ffe716d7a5d4d
"or(and(subset_eq(A, B), subset_eq(B, A)), subset_eq(A, index(cardinality(B), A)))",e9061a83788448259e64c1d60cb16e81
"and(or(subset_eq(B, A), subset_eq(A, difference(A, A))), subset_eq(index(cardinality(B), A), B))",ad4bca93216140fcaea5b08849bf689d
"and(or(subset_eq(B, A), subset_eq(A, difference(A, A))), subset_eq(index(cardinality(B), A), B))",a1d4546117904c039536105a6d7b1150
"and(or(subset_eq(B, A), subset_eq(A, difference(A, A))), subset_eq(index(cardinality(B), A), B))",ad4bca93216140fcaea5b08849bf689d
"and(or(subset_eq(B, A), subset_eq(A, difference(A, A))), subset_eq(index(cardinality(B), difference(A, B)), B))",497db9af70574b158d80a6cb8bf94490
"and(or(subset_eq(B, A), subset_eq(A, difference(A, A))), subset_eq(index(cardinality(B), difference(A, B)), B))",2afdf1f2da8d44669db4de35355b9a99
"and(or(subset_eq(B, A), subset_eq(A, difference(A, A))), subset_eq(index(cardinality(B), difference(A, B)), B))",497db9af70574b158d80a6cb8bf94490
"and(or(subset_eq(B, A), subset_eq(A, difference(A, A))), subset_eq(index(cardinality(B), A), difference(A, B)))",7985416b02324362aa3517f6b51d9ad5
"and(or(subset_eq(B, A), subset_eq(A, difference(A, A))), subset_eq(index(cardinality(B), A), difference(A, B)))",733e7de1b86b49a39fb2f5f7b6ddf363
"and(or(subset_eq(B, A), subset_eq(A, difference(A, A))), subset_eq(index(cardinality(B), A), difference(A, B)))",7985416b02324362aa3517f6b51d9ad5
"and(or(subset_eq(B, A), subset_eq(A, difference(A, A))), subset_eq(index(cardinality(B), A), index(cardinality(B), difference(A, B))))",c7219d48ef9a4e3d8b8c9b1927acb309
"and(or(subset_eq(B, A), subset_eq(A, difference(A, A))), subset_eq(index(cardinality(B), difference(A, B)), index(cardinality(B), A)))",ccbff2dfb6304362a7813a91c95c6474
"and(or(subset_eq(B, A), subset_eq(A, difference(A, A))), subset_eq(index(cardinality(B), difference(A, B)), index(cardinality(B), A)))",06674f7ca6304fb4924e54f8c7cdbd2a
"and(or(subset_eq(B, A), subset_eq(A, difference(A, A))), subset_eq(index(cardinality(B), difference(A, B)), index(cardinality(B), A)))",ccbff2dfb6304362a7813a91c95c6474
"and(or(subset_eq(B, A), subset_eq(A, difference(A, A))), greater_than(cardinality(B), cardinality(difference(A, B))))",797ca7bd8b0c484c8990c1c9a571f3fc
"and(or(subset_eq(B, A), subset_eq(A, difference(A, A))), greater_than(cardinality(B), cardinality(difference(A, B))))",c115b3153b1549be9d9315247f2ac669
"and(or(subset_eq(B, A), subset_eq(A, difference(A, A))), greater_than(cardinality(B), cardinality(difference(A, B))))",797ca7bd8b0c484c8990c1c9a571f3fc
"or(subset_eq(B, A), and(subset_eq(A, difference(A, B)), equals(cardinality(A), cardinality(B))))",ebd0e66ac1e84ee18b210f2ac529c657
"or(subset_eq(B, A), and(subset_eq(A, difference(A, B)), equals(cardinality(A), cardinality(B))))",68a13e5394114a0fa542a836d66da387
"or(subset_eq(B, A), and(subset_eq(A, difference(A, B)), equals(cardinality(A), cardinality(B))))",ebd0e66ac1e84ee18b210f2ac529c657
"or(subset_eq(B, A), greater_than(cardinality(difference(A, B)), cardinality(B)))",c458894dd5b8405ba41226df6c48d4e9
"or(subset_eq(B, A), greater_than(cardinality(difference(A, B)), cardinality(B)))",0667165d40f04a66bc66200872ee1f93
"or(subset_eq(B, A), greater_than(cardinality(difference(A, B)), cardinality(B)))",c458894dd5b8405ba41226df6c48d4e9
"or(subset_eq(B, A), and(subset_eq(A, difference(A, B)), greater_than(cardinality(B), cardinality(A))))",2c659d5376314bd3b8ccb62a278428f1
"or(subset_eq(B, A), and(subset_eq(A, difference(A, B)), greater_than(cardinality(B), cardinality(A))))",cdca6f1ed1d844659eeaa69d29506816
"or(subset_eq(B, A), and(subset_eq(A, difference(A, B)), greater_than(cardinality(B), cardinality(A))))",2c659d5376314bd3b8ccb62a278428f1
"or(and(subset_eq(A, difference(A, B)), equals(cardinality(A), cardinality(B))), or(subset_eq(B, A), subset_eq(A, difference(A, A))))",83ea2c0292114dc09de26f668e10a398
"or(and(subset_eq(A, difference(A, B)), equals(cardinality(A), cardinality(B))), or(subset_eq(B, A), subset_eq(A, difference(A, A))))",d62081b52a8c454ab8dc2aa7c22238dc
"or(and(subset_eq(A, difference(A, B)), equals(cardinality(A), cardinality(B))), or(subset_eq(B, A), subset_eq(A, difference(A, A))))",83ea2c0292114dc09de26f668e10a398
"and(or(subset_eq(B, A), subset_eq(A, difference(A, B))), not(and(subset_eq(A, B), subset_eq(B, A))))",df4037fa8dfb449f824742fe6dacbab3
"and(or(subset_eq(B, A), subset_eq(A, difference(A, B))), not(and(subset_eq(A, B), subset_eq(B, A))))",cc5f632fe3c247009c390396add84df8
"and(or(subset_eq(B, A), subset_eq(A, difference(A, B))), not(and(subset_eq(A, B), subset_eq(B, A))))",df4037fa8dfb449f824742fe6dacbab3
"or(subset_eq(A, difference(A, B)), and(subset_eq(B, A), not(subset_eq(A, B))))",2f58aeb187f747d686d47fbaa41631d8
"or(subset_eq(A, difference(A, B)), and(subset_eq(B, A), not(subset_eq(A, B))))",d116e10b612d4ee983ceacb149dc71be
"or(subset_eq(A, difference(A, B)), and(subset_eq(B, A), not(subset_eq(A, B))))",2f58aeb187f747d686d47fbaa41631d8
"and(or(subset_eq(B, A), subset_eq(A, difference(A, B))), or(not(subset_eq(A, B)), subset_eq(B, difference(A, A))))",df8e7b93824c40028f5249a22771d147
"and(or(subset_eq(B, A), subset_eq(A, difference(A, B))), or(not(subset_eq(A, B)), subset_eq(B, difference(A, A))))",e06757c5b0bb47a4bbf54959e4dfd544
"and(or(subset_eq(B, A), subset_eq(A, difference(A, B))), or(not(subset_eq(A, B)), subset_eq(B, difference(A, A))))",df8e7b93824c40028f5249a22771d147
"and(or(subset_eq(B, A), subset_eq(A, difference(A, B))), or(subset_eq(A, difference(A, A)), greater_than(cardinality(A), cardinality(B))))",1e4dba37b73846d9936612cc93dd2865
"and(or(subset_eq(B, A), subset_eq(A, difference(A, B))), or(subset_eq(A, difference(A, A)), greater_than(cardinality(A), cardinality(B))))",0631527c48ce42269cc18d7c2fd7cd3d
"and(or(subset_eq(B, A), subset_eq(A, difference(A, B))), or(subset_eq(A, difference(A, A)), greater_than(cardinality(A), cardinality(B))))",1e4dba37b73846d9936612cc93dd2865
"and(or(subset_eq(B, A), subset_eq(A, difference(A, B))), or(subset_eq(B, difference(A, A)), greater_than(cardinality(A), cardinality(B))))",52d2683649eb4d399af1fa5c08af6a23
"and(or(subset_eq(B, A), subset_eq(A, difference(A, B))), or(subset_eq(B, difference(A, A)), greater_than(cardinality(A), cardinality(B))))",1516d0bcea494a0ba78eb99a30b7df23
"and(or(subset_eq(B, A), subset_eq(A, difference(A, B))), or(subset_eq(B, difference(A, A)), greater_than(cardinality(A), cardinality(B))))",52d2683649eb4d399af1fa5c08af6a23
"and(or(subset_eq(B, A), subset_eq(A, difference(A, B))), not(greater_than(cardinality(B), cardinality(A))))",da8a49378a484144962267e82c039885
"and(or(subset_eq(B, A), subset_eq(A, difference(A, B))), not(greater_than(cardinality(B), cardinality(A))))",7cd2c438b85c4a58ac531d5f7b6a642f
"and(or(subset_eq(B, A), subset_eq(A, difference(A, B))), not(greater_than(cardinality(B), cardinality(A))))",da8a49378a484144962267e82c039885
"and(or(subset_eq(B, A), subset_eq(A, difference(A, B))), not(greater_than(cardinality(A), cardinality(B))))",4753ff6f2dc3436e9a9d64f8ec2ceb18
"and(or(subset_eq(B, A), subset_eq(A, difference(A, B))), not(greater_than(cardinality(A), cardinality(B))))",aec42f0f72aa4b12bbec1daad050cbf9
"and(or(subset_eq(B, A), subset_eq(A, difference(A, B))), not(greater_than(cardinality(A), cardinality(B))))",4753ff6f2dc3436e9a9d64f8ec2ceb18
"and(or(subset_eq(B, A), subset_eq(A, difference(A, B))), not(equals(cardinality(A), cardinality(B))))",4cfce28ad9a84206be7250a98e89ff3a
"and(or(subset_eq(B, A), subset_eq(A, difference(A, B))), not(equals(cardinality(A), cardinality(B))))",3ed0c91a552240608317c81ffb58bfc6
"and(or(subset_eq(B, A), subset_eq(A, difference(A, B))), not(equals(cardinality(A), cardinality(B))))",4cfce28ad9a84206be7250a98e89ff3a
"and(or(subset_eq(B, A), subset_eq(A, difference(A, B))), not(subset_eq(A, difference(A, A))))",348497003a22435abe6aa88cb46e2cd8
"and(or(subset_eq(B, A), subset_eq(A, difference(A, B))), not(subset_eq(A, difference(A, A))))",da32ef84c0cf47ee882950dbd296a893
"and(or(subset_eq(B, A), subset_eq(A, difference(A, B))), not(subset_eq(A, difference(A, A))))",348497003a22435abe6aa88cb46e2cd8
"and(or(subset_eq(B, A), subset_eq(A, difference(A, B))), not(subset_eq(B, difference(A, A))))",1ef96e8264a14560905e5034d20ef070
"and(or(subset_eq(B, A), subset_eq(A, difference(A, B))), not(subset_eq(B, difference(A, A))))",bdf6d26b3aa042d89f62652baf4cf3aa
"and(or(subset_eq(B, A), subset_eq(A, difference(A, B))), not(subset_eq(B, difference(A, A))))",1ef96e8264a14560905e5034d20ef070
"and(or(subset_eq(B, A), subset_eq(A, difference(A, B))), not(subset_eq(union(A, B), difference(A, A))))",d036521370584d39915825c507c0ef3f
"and(or(subset_eq(B, A), subset_eq(A, difference(A, B))), not(subset_eq(union(A, B), difference(A, A))))",adf11de0c7ae4ab891e3b332c6a264ed
"and(or(subset_eq(B, A), subset_eq(A, difference(A, B))), not(subset_eq(union(A, B), difference(A, A))))",d036521370584d39915825c507c0ef3f
"or(subset_eq(A, difference(A, B)), subset_eq(B, index(cardinality(B), A)))",624f5960b3d445f3966e20aa57b588b9
"or(subset_eq(A, difference(A, B)), subset_eq(B, index(cardinality(B), A)))",a9aa4713ecc64519b9848a67cad3b5c8
"or(subset_eq(A, difference(A, B)), subset_eq(B, index(cardinality(B), A)))",624f5960b3d445f3966e20aa57b588b9
"and(or(subset_eq(B, A), subset_eq(A, difference(A, B))), subset_eq(difference(A, B), index(cardinality(A), union(A, B))))",03c32cc5c0c9490a967c6f74baaf4388
"and(or(subset_eq(B, A), subset_eq(A, difference(A, B))), subset_eq(difference(A, B), index(cardinality(B), union(A, B))))",e147dc5571c94cd6ab01d3cfc717dc06
"or(subset_eq(B, A), subset_eq(B, index(cardinality(A), union(A, B))))",438dbf94f7114544a85658c4d543320d
"or(subset_eq(B, A), subset_eq(B, index(cardinality(A), union(A, B))))",1ed63c3eca564b68a93390839db0919c
"or(subset_eq(B, A), subset_eq(B, index(cardinality(A), union(A, B))))",438dbf94f7114544a85658c4d543320d
"or(subset_eq(B, A), subset_eq(B, index(cardinality(B), union(A, B))))",eac786b653614c42987da82758aae774
"or(subset_eq(B, A), subset_eq(B, index(cardinality(B), union(A, B))))",80a32d5ae525488b9cf4a25a48d470a4
"or(subset_eq(B, A), subset_eq(B, index(cardinality(B), union(A, B))))",eac786b653614c42987da82758aae774
"and(or(subset_eq(B, A), subset_eq(A, difference(A, B))), subset_eq(index(cardinality(B), A), B))",7238ef2e25104c5a8fdfae92b0e2e587
"and(or(subset_eq(B, A), subset_eq(A, difference(A, B))), subset_eq(index(cardinality(B), A), B))",b5b288948d0e4629887de2e2170ceabd
"and(or(subset_eq(B, A), subset_eq(A, difference(A, B))), subset_eq(index(cardinality(B), A), B))",7238ef2e25104c5a8fdfae92b0e2e587
"and(or(subset_eq(B, A), subset_eq(A, difference(A, B))), subset_eq(index(cardinality(A), union(A, B)), A))",ab8248ff35d9469ba81091f7dab0562d
"and(or(subset_eq(B, A), subset_eq(A, difference(A, B))), subset_eq(index(cardinality(A), union(A, B)), A))",9e9976e70c52474393c4723aeb8ae640
"and(or(subset_eq(B, A), subset_eq(A, difference(A, B))), subset_eq(index(cardinality(A), union(A, B)), A))",ab8248ff35d9469ba81091f7dab0562d
"and(or(subset_eq(B, A), subset_eq(A, difference(A, B))), subset_eq(index(cardinality(A), union(A, B)), B))",3296e0f91a044e3b81f3b8b69b4ce509
"and(or(subset_eq(B, A), subset_eq(A, difference(A, B))), subset_eq(index(cardinality(A), union(A, B)), B))",b06fe72bd01941c9b1b08c06cb8331f5
"and(or(subset_eq(B, A), subset_eq(A, difference(A, B))), subset_eq(index(cardinality(A), union(A, B)), B))",3296e0f91a044e3b81f3b8b69b4ce509
"and(or(subset_eq(B, A), subset_eq(A, difference(A, B))), subset_eq(index(cardinality(B), union(A, B)), A))",77e8944cb1124094b335113a9f2f909b
"and(or(subset_eq(B, A), subset_eq(A, difference(A, B))), subset_eq(index(cardinality(B), union(A, B)), A))",8b199e5cadf14c60a96fe8ef0ceb94f0
"and(or(subset_eq(B, A), subset_eq(A, difference(A, B))), subset_eq(index(cardinality(B), union(A, B)), A))",77e8944cb1124094b335113a9f2f909b
"and(or(subset_eq(B, A), subset_eq(A, difference(A, B))), subset_eq(index(cardinality(B), union(A, B)), B))",08af168718ab48acbc4b6ca9c1c2f0cd
"and(or(subset_eq(B, A), subset_eq(A, difference(A, B))), subset_eq(index(cardinality(B), union(A, B)), B))",d85c8439232b434abea97189ca8a0f26
"and(or(subset_eq(B, A), subset_eq(A, difference(A, B))), subset_eq(index(cardinality(B), union(A, B)), B))",08af168718ab48acbc4b6ca9c1c2f0cd
"and(or(subset_eq(B, A), subset_eq(A, difference(A, B))), subset_eq(index(cardinality(B), difference(A, B)), B))",2b7c8d3e7bcf4b818fe2f30aa03052e3
"and(or(subset_eq(B, A), subset_eq(A, difference(A, B))), subset_eq(index(cardinality(B), difference(A, B)), B))",baaf6b18a39a472aa82028b32ede8cca
"and(or(subset_eq(B, A), subset_eq(A, difference(A, B))), subset_eq(index(cardinality(B), difference(A, B)), B))",2b7c8d3e7bcf4b818fe2f30aa03052e3
"and(or(subset_eq(B, A), subset_eq(A, difference(A, B))), subset_eq(index(cardinality(B), A), difference(A, B)))",4ab65b54e4114b8c89de6e4212ba7fba
"and(or(subset_eq(B, A), subset_eq(A, difference(A, B))), subset_eq(index(cardinality(B), A), difference(A, B)))",3a218a02c4734d9fb3039adcf4ab1aff
"and(or(subset_eq(B, A), subset_eq(A, difference(A, B))), subset_eq(index(cardinality(B), A), difference(A, B)))",4ab65b54e4114b8c89de6e4212ba7fba
"and(or(subset_eq(B, A), subset_eq(A, difference(A, B))), subset_eq(index(cardinality(B), union(A, B)), difference(A, B)))",d75532f167fd4261aafb4c2cb6929c5e
"and(or(subset_eq(B, A), subset_eq(A, difference(A, B))), subset_eq(index(cardinality(B), union(A, B)), difference(A, B)))",bb8f41df2f944552a26184a37e176f0d
"and(or(subset_eq(B, A), subset_eq(A, difference(A, B))), subset_eq(index(cardinality(B), union(A, B)), difference(A, B)))",d75532f167fd4261aafb4c2cb6929c5e
"and(or(subset_eq(B, A), subset_eq(A, difference(A, B))), subset_eq(index(cardinality(B), union(A, B)), difference(B, A)))",cabe6ee2199146dead159b693a14d741
"and(or(subset_eq(B, A), subset_eq(A, difference(A, B))), subset_eq(index(cardinality(B), union(A, B)), difference(B, A)))",c88e6a217fdc4e52939be261d625d9e2
"and(or(subset_eq(B, A), subset_eq(A, difference(A, B))), subset_eq(index(cardinality(B), union(A, B)), difference(B, A)))",cabe6ee2199146dead159b693a14d741
"subset_eq(union(index(cardinality(A), B), index(cardinality(A), union(A, B))), index(cardinality(difference(A, B)), union(A, B)))",1494444dd5f3459f9456c22700b25d35
"subset_eq(union(index(cardinality(A), B), index(cardinality(A), union(A, B))), index(cardinality(difference(A, B)), union(A, B)))",07cb1c5f03eb4d6aa4974c268af70bba
"subset_eq(union(index(cardinality(A), B), index(cardinality(A), union(A, B))), index(cardinality(difference(A, B)), union(A, B)))",1494444dd5f3459f9456c22700b25d35
"and(or(subset_eq(B, A), subset_eq(A, difference(A, B))), subset_eq(index(cardinality(A), B), index(cardinality(B), union(A, B))))",3f6d604a833e4eed84b544574536ab0c
"and(or(subset_eq(B, A), subset_eq(A, difference(A, B))), subset_eq(index(cardinality(A), B), index(cardinality(B), union(A, B))))",d017ba8d302e4b1eafb2072417f74355
"and(or(subset_eq(B, A), subset_eq(A, difference(A, B))), subset_eq(index(cardinality(A), B), index(cardinality(B), union(A, B))))",3f6d604a833e4eed84b544574536ab0c
"and(or(subset_eq(B, A), subset_eq(A, difference(A, B))), subset_eq(index(cardinality(B), A), index(cardinality(A), union(A, B))))",bb548d719a7d4baa86c743d8b42a1033
"and(or(subset_eq(B, A), subset_eq(A, difference(A, B))), subset_eq(index(cardinality(B), A), index(cardinality(A), union(A, B))))",95d54afad9ba412c9cd94738694837e1
"and(or(subset_eq(B, A), subset_eq(A, difference(A, B))), subset_eq(index(cardinality(B), A), index(cardinality(A), union(A, B))))",bb548d719a7d4baa86c743d8b42a1033
"and(or(subset_eq(B, A), subset_eq(A, difference(A, B))), subset_eq(index(cardinality(B), A), index(cardinality(B), union(A, B))))",e8c15efde7f14a868842bdf4a7021a9a
"and(or(subset_eq(B, A), subset_eq(A, difference(A, B))), subset_eq(index(cardinality(B), A), index(cardinality(B), union(A, B))))",8b673222ceb64ab8964c4ee58bd986b5
"and(or(subset_eq(B, A), subset_eq(A, difference(A, B))), subset_eq(index(cardinality(B), A), index(cardinality(B), union(A, B))))",e8c15efde7f14a868842bdf4a7021a9a
"and(or(subset_eq(B, A), subset_eq(A, difference(A, B))), subset_eq(index(cardinality(B), A), index(cardinality(B), difference(A, B))))",213feaea163f463e8359598dacf7383b
"and(or(subset_eq(B, A), subset_eq(A, difference(A, B))), subset_eq(index(cardinality(B), A), index(cardinality(B), difference(A, B))))",17330dc732954d358f67f8273c25f3c8
"and(or(subset_eq(B, A), subset_eq(A, difference(A, B))), subset_eq(index(cardinality(B), A), index(cardinality(B), difference(A, B))))",213feaea163f463e8359598dacf7383b
"subset_eq(index(cardinality(A), union(A, B)), index(cardinality(intersection(A, B)), index(cardinality(A), B)))",e2135048432f4f9aa5d8868d3cfde5fb
"subset_eq(index(cardinality(A), union(A, B)), index(cardinality(intersection(A, B)), index(cardinality(A), B)))",f3ed3357f5d74b7594b967a7282b5293
"subset_eq(index(cardinality(A), union(A, B)), index(cardinality(intersection(A, B)), index(cardinality(A), B)))",e2135048432f4f9aa5d8868d3cfde5fb
"and(or(subset_eq(B, A), subset_eq(A, difference(A, B))), subset_eq(index(cardinality(B), union(A, B)), index(cardinality(A), B)))",f0de42803fc94d6eb7336855292d4791
"and(or(subset_eq(B, A), subset_eq(A, difference(A, B))), subset_eq(index(cardinality(B), union(A, B)), index(cardinality(B), A)))",d89de3dcfba94d10958fd87901be3c1b
"and(or(subset_eq(B, A), subset_eq(A, difference(A, B))), subset_eq(index(cardinality(B), union(A, B)), index(cardinality(B), A)))",3b24729359254501b696c0b02cf6afc4
"and(or(subset_eq(B, A), subset_eq(A, difference(A, B))), subset_eq(index(cardinality(B), union(A, B)), index(cardinality(B), A)))",d89de3dcfba94d10958fd87901be3c1b
"and(or(subset_eq(B, A), subset_eq(A, difference(A, B))), subset_eq(index(cardinality(B), union(A, B)), index(cardinality(B), difference(A, B))))",89516e4e23274363894c361f9b72e326
"and(or(subset_eq(B, A), subset_eq(A, difference(A, B))), subset_eq(index(cardinality(B), union(A, B)), index(cardinality(B), difference(A, B))))",6d1cd6f3e8634792b702934f4deceb29
"and(or(subset_eq(B, A), subset_eq(A, difference(A, B))), subset_eq(index(cardinality(B), union(A, B)), index(cardinality(B), difference(A, B))))",89516e4e23274363894c361f9b72e326
"and(or(subset_eq(B, A), subset_eq(A, difference(A, B))), subset_eq(index(cardinality(B), difference(A, B)), index(cardinality(B), A)))",72df44386d854e3095896984b2374e85
"and(or(subset_eq(B, A), subset_eq(A, difference(A, B))), subset_eq(index(cardinality(B), difference(A, B)), index(cardinality(B), A)))",8f78d20f57b240bbb9ddcec93348607b
"and(or(subset_eq(B, A), subset_eq(A, difference(A, B))), subset_eq(index(cardinality(B), difference(A, B)), index(cardinality(B), A)))",72df44386d854e3095896984b2374e85
"and(or(subset_eq(B, A), subset_eq(A, difference(A, B))), subset_eq(index(cardinality(B), difference(A, B)), index(cardinality(A), union(A, B))))",b8e408f75fd44deab4d2900d87b6b4e2
"and(or(subset_eq(B, A), subset_eq(A, difference(A, B))), subset_eq(index(cardinality(B), difference(A, B)), index(cardinality(A), union(A, B))))",68380f2f3a8647999ecdc8b0e3e57677
"and(or(subset_eq(B, A), subset_eq(A, difference(A, B))), subset_eq(index(cardinality(B), difference(A, B)), index(cardinality(A), union(A, B))))",b8e408f75fd44deab4d2900d87b6b4e2
"and(or(subset_eq(B, A), subset_eq(A, difference(A, B))), subset_eq(index(cardinality(B), difference(A, B)), index(cardinality(B), union(A, B))))",d1add6f6e13e411397408a2024d29491
"and(or(subset_eq(B, A), subset_eq(A, difference(A, B))), subset_eq(index(cardinality(B), difference(A, B)), index(cardinality(B), union(A, B))))",9b0e927001d74f3a8b32175743dc9b9e
"and(or(subset_eq(B, A), subset_eq(A, difference(A, B))), subset_eq(index(cardinality(B), difference(A, B)), index(cardinality(B), union(A, B))))",d1add6f6e13e411397408a2024d29491
"and(or(subset_eq(B, A), subset_eq(A, difference(A, B))), equals(cardinality(B), cardinality(difference(A, B))))",95631dd88b3d497bbe97dae0e9eb5829
"and(or(subset_eq(B, A), subset_eq(A, difference(A, B))), equals(cardinality(B), cardinality(difference(A, B))))",83099380a3b14347b6fd9f843ca748a8
"and(or(subset_eq(B, A), subset_eq(A, difference(A, B))), equals(cardinality(B), cardinality(difference(A, B))))",95631dd88b3d497bbe97dae0e9eb5829
"and(or(subset_eq(B, A), subset_eq(A, difference(A, B))), greater_than(cardinality(A), cardinality(difference(B, A))))",2ac3129d54ee43da93372bcc3fad40bf
"and(or(subset_eq(B, A), subset_eq(A, difference(A, B))), greater_than(cardinality(A), cardinality(difference(B, A))))",a43a7818e9f2463f9c2a663f69408c1f
"and(or(subset_eq(B, A), subset_eq(A, difference(A, B))), greater_than(cardinality(A), cardinality(difference(B, A))))",2ac3129d54ee43da93372bcc3fad40bf
"and(or(subset_eq(B, A), subset_eq(A, difference(A, B))), greater_than(cardinality(B), cardinality(difference(A, B))))",8f82eb2f037d4de6974bf546c4ac10b2
"and(or(subset_eq(B, A), subset_eq(A, difference(A, B))), greater_than(cardinality(B), cardinality(difference(A, B))))",96f901697c2745f5b3a81c571f38a68c
"and(or(subset_eq(B, A), subset_eq(A, difference(A, B))), greater_than(cardinality(B), cardinality(difference(A, B))))",8f82eb2f037d4de6974bf546c4ac10b2
"or(and(not(subset_eq(A, B)), subset_eq(A, difference(A, B))), greater_than(cardinality(difference(A, B)), cardinality(B)))",108aba42f46e4404bd43107378fc5795
"or(and(not(subset_eq(A, B)), subset_eq(A, difference(A, B))), greater_than(cardinality(difference(A, B)), cardinality(B)))",ead23bc2aec44cf4be5e3d7884c3fd1a
"or(and(not(subset_eq(A, B)), subset_eq(A, difference(A, B))), greater_than(cardinality(difference(A, B)), cardinality(B)))",108aba42f46e4404bd43107378fc5795
"and(or(subset_eq(B, A), equals(cardinality(A), cardinality(B))), or(not(subset_eq(A, B)), subset_eq(A, difference(A, A))))",7d982e260da8467b94628cd52966f838
"and(or(subset_eq(B, A), equals(cardinality(A), cardinality(B))), or(not(subset_eq(A, B)), subset_eq(A, difference(A, A))))",59f6b1bf653c49c0a167ffaa32310132
"and(or(subset_eq(B, A), equals(cardinality(A), cardinality(B))), or(not(subset_eq(A, B)), subset_eq(A, difference(A, A))))",7d982e260da8467b94628cd52966f838
"or(subset_eq(B, difference(A, A)), and(not(subset_eq(A, B)), equals(cardinality(A), cardinality(B))))",1ad45e7f69bc4a0791ffaeeb9372615e
"or(subset_eq(B, difference(A, A)), and(not(subset_eq(A, B)), equals(cardinality(A), cardinality(B))))",ff84b8aa640745c985762eb455895ce6
"or(subset_eq(B, difference(A, A)), and(not(subset_eq(A, B)), equals(cardinality(A), cardinality(B))))",1ad45e7f69bc4a0791ffaeeb9372615e
"or(and(subset_eq(B, A), not(subset_eq(A, B))), and(subset_eq(A, difference(A, B)), equals(cardinality(A), cardinality(B))))",3e114c47d77d46679ec8b7b8010a8a28
"or(and(subset_eq(B, A), not(subset_eq(A, B))), and(subset_eq(A, difference(A, B)), equals(cardinality(A), cardinality(B))))",992c6abf1238402ba8b104e86f2c00d6
"or(and(subset_eq(B, A), not(subset_eq(A, B))), and(subset_eq(A, difference(A, B)), equals(cardinality(A), cardinality(B))))",3e114c47d77d46679ec8b7b8010a8a28
"and(or(subset_eq(B, A), equals(cardinality(A), cardinality(B))), not(subset_eq(A, difference(A, A))))",3c826becee9b499582ab47d0dbdcb9ae
"and(or(subset_eq(B, A), equals(cardinality(A), cardinality(B))), not(subset_eq(A, difference(A, A))))",c3d0f5a07edc40b49e7033279b111f62
"and(or(subset_eq(B, A), equals(cardinality(A), cardinality(B))), not(subset_eq(A, difference(A, A))))",3c826becee9b499582ab47d0dbdcb9ae
"and(or(subset_eq(B, A), equals(cardinality(A), cardinality(B))), not(subset_eq(A, difference(A, B))))",447a61d1a2514e4887d0c467bbf4c3b5
"and(or(subset_eq(B, A), equals(cardinality(A), cardinality(B))), not(subset_eq(A, difference(A, B))))",64894445f5424493a404b138f41cfa6f
"and(or(subset_eq(B, A), equals(cardinality(A), cardinality(B))), not(subset_eq(A, difference(A, B))))",447a61d1a2514e4887d0c467bbf4c3b5
"and(or(subset_eq(B, A), equals(cardinality(A), cardinality(B))), not(subset_eq(B, difference(A, A))))",1d5f6db35a5947f389c2841a2af51d45
"and(or(subset_eq(B, A), equals(cardinality(A), cardinality(B))), not(subset_eq(B, difference(A, A))))",26f52691ddec4030aed9cd0343c525e0
"and(or(subset_eq(B, A), equals(cardinality(A), cardinality(B))), not(subset_eq(B, difference(A, A))))",1d5f6db35a5947f389c2841a2af51d45
"subset_eq(union(A, index(cardinality(A), B)), index(cardinality(B), union(A, B)))",a76c97b4368a41afb18cca78018194bf
"subset_eq(B, intersection(index(cardinality(A), union(A, B)), index(cardinality(B), union(A, B))))",9dc8eb51e0e54074958999585ee3c4f0
"subset_eq(union(B, index(cardinality(B), A)), index(cardinality(B), union(A, B)))",fc7bce58566245199763319ce536918c
"and(or(subset_eq(B, A), equals(cardinality(A), cardinality(B))), subset_eq(intersection(A, B), index(cardinality(B), A)))",fdc2ff1355d04730a3295eb5d78843a4
"and(or(subset_eq(B, A), equals(cardinality(A), cardinality(B))), subset_eq(intersection(A, B), index(cardinality(A), union(A, B))))",a75b5a6a557248849a07766d0ae74615
"and(or(subset_eq(B, A), equals(cardinality(A), cardinality(B))), subset_eq(intersection(A, B), index(cardinality(A), union(A, B))))",a8dc140d8db84917b0e8c6150b7fb86a
"and(or(subset_eq(B, A), equals(cardinality(A), cardinality(B))), subset_eq(intersection(A, B), index(cardinality(A), union(A, B))))",a75b5a6a557248849a07766d0ae74615
"subset_eq(union(intersection(A, B), index(cardinality(A), union(A, B))), index(cardinality(B), union(A, B)))",a41a3f0cc52548b4a2afcbdc2e4873d3
"subset_eq(union(intersection(A, B), index(cardinality(A), union(A, B))), index(cardinality(B), union(A, B)))",087c902c2d94493f96f8a1c68101c3bf
"subset_eq(union(intersection(A, B), index(cardinality(A), union(A, B))), index(cardinality(B), union(A, B)))",a41a3f0cc52548b4a2afcbdc2e4873d3
"subset_eq(union(difference(A, B), index(cardinality(A), B)), index(cardinality(B), union(A, B)))",cd08b3128cf54c7787cda2bc7f801444
"subset_eq(union(difference(B, A), index(cardinality(B), A)), index(cardinality(B), union(A, B)))",03ae9a5f881840c194c3ec02027b4b59
"subset_eq(union(difference(B, A), index(cardinality(B), A)), index(cardinality(B), union(A, B)))",f756a5fe9e5e41d292727c8494e81506
"subset_eq(union(difference(B, A), index(cardinality(B), A)), index(cardinality(B), union(A, B)))",03ae9a5f881840c194c3ec02027b4b59
"and(or(subset_eq(B, A), equals(cardinality(A), cardinality(B))), subset_eq(index(cardinality(B), A), B))",6881b9febd0d47dc95ca757bc0627aa1
"and(or(subset_eq(B, A), equals(cardinality(A), cardinality(B))), subset_eq(index(cardinality(B), A), B))",61f4f1be0314475c9fca804d0a149a90
"and(or(subset_eq(B, A), equals(cardinality(A), cardinality(B))), subset_eq(index(cardinality(B), A), B))",6881b9febd0d47dc95ca757bc0627aa1
"subset_eq(index(cardinality(A), union(A, B)), intersection(A, index(cardinality(B), union(A, B))))",826da21b6cd94f2c88db3ea20eff8ba3
"subset_eq(index(cardinality(A), union(A, B)), intersection(A, index(cardinality(B), union(A, B))))",43d0d3a7ee804464b6d79bb516eb6284
"subset_eq(index(cardinality(A), union(A, B)), intersection(A, index(cardinality(B), union(A, B))))",826da21b6cd94f2c88db3ea20eff8ba3
"subset_eq(index(cardinality(A), union(A, B)), intersection(B, index(cardinality(B), union(A, B))))",bff8528585ab442187e66e19a26dcf3a
"subset_eq(index(cardinality(A), union(A, B)), intersection(B, index(cardinality(B), union(A, B))))",9a936e21332a47a4ba98588170967d5a
"subset_eq(index(cardinality(A), union(A, B)), intersection(B, index(cardinality(B), union(A, B))))",bff8528585ab442187e66e19a26dcf3a
"and(or(subset_eq(B, A), equals(cardinality(A), cardinality(B))), subset_eq(index(cardinality(B), union(A, B)), B))",e2118753c2554589b7e1496af00130d5
"and(or(subset_eq(B, A), equals(cardinality(A), cardinality(B))), subset_eq(index(cardinality(B), union(A, B)), B))",06a5bfe2a91d40a99270fd3fe338ccc5
"and(or(subset_eq(B, A), equals(cardinality(A), cardinality(B))), subset_eq(index(cardinality(B), union(A, B)), B))",e2118753c2554589b7e1496af00130d5
"and(or(subset_eq(B, A), equals(cardinality(A), cardinality(B))), subset_eq(index(cardinality(B), difference(A, B)), B))",9481072cb27246f5814705d6398ae0ed
"and(or(subset_eq(B, A), equals(cardinality(A), cardinality(B))), subset_eq(index(cardinality(B), difference(A, B)), B))",89c395662cf6452b9f3b778b34617e01
"and(or(subset_eq(B, A), equals(cardinality(A), cardinality(B))), subset_eq(index(cardinality(B), difference(A, B)), B))",9481072cb27246f5814705d6398ae0ed
"and(or(subset_eq(B, A), equals(cardinality(A), cardinality(B))), subset_eq(index(cardinality(B), A), difference(A, B)))",f8aee8ca41d14e0ca3783931989da854
"and(or(subset_eq(B, A), equals(cardinality(A), cardinality(B))), subset_eq(index(cardinality(B), A), difference(A, B)))",0c3841f900f04822b5f688a51b26eb1c
"and(or(subset_eq(B, A), equals(cardinality(A), cardinality(B))), subset_eq(index(cardinality(B), A), difference(A, B)))",f8aee8ca41d14e0ca3783931989da854
"subset_eq(index(cardinality(A), union(A, B)), intersection(intersection(A, B), index(cardinality(B), union(A, B))))",df50e5160eb6413983bea650e8cff003
"subset_eq(index(cardinality(A), union(A, B)), intersection(intersection(A, B), index(cardinality(B), union(A, B))))",8ede3c2d216247c0ae5add8e1d14f3f0
"subset_eq(index(cardinality(A), union(A, B)), intersection(intersection(A, B), index(cardinality(B), union(A, B))))",df50e5160eb6413983bea650e8cff003
"subset_eq(index(cardinality(A), union(A, B)), difference(index(cardinality(B), union(A, B)), B))",d7c792b5ca794ee79642f37a9e138c0f
"subset_eq(index(cardinality(A), union(A, B)), difference(index(cardinality(B), union(A, B)), B))",f4faef80dffa4fa88f1b38dfd4539a8b
"subset_eq(index(cardinality(A), union(A, B)), difference(index(cardinality(B), union(A, B)), B))",d7c792b5ca794ee79642f37a9e138c0f
"subset_eq(index(cardinality(A), union(A, B)), difference(index(cardinality(B), union(A, B)), A))",aa05d98b5bdd4ff99f2c354e48b9a2bf
"subset_eq(index(cardinality(A), union(A, B)), difference(index(cardinality(B), union(A, B)), A))",276f6a85cc29498da8f790a3f42d46b6
"subset_eq(index(cardinality(A), union(A, B)), difference(index(cardinality(B), union(A, B)), A))",aa05d98b5bdd4ff99f2c354e48b9a2bf
"and(or(subset_eq(B, A), equals(cardinality(A), cardinality(B))), subset_eq(index(cardinality(B), union(A, B)), intersection(A, B)))",35d18599995e48de9a7640c3eea130b0
"and(or(subset_eq(B, A), equals(cardinality(A), cardinality(B))), subset_eq(index(cardinality(B), union(A, B)), intersection(A, B)))",d21b5b46429f4e9cbf59fbdca0562ac2
"and(or(subset_eq(B, A), equals(cardinality(A), cardinality(B))), subset_eq(index(cardinality(B), union(A, B)), intersection(A, B)))",35d18599995e48de9a7640c3eea130b0
"and(or(subset_eq(B, A), equals(cardinality(A), cardinality(B))), subset_eq(index(cardinality(B), union(A, B)), difference(A, B)))",8c327a848b51439cab1f3f537a6c7642
"and(or(subset_eq(B, A), equals(cardinality(A), cardinality(B))), subset_eq(index(cardinality(B), union(A, B)), difference(A, B)))",707220529228409abe81abf6f5dfcf99
"and(or(subset_eq(B, A), equals(cardinality(A), cardinality(B))), subset_eq(index(cardinality(B), union(A, B)), difference(A, B)))",8c327a848b51439cab1f3f537a6c7642
"and(or(subset_eq(B, A), equals(cardinality(A), cardinality(B))), subset_eq(index(cardinality(B), A), index(cardinality(B), difference(A, B))))",637a1ed0d6184c739a783386c44bd1d6
"and(or(subset_eq(B, A), equals(cardinality(A), cardinality(B))), subset_eq(index(cardinality(B), A), index(cardinality(B), difference(A, B))))",1eed4e98c6fe4bc685f2802396fca8e6
"and(or(subset_eq(B, A), equals(cardinality(A), cardinality(B))), subset_eq(index(cardinality(B), A), index(cardinality(B), difference(A, B))))",637a1ed0d6184c739a783386c44bd1d6
"subset_eq(index(cardinality(A), union(A, B)), difference(index(cardinality(B), union(A, B)), intersection(A, B)))",9f822a9bf5f14bedbadd7d4a8de73d5c
"subset_eq(index(cardinality(A), union(A, B)), difference(index(cardinality(B), union(A, B)), intersection(A, B)))",6b2143cf749248d7bc226cf9e3069822
"subset_eq(index(cardinality(A), union(A, B)), difference(index(cardinality(B), union(A, B)), intersection(A, B)))",9f822a9bf5f14bedbadd7d4a8de73d5c
"subset_eq(union(index(cardinality(B), A), index(cardinality(A), union(A, B))), difference(index(cardinality(B), union(A, B)), intersection(A, B)))",8a1f9b8c63b64f23a9c54bc43db84729
"subset_eq(union(index(cardinality(B), A), index(cardinality(A), union(A, B))), difference(index(cardinality(B), union(A, B)), intersection(A, B)))",c235b042f6014f2d824b408fb4c77a7d
"subset_eq(union(index(cardinality(B), A), index(cardinality(A), union(A, B))), difference(index(cardinality(B), union(A, B)), intersection(A, B)))",8a1f9b8c63b64f23a9c54bc43db84729
"subset_eq(union(index(cardinality(A), union(A, B)), index(cardinality(B), difference(A, B))), index(cardinality(B), union(A, B)))",4887357746bd4688a4e1693e2f84de0e
"subset_eq(union(index(cardinality(A), union(A, B)), index(cardinality(B), difference(A, B))), index(cardinality(B), union(A, B)))",ba6b4e08e750452ea1e3e51b0e0bbb75
"subset_eq(union(index(cardinality(A), union(A, B)), index(cardinality(B), difference(A, B))), index(cardinality(B), union(A, B)))",4887357746bd4688a4e1693e2f84de0e
"and(not(greater_than(cardinality(B), cardinality(A))), equals(cardinality(intersection(A, B)), cardinality(difference(A, B))))",ddc1344c0a694535b1051ba0a977df63
"and(not(greater_than(cardinality(B), cardinality(A))), equals(cardinality(intersection(A, B)), cardinality(difference(A, B))))",b3736f6b74a04410ae2f0afa2ca1dd10
"and(not(greater_than(cardinality(B), cardinality(A))), equals(cardinality(intersection(A, B)), cardinality(difference(A, B))))",ddc1344c0a694535b1051ba0a977df63
"and(or(subset_eq(B, A), equals(cardinality(A), cardinality(B))), equals(cardinality(intersection(A, B)), cardinality(difference(B, A))))",86b5a12c6e9c469ea3e5c29fa25f145f
"and(or(subset_eq(B, A), equals(cardinality(A), cardinality(B))), equals(cardinality(intersection(A, B)), cardinality(difference(B, A))))",f2f3c8e315964a57abd9297d27daaca9
"and(or(subset_eq(B, A), equals(cardinality(A), cardinality(B))), equals(cardinality(intersection(A, B)), cardinality(difference(B, A))))",86b5a12c6e9c469ea3e5c29fa25f145f
"and(or(subset_eq(B, A), equals(cardinality(A), cardinality(B))), greater_than(cardinality(A), cardinality(difference(B, A))))",e59286bc265f443499a58e486133c16f
"and(or(subset_eq(B, A), equals(cardinality(A), cardinality(B))), greater_than(cardinality(A), cardinality(difference(B, A))))",1076b0ac44244ce8bb8674ef97067339
"and(or(subset_eq(B, A), equals(cardinality(A), cardinality(B))), greater_than(cardinality(A), cardinality(difference(B, A))))",e59286bc265f443499a58e486133c16f
"and(not(greater_than(cardinality(B), cardinality(A))), greater_than(cardinality(B), cardinality(difference(A, B))))",b949747ee830485183455d72a9ef12ab
"and(not(greater_than(cardinality(B), cardinality(A))), greater_than(cardinality(B), cardinality(difference(A, B))))",fc62499233074206b5ae7edb0f5aca7e
"and(not(greater_than(cardinality(B), cardinality(A))), greater_than(cardinality(B), cardinality(difference(A, B))))",b949747ee830485183455d72a9ef12ab
"and(or(subset_eq(B, A), equals(cardinality(A), cardinality(B))), greater_than(cardinality(difference(A, B)), cardinality(intersection(A, B))))",5d06747a50e046f6a78d60bb205a7480
"and(or(subset_eq(B, A), equals(cardinality(A), cardinality(B))), greater_than(cardinality(difference(A, B)), cardinality(intersection(A, B))))",2aed4e0b9e4d4aaba350cbad1e700a04
"and(or(subset_eq(B, A), equals(cardinality(A), cardinality(B))), greater_than(cardinality(difference(A, B)), cardinality(intersection(A, B))))",5d06747a50e046f6a78d60bb205a7480
"or(subset_eq(B, difference(A, A)), and(not(subset_eq(B, A)), greater_than(cardinality(A), cardinality(B))))",2c33fa39b9ea40739efb2b664d5ac11e
"or(subset_eq(B, difference(A, A)), and(not(subset_eq(B, A)), greater_than(cardinality(A), cardinality(B))))",efe5859041ae4f9fa7f927142be0942f
"or(subset_eq(B, difference(A, A)), and(not(subset_eq(B, A)), greater_than(cardinality(A), cardinality(B))))",2c33fa39b9ea40739efb2b664d5ac11e
"and(or(subset_eq(B, A), greater_than(cardinality(A), cardinality(B))), not(subset_eq(A, difference(A, A))))",8f8f75f927c845e595b191c2866ff6c6
"and(or(subset_eq(B, A), greater_than(cardinality(A), cardinality(B))), not(subset_eq(A, difference(A, A))))",5182ee58eaa8456e895e8fc189defc79
"and(or(subset_eq(B, A), greater_than(cardinality(A), cardinality(B))), not(subset_eq(A, difference(A, A))))",8f8f75f927c845e595b191c2866ff6c6
"and(or(subset_eq(B, A), greater_than(cardinality(A), cardinality(B))), not(subset_eq(A, difference(A, B))))",fbaa494efba64123916e3ef2b5a733e8
"and(or(subset_eq(B, A), greater_than(cardinality(A), cardinality(B))), not(subset_eq(A, difference(A, B))))",0ca6faae521d4294b99a235abece32b5
"and(or(subset_eq(B, A), greater_than(cardinality(A), cardinality(B))), not(subset_eq(A, difference(A, B))))",fbaa494efba64123916e3ef2b5a733e8
"and(or(subset_eq(B, A), greater_than(cardinality(A), cardinality(B))), not(subset_eq(B, difference(A, A))))",8be21b9cff8049aaad9b8f9897e77bf7
"and(or(subset_eq(B, A), greater_than(cardinality(A), cardinality(B))), not(subset_eq(B, difference(A, A))))",10b4c4c5e68f4f8785ba8fff4b2899b5
"and(or(subset_eq(B, A), greater_than(cardinality(A), cardinality(B))), not(subset_eq(B, difference(A, A))))",8be21b9cff8049aaad9b8f9897e77bf7
"and(or(subset_eq(B, A), greater_than(cardinality(A), cardinality(B))), subset_eq(B, index(cardinality(A), union(A, B))))",b008baf925634883a890913c1fb656a3
"and(or(subset_eq(B, A), greater_than(cardinality(A), cardinality(B))), subset_eq(intersection(A, B), index(cardinality(B), A)))",0bce36814c564c318a94d07d64a6e301
"and(or(subset_eq(B, A), greater_than(cardinality(A), cardinality(B))), subset_eq(intersection(A, B), index(cardinality(B), A)))",fb8a9d6d455d437b9dd36771ed32d64a
"and(or(subset_eq(B, A), greater_than(cardinality(A), cardinality(B))), subset_eq(intersection(A, B), index(cardinality(B), A)))",0bce36814c564c318a94d07d64a6e301
"and(or(subset_eq(B, A), greater_than(cardinality(A), cardinality(B))), subset_eq(intersection(A, B), index(cardinality(A), union(A, B))))",b4a993029c3440d8ba018a0efc7bcccb
"and(or(subset_eq(B, A), greater_than(cardinality(A), cardinality(B))), subset_eq(intersection(A, B), index(cardinality(A), union(A, B))))",c044a3217fa44f3d997d32d877673199
"and(or(subset_eq(B, A), greater_than(cardinality(A), cardinality(B))), subset_eq(intersection(A, B), index(cardinality(A), union(A, B))))",b4a993029c3440d8ba018a0efc7bcccb
"and(or(subset_eq(B, A), greater_than(cardinality(A), cardinality(B))), subset_eq(intersection(A, B), index(cardinality(B), union(A, B))))",55efa6d739d746c592ab2c8989f7dace
"and(or(subset_eq(B, A), greater_than(cardinality(A), cardinality(B))), subset_eq(intersection(A, B), index(cardinality(B), union(A, B))))",91b26ef8dbf54206bd3ebd9393b84e69
"and(or(subset_eq(B, A), greater_than(cardinality(A), cardinality(B))), subset_eq(intersection(A, B), index(cardinality(B), union(A, B))))",55efa6d739d746c592ab2c8989f7dace
"and(or(subset_eq(B, A), greater_than(cardinality(A), cardinality(B))), subset_eq(difference(B, A), index(cardinality(A), union(A, B))))",d28490a65db84b56b8ebd9894998a133
"and(or(subset_eq(B, A), greater_than(cardinality(A), cardinality(B))), subset_eq(difference(B, A), index(cardinality(A), union(A, B))))",b4a3be6f0f8f45e3aa1631fc5d9d96d0
"and(or(subset_eq(B, A), greater_than(cardinality(A), cardinality(B))), subset_eq(difference(B, A), index(cardinality(A), union(A, B))))",d28490a65db84b56b8ebd9894998a133
"and(or(subset_eq(B, A), greater_than(cardinality(A), cardinality(B))), subset_eq(index(cardinality(B), A), B))",726bf776647f40758f70127b00a6f199
"and(or(subset_eq(B, A), greater_than(cardinality(A), cardinality(B))), subset_eq(index(cardinality(B), A), B))",045648d704414bd7ba0f1b8d4e8c39c4
"and(or(subset_eq(B, A), greater_than(cardinality(A), cardinality(B))), subset_eq(index(cardinality(B), A), B))",726bf776647f40758f70127b00a6f199
"and(or(subset_eq(B, A), greater_than(cardinality(A), cardinality(B))), subset_eq(index(cardinality(A), union(A, B)), A))",7f22139f3ff244dfbe7966649af548a1
"and(or(subset_eq(B, A), greater_than(cardinality(A), cardinality(B))), subset_eq(index(cardinality(A), union(A, B)), A))",021ccc9ecf2e48e9849e4c927ab5fa6f
"and(or(subset_eq(B, A), greater_than(cardinality(A), cardinality(B))), subset_eq(index(cardinality(A), union(A, B)), A))",7f22139f3ff244dfbe7966649af548a1
"and(or(subset_eq(B, A), greater_than(cardinality(A), cardinality(B))), subset_eq(index(cardinality(A), union(A, B)), B))",4bab7590cc044b25927cd71c5fbc2ac8
"and(or(subset_eq(B, A), greater_than(cardinality(A), cardinality(B))), subset_eq(index(cardinality(A), union(A, B)), B))",a54e7d30ef15453fa8e79e524a241951
"and(or(subset_eq(B, A), greater_than(cardinality(A), cardinality(B))), subset_eq(index(cardinality(A), union(A, B)), B))",4bab7590cc044b25927cd71c5fbc2ac8
"and(or(subset_eq(B, A), greater_than(cardinality(A), cardinality(B))), subset_eq(index(cardinality(B), union(A, B)), A))",bc691455d46a451496c1c48fa73254e8
"and(or(subset_eq(B, A), greater_than(cardinality(A), cardinality(B))), subset_eq(index(cardinality(B), union(A, B)), A))",695bf706ecfa4d06a6461422f3815aff
"and(or(subset_eq(B, A), greater_than(cardinality(A), cardinality(B))), subset_eq(index(cardinality(B), union(A, B)), A))",bc691455d46a451496c1c48fa73254e8
"and(or(subset_eq(B, A), greater_than(cardinality(A), cardinality(B))), subset_eq(index(cardinality(B), union(A, B)), B))",6856a4891b1b4c98b931e50de4333a98
"and(or(subset_eq(B, A), greater_than(cardinality(A), cardinality(B))), subset_eq(index(cardinality(B), union(A, B)), B))",cf250892a0374845b86e36ce6e3762d0
"and(or(subset_eq(B, A), greater_than(cardinality(A), cardinality(B))), subset_eq(index(cardinality(B), union(A, B)), B))",6856a4891b1b4c98b931e50de4333a98
"and(or(subset_eq(B, A), greater_than(cardinality(A), cardinality(B))), subset_eq(index(cardinality(B), difference(A, B)), B))",a36c0966d2c843ebab5d1cb8584b5363
"and(or(subset_eq(B, A), greater_than(cardinality(A), cardinality(B))), subset_eq(index(cardinality(B), difference(A, B)), B))",7f88f1e7e7944be79d69098859b55675
"and(or(subset_eq(B, A), greater_than(cardinality(A), cardinality(B))), subset_eq(index(cardinality(B), difference(A, B)), B))",a36c0966d2c843ebab5d1cb8584b5363
"and(or(subset_eq(B, A), greater_than(cardinality(A), cardinality(B))), subset_eq(index(cardinality(B), A), difference(A, B)))",de9aec8bd0884e6e8ae797462f20b4b1
"and(or(subset_eq(B, A), greater_than(cardinality(A), cardinality(B))), subset_eq(index(cardinality(B), A), difference(A, B)))",616b03d0abb840b2bb5200282b4d2534
"and(or(subset_eq(B, A), greater_than(cardinality(A), cardinality(B))), subset_eq(index(cardinality(B), A), difference(A, B)))",de9aec8bd0884e6e8ae797462f20b4b1
"subset_eq(index(cardinality(intersection(A, B)), B), index(cardinality(B), A))",b73e24422f53488fa842d91b12da01cb
"subset_eq(index(cardinality(intersection(A, B)), B), index(cardinality(B), A))",ed0394d735ae4bb78a217e053a74c970
"subset_eq(index(cardinality(intersection(A, B)), B), index(cardinality(B), A))",b73e24422f53488fa842d91b12da01cb
"and(or(subset_eq(B, A), greater_than(cardinality(A), cardinality(B))), subset_eq(index(cardinality(B), union(A, B)), intersection(A, B)))",d44374a6c2b5413a84010c3219a1ce7c
"and(or(subset_eq(B, A), greater_than(cardinality(A), cardinality(B))), subset_eq(index(cardinality(B), union(A, B)), intersection(A, B)))",0868b48e39504771945147b4fbb763c6
"and(or(subset_eq(B, A), greater_than(cardinality(A), cardinality(B))), subset_eq(index(cardinality(B), union(A, B)), intersection(A, B)))",d44374a6c2b5413a84010c3219a1ce7c
"and(or(subset_eq(B, A), greater_than(cardinality(A), cardinality(B))), subset_eq(index(cardinality(B), union(A, B)), difference(A, B)))",5521ea23709e467cad83dcb5e35c8213
"and(or(subset_eq(B, A), greater_than(cardinality(A), cardinality(B))), subset_eq(index(cardinality(B), union(A, B)), difference(A, B)))",b003bcb2aeb64978a4a0571ac90481de
"and(or(subset_eq(B, A), greater_than(cardinality(A), cardinality(B))), subset_eq(index(cardinality(B), union(A, B)), difference(A, B)))",5521ea23709e467cad83dcb5e35c8213
"and(or(subset_eq(B, A), greater_than(cardinality(A), cardinality(B))), subset_eq(index(cardinality(B), union(A, B)), difference(B, A)))",384e3a675a854a0e9a631c8360846a12
"and(or(subset_eq(B, A), greater_than(cardinality(A), cardinality(B))), subset_eq(index(cardinality(B), union(A, B)), difference(B, A)))",7cb4011027eb445bbf425f4c4c3693a3
"and(or(subset_eq(B, A), greater_than(cardinality(A), cardinality(B))), subset_eq(index(cardinality(B), union(A, B)), difference(B, A)))",384e3a675a854a0e9a631c8360846a12
"and(or(subset_eq(B, A), greater_than(cardinality(A), cardinality(B))), subset_eq(index(cardinality(B), A), index(cardinality(B), difference(A, B))))",372bfd2cb0aa467c9cf99a21da68364c
"and(or(subset_eq(B, A), greater_than(cardinality(A), cardinality(B))), subset_eq(index(cardinality(B), A), index(cardinality(B), difference(A, B))))",0369fae13eec4aedb0cb1691b2e13287
"and(or(subset_eq(B, A), greater_than(cardinality(A), cardinality(B))), subset_eq(index(cardinality(B), A), index(cardinality(B), difference(A, B))))",372bfd2cb0aa467c9cf99a21da68364c
"and(or(subset_eq(B, A), greater_than(cardinality(A), cardinality(B))), subset_eq(index(cardinality(A), union(A, B)), union(difference(A, B), difference(B, A))))",1bd8f9f7f6b846c69d2393703d8aed4b
"and(or(subset_eq(B, A), greater_than(cardinality(A), cardinality(B))), subset_eq(index(cardinality(A), union(A, B)), union(difference(A, B), difference(B, A))))",1c65f5ba59b4462db937b69f60ca170c
"and(or(subset_eq(B, A), greater_than(cardinality(A), cardinality(B))), subset_eq(index(cardinality(A), union(A, B)), union(difference(A, B), difference(B, A))))",1bd8f9f7f6b846c69d2393703d8aed4b
"and(or(subset_eq(B, A), greater_than(cardinality(A), cardinality(B))), subset_eq(index(cardinality(B), union(A, B)), union(difference(A, B), difference(B, A))))",648c2b960e254f23a1429c6b410db444
"and(or(subset_eq(B, A), greater_than(cardinality(A), cardinality(B))), subset_eq(index(cardinality(B), union(A, B)), union(difference(A, B), difference(B, A))))",2638cf1cc7814d1db804188141fae90d
"and(or(subset_eq(B, A), greater_than(cardinality(A), cardinality(B))), subset_eq(index(cardinality(B), union(A, B)), union(difference(A, B), difference(B, A))))",648c2b960e254f23a1429c6b410db444
"and(or(subset_eq(B, A), greater_than(cardinality(A), cardinality(B))), subset_eq(index(cardinality(B), difference(A, B)), index(cardinality(B), A)))",1b241f6b83d54e5d8a009c07dc75c849
"and(or(subset_eq(B, A), greater_than(cardinality(A), cardinality(B))), subset_eq(index(cardinality(B), difference(A, B)), index(cardinality(B), A)))",0082e2c14a4b4f8b9bd42545977748f6
"and(or(subset_eq(B, A), greater_than(cardinality(A), cardinality(B))), subset_eq(index(cardinality(B), difference(A, B)), index(cardinality(B), A)))",1b241f6b83d54e5d8a009c07dc75c849
"and(or(subset_eq(B, A), greater_than(cardinality(A), cardinality(B))), subset_eq(index(cardinality(B), difference(A, B)), index(cardinality(A), union(A, B))))",28e9946c108b481db37ddccadff09abb
"and(or(subset_eq(B, A), greater_than(cardinality(A), cardinality(B))), subset_eq(index(cardinality(B), difference(A, B)), index(cardinality(A), union(A, B))))",17ebdf33e4eb40168a3d6edd4678ed8d
"and(or(subset_eq(B, A), greater_than(cardinality(A), cardinality(B))), subset_eq(index(cardinality(B), difference(A, B)), index(cardinality(A), union(A, B))))",28e9946c108b481db37ddccadff09abb
"and(or(subset_eq(B, A), greater_than(cardinality(A), cardinality(B))), subset_eq(index(cardinality(B), difference(A, B)), index(cardinality(B), union(A, B))))",2a1b67eeabc04153af02d6203c86819f
"and(or(subset_eq(B, A), greater_than(cardinality(A), cardinality(B))), subset_eq(index(cardinality(B), difference(A, B)), index(cardinality(B), union(A, B))))",284c203845a9475e86fdbfcb2d8f68ec
"and(or(subset_eq(B, A), greater_than(cardinality(A), cardinality(B))), subset_eq(index(cardinality(B), difference(A, B)), index(cardinality(B), union(A, B))))",2a1b67eeabc04153af02d6203c86819f
"and(or(subset_eq(B, A), greater_than(cardinality(A), cardinality(B))), equals(cardinality(intersection(A, B)), cardinality(difference(B, A))))",6053711c3ea143f8933f9b78f3c64e82
"and(or(subset_eq(B, A), greater_than(cardinality(A), cardinality(B))), equals(cardinality(intersection(A, B)), cardinality(difference(B, A))))",1efad8c4725044dabcf8f593d3f2fca4
"and(or(subset_eq(B, A), greater_than(cardinality(A), cardinality(B))), equals(cardinality(intersection(A, B)), cardinality(difference(B, A))))",6053711c3ea143f8933f9b78f3c64e82
"and(or(subset_eq(B, A), greater_than(cardinality(B), cardinality(A))), or(subset_eq(A, difference(A, B)), equals(cardinality(A), cardinality(B))))",83b63143893d4297ae2e69ad6fa0019d
"and(or(subset_eq(B, A), greater_than(cardinality(B), cardinality(A))), or(subset_eq(A, difference(A, B)), equals(cardinality(A), cardinality(B))))",f01c61583d734f7089c86a0bd62885de
"and(or(subset_eq(B, A), greater_than(cardinality(B), cardinality(A))), or(subset_eq(A, difference(A, B)), equals(cardinality(A), cardinality(B))))",83b63143893d4297ae2e69ad6fa0019d
"or(or(subset_eq(A, B), subset_eq(B, A)), greater_than(cardinality(difference(B, A)), cardinality(A)))",11201249ae5442fbbb953b8e6f6fcd94
"or(or(subset_eq(A, B), subset_eq(B, A)), greater_than(cardinality(difference(B, A)), cardinality(A)))",fe36e1e6bc234e27ba1470ce4c82692e
"or(or(subset_eq(A, B), subset_eq(B, A)), greater_than(cardinality(difference(B, A)), cardinality(A)))",11201249ae5442fbbb953b8e6f6fcd94
"or(greater_than(cardinality(B), cardinality(A)), and(subset_eq(B, A), not(subset_eq(A, B))))",1bc1dd5268264417bfd517a719da4cdc
"or(greater_than(cardinality(B), cardinality(A)), and(subset_eq(B, A), not(subset_eq(A, B))))",e0bb7b62803c418c910b4227d4a41184
"or(greater_than(cardinality(B), cardinality(A)), and(subset_eq(B, A), not(subset_eq(A, B))))",1bc1dd5268264417bfd517a719da4cdc
"and(or(subset_eq(B, A), greater_than(cardinality(B), cardinality(A))), or(not(subset_eq(A, B)), subset_eq(A, difference(A, A))))",db8fb6c8549048418c7a5fbebff45c6d
"and(or(subset_eq(B, A), greater_than(cardinality(B), cardinality(A))), or(not(subset_eq(A, B)), subset_eq(A, difference(A, A))))",f5446f8cbb5740d9b0827b19b5b8d09c
"and(or(subset_eq(B, A), greater_than(cardinality(B), cardinality(A))), or(not(subset_eq(A, B)), subset_eq(A, difference(A, A))))",db8fb6c8549048418c7a5fbebff45c6d
"and(or(subset_eq(B, A), greater_than(cardinality(B), cardinality(A))), or(not(subset_eq(A, B)), subset_eq(B, difference(A, A))))",04d2facbbb5b445bb5fb7f388928709b
"and(or(subset_eq(B, A), greater_than(cardinality(B), cardinality(A))), or(not(subset_eq(A, B)), subset_eq(B, difference(A, A))))",49cabd08dd474bba9e5270e9f3d21e6b
"and(or(subset_eq(B, A), greater_than(cardinality(B), cardinality(A))), or(not(subset_eq(A, B)), subset_eq(B, difference(A, A))))",04d2facbbb5b445bb5fb7f388928709b
"and(or(subset_eq(B, A), greater_than(cardinality(B), cardinality(A))), or(subset_eq(A, difference(A, B)), greater_than(cardinality(A), cardinality(B))))",11006e57b65648cdb387627da6d4f647
"and(or(subset_eq(B, A), greater_than(cardinality(B), cardinality(A))), or(subset_eq(A, difference(A, B)), greater_than(cardinality(A), cardinality(B))))",6768e163276a49f88f86a6fa97eed253
"and(or(subset_eq(B, A), greater_than(cardinality(B), cardinality(A))), or(subset_eq(A, difference(A, B)), greater_than(cardinality(A), cardinality(B))))",11006e57b65648cdb387627da6d4f647
"and(or(subset_eq(B, A), greater_than(cardinality(B), cardinality(A))), not(subset_eq(A, difference(A, A))))",94f59fe0434545988e7ce0d5660ff2d3
"and(or(subset_eq(B, A), greater_than(cardinality(B), cardinality(A))), not(subset_eq(A, difference(A, A))))",65c3bdc60abd4f0488197985060d2e3a
"and(or(subset_eq(B, A), greater_than(cardinality(B), cardinality(A))), not(subset_eq(A, difference(A, A))))",94f59fe0434545988e7ce0d5660ff2d3
"and(or(subset_eq(B, A), greater_than(cardinality(B), cardinality(A))), not(subset_eq(A, difference(A, B))))",c03e547465f849ad993c0e2abb149d69
"and(or(subset_eq(B, A), greater_than(cardinality(B), cardinality(A))), not(subset_eq(A, difference(A, B))))",6a27f0b975504f38816fc576e8dcc105
"and(or(subset_eq(B, A), greater_than(cardinality(B), cardinality(A))), not(subset_eq(A, difference(A, B))))",c03e547465f849ad993c0e2abb149d69
"and(or(subset_eq(B, A), greater_than(cardinality(B), cardinality(A))), not(subset_eq(B, difference(A, A))))",0f5d2b91de4049999eed6bcf936f6849
"and(or(subset_eq(B, A), greater_than(cardinality(B), cardinality(A))), not(subset_eq(B, difference(A, A))))",9a3b14d6cad94c2abfc7c556b51c80f2
"and(or(subset_eq(B, A), greater_than(cardinality(B), cardinality(A))), not(subset_eq(B, difference(A, A))))",0f5d2b91de4049999eed6bcf936f6849
"and(or(subset_eq(B, A), greater_than(cardinality(B), cardinality(A))), not(subset_eq(union(A, B), difference(A, A))))",1ed39aed3e8a4f7a81c362097073d3e4
"and(or(subset_eq(B, A), greater_than(cardinality(B), cardinality(A))), not(subset_eq(union(A, B), difference(A, A))))",1b329a26b7554236a854b92a8b637141
"and(or(subset_eq(B, A), greater_than(cardinality(B), cardinality(A))), not(subset_eq(union(A, B), difference(A, A))))",1ed39aed3e8a4f7a81c362097073d3e4
"subset_eq(A, difference(index(cardinality(B), union(A, B)), index(cardinality(A), union(A, B))))",cd6d229a60b3455aab839ab41effbcde
"and(or(subset_eq(B, A), greater_than(cardinality(B), cardinality(A))), subset_eq(intersection(A, B), index(cardinality(A), B)))",4bcc56b06a184f13affda989e812f80f
"and(or(subset_eq(B, A), greater_than(cardinality(B), cardinality(A))), subset_eq(intersection(A, B), index(cardinality(A), B)))",8a8daa100cc94a47bf56e3bc5f2f92ad
"and(or(subset_eq(B, A), greater_than(cardinality(B), cardinality(A))), subset_eq(intersection(A, B), index(cardinality(A), B)))",4bcc56b06a184f13affda989e812f80f
"and(or(subset_eq(B, A), greater_than(cardinality(B), cardinality(A))), subset_eq(intersection(A, B), index(cardinality(B), A)))",ec5b4e945bbb4a65840435ab09bcfaac
"and(or(subset_eq(B, A), greater_than(cardinality(B), cardinality(A))), subset_eq(intersection(A, B), index(cardinality(B), A)))",30cf418105d44a6d8006582745b4fce6
"and(or(subset_eq(B, A), greater_than(cardinality(B), cardinality(A))), subset_eq(intersection(A, B), index(cardinality(B), A)))",ec5b4e945bbb4a65840435ab09bcfaac
"and(or(subset_eq(B, A), greater_than(cardinality(B), cardinality(A))), subset_eq(intersection(A, B), index(cardinality(A), union(A, B))))",b4e8c2e05c5e44ffbb4ae14ea6b8a916
"and(or(subset_eq(B, A), greater_than(cardinality(B), cardinality(A))), subset_eq(intersection(A, B), index(cardinality(A), union(A, B))))",6ee33903d8304906897256e5625aee16
"and(or(subset_eq(B, A), greater_than(cardinality(B), cardinality(A))), subset_eq(intersection(A, B), index(cardinality(A), union(A, B))))",b4e8c2e05c5e44ffbb4ae14ea6b8a916
"and(or(subset_eq(B, A), greater_than(cardinality(B), cardinality(A))), subset_eq(intersection(A, B), index(cardinality(B), union(A, B))))",6e69262c832d4d7e83dd1a134a7234ec
"and(or(subset_eq(B, A), greater_than(cardinality(B), cardinality(A))), subset_eq(intersection(A, B), index(cardinality(B), union(A, B))))",09604b7bc3f44e1c97f7537d104a2544
"and(or(subset_eq(B, A), greater_than(cardinality(B), cardinality(A))), subset_eq(intersection(A, B), index(cardinality(B), union(A, B))))",6e69262c832d4d7e83dd1a134a7234ec
"subset_eq(difference(A, B), difference(index(cardinality(B), union(A, B)), index(cardinality(A), union(A, B))))",655bef79e6414a51b48794badc3d4dca
"subset_eq(difference(A, B), difference(index(cardinality(B), union(A, B)), index(cardinality(A), union(A, B))))",5756f1b9ef674734ae1e9ba51d9d4cac
"subset_eq(difference(A, B), difference(index(cardinality(B), union(A, B)), index(cardinality(A), union(A, B))))",655bef79e6414a51b48794badc3d4dca
"and(or(subset_eq(B, A), greater_than(cardinality(B), cardinality(A))), subset_eq(index(cardinality(A), B), A))",38597e43f3e741cf8bdd4a9599e8fbe9
"and(or(subset_eq(B, A), greater_than(cardinality(B), cardinality(A))), subset_eq(index(cardinality(A), B), A))",e16b812996e74a7ba91957a0918c182f
"and(or(subset_eq(B, A), greater_than(cardinality(B), cardinality(A))), subset_eq(index(cardinality(A), B), A))",38597e43f3e741cf8bdd4a9599e8fbe9
"and(or(subset_eq(B, A), greater_than(cardinality(B), cardinality(A))), subset_eq(index(cardinality(B), A), B))",41e6da73438849129d9ed92fac7c1a3d
"and(or(subset_eq(B, A), greater_than(cardinality(B), cardinality(A))), subset_eq(index(cardinality(B), A), B))",822dbe9f42ad476daa9395842559f0ab
"and(or(subset_eq(B, A), greater_than(cardinality(B), cardinality(A))), subset_eq(index(cardinality(B), A), B))",41e6da73438849129d9ed92fac7c1a3d
"and(or(subset_eq(B, A), greater_than(cardinality(B), cardinality(A))), subset_eq(index(cardinality(A), union(A, B)), A))",539f7affbd66408195327f5e0c7d42ee
"and(or(subset_eq(B, A), greater_than(cardinality(B), cardinality(A))), subset_eq(index(cardinality(A), union(A, B)), A))",c7f476bd740a4b4f932a857b3a9849b9
"and(or(subset_eq(B, A), greater_than(cardinality(B), cardinality(A))), subset_eq(index(cardinality(A), union(A, B)), A))",539f7affbd66408195327f5e0c7d42ee
"and(or(subset_eq(B, A), greater_than(cardinality(B), cardinality(A))), subset_eq(index(cardinality(A), union(A, B)), B))",15f78cde1b104aea8cbda980a3fcd2fe
"and(or(subset_eq(B, A), greater_than(cardinality(B), cardinality(A))), subset_eq(index(cardinality(A), union(A, B)), B))",7dd68efb7a504d53b63fd3f8f1d8e4bd
"and(or(subset_eq(B, A), greater_than(cardinality(B), cardinality(A))), subset_eq(index(cardinality(A), union(A, B)), B))",15f78cde1b104aea8cbda980a3fcd2fe
"and(or(subset_eq(B, A), greater_than(cardinality(B), cardinality(A))), subset_eq(index(cardinality(A), difference(B, A)), A))",547737fdb6d9423b87dbda6198236c48
"and(or(subset_eq(B, A), greater_than(cardinality(B), cardinality(A))), subset_eq(index(cardinality(A), difference(B, A)), A))",206c0469236546ddb691af9035a5095f
"and(or(subset_eq(B, A), greater_than(cardinality(B), cardinality(A))), subset_eq(index(cardinality(A), difference(B, A)), A))",547737fdb6d9423b87dbda6198236c48
"and(or(subset_eq(B, A), greater_than(cardinality(B), cardinality(A))), subset_eq(index(cardinality(B), union(A, B)), A))",cbe6436f820d4871b393d237423c008b
"and(or(subset_eq(B, A), greater_than(cardinality(B), cardinality(A))), subset_eq(index(cardinality(B), union(A, B)), A))",2f522fae415b47049f1752b9529017a7
"and(or(subset_eq(B, A), greater_than(cardinality(B), cardinality(A))), subset_eq(index(cardinality(B), union(A, B)), A))",cbe6436f820d4871b393d237423c008b
"and(or(subset_eq(B, A), greater_than(cardinality(B), cardinality(A))), subset_eq(index(cardinality(B), union(A, B)), B))",12c03b8ba5e64f27be6c7109942e2b50
"and(or(subset_eq(B, A), greater_than(cardinality(B), cardinality(A))), subset_eq(index(cardinality(B), union(A, B)), B))",a49d4712c2334049bff3ef6828efe3ef
"and(or(subset_eq(B, A), greater_than(cardinality(B), cardinality(A))), subset_eq(index(cardinality(B), union(A, B)), B))",12c03b8ba5e64f27be6c7109942e2b50
"and(or(subset_eq(B, A), greater_than(cardinality(B), cardinality(A))), subset_eq(index(cardinality(B), difference(A, B)), B))",209307cd497b4d2d8ebf06e0d91af91a
"and(or(subset_eq(B, A), greater_than(cardinality(B), cardinality(A))), subset_eq(index(cardinality(B), difference(A, B)), B))",5130698a57594d1ebf85a75c3ae3489b
"and(or(subset_eq(B, A), greater_than(cardinality(B), cardinality(A))), subset_eq(index(cardinality(B), difference(A, B)), B))",209307cd497b4d2d8ebf06e0d91af91a
"and(or(subset_eq(B, A), greater_than(cardinality(B), cardinality(A))), subset_eq(index(cardinality(A), B), difference(B, A)))",e28999fec872479489bfa86856fb1894
"and(or(subset_eq(B, A), greater_than(cardinality(B), cardinality(A))), subset_eq(index(cardinality(A), B), difference(B, A)))",f1bcfff293564efa9192fa286c270d2f
"and(or(subset_eq(B, A), greater_than(cardinality(B), cardinality(A))), subset_eq(index(cardinality(A), B), difference(B, A)))",e28999fec872479489bfa86856fb1894
"and(or(subset_eq(B, A), greater_than(cardinality(B), cardinality(A))), subset_eq(index(cardinality(B), A), difference(A, B)))",c13e2d84ed9844d89d1811a9f1315826
"and(or(subset_eq(B, A), greater_than(cardinality(B), cardinality(A))), subset_eq(index(cardinality(B), A), difference(A, B)))",71f0103e5ab1418190a04c2ed5d62be7
"and(or(subset_eq(B, A), greater_than(cardinality(B), cardinality(A))), subset_eq(index(cardinality(B), A), difference(A, B)))",c13e2d84ed9844d89d1811a9f1315826
"and(or(subset_eq(B, A), greater_than(cardinality(B), cardinality(A))), subset_eq(index(cardinality(A), union(A, B)), intersection(A, B)))",df0be841d86e456c831235c42f54f2e1
"and(or(subset_eq(B, A), greater_than(cardinality(B), cardinality(A))), subset_eq(index(cardinality(A), union(A, B)), intersection(A, B)))",3aa234a2a7874e97844e4b15c0607017
"and(or(subset_eq(B, A), greater_than(cardinality(B), cardinality(A))), subset_eq(index(cardinality(A), union(A, B)), intersection(A, B)))",df0be841d86e456c831235c42f54f2e1
"and(or(subset_eq(B, A), greater_than(cardinality(B), cardinality(A))), subset_eq(index(cardinality(A), union(A, B)), difference(A, B)))",24e7badce9be4b98a1bd20f2a74968a8
"and(or(subset_eq(B, A), greater_than(cardinality(B), cardinality(A))), subset_eq(index(cardinality(A), union(A, B)), difference(A, B)))",f942beab5b30463f98ca999245389539
"and(or(subset_eq(B, A), greater_than(cardinality(B), cardinality(A))), subset_eq(index(cardinality(A), union(A, B)), difference(A, B)))",24e7badce9be4b98a1bd20f2a74968a8
"and(or(subset_eq(B, A), greater_than(cardinality(B), cardinality(A))), subset_eq(index(cardinality(A), union(A, B)), difference(B, A)))",f455cb2a95254d2487f70410124fef4b
"and(or(subset_eq(B, A), greater_than(cardinality(B), cardinality(A))), subset_eq(index(cardinality(A), union(A, B)), difference(B, A)))",2342ff8543c0436fbe6161c4ec263b6d
"and(or(subset_eq(B, A), greater_than(cardinality(B), cardinality(A))), subset_eq(index(cardinality(A), union(A, B)), difference(B, A)))",f455cb2a95254d2487f70410124fef4b
"and(or(subset_eq(B, A), greater_than(cardinality(B), cardinality(A))), subset_eq(index(cardinality(B), union(A, B)), intersection(A, B)))",0f3ed2c1d33d4698a222ef239221e61c
"and(or(subset_eq(B, A), greater_than(cardinality(B), cardinality(A))), subset_eq(index(cardinality(B), union(A, B)), intersection(A, B)))",6e2cc7327f874077ab4c50df1f33d41c
"and(or(subset_eq(B, A), greater_than(cardinality(B), cardinality(A))), subset_eq(index(cardinality(B), union(A, B)), intersection(A, B)))",0f3ed2c1d33d4698a222ef239221e61c
"and(or(subset_eq(B, A), greater_than(cardinality(B), cardinality(A))), subset_eq(index(cardinality(B), union(A, B)), difference(A, B)))",5cafa987eea24937af02dd62cc715d84
"and(or(subset_eq(B, A), greater_than(cardinality(B), cardinality(A))), subset_eq(index(cardinality(B), union(A, B)), difference(A, B)))",a5c08c89ee104c81a1088c89371d542e
"and(or(subset_eq(B, A), greater_than(cardinality(B), cardinality(A))), subset_eq(index(cardinality(B), union(A, B)), difference(A, B)))",5cafa987eea24937af02dd62cc715d84
"and(or(subset_eq(B, A), greater_than(cardinality(B), cardinality(A))), subset_eq(index(cardinality(A), B), index(cardinality(A), difference(B, A))))",a5365d8b4143493da8f551129072b9ba
"and(or(subset_eq(B, A), greater_than(cardinality(B), cardinality(A))), subset_eq(index(cardinality(A), B), index(cardinality(A), difference(B, A))))",e7b63a1e7c684a4db10c3617c0e3252a
"and(or(subset_eq(B, A), greater_than(cardinality(B), cardinality(A))), subset_eq(index(cardinality(A), B), index(cardinality(A), difference(B, A))))",a5365d8b4143493da8f551129072b9ba
"and(or(subset_eq(B, A), greater_than(cardinality(B), cardinality(A))), subset_eq(index(cardinality(A), B), index(cardinality(B), union(A, B))))",bb6d1bf677374936801892e73100221b
"and(or(subset_eq(B, A), greater_than(cardinality(B), cardinality(A))), subset_eq(index(cardinality(A), B), index(cardinality(B), union(A, B))))",f973cda8abd045edbf38bb27c141854b
"and(or(subset_eq(B, A), greater_than(cardinality(B), cardinality(A))), subset_eq(index(cardinality(A), B), index(cardinality(B), union(A, B))))",bb6d1bf677374936801892e73100221b
"and(or(subset_eq(B, A), greater_than(cardinality(B), cardinality(A))), subset_eq(index(cardinality(B), A), index(cardinality(B), difference(A, B))))",502a229f67724ef38d34105a4188a5b3
"and(or(subset_eq(B, A), greater_than(cardinality(B), cardinality(A))), subset_eq(index(cardinality(B), A), index(cardinality(B), difference(A, B))))",8375a3bca2fa4244a8bc77e8e9b7af12
"and(or(subset_eq(B, A), greater_than(cardinality(B), cardinality(A))), subset_eq(index(cardinality(B), A), index(cardinality(B), difference(A, B))))",502a229f67724ef38d34105a4188a5b3
"and(or(subset_eq(B, A), greater_than(cardinality(B), cardinality(A))), subset_eq(index(cardinality(A), union(A, B)), union(difference(A, B), difference(B, A))))",b668aee7ffc14e64a3a51d00a75cadeb
"and(or(subset_eq(B, A), greater_than(cardinality(B), cardinality(A))), subset_eq(index(cardinality(A), union(A, B)), union(difference(A, B), difference(B, A))))",7b68cb25ea77461cbd1f1a9d21a373cf
"and(or(subset_eq(B, A), greater_than(cardinality(B), cardinality(A))), subset_eq(index(cardinality(A), union(A, B)), union(difference(A, B), difference(B, A))))",b668aee7ffc14e64a3a51d00a75cadeb
"and(or(subset_eq(B, A), greater_than(cardinality(B), cardinality(A))), subset_eq(index(cardinality(A), difference(B, A)), index(cardinality(A), B)))",08240f5bec134f73aa2452c0f7553103
"and(or(subset_eq(B, A), greater_than(cardinality(B), cardinality(A))), subset_eq(index(cardinality(A), difference(B, A)), index(cardinality(A), B)))",1f38635ee0aa4f16876ef975de84f3d9
"and(or(subset_eq(B, A), greater_than(cardinality(B), cardinality(A))), subset_eq(index(cardinality(A), difference(B, A)), index(cardinality(A), B)))",08240f5bec134f73aa2452c0f7553103
"and(or(subset_eq(B, A), greater_than(cardinality(B), cardinality(A))), subset_eq(index(cardinality(A), difference(B, A)), index(cardinality(A), union(A, B))))",d04a128e9e8f4adebc97c17c24e9ed50
"and(or(subset_eq(B, A), greater_than(cardinality(B), cardinality(A))), subset_eq(index(cardinality(A), difference(B, A)), index(cardinality(A), union(A, B))))",47cc8d1149dc4e6aa44758098d87ba4f
"and(or(subset_eq(B, A), greater_than(cardinality(B), cardinality(A))), subset_eq(index(cardinality(A), difference(B, A)), index(cardinality(A), union(A, B))))",d04a128e9e8f4adebc97c17c24e9ed50
"and(or(subset_eq(B, A), greater_than(cardinality(B), cardinality(A))), subset_eq(index(cardinality(A), difference(B, A)), index(cardinality(B), union(A, B))))",9a62c1411350435a9fd25dc177798d01
"and(or(subset_eq(B, A), greater_than(cardinality(B), cardinality(A))), subset_eq(index(cardinality(A), difference(B, A)), index(cardinality(B), union(A, B))))",ed2c78ff036647ce88a2c10a3c855fd6
"and(or(subset_eq(B, A), greater_than(cardinality(B), cardinality(A))), subset_eq(index(cardinality(A), difference(B, A)), index(cardinality(B), union(A, B))))",9a62c1411350435a9fd25dc177798d01
"and(or(subset_eq(B, A), greater_than(cardinality(B), cardinality(A))), subset_eq(index(cardinality(B), union(A, B)), union(difference(A, B), difference(B, A))))",84269bbeb5ce4a4386a721d82ae783d4
"and(or(subset_eq(B, A), greater_than(cardinality(B), cardinality(A))), subset_eq(index(cardinality(B), union(A, B)), union(difference(A, B), difference(B, A))))",9067bf5f4d484de7a3def9442c15fa0c
"and(or(subset_eq(B, A), greater_than(cardinality(B), cardinality(A))), subset_eq(index(cardinality(B), union(A, B)), union(difference(A, B), difference(B, A))))",84269bbeb5ce4a4386a721d82ae783d4
"and(or(subset_eq(B, A), greater_than(cardinality(B), cardinality(A))), subset_eq(index(cardinality(B), difference(A, B)), index(cardinality(B), A)))",68c4f96c5fcf4027a2d91a8be4d26415
"and(or(subset_eq(B, A), greater_than(cardinality(B), cardinality(A))), subset_eq(index(cardinality(B), difference(A, B)), index(cardinality(B), A)))",0155c1d753bc4a5d88e15b951484b09e
"and(or(subset_eq(B, A), greater_than(cardinality(B), cardinality(A))), subset_eq(index(cardinality(B), difference(A, B)), index(cardinality(B), A)))",68c4f96c5fcf4027a2d91a8be4d26415
"and(or(subset_eq(B, A), greater_than(cardinality(B), cardinality(A))), equals(cardinality(intersection(A, B)), cardinality(difference(A, B))))",b39b136faa364da49dd3d9139b326545
"and(or(subset_eq(B, A), greater_than(cardinality(B), cardinality(A))), equals(cardinality(intersection(A, B)), cardinality(difference(A, B))))",b7aec6a813664c53ba5f8f6c31a67e71
"and(or(subset_eq(B, A), greater_than(cardinality(B), cardinality(A))), equals(cardinality(intersection(A, B)), cardinality(difference(A, B))))",b39b136faa364da49dd3d9139b326545
"and(or(subset_eq(B, A), greater_than(cardinality(B), cardinality(A))), greater_than(cardinality(B), cardinality(difference(A, B))))",64bd3cc6e90a40c289a673f8788cc19e
"and(or(subset_eq(B, A), greater_than(cardinality(B), cardinality(A))), greater_than(cardinality(B), cardinality(difference(A, B))))",9427c4ec3316488d975c280703994d09
"and(or(subset_eq(B, A), greater_than(cardinality(B), cardinality(A))), greater_than(cardinality(B), cardinality(difference(A, B))))",64bd3cc6e90a40c289a673f8788cc19e
"and(or(subset_eq(B, A), greater_than(cardinality(B), cardinality(A))), greater_than(cardinality(difference(A, B)), cardinality(intersection(A, B))))",f4c001df2d1943a8aca9508b73cfe703
"and(or(subset_eq(B, A), greater_than(cardinality(B), cardinality(A))), greater_than(cardinality(difference(A, B)), cardinality(intersection(A, B))))",fe821800e12a4e5e8a52d625f44bf2ee
"and(or(subset_eq(B, A), greater_than(cardinality(B), cardinality(A))), greater_than(cardinality(difference(A, B)), cardinality(intersection(A, B))))",f4c001df2d1943a8aca9508b73cfe703
"and(or(and(subset_eq(A, B), subset_eq(B, A)), subset_eq(A, difference(A, A))), not(subset_eq(B, difference(A, A))))",548cb83ff85f41319f98704479a6e135
"and(or(and(subset_eq(A, B), subset_eq(B, A)), subset_eq(A, difference(A, B))), or(or(subset_eq(A, B), subset_eq(B, A)), equals(cardinality(A), cardinality(B))))",dd68d67f6b454b60bb88f63a3d23a095
"and(or(and(subset_eq(A, B), subset_eq(B, A)), subset_eq(A, difference(A, B))), or(or(subset_eq(A, B), subset_eq(B, A)), equals(cardinality(A), cardinality(B))))",6ef5fd03f31c44e49acc2b9e84b013ef
"and(or(and(subset_eq(A, B), subset_eq(B, A)), subset_eq(A, difference(A, B))), or(or(subset_eq(A, B), subset_eq(B, A)), equals(cardinality(A), cardinality(B))))",dd68d67f6b454b60bb88f63a3d23a095
"and(or(and(subset_eq(A, B), subset_eq(B, A)), subset_eq(A, difference(A, B))), not(subset_eq(A, difference(A, A))))",e0ac729520864c2dada160916b4521f7
"and(or(and(subset_eq(A, B), subset_eq(B, A)), subset_eq(A, difference(A, B))), not(subset_eq(A, difference(A, A))))",652da7e4278c4dbdb9bb635df71591ff
"and(or(and(subset_eq(A, B), subset_eq(B, A)), subset_eq(A, difference(A, B))), not(subset_eq(A, difference(A, A))))",e0ac729520864c2dada160916b4521f7
"and(or(and(subset_eq(A, B), subset_eq(B, A)), subset_eq(A, difference(A, B))), not(subset_eq(B, difference(A, A))))",a52470224ea3479da5802c65e555a7e1
"and(or(and(subset_eq(A, B), subset_eq(B, A)), subset_eq(A, difference(A, B))), not(subset_eq(B, difference(A, A))))",2b6678028f044e82b0a1179f6debdba5
"and(or(and(subset_eq(A, B), subset_eq(B, A)), subset_eq(A, difference(A, B))), not(subset_eq(B, difference(A, A))))",a52470224ea3479da5802c65e555a7e1
"and(or(and(subset_eq(A, B), subset_eq(B, A)), subset_eq(A, difference(A, B))), not(subset_eq(union(A, B), difference(A, A))))",3cfa0a711a5841f9ae214bcc64e8ce9a
"and(or(and(subset_eq(A, B), subset_eq(B, A)), subset_eq(A, difference(A, B))), not(subset_eq(union(A, B), difference(A, A))))",81f3517001e44856a0486c516dbdbe61
"and(or(and(subset_eq(A, B), subset_eq(B, A)), subset_eq(A, difference(A, B))), not(subset_eq(union(A, B), difference(A, A))))",3cfa0a711a5841f9ae214bcc64e8ce9a
"or(and(subset_eq(A, B), subset_eq(B, A)), subset_eq(A, index(cardinality(B), union(A, B))))",58132bd3000841ac8945bda2700b7dd4
"or(and(subset_eq(A, B), subset_eq(B, A)), subset_eq(B, index(cardinality(A), union(A, B))))",41e3eb023b524d9ba99989535cf6aa5e
"and(or(and(subset_eq(A, B), subset_eq(B, A)), subset_eq(A, difference(A, B))), subset_eq(index(cardinality(A), union(A, B)), B))",06b251067d884cd4b479c1c8724da073
"and(or(and(subset_eq(A, B), subset_eq(B, A)), subset_eq(A, difference(A, B))), subset_eq(index(cardinality(A), union(A, B)), B))",6b748e79018741d5b2c565196e66a80d
"and(or(and(subset_eq(A, B), subset_eq(B, A)), subset_eq(A, difference(A, B))), subset_eq(index(cardinality(A), union(A, B)), B))",06b251067d884cd4b479c1c8724da073
"and(or(and(subset_eq(A, B), subset_eq(B, A)), subset_eq(A, difference(A, B))), subset_eq(index(cardinality(B), union(A, B)), A))",d0d2eb16bd804baf87eb7db88f3b1cfb
"and(or(and(subset_eq(A, B), subset_eq(B, A)), subset_eq(A, difference(A, B))), subset_eq(index(cardinality(B), union(A, B)), A))",01a53a1e2ce74ad2804141fe59453c41
"and(or(and(subset_eq(A, B), subset_eq(B, A)), subset_eq(A, difference(A, B))), subset_eq(index(cardinality(B), union(A, B)), A))",d0d2eb16bd804baf87eb7db88f3b1cfb
"and(or(and(subset_eq(A, B), subset_eq(B, A)), subset_eq(A, difference(A, B))), subset_eq(index(cardinality(A), B), index(cardinality(A), union(A, B))))",f941da9be95646bc846eea31a4d340f7
"and(or(and(subset_eq(A, B), subset_eq(B, A)), subset_eq(A, difference(A, B))), subset_eq(index(cardinality(A), B), index(cardinality(A), union(A, B))))",9c6d196833214c24a88c59f18d513536
"and(or(and(subset_eq(A, B), subset_eq(B, A)), subset_eq(A, difference(A, B))), subset_eq(index(cardinality(A), B), index(cardinality(A), union(A, B))))",f941da9be95646bc846eea31a4d340f7
"and(or(and(subset_eq(A, B), subset_eq(B, A)), subset_eq(A, difference(A, B))), subset_eq(index(cardinality(B), A), index(cardinality(B), union(A, B))))",8d09b0a65e0d41df965556d4c37409e7
"and(or(and(subset_eq(A, B), subset_eq(B, A)), subset_eq(A, difference(A, B))), subset_eq(index(cardinality(B), A), index(cardinality(B), union(A, B))))",6ed58544ed6f4f57a94a231c4de7f314
"and(or(and(subset_eq(A, B), subset_eq(B, A)), subset_eq(A, difference(A, B))), subset_eq(index(cardinality(B), A), index(cardinality(B), union(A, B))))",8d09b0a65e0d41df965556d4c37409e7
"and(or(subset_eq(A, difference(A, B)), equals(cardinality(A), cardinality(B))), subset_eq(index(cardinality(A), union(A, B)), index(cardinality(A), B)))",fc1873e0e5874b7a8162c05cf69763e9
"and(or(subset_eq(A, difference(A, B)), equals(cardinality(A), cardinality(B))), subset_eq(index(cardinality(B), union(A, B)), index(cardinality(B), A)))",9bbadc266ca34dc5b7bad3b20ef7620a
"and(or(and(subset_eq(A, B), subset_eq(B, A)), subset_eq(A, difference(A, B))), greater_than(cardinality(A), cardinality(difference(B, A))))",1df73334a3c94891ad2d0d5ed9b9e371
"and(or(and(subset_eq(A, B), subset_eq(B, A)), subset_eq(A, difference(A, B))), greater_than(cardinality(A), cardinality(difference(B, A))))",954088ba93c340bcb80baebf0bcc6c45
"and(or(and(subset_eq(A, B), subset_eq(B, A)), subset_eq(A, difference(A, B))), greater_than(cardinality(A), cardinality(difference(B, A))))",1df73334a3c94891ad2d0d5ed9b9e371
"and(or(and(subset_eq(A, B), subset_eq(B, A)), subset_eq(A, difference(A, B))), greater_than(cardinality(B), cardinality(difference(A, B))))",8c1fe5f5a2e94d59aa78589d0fb9197b
"and(or(and(subset_eq(A, B), subset_eq(B, A)), subset_eq(A, difference(A, B))), greater_than(cardinality(B), cardinality(difference(A, B))))",81224a46058c473fa51b587dbb674278
"and(or(and(subset_eq(A, B), subset_eq(B, A)), subset_eq(A, difference(A, B))), greater_than(cardinality(B), cardinality(difference(A, B))))",8c1fe5f5a2e94d59aa78589d0fb9197b
"and(or(and(subset_eq(A, B), subset_eq(B, A)), subset_eq(B, difference(A, A))), not(subset_eq(A, difference(A, A))))",5f76414c09664f3ba7c7803522ec4643
"or(or(subset_eq(A, B), subset_eq(B, A)), and(subset_eq(A, difference(A, B)), equals(cardinality(A), cardinality(B))))",4483cf7b02c94be093c28cd3e07a0957
"or(or(subset_eq(A, B), subset_eq(B, A)), and(subset_eq(A, difference(A, B)), equals(cardinality(A), cardinality(B))))",c6b2ded634d445c695b1035737972fe6
"or(or(subset_eq(A, B), subset_eq(B, A)), and(subset_eq(A, difference(A, B)), equals(cardinality(A), cardinality(B))))",4483cf7b02c94be093c28cd3e07a0957
"and(or(or(subset_eq(A, B), subset_eq(B, A)), subset_eq(A, difference(A, B))), not(and(subset_eq(A, B), subset_eq(B, A))))",1e2f068c81ea4bf688160dc51ca9d0ae
"and(or(or(subset_eq(A, B), subset_eq(B, A)), subset_eq(A, difference(A, B))), not(and(subset_eq(A, B), subset_eq(B, A))))",cd05163d3992410facf74c000a192e25
"and(or(or(subset_eq(A, B), subset_eq(B, A)), subset_eq(A, difference(A, B))), not(and(subset_eq(A, B), subset_eq(B, A))))",1e2f068c81ea4bf688160dc51ca9d0ae
"and(or(or(subset_eq(A, B), subset_eq(B, A)), subset_eq(A, difference(A, B))), not(equals(cardinality(A), cardinality(B))))",10ce78457d4e4dc99b799ae875ed09ad
"and(or(or(subset_eq(A, B), subset_eq(B, A)), subset_eq(A, difference(A, B))), not(equals(cardinality(A), cardinality(B))))",1d66eedce2f14c51be69631a21d6e17d
"and(or(or(subset_eq(A, B), subset_eq(B, A)), subset_eq(A, difference(A, B))), not(equals(cardinality(A), cardinality(B))))",10ce78457d4e4dc99b799ae875ed09ad
"and(or(or(subset_eq(A, B), subset_eq(B, A)), subset_eq(A, difference(A, B))), not(subset_eq(A, difference(A, A))))",6f32ac2a9f4b4a398362d605dc1be0f1
"and(or(or(subset_eq(A, B), subset_eq(B, A)), subset_eq(A, difference(A, B))), not(subset_eq(A, difference(A, A))))",4a219c007fd24e35a31d7649d8d7ce75
"and(or(or(subset_eq(A, B), subset_eq(B, A)), subset_eq(A, difference(A, B))), not(subset_eq(A, difference(A, A))))",6f32ac2a9f4b4a398362d605dc1be0f1
"and(or(or(subset_eq(A, B), subset_eq(B, A)), subset_eq(A, difference(A, B))), not(subset_eq(B, difference(A, A))))",93799f2c5e074ddb85eab6088f2aae05
"and(or(or(subset_eq(A, B), subset_eq(B, A)), subset_eq(A, difference(A, B))), not(subset_eq(B, difference(A, A))))",5874680d5ca9494a8cecc9f289f7c908
"and(or(or(subset_eq(A, B), subset_eq(B, A)), subset_eq(A, difference(A, B))), not(subset_eq(B, difference(A, A))))",93799f2c5e074ddb85eab6088f2aae05
"and(or(or(subset_eq(A, B), subset_eq(B, A)), subset_eq(A, difference(A, B))), not(subset_eq(union(A, B), difference(A, A))))",dcbc5e335b2d43ef9937d21b26091ea0
"and(or(or(subset_eq(A, B), subset_eq(B, A)), subset_eq(A, difference(A, B))), not(subset_eq(union(A, B), difference(A, A))))",66452897143349dd9726daf4c3fc937b
"and(or(or(subset_eq(A, B), subset_eq(B, A)), subset_eq(A, difference(A, B))), not(subset_eq(union(A, B), difference(A, A))))",dcbc5e335b2d43ef9937d21b26091ea0
"or(subset_eq(A, index(cardinality(B), union(A, B))), subset_eq(difference(A, B), index(cardinality(B), A)))",5ad03f20bf9449eab2c138838897b9e3
"or(subset_eq(A, index(cardinality(B), union(A, B))), subset_eq(difference(A, B), index(cardinality(B), A)))",939697b719d14293a830ee532304f58d
"or(subset_eq(A, index(cardinality(B), union(A, B))), subset_eq(difference(A, B), index(cardinality(B), A)))",5ad03f20bf9449eab2c138838897b9e3
"or(subset_eq(B, index(cardinality(A), union(A, B))), subset_eq(difference(B, A), index(cardinality(A), B)))",f750a751493e49419e4071519adf3784
"or(subset_eq(B, index(cardinality(A), union(A, B))), subset_eq(difference(B, A), index(cardinality(A), B)))",d2ee68f402874cdebfd7b3b3f3a89418
"or(subset_eq(B, index(cardinality(A), union(A, B))), subset_eq(difference(B, A), index(cardinality(A), B)))",f750a751493e49419e4071519adf3784
"and(or(or(subset_eq(A, B), subset_eq(B, A)), subset_eq(A, difference(A, B))), subset_eq(index(cardinality(A), B), A))",b37993b7e3014bf7b3a1bd1f2d06d87f
"and(or(or(subset_eq(A, B), subset_eq(B, A)), subset_eq(A, difference(A, B))), subset_eq(index(cardinality(A), B), A))",580c07b48f7e42a983606dda3df54a45
"and(or(or(subset_eq(A, B), subset_eq(B, A)), subset_eq(A, difference(A, B))), subset_eq(index(cardinality(A), B), A))",b37993b7e3014bf7b3a1bd1f2d06d87f
"and(or(or(subset_eq(A, B), subset_eq(B, A)), subset_eq(A, difference(A, B))), subset_eq(index(cardinality(B), A), B))",169be63e07544c0291da75371dfd89f6
"and(or(or(subset_eq(A, B), subset_eq(B, A)), subset_eq(A, difference(A, B))), subset_eq(index(cardinality(B), A), B))",4b09735efe21441a914d61496973ba0a
"and(or(or(subset_eq(A, B), subset_eq(B, A)), subset_eq(A, difference(A, B))), subset_eq(index(cardinality(B), A), B))",169be63e07544c0291da75371dfd89f6
"and(or(or(subset_eq(A, B), subset_eq(B, A)), subset_eq(A, difference(A, B))), subset_eq(index(cardinality(A), union(A, B)), A))",3437b27b80ce43e2876ca2e49413219f
"and(or(or(subset_eq(A, B), subset_eq(B, A)), subset_eq(A, difference(A, B))), subset_eq(index(cardinality(A), union(A, B)), A))",6f72507da2944cd282b69c2e2ae159a0
"and(or(or(subset_eq(A, B), subset_eq(B, A)), subset_eq(A, difference(A, B))), subset_eq(index(cardinality(A), union(A, B)), A))",3437b27b80ce43e2876ca2e49413219f
"and(or(or(subset_eq(A, B), subset_eq(B, A)), subset_eq(A, difference(A, B))), subset_eq(index(cardinality(A), union(A, B)), B))",090438e483404ecf99040094ea03bfc1
"and(or(or(subset_eq(A, B), subset_eq(B, A)), subset_eq(A, difference(A, B))), subset_eq(index(cardinality(A), union(A, B)), B))",6a2aab9923d5410c96ce6dda6f114337
"and(or(or(subset_eq(A, B), subset_eq(B, A)), subset_eq(A, difference(A, B))), subset_eq(index(cardinality(A), union(A, B)), B))",090438e483404ecf99040094ea03bfc1
"and(or(or(subset_eq(A, B), subset_eq(B, A)), subset_eq(A, difference(A, B))), subset_eq(index(cardinality(A), difference(B, A)), A))",ba3cf1148e2f41878c7c5c3507794a42
"and(or(or(subset_eq(A, B), subset_eq(B, A)), subset_eq(A, difference(A, B))), subset_eq(index(cardinality(A), difference(B, A)), A))",efcdb5398ff4443fa12103c05c3e03d3
"and(or(or(subset_eq(A, B), subset_eq(B, A)), subset_eq(A, difference(A, B))), subset_eq(index(cardinality(A), difference(B, A)), A))",ba3cf1148e2f41878c7c5c3507794a42
"and(or(or(subset_eq(A, B), subset_eq(B, A)), subset_eq(A, difference(A, B))), subset_eq(index(cardinality(B), union(A, B)), A))",76d77030bd924f1082b51adf9299e92a
"and(or(or(subset_eq(A, B), subset_eq(B, A)), subset_eq(A, difference(A, B))), subset_eq(index(cardinality(B), union(A, B)), A))",8a32713ba17340a19e791a627d5ebb03
"and(or(or(subset_eq(A, B), subset_eq(B, A)), subset_eq(A, difference(A, B))), subset_eq(index(cardinality(B), union(A, B)), A))",76d77030bd924f1082b51adf9299e92a
"and(or(or(subset_eq(A, B), subset_eq(B, A)), subset_eq(A, difference(A, B))), subset_eq(index(cardinality(B), union(A, B)), B))",834aaf70db3d483495865a6cdee1cd82
"and(or(or(subset_eq(A, B), subset_eq(B, A)), subset_eq(A, difference(A, B))), subset_eq(index(cardinality(B), union(A, B)), B))",c8db96ec76c345499b48e584ea71eea2
"and(or(or(subset_eq(A, B), subset_eq(B, A)), subset_eq(A, difference(A, B))), subset_eq(index(cardinality(B), union(A, B)), B))",834aaf70db3d483495865a6cdee1cd82
"and(or(or(subset_eq(A, B), subset_eq(B, A)), subset_eq(A, difference(A, B))), subset_eq(index(cardinality(B), difference(A, B)), B))",a4d18b935b4046bba8f0e07a82e347ba
"and(or(or(subset_eq(A, B), subset_eq(B, A)), subset_eq(A, difference(A, B))), subset_eq(index(cardinality(B), difference(A, B)), B))",211dedb8737144578c4873d214411941
"and(or(or(subset_eq(A, B), subset_eq(B, A)), subset_eq(A, difference(A, B))), subset_eq(index(cardinality(B), difference(A, B)), B))",a4d18b935b4046bba8f0e07a82e347ba
"and(or(or(subset_eq(A, B), subset_eq(B, A)), subset_eq(A, difference(A, B))), subset_eq(index(cardinality(A), B), difference(B, A)))",a379e8ccd49b418c8f2b1bfe0fb5500d
"and(or(or(subset_eq(A, B), subset_eq(B, A)), subset_eq(A, difference(A, B))), subset_eq(index(cardinality(A), B), difference(B, A)))",975b7f7ed00342418f197e8ced0932a6
"and(or(or(subset_eq(A, B), subset_eq(B, A)), subset_eq(A, difference(A, B))), subset_eq(index(cardinality(A), B), difference(B, A)))",a379e8ccd49b418c8f2b1bfe0fb5500d
"and(or(or(subset_eq(A, B), subset_eq(B, A)), subset_eq(A, difference(A, B))), subset_eq(index(cardinality(B), A), difference(A, B)))",e7c933e828034aa7bf61094138eff650
"and(or(or(subset_eq(A, B), subset_eq(B, A)), subset_eq(A, difference(A, B))), subset_eq(index(cardinality(B), A), difference(A, B)))",dd51fc0f044a4de58683ef17f8410ec9
"and(or(or(subset_eq(A, B), subset_eq(B, A)), subset_eq(A, difference(A, B))), subset_eq(index(cardinality(B), A), difference(A, B)))",e7c933e828034aa7bf61094138eff650
"and(or(or(subset_eq(A, B), subset_eq(B, A)), subset_eq(A, difference(A, B))), subset_eq(index(cardinality(A), union(A, B)), difference(B, A)))",c6e97157df524fdb9ab317cf2adad4f7
"and(or(or(subset_eq(A, B), subset_eq(B, A)), subset_eq(A, difference(A, B))), subset_eq(index(cardinality(A), union(A, B)), difference(B, A)))",a60596f1cf4049e2bcae2f7467fd5f9f
"and(or(or(subset_eq(A, B), subset_eq(B, A)), subset_eq(A, difference(A, B))), subset_eq(index(cardinality(A), union(A, B)), difference(B, A)))",c6e97157df524fdb9ab317cf2adad4f7
"and(or(or(subset_eq(A, B), subset_eq(B, A)), subset_eq(A, difference(A, B))), subset_eq(index(cardinality(B), union(A, B)), difference(A, B)))",c3b5e220ad174f1486ac811e713316b6
"and(or(or(subset_eq(A, B), subset_eq(B, A)), subset_eq(A, difference(A, B))), subset_eq(index(cardinality(B), union(A, B)), difference(A, B)))",ef7ee11cb83641ff9f2e74bafbac3dab
"and(or(or(subset_eq(A, B), subset_eq(B, A)), subset_eq(A, difference(A, B))), subset_eq(index(cardinality(B), union(A, B)), difference(A, B)))",c3b5e220ad174f1486ac811e713316b6
"and(or(or(subset_eq(A, B), subset_eq(B, A)), subset_eq(A, difference(A, B))), subset_eq(index(cardinality(A), B), index(cardinality(A), union(A, B))))",8c6c2a9562674d0a971c1136bfd2f950
"and(or(or(subset_eq(A, B), subset_eq(B, A)), subset_eq(A, difference(A, B))), subset_eq(index(cardinality(A), B), index(cardinality(A), union(A, B))))",d80cf997ac9842838d015f35c5b89aca
"and(or(or(subset_eq(A, B), subset_eq(B, A)), subset_eq(A, difference(A, B))), subset_eq(index(cardinality(A), B), index(cardinality(A), union(A, B))))",8c6c2a9562674d0a971c1136bfd2f950
"or(subset_eq(A, difference(A, B)), subset_eq(index(cardinality(A), union(A, B)), index(cardinality(A), difference(B, A))))",1e018e2127ba4f119e91bf99ea38f75d
"or(subset_eq(A, difference(A, B)), subset_eq(index(cardinality(A), union(A, B)), index(cardinality(A), difference(B, A))))",f375f6acb23f46a08a7b42938510d6f0
"or(subset_eq(A, difference(A, B)), subset_eq(index(cardinality(A), union(A, B)), index(cardinality(A), difference(B, A))))",1e018e2127ba4f119e91bf99ea38f75d
"and(or(or(subset_eq(A, B), subset_eq(B, A)), subset_eq(A, difference(A, B))), subset_eq(index(cardinality(B), A), index(cardinality(B), union(A, B))))",0765099202f84fd9ae51d75273a2e43a
"and(or(or(subset_eq(A, B), subset_eq(B, A)), subset_eq(A, difference(A, B))), subset_eq(index(cardinality(B), A), index(cardinality(B), union(A, B))))",6e8e75c92abf43aab919f920a3fc4a5f
"and(or(or(subset_eq(A, B), subset_eq(B, A)), subset_eq(A, difference(A, B))), subset_eq(index(cardinality(B), A), index(cardinality(B), union(A, B))))",0765099202f84fd9ae51d75273a2e43a
"or(subset_eq(A, difference(A, B)), subset_eq(index(cardinality(B), union(A, B)), index(cardinality(B), difference(A, B))))",8f4f9a1c88f945a1aa5bd0132c665977
"or(subset_eq(A, difference(A, B)), subset_eq(index(cardinality(B), union(A, B)), index(cardinality(B), difference(A, B))))",6e477482b56d41e3a7598a1bb3faedc5
"or(subset_eq(A, difference(A, B)), subset_eq(index(cardinality(B), union(A, B)), index(cardinality(B), difference(A, B))))",8f4f9a1c88f945a1aa5bd0132c665977
"or(subset_eq(A, B), subset_eq(index(cardinality(A), union(A, B)), index(cardinality(A), difference(B, A))))",6f136d2b7a7d418db803694fd1d745ee
"or(subset_eq(A, B), subset_eq(index(cardinality(A), union(A, B)), index(cardinality(A), difference(B, A))))",62f4a556962944b4883541fb01319c60
"or(subset_eq(A, B), subset_eq(index(cardinality(A), union(A, B)), index(cardinality(A), difference(B, A))))",6f136d2b7a7d418db803694fd1d745ee
"and(or(or(subset_eq(A, B), subset_eq(B, A)), subset_eq(A, difference(A, B))), subset_eq(index(cardinality(A), difference(B, A)), index(cardinality(A), B)))",78057e34649a4f469c5b0025fbd47427
"and(or(or(subset_eq(A, B), subset_eq(B, A)), subset_eq(A, difference(A, B))), subset_eq(index(cardinality(A), difference(B, A)), index(cardinality(A), B)))",2329c000b99142b0b4ac54cf073a2ba1
"and(or(or(subset_eq(A, B), subset_eq(B, A)), subset_eq(A, difference(A, B))), subset_eq(index(cardinality(A), difference(B, A)), index(cardinality(A), B)))",78057e34649a4f469c5b0025fbd47427
"and(or(or(subset_eq(A, B), subset_eq(B, A)), subset_eq(A, difference(A, B))), subset_eq(index(cardinality(A), difference(B, A)), index(cardinality(A), union(A, B))))",e36a3f68106a488295bee79418b856fc
"and(or(or(subset_eq(A, B), subset_eq(B, A)), subset_eq(A, difference(A, B))), subset_eq(index(cardinality(A), difference(B, A)), index(cardinality(A), union(A, B))))",dcb6ea2fbd91408b8d1e8155e4858e5a
"and(or(or(subset_eq(A, B), subset_eq(B, A)), subset_eq(A, difference(A, B))), subset_eq(index(cardinality(A), difference(B, A)), index(cardinality(A), union(A, B))))",e36a3f68106a488295bee79418b856fc
"and(or(or(subset_eq(A, B), subset_eq(B, A)), subset_eq(A, difference(A, B))), subset_eq(index(cardinality(A), difference(B, A)), index(cardinality(B), union(A, B))))",cc8eff11ceeb4979a22fce96b26d2066
"and(or(or(subset_eq(A, B), subset_eq(B, A)), subset_eq(A, difference(A, B))), subset_eq(index(cardinality(A), difference(B, A)), index(cardinality(B), union(A, B))))",afe089a5766a4ba29292d1c6ece9fd4b
"and(or(or(subset_eq(A, B), subset_eq(B, A)), subset_eq(A, difference(A, B))), subset_eq(index(cardinality(A), difference(B, A)), index(cardinality(B), union(A, B))))",cc8eff11ceeb4979a22fce96b26d2066
"or(subset_eq(B, A), subset_eq(index(cardinality(B), union(A, B)), index(cardinality(B), difference(A, B))))",7343b8db70ab42cebb0386d258c5f983
"or(subset_eq(B, A), subset_eq(index(cardinality(B), union(A, B)), index(cardinality(B), difference(A, B))))",fa5677daed154f1f877ddad3ce52d6a6
"or(subset_eq(B, A), subset_eq(index(cardinality(B), union(A, B)), index(cardinality(B), difference(A, B))))",7343b8db70ab42cebb0386d258c5f983
"and(or(or(subset_eq(A, B), subset_eq(B, A)), subset_eq(A, difference(A, B))), subset_eq(index(cardinality(B), difference(A, B)), index(cardinality(B), A)))",3c0cf1326ed64c8c8439e22016cf8348
"and(or(or(subset_eq(A, B), subset_eq(B, A)), subset_eq(A, difference(A, B))), subset_eq(index(cardinality(B), difference(A, B)), index(cardinality(B), A)))",356f961f10664223a8f8b6ad4dd1660d
"and(or(or(subset_eq(A, B), subset_eq(B, A)), subset_eq(A, difference(A, B))), subset_eq(index(cardinality(B), difference(A, B)), index(cardinality(B), A)))",3c0cf1326ed64c8c8439e22016cf8348
"and(or(or(subset_eq(A, B), subset_eq(B, A)), subset_eq(A, difference(A, B))), subset_eq(index(cardinality(B), difference(A, B)), index(cardinality(A), union(A, B))))",a46893cd625f42848391c9fe5f97759c
"and(or(or(subset_eq(A, B), subset_eq(B, A)), subset_eq(A, difference(A, B))), subset_eq(index(cardinality(B), difference(A, B)), index(cardinality(A), union(A, B))))",8c1c63aabf714b0b99806444398520a2
"and(or(or(subset_eq(A, B), subset_eq(B, A)), subset_eq(A, difference(A, B))), subset_eq(index(cardinality(B), difference(A, B)), index(cardinality(A), union(A, B))))",a46893cd625f42848391c9fe5f97759c
"and(or(or(subset_eq(A, B), subset_eq(B, A)), subset_eq(A, difference(A, B))), subset_eq(index(cardinality(B), difference(A, B)), index(cardinality(B), union(A, B))))",8d901c7693174ec5bcebf10bce57a256
"and(or(or(subset_eq(A, B), subset_eq(B, A)), subset_eq(A, difference(A, B))), subset_eq(index(cardinality(B), difference(A, B)), index(cardinality(B), union(A, B))))",a29b123ba3d44d638cb239869a2c6849
"and(or(or(subset_eq(A, B), subset_eq(B, A)), subset_eq(A, difference(A, B))), subset_eq(index(cardinality(B), difference(A, B)), index(cardinality(B), union(A, B))))",8d901c7693174ec5bcebf10bce57a256
"and(or(or(subset_eq(A, B), subset_eq(B, A)), subset_eq(A, difference(A, B))), greater_than(cardinality(A), cardinality(difference(B, A))))",3e62d51068c5458d83b02ce479cf4731
"and(or(or(subset_eq(A, B), subset_eq(B, A)), subset_eq(A, difference(A, B))), greater_than(cardinality(A), cardinality(difference(B, A))))",524d66d70cbd40fa8791209715455f9d
"and(or(or(subset_eq(A, B), subset_eq(B, A)), subset_eq(A, difference(A, B))), greater_than(cardinality(A), cardinality(difference(B, A))))",3e62d51068c5458d83b02ce479cf4731
"and(or(or(subset_eq(A, B), subset_eq(B, A)), subset_eq(A, difference(A, B))), greater_than(cardinality(B), cardinality(difference(A, B))))",3b1ac8c1d03d4487b8e00715e3c3cb23
"and(or(or(subset_eq(A, B), subset_eq(B, A)), subset_eq(A, difference(A, B))), greater_than(cardinality(B), cardinality(difference(A, B))))",ef4965ad06f44dc498fdc61179cc3772
"and(or(or(subset_eq(A, B), subset_eq(B, A)), subset_eq(A, difference(A, B))), greater_than(cardinality(B), cardinality(difference(A, B))))",3b1ac8c1d03d4487b8e00715e3c3cb23
"and(or(or(subset_eq(A, B), subset_eq(B, A)), equals(cardinality(A), cardinality(B))), not(and(subset_eq(A, B), subset_eq(B, A))))",16651f4e877c435f8b7cc83517b996b1
"and(or(or(subset_eq(A, B), subset_eq(B, A)), equals(cardinality(A), cardinality(B))), not(and(subset_eq(A, B), subset_eq(B, A))))",ce3c19f91f694ef0adf6b19b2a51e906
"and(or(or(subset_eq(A, B), subset_eq(B, A)), equals(cardinality(A), cardinality(B))), not(and(subset_eq(A, B), subset_eq(B, A))))",16651f4e877c435f8b7cc83517b996b1
"and(or(or(subset_eq(A, B), subset_eq(B, A)), equals(cardinality(A), cardinality(B))), or(not(subset_eq(A, B)), subset_eq(A, difference(A, A))))",3cbb4ab3c350426aa2c686421e6887b3
"and(or(or(subset_eq(A, B), subset_eq(B, A)), equals(cardinality(A), cardinality(B))), or(not(subset_eq(A, B)), subset_eq(A, difference(A, A))))",8984977a3b224693a1abf5369d63745f
"and(or(or(subset_eq(A, B), subset_eq(B, A)), equals(cardinality(A), cardinality(B))), or(not(subset_eq(A, B)), subset_eq(A, difference(A, A))))",3cbb4ab3c350426aa2c686421e6887b3
"and(or(or(subset_eq(A, B), subset_eq(B, A)), equals(cardinality(A), cardinality(B))), or(not(subset_eq(B, A)), subset_eq(A, difference(A, B))))",af74ee2ae11d4b4b9921c60ece7cca60
"and(or(or(subset_eq(A, B), subset_eq(B, A)), equals(cardinality(A), cardinality(B))), or(not(subset_eq(B, A)), subset_eq(A, difference(A, B))))",6453a9033ab44bb8bd7e29eadf65e187
"and(or(or(subset_eq(A, B), subset_eq(B, A)), equals(cardinality(A), cardinality(B))), or(not(subset_eq(B, A)), subset_eq(A, difference(A, B))))",af74ee2ae11d4b4b9921c60ece7cca60
"or(subset_eq(A, difference(A, A)), or(subset_eq(B, difference(A, A)), equals(cardinality(A), cardinality(B))))",8d947cf6967a45c9b63d9251f7f90908
"or(subset_eq(A, difference(A, A)), or(subset_eq(B, difference(A, A)), equals(cardinality(A), cardinality(B))))",ecfe039dc30d4d16bcf08d3644db9222
"or(subset_eq(A, difference(A, A)), or(subset_eq(B, difference(A, A)), equals(cardinality(A), cardinality(B))))",8d947cf6967a45c9b63d9251f7f90908
"and(or(or(subset_eq(A, B), subset_eq(B, A)), equals(cardinality(A), cardinality(B))), or(subset_eq(A, difference(A, B)), greater_than(cardinality(A), cardinality(B))))",70f83cb184eb41f0bd8aaee7a35f4544
"and(or(or(subset_eq(A, B), subset_eq(B, A)), equals(cardinality(A), cardinality(B))), or(subset_eq(A, difference(A, B)), greater_than(cardinality(A), cardinality(B))))",a66c0813b7f64edf8d984f3214311286
"and(or(or(subset_eq(A, B), subset_eq(B, A)), equals(cardinality(A), cardinality(B))), or(subset_eq(A, difference(A, B)), greater_than(cardinality(A), cardinality(B))))",70f83cb184eb41f0bd8aaee7a35f4544
"and(or(or(subset_eq(A, B), subset_eq(B, A)), equals(cardinality(A), cardinality(B))), or(subset_eq(A, difference(A, B)), greater_than(cardinality(B), cardinality(A))))",735a21876b854097b0db8b70ad48b4db
"and(or(or(subset_eq(A, B), subset_eq(B, A)), equals(cardinality(A), cardinality(B))), or(subset_eq(A, difference(A, B)), greater_than(cardinality(B), cardinality(A))))",f7b212b172914a5999b77d6ad8d16e1c
"and(or(or(subset_eq(A, B), subset_eq(B, A)), equals(cardinality(A), cardinality(B))), or(subset_eq(A, difference(A, B)), greater_than(cardinality(B), cardinality(A))))",735a21876b854097b0db8b70ad48b4db
"and(or(or(subset_eq(A, B), subset_eq(B, A)), equals(cardinality(A), cardinality(B))), not(subset_eq(A, difference(A, A))))",5869e3f3ee45493b842cbb3a862b12db
"and(or(or(subset_eq(A, B), subset_eq(B, A)), equals(cardinality(A), cardinality(B))), not(subset_eq(A, difference(A, A))))",0eab6b69bd164724b5dc254c2ed675c0
"and(or(or(subset_eq(A, B), subset_eq(B, A)), equals(cardinality(A), cardinality(B))), not(subset_eq(A, difference(A, A))))",5869e3f3ee45493b842cbb3a862b12db
"and(or(or(subset_eq(A, B), subset_eq(B, A)), equals(cardinality(A), cardinality(B))), not(subset_eq(A, difference(A, B))))",fddc9435f0fd4811b5aaa0964f334641
"and(or(or(subset_eq(A, B), subset_eq(B, A)), equals(cardinality(A), cardinality(B))), not(subset_eq(A, difference(A, B))))",87446fe39ce84463a9bfefab69e44db8
"and(or(or(subset_eq(A, B), subset_eq(B, A)), equals(cardinality(A), cardinality(B))), not(subset_eq(A, difference(A, B))))",fddc9435f0fd4811b5aaa0964f334641
"and(or(or(subset_eq(A, B), subset_eq(B, A)), equals(cardinality(A), cardinality(B))), not(subset_eq(B, difference(A, A))))",dc1d10a189a042ee80ed5d02c1ca12cf
"and(or(or(subset_eq(A, B), subset_eq(B, A)), equals(cardinality(A), cardinality(B))), not(subset_eq(B, difference(A, A))))",557be1687fc54a7184a83c9b93a189cb
"and(or(or(subset_eq(A, B), subset_eq(B, A)), equals(cardinality(A), cardinality(B))), not(subset_eq(B, difference(A, A))))",dc1d10a189a042ee80ed5d02c1ca12cf
"and(or(or(subset_eq(A, B), subset_eq(B, A)), equals(cardinality(A), cardinality(B))), not(subset_eq(union(A, B), difference(A, A))))",47dc80fea9264b7198a9eb469182d896
"and(or(or(subset_eq(A, B), subset_eq(B, A)), equals(cardinality(A), cardinality(B))), not(subset_eq(union(A, B), difference(A, A))))",06edbfa3619a4acbbefb442cd357386b
"and(or(or(subset_eq(A, B), subset_eq(B, A)), equals(cardinality(A), cardinality(B))), not(subset_eq(union(A, B), difference(A, A))))",47dc80fea9264b7198a9eb469182d896
"subset_eq(difference(A, index(cardinality(B), A)), intersection(index(cardinality(A), union(A, B)), index(cardinality(B), union(A, B))))",c9d2c20fe1ee4c85936f4376bcee1906
"subset_eq(difference(B, index(cardinality(A), B)), intersection(index(cardinality(A), union(A, B)), index(cardinality(B), union(A, B))))",64d2692136404fc6a19832ad927ba8b2
"and(or(or(subset_eq(A, B), subset_eq(B, A)), equals(cardinality(A), cardinality(B))), subset_eq(intersection(A, B), index(cardinality(A), B)))",3e1ea7cf11e94682ae20f5dc6453711e
"and(or(or(subset_eq(A, B), subset_eq(B, A)), equals(cardinality(A), cardinality(B))), subset_eq(intersection(A, B), index(cardinality(A), B)))",e87597b0de2845ba9eb9235e90038332
"and(or(or(subset_eq(A, B), subset_eq(B, A)), equals(cardinality(A), cardinality(B))), subset_eq(intersection(A, B), index(cardinality(A), B)))",3e1ea7cf11e94682ae20f5dc6453711e
"and(or(or(subset_eq(A, B), subset_eq(B, A)), equals(cardinality(A), cardinality(B))), subset_eq(intersection(A, B), index(cardinality(B), A)))",fa853ca34ccc40d38d8dbdce8e4b2e04
"and(or(or(subset_eq(A, B), subset_eq(B, A)), equals(cardinality(A), cardinality(B))), subset_eq(intersection(A, B), index(cardinality(B), A)))",eb4ce105ed5b42ba96471b050a8533aa
"and(or(or(subset_eq(A, B), subset_eq(B, A)), equals(cardinality(A), cardinality(B))), subset_eq(intersection(A, B), index(cardinality(B), A)))",fa853ca34ccc40d38d8dbdce8e4b2e04
"and(or(or(subset_eq(A, B), subset_eq(B, A)), equals(cardinality(A), cardinality(B))), subset_eq(intersection(A, B), index(cardinality(A), union(A, B))))",1d7e4e5580c245af96f2466919aeaf02
"and(or(or(subset_eq(A, B), subset_eq(B, A)), equals(cardinality(A), cardinality(B))), subset_eq(intersection(A, B), index(cardinality(A), union(A, B))))",8ce2463d0b1d4709807f699d88eb990b
"and(or(or(subset_eq(A, B), subset_eq(B, A)), equals(cardinality(A), cardinality(B))), subset_eq(intersection(A, B), index(cardinality(A), union(A, B))))",1d7e4e5580c245af96f2466919aeaf02
"and(or(or(subset_eq(A, B), subset_eq(B, A)), equals(cardinality(A), cardinality(B))), subset_eq(intersection(A, B), index(cardinality(B), union(A, B))))",08a7f962bb3a444c87b8593e0010164a
"and(or(or(subset_eq(A, B), subset_eq(B, A)), equals(cardinality(A), cardinality(B))), subset_eq(intersection(A, B), index(cardinality(B), union(A, B))))",fde3c393e4d54657a9f8da7137933cb9
"and(or(or(subset_eq(A, B), subset_eq(B, A)), equals(cardinality(A), cardinality(B))), subset_eq(intersection(A, B), index(cardinality(B), union(A, B))))",08a7f962bb3a444c87b8593e0010164a
"subset_eq(union(difference(A, B), index(cardinality(A), B)), union(index(cardinality(B), A), index(cardinality(A), union(A, B))))",803123e1c0c1431e9ab9879025d55956
"subset_eq(union(difference(A, B), index(cardinality(A), B)), union(index(cardinality(B), A), index(cardinality(A), union(A, B))))",6ae25a545bdd4137a34fffa202625b2d
"subset_eq(union(difference(A, B), index(cardinality(A), B)), union(index(cardinality(B), A), index(cardinality(A), union(A, B))))",803123e1c0c1431e9ab9879025d55956
"subset_eq(union(difference(B, A), index(cardinality(B), A)), union(index(cardinality(A), B), index(cardinality(B), union(A, B))))",891a8bd0498a41669ca073861228193d
"subset_eq(union(difference(B, A), index(cardinality(B), A)), union(index(cardinality(A), B), index(cardinality(B), union(A, B))))",1f8ae2c528cc4353a5fa3fdcb9e0422a
"subset_eq(union(difference(B, A), index(cardinality(B), A)), union(index(cardinality(A), B), index(cardinality(B), union(A, B))))",891a8bd0498a41669ca073861228193d
"and(or(or(subset_eq(A, B), subset_eq(B, A)), equals(cardinality(A), cardinality(B))), subset_eq(index(cardinality(A), B), A))",2dc4368a970245d586197968700c326c
"and(or(or(subset_eq(A, B), subset_eq(B, A)), equals(cardinality(A), cardinality(B))), subset_eq(index(cardinality(A), B), A))",fa61ed789bc44a1e9a99c8185063d438
"and(or(or(subset_eq(A, B), subset_eq(B, A)), equals(cardinality(A), cardinality(B))), subset_eq(index(cardinality(A), B), A))",2dc4368a970245d586197968700c326c
"and(or(or(subset_eq(A, B), subset_eq(B, A)), equals(cardinality(A), cardinality(B))), subset_eq(index(cardinality(B), A), B))",b2629560e6164b119e082267e1d7e901
"and(or(or(subset_eq(A, B), subset_eq(B, A)), equals(cardinality(A), cardinality(B))), subset_eq(index(cardinality(B), A), B))",ba5b5eaa6f7a4e2eb5775c76dfd0d5a2
"and(or(or(subset_eq(A, B), subset_eq(B, A)), equals(cardinality(A), cardinality(B))), subset_eq(index(cardinality(B), A), B))",b2629560e6164b119e082267e1d7e901
"and(or(or(subset_eq(A, B), subset_eq(B, A)), equals(cardinality(A), cardinality(B))), subset_eq(index(cardinality(A), union(A, B)), A))",e4c8367f473d47e69bceba3c99b5bc0c
"and(or(or(subset_eq(A, B), subset_eq(B, A)), equals(cardinality(A), cardinality(B))), subset_eq(index(cardinality(A), union(A, B)), A))",11548968c1b549b9be5c1aa40ed89170
"and(or(or(subset_eq(A, B), subset_eq(B, A)), equals(cardinality(A), cardinality(B))), subset_eq(index(cardinality(A), union(A, B)), A))",e4c8367f473d47e69bceba3c99b5bc0c
"and(or(or(subset_eq(A, B), subset_eq(B, A)), equals(cardinality(A), cardinality(B))), subset_eq(index(cardinality(A), union(A, B)), B))",55b878a36af54901ade421a8c712f13a
"and(or(or(subset_eq(A, B), subset_eq(B, A)), equals(cardinality(A), cardinality(B))), subset_eq(index(cardinality(A), union(A, B)), B))",943b56538ac7431f9131df26950cf1f5
"and(or(or(subset_eq(A, B), subset_eq(B, A)), equals(cardinality(A), cardinality(B))), subset_eq(index(cardinality(A), union(A, B)), B))",55b878a36af54901ade421a8c712f13a
"and(or(or(subset_eq(A, B), subset_eq(B, A)), equals(cardinality(A), cardinality(B))), subset_eq(index(cardinality(A), difference(B, A)), A))",8e31f9a20c184785b903064779056695
"and(or(or(subset_eq(A, B), subset_eq(B, A)), equals(cardinality(A), cardinality(B))), subset_eq(index(cardinality(A), difference(B, A)), A))",2f3970c009214bd987d45cbc7cca6967
"and(or(or(subset_eq(A, B), subset_eq(B, A)), equals(cardinality(A), cardinality(B))), subset_eq(index(cardinality(A), difference(B, A)), A))",8e31f9a20c184785b903064779056695
"and(or(or(subset_eq(A, B), subset_eq(B, A)), equals(cardinality(A), cardinality(B))), subset_eq(index(cardinality(B), union(A, B)), A))",d6b6984577d24edb801414904e95871d
"and(or(or(subset_eq(A, B), subset_eq(B, A)), equals(cardinality(A), cardinality(B))), subset_eq(index(cardinality(B), union(A, B)), A))",844656ba2ccc4e269840ff9d6eaf3301
"and(or(or(subset_eq(A, B), subset_eq(B, A)), equals(cardinality(A), cardinality(B))), subset_eq(index(cardinality(B), union(A, B)), A))",d6b6984577d24edb801414904e95871d
"and(or(or(subset_eq(A, B), subset_eq(B, A)), equals(cardinality(A), cardinality(B))), subset_eq(index(cardinality(B), union(A, B)), B))",a0a4a00d091749b89730501fbcdd3e67
"and(or(or(subset_eq(A, B), subset_eq(B, A)), equals(cardinality(A), cardinality(B))), subset_eq(index(cardinality(B), union(A, B)), B))",9c00be7e5f324552b2e9c430cfef014c
"and(or(or(subset_eq(A, B), subset_eq(B, A)), equals(cardinality(A), cardinality(B))), subset_eq(index(cardinality(B), union(A, B)), B))",a0a4a00d091749b89730501fbcdd3e67
"and(or(or(subset_eq(A, B), subset_eq(B, A)), equals(cardinality(A), cardinality(B))), subset_eq(index(cardinality(B), difference(A, B)), B))",439b4f31729e4f609c00b5039ae0675b
"and(or(or(subset_eq(A, B), subset_eq(B, A)), equals(cardinality(A), cardinality(B))), subset_eq(index(cardinality(B), difference(A, B)), B))",834a368b6daa45b0851f11372fe2ea00
"and(or(or(subset_eq(A, B), subset_eq(B, A)), equals(cardinality(A), cardinality(B))), subset_eq(index(cardinality(B), difference(A, B)), B))",439b4f31729e4f609c00b5039ae0675b
"and(or(or(subset_eq(A, B), subset_eq(B, A)), equals(cardinality(A), cardinality(B))), subset_eq(index(cardinality(A), B), difference(B, A)))",c37f82b7c94941c494b498fd990e73f0
"and(or(or(subset_eq(A, B), subset_eq(B, A)), equals(cardinality(A), cardinality(B))), subset_eq(index(cardinality(A), B), difference(B, A)))",57f4953876cf4ef5be1dde5d21d9c600
"and(or(or(subset_eq(A, B), subset_eq(B, A)), equals(cardinality(A), cardinality(B))), subset_eq(index(cardinality(A), B), difference(B, A)))",c37f82b7c94941c494b498fd990e73f0
"and(or(or(subset_eq(A, B), subset_eq(B, A)), equals(cardinality(A), cardinality(B))), subset_eq(index(cardinality(B), A), difference(A, B)))",8b01a2b79f634807998623af52a3c908
"and(or(or(subset_eq(A, B), subset_eq(B, A)), equals(cardinality(A), cardinality(B))), subset_eq(index(cardinality(B), A), difference(A, B)))",760c946db62446a6aef809f6e07c13c9
"and(or(or(subset_eq(A, B), subset_eq(B, A)), equals(cardinality(A), cardinality(B))), subset_eq(index(cardinality(B), A), difference(A, B)))",8b01a2b79f634807998623af52a3c908
"and(or(or(subset_eq(A, B), subset_eq(B, A)), equals(cardinality(A), cardinality(B))), subset_eq(index(cardinality(A), union(A, B)), intersection(A, B)))",95e0d7051ad94448b3b962f324f912db
"and(or(or(subset_eq(A, B), subset_eq(B, A)), equals(cardinality(A), cardinality(B))), subset_eq(index(cardinality(A), union(A, B)), intersection(A, B)))",513e9faa0d714aeeacf8a02bf72a6ee6
"and(or(or(subset_eq(A, B), subset_eq(B, A)), equals(cardinality(A), cardinality(B))), subset_eq(index(cardinality(A), union(A, B)), intersection(A, B)))",95e0d7051ad94448b3b962f324f912db
"and(or(or(subset_eq(A, B), subset_eq(B, A)), equals(cardinality(A), cardinality(B))), subset_eq(index(cardinality(A), union(A, B)), difference(B, A)))",db88c994839a4e7ab77bf89760ea4b18
"and(or(or(subset_eq(A, B), subset_eq(B, A)), equals(cardinality(A), cardinality(B))), subset_eq(index(cardinality(A), union(A, B)), difference(B, A)))",559d2a9a98574255a7de252570ac42da
"and(or(or(subset_eq(A, B), subset_eq(B, A)), equals(cardinality(A), cardinality(B))), subset_eq(index(cardinality(A), union(A, B)), difference(B, A)))",db88c994839a4e7ab77bf89760ea4b18
"and(or(or(subset_eq(A, B), subset_eq(B, A)), equals(cardinality(A), cardinality(B))), subset_eq(index(cardinality(B), union(A, B)), intersection(A, B)))",18ed36c021ee4877bdf18979c8aeec7d
"and(or(or(subset_eq(A, B), subset_eq(B, A)), equals(cardinality(A), cardinality(B))), subset_eq(index(cardinality(B), union(A, B)), intersection(A, B)))",44bb8b3bc4b4485fb14492a2e7d5ee43
"and(or(or(subset_eq(A, B), subset_eq(B, A)), equals(cardinality(A), cardinality(B))), subset_eq(index(cardinality(B), union(A, B)), intersection(A, B)))",18ed36c021ee4877bdf18979c8aeec7d
"and(or(or(subset_eq(A, B), subset_eq(B, A)), equals(cardinality(A), cardinality(B))), subset_eq(index(cardinality(B), union(A, B)), difference(A, B)))",27f695b26b65449ea5c97cc7a1663dbd
"and(or(or(subset_eq(A, B), subset_eq(B, A)), equals(cardinality(A), cardinality(B))), subset_eq(index(cardinality(B), union(A, B)), difference(A, B)))",9f7c343371ca4a69bc8a2dcd5b1c5f60
"and(or(or(subset_eq(A, B), subset_eq(B, A)), equals(cardinality(A), cardinality(B))), subset_eq(index(cardinality(B), union(A, B)), difference(A, B)))",27f695b26b65449ea5c97cc7a1663dbd
"and(or(or(subset_eq(A, B), subset_eq(B, A)), equals(cardinality(A), cardinality(B))), subset_eq(index(cardinality(A), B), index(cardinality(A), difference(B, A))))",2962cc92f06b475d9e4c0f25e8e23263
"and(or(or(subset_eq(A, B), subset_eq(B, A)), equals(cardinality(A), cardinality(B))), subset_eq(index(cardinality(A), B), index(cardinality(A), difference(B, A))))",f650d55c5d4e474badeffd753b010da7
"and(or(or(subset_eq(A, B), subset_eq(B, A)), equals(cardinality(A), cardinality(B))), subset_eq(index(cardinality(A), B), index(cardinality(A), difference(B, A))))",2962cc92f06b475d9e4c0f25e8e23263
"and(or(or(subset_eq(A, B), subset_eq(B, A)), equals(cardinality(A), cardinality(B))), subset_eq(index(cardinality(B), A), index(cardinality(B), difference(A, B))))",2b2402e05159425e81e55e557d7a8518
"and(or(or(subset_eq(A, B), subset_eq(B, A)), equals(cardinality(A), cardinality(B))), subset_eq(index(cardinality(B), A), index(cardinality(B), difference(A, B))))",6614722d16c04cff85e208bf2b49458d
"and(or(or(subset_eq(A, B), subset_eq(B, A)), equals(cardinality(A), cardinality(B))), subset_eq(index(cardinality(B), A), index(cardinality(B), difference(A, B))))",2b2402e05159425e81e55e557d7a8518
"and(or(or(subset_eq(A, B), subset_eq(B, A)), equals(cardinality(A), cardinality(B))), subset_eq(index(cardinality(A), union(A, B)), union(difference(A, B), difference(B, A))))",1bd8190ae2874d0595aadeb18cd78f1a
"and(or(or(subset_eq(A, B), subset_eq(B, A)), equals(cardinality(A), cardinality(B))), subset_eq(index(cardinality(A), union(A, B)), union(difference(A, B), difference(B, A))))",0114e184ca3849d4a79d12408b4fc464
"and(or(or(subset_eq(A, B), subset_eq(B, A)), equals(cardinality(A), cardinality(B))), subset_eq(index(cardinality(A), union(A, B)), union(difference(A, B), difference(B, A))))",1bd8190ae2874d0595aadeb18cd78f1a
"and(or(or(subset_eq(A, B), subset_eq(B, A)), equals(cardinality(A), cardinality(B))), subset_eq(index(cardinality(A), difference(B, A)), index(cardinality(A), B)))",39e98d3122854710a523fc5c660fa1ef
"and(or(or(subset_eq(A, B), subset_eq(B, A)), equals(cardinality(A), cardinality(B))), subset_eq(index(cardinality(A), difference(B, A)), index(cardinality(A), B)))",9294c70ca4ea4b89bbb363266574b310
"and(or(or(subset_eq(A, B), subset_eq(B, A)), equals(cardinality(A), cardinality(B))), subset_eq(index(cardinality(A), difference(B, A)), index(cardinality(A), B)))",39e98d3122854710a523fc5c660fa1ef
"and(or(or(subset_eq(A, B), subset_eq(B, A)), equals(cardinality(A), cardinality(B))), subset_eq(index(cardinality(B), union(A, B)), union(difference(A, B), difference(B, A))))",87a5777c78404bd0b596a2f6fbdf62a2
"and(or(or(subset_eq(A, B), subset_eq(B, A)), equals(cardinality(A), cardinality(B))), subset_eq(index(cardinality(B), union(A, B)), union(difference(A, B), difference(B, A))))",509d5fdb60fd4e9f9a5e4a8274d6ba52
"and(or(or(subset_eq(A, B), subset_eq(B, A)), equals(cardinality(A), cardinality(B))), subset_eq(index(cardinality(B), union(A, B)), union(difference(A, B), difference(B, A))))",87a5777c78404bd0b596a2f6fbdf62a2
"and(or(or(subset_eq(A, B), subset_eq(B, A)), equals(cardinality(A), cardinality(B))), subset_eq(index(cardinality(B), difference(A, B)), index(cardinality(B), A)))",4e2c88e91b0640b780f512d84749b410
"and(or(or(subset_eq(A, B), subset_eq(B, A)), equals(cardinality(A), cardinality(B))), subset_eq(index(cardinality(B), difference(A, B)), index(cardinality(B), A)))",68d5a8f48a194eb298b54bf8f145a16c
"and(or(or(subset_eq(A, B), subset_eq(B, A)), equals(cardinality(A), cardinality(B))), subset_eq(index(cardinality(B), difference(A, B)), index(cardinality(B), A)))",4e2c88e91b0640b780f512d84749b410
"and(subset_eq(index(cardinality(A), B), index(cardinality(A), difference(B, A))), equals(cardinality(intersection(A, B)), cardinality(difference(A, B))))",dbe64dc682744ac99ff93a9d6e2898d0
"and(subset_eq(index(cardinality(A), B), index(cardinality(A), difference(B, A))), equals(cardinality(intersection(A, B)), cardinality(difference(A, B))))",5ef6ca8be24449febc33ede4a53980a9
"and(subset_eq(index(cardinality(A), B), index(cardinality(A), difference(B, A))), equals(cardinality(intersection(A, B)), cardinality(difference(A, B))))",dbe64dc682744ac99ff93a9d6e2898d0
"and(subset_eq(index(cardinality(B), A), index(cardinality(B), difference(A, B))), equals(cardinality(intersection(A, B)), cardinality(difference(B, A))))",4ad9d284506d44f78ce906548e7fa2ff
"and(subset_eq(index(cardinality(B), A), index(cardinality(B), difference(A, B))), equals(cardinality(intersection(A, B)), cardinality(difference(B, A))))",f209c0fa8aec48c4b1a9c521fcfb2e0c
"and(subset_eq(index(cardinality(B), A), index(cardinality(B), difference(A, B))), equals(cardinality(intersection(A, B)), cardinality(difference(B, A))))",4ad9d284506d44f78ce906548e7fa2ff
"and(or(or(subset_eq(A, B), subset_eq(B, A)), equals(cardinality(A), cardinality(B))), greater_than(cardinality(A), cardinality(difference(B, A))))",e2733d88fed4484597cabc524694cf18
"and(or(or(subset_eq(A, B), subset_eq(B, A)), equals(cardinality(A), cardinality(B))), greater_than(cardinality(A), cardinality(difference(B, A))))",0214fdf5aab84247b2b23b48ccf0ca70
"and(or(or(subset_eq(A, B), subset_eq(B, A)), equals(cardinality(A), cardinality(B))), greater_than(cardinality(A), cardinality(difference(B, A))))",e2733d88fed4484597cabc524694cf18
"and(or(or(subset_eq(A, B), subset_eq(B, A)), equals(cardinality(A), cardinality(B))), greater_than(cardinality(B), cardinality(difference(A, B))))",cdb6c3bab2ca415aa93b7bb77613a214
"and(or(or(subset_eq(A, B), subset_eq(B, A)), equals(cardinality(A), cardinality(B))), greater_than(cardinality(B), cardinality(difference(A, B))))",1b10d0c72291435e8479c738e214c997
"and(or(or(subset_eq(A, B), subset_eq(B, A)), equals(cardinality(A), cardinality(B))), greater_than(cardinality(B), cardinality(difference(A, B))))",cdb6c3bab2ca415aa93b7bb77613a214
"or(not(subset_eq(A, B)), and(not(subset_eq(B, A)), subset_eq(A, difference(A, A))))",dabad635c27a419cb48844d1b30d4ae2
"or(not(subset_eq(B, A)), and(not(subset_eq(A, B)), subset_eq(A, difference(A, B))))",25bace8c463f44bcbdcdd5435f0ad193
"or(greater_than(cardinality(A), cardinality(B)), and(not(subset_eq(B, A)), subset_eq(A, difference(A, A))))",268c5774f8e047788f051c37a2067576
"or(greater_than(cardinality(A), cardinality(B)), and(not(subset_eq(B, A)), subset_eq(A, difference(A, A))))",7fac2e395ef346ca99cb2993d3295652
"or(greater_than(cardinality(A), cardinality(B)), and(not(subset_eq(B, A)), subset_eq(A, difference(A, A))))",268c5774f8e047788f051c37a2067576
"and(or(subset_eq(A, difference(A, B)), equals(cardinality(A), cardinality(B))), not(and(subset_eq(A, B), subset_eq(B, A))))",94712438422a4b07ac790803083945b4
"and(or(subset_eq(A, difference(A, B)), equals(cardinality(A), cardinality(B))), not(and(subset_eq(A, B), subset_eq(B, A))))",3e2b4771ec824d06bea29d2ab485ecc5
"and(or(subset_eq(A, difference(A, B)), equals(cardinality(A), cardinality(B))), not(and(subset_eq(A, B), subset_eq(B, A))))",94712438422a4b07ac790803083945b4
"or(greater_than(cardinality(A), cardinality(B)), and(not(subset_eq(B, A)), subset_eq(A, difference(A, B))))",3aea500f78674441a0f8be4223531085
"or(greater_than(cardinality(A), cardinality(B)), and(not(subset_eq(B, A)), subset_eq(A, difference(A, B))))",30ead0bb973144728c2e46701a971591
"or(greater_than(cardinality(A), cardinality(B)), and(not(subset_eq(B, A)), subset_eq(A, difference(A, B))))",3aea500f78674441a0f8be4223531085
"or(greater_than(cardinality(B), cardinality(A)), and(not(subset_eq(A, B)), subset_eq(A, difference(A, B))))",e4766ffc46fc48928a17f9e66d0da60a
"or(greater_than(cardinality(B), cardinality(A)), and(not(subset_eq(A, B)), subset_eq(A, difference(A, B))))",19d123279bb34f8aa477ae89ba10ad42
"or(greater_than(cardinality(B), cardinality(A)), and(not(subset_eq(A, B)), subset_eq(A, difference(A, B))))",e4766ffc46fc48928a17f9e66d0da60a
"or(greater_than(cardinality(B), cardinality(A)), and(not(subset_eq(A, B)), subset_eq(B, difference(A, A))))",e9fa79b4875445fa873d74a88702333c
"or(greater_than(cardinality(B), cardinality(A)), and(not(subset_eq(A, B)), subset_eq(B, difference(A, A))))",7604948a21b142ebbbe8e0318f7b0c43
"or(greater_than(cardinality(B), cardinality(A)), and(not(subset_eq(A, B)), subset_eq(B, difference(A, A))))",e9fa79b4875445fa873d74a88702333c
"not(or(and(subset_eq(A, B), subset_eq(B, A)), subset_eq(A, difference(A, A))))",dce74ab523224cac9bd97cd96089722f
"not(or(and(subset_eq(A, B), subset_eq(B, A)), subset_eq(A, difference(A, B))))",fc5444a0e6bc46c2b9f5c8f957078205
"not(or(and(subset_eq(A, B), subset_eq(B, A)), subset_eq(B, difference(A, A))))",b81b71bfa20446c9ae1472c8c2b426ea
"and(not(equals(cardinality(A), cardinality(B))), subset_eq(A, index(cardinality(B), A)))",3fd1696a3ae848769b30ac34f1b1e660
"and(not(and(subset_eq(A, B), subset_eq(B, A))), subset_eq(A, index(cardinality(B), union(A, B))))",ab934303ec7e4167ab9b011cb296badc
"and(not(equals(cardinality(A), cardinality(B))), subset_eq(B, index(cardinality(A), B)))",af35f60b05f347108cbce607e6f2ce44
"and(not(and(subset_eq(A, B), subset_eq(B, A))), subset_eq(B, index(cardinality(A), union(A, B))))",81a17cb0e12241f6a77df3f191234b41
"and(not(and(subset_eq(A, B), subset_eq(B, A))), subset_eq(intersection(A, B), index(cardinality(A), B)))",4644676f0593440ca4bfc22a5b9aa8c4
"and(not(and(subset_eq(A, B), subset_eq(B, A))), subset_eq(intersection(A, B), index(cardinality(A), B)))",28c3aabb3aaa4679aed9964a2eb50271
"and(not(and(subset_eq(A, B), subset_eq(B, A))), subset_eq(intersection(A, B), index(cardinality(A), B)))",4644676f0593440ca4bfc22a5b9aa8c4
"and(not(and(subset_eq(A, B), subset_eq(B, A))), subset_eq(intersection(A, B), index(cardinality(B), A)))",375ca56f72ca40a885677c9dfcc38848
"and(not(and(subset_eq(A, B), subset_eq(B, A))), subset_eq(intersection(A, B), index(cardinality(B), A)))",2c2547697fcb4c5888b5c78cc3e2c387
"and(not(and(subset_eq(A, B), subset_eq(B, A))), subset_eq(intersection(A, B), index(cardinality(B), A)))",375ca56f72ca40a885677c9dfcc38848
"and(not(and(subset_eq(A, B), subset_eq(B, A))), subset_eq(intersection(A, B), index(cardinality(A), union(A, B))))",9b992fd9fb9d4761b2cf76d33712f2fd
"and(not(and(subset_eq(A, B), subset_eq(B, A))), subset_eq(intersection(A, B), index(cardinality(A), union(A, B))))",b358f6363b5045388a81141eded3cc61
"and(not(and(subset_eq(A, B), subset_eq(B, A))), subset_eq(intersection(A, B), index(cardinality(A), union(A, B))))",9b992fd9fb9d4761b2cf76d33712f2fd
"and(not(and(subset_eq(A, B), subset_eq(B, A))), subset_eq(intersection(A, B), index(cardinality(B), union(A, B))))",d2371ccb211b4671a4e9850c6ddfa859
"and(not(and(subset_eq(A, B), subset_eq(B, A))), subset_eq(intersection(A, B), index(cardinality(B), union(A, B))))",681e9e6f894e4263b058f318f119faac
"and(not(and(subset_eq(A, B), subset_eq(B, A))), subset_eq(intersection(A, B), index(cardinality(B), union(A, B))))",d2371ccb211b4671a4e9850c6ddfa859
"and(not(equals(cardinality(A), cardinality(B))), subset_eq(difference(A, B), index(cardinality(B), A)))",4ed3b92aff234a4588d9629157d79a2e
"and(not(equals(cardinality(A), cardinality(B))), subset_eq(difference(A, B), index(cardinality(B), A)))",fbc6f4139cd34a02a8836e52af842288
"and(not(equals(cardinality(A), cardinality(B))), subset_eq(difference(A, B), index(cardinality(B), A)))",4ed3b92aff234a4588d9629157d79a2e
"and(not(and(subset_eq(A, B), subset_eq(B, A))), subset_eq(difference(A, B), index(cardinality(B), union(A, B))))",e840e01262394d43816747cbf65e6e2b
"and(not(and(subset_eq(A, B), subset_eq(B, A))), subset_eq(difference(A, B), index(cardinality(B), union(A, B))))",eb9e590382884429ac23239565c1e308
"and(not(and(subset_eq(A, B), subset_eq(B, A))), subset_eq(difference(A, B), index(cardinality(B), union(A, B))))",e840e01262394d43816747cbf65e6e2b
"and(not(equals(cardinality(A), cardinality(B))), subset_eq(difference(A, B), index(cardinality(B), difference(A, B))))",0dd046c174c14b888c94965b2df8619a
"and(not(equals(cardinality(A), cardinality(B))), subset_eq(difference(A, B), index(cardinality(B), difference(A, B))))",19ff6ee766f348f883f368534fa25f86
"and(not(equals(cardinality(A), cardinality(B))), subset_eq(difference(A, B), index(cardinality(B), difference(A, B))))",0dd046c174c14b888c94965b2df8619a
"and(not(equals(cardinality(A), cardinality(B))), subset_eq(difference(B, A), index(cardinality(A), B)))",6a281751f74340df870010f182786e1d
"and(not(equals(cardinality(A), cardinality(B))), subset_eq(difference(B, A), index(cardinality(A), B)))",5a8ad9c195f2404fa825628b3f0dbb8a
"and(not(equals(cardinality(A), cardinality(B))), subset_eq(difference(B, A), index(cardinality(A), B)))",6a281751f74340df870010f182786e1d
"and(not(and(subset_eq(A, B), subset_eq(B, A))), subset_eq(difference(B, A), index(cardinality(A), union(A, B))))",9d38df70f24d4917b1d54cf03a338999
"and(not(and(subset_eq(A, B), subset_eq(B, A))), subset_eq(difference(B, A), index(cardinality(A), union(A, B))))",26d45426d4ea4c599e5be147a76e3bfb
"and(not(and(subset_eq(A, B), subset_eq(B, A))), subset_eq(difference(B, A), index(cardinality(A), union(A, B))))",9d38df70f24d4917b1d54cf03a338999
"and(not(equals(cardinality(A), cardinality(B))), subset_eq(difference(B, A), index(cardinality(A), difference(B, A))))",f4840a7af6b646538e54a5a0b74113a3
"and(not(equals(cardinality(A), cardinality(B))), subset_eq(difference(B, A), index(cardinality(A), difference(B, A))))",7d4de574229a43f7b657588da104d872
"and(not(equals(cardinality(A), cardinality(B))), subset_eq(difference(B, A), index(cardinality(A), difference(B, A))))",f4840a7af6b646538e54a5a0b74113a3
"and(not(and(subset_eq(A, B), subset_eq(B, A))), subset_eq(index(cardinality(A), B), A))",d6d03fd52a5d4f1a9533df0ccd400158
"and(not(and(subset_eq(A, B), subset_eq(B, A))), subset_eq(index(cardinality(A), B), A))",3c768316e542446990267d431421597f
"and(not(and(subset_eq(A, B), subset_eq(B, A))), subset_eq(index(cardinality(A), B), A))",d6d03fd52a5d4f1a9533df0ccd400158
"and(not(and(subset_eq(A, B), subset_eq(B, A))), subset_eq(index(cardinality(B), A), B))",b3efe1a6a6514dea89af018ae35829a1
"and(not(and(subset_eq(A, B), subset_eq(B, A))), subset_eq(index(cardinality(B), A), B))",3bb878d12c1749aca8cb59c1c2699f03
"and(not(and(subset_eq(A, B), subset_eq(B, A))), subset_eq(index(cardinality(B), A), B))",b3efe1a6a6514dea89af018ae35829a1
"and(not(and(subset_eq(A, B), subset_eq(B, A))), subset_eq(index(cardinality(A), union(A, B)), A))",0cd3a41faa4e4f30907d6378c31d2974
"and(not(and(subset_eq(A, B), subset_eq(B, A))), subset_eq(index(cardinality(A), union(A, B)), A))",81ead1344cd74f62a759a279773164e9
"and(not(and(subset_eq(A, B), subset_eq(B, A))), subset_eq(index(cardinality(A), union(A, B)), A))",0cd3a41faa4e4f30907d6378c31d2974
"and(not(and(subset_eq(A, B), subset_eq(B, A))), subset_eq(index(cardinality(A), union(A, B)), B))",06bd6bba20a54c8cb188084b1272748c
"and(not(and(subset_eq(A, B), subset_eq(B, A))), subset_eq(index(cardinality(A), union(A, B)), B))",a68d4ddde2aa4b6b96b5f366d03af310
"and(not(and(subset_eq(A, B), subset_eq(B, A))), subset_eq(index(cardinality(A), union(A, B)), B))",06bd6bba20a54c8cb188084b1272748c
"and(not(and(subset_eq(A, B), subset_eq(B, A))), subset_eq(index(cardinality(A), difference(B, A)), A))",ec3f8867aedd40a0aae4264493b3248b
"and(not(and(subset_eq(A, B), subset_eq(B, A))), subset_eq(index(cardinality(A), difference(B, A)), A))",de1bb3628f3940ada424c5f7a84fb63a
"and(not(and(subset_eq(A, B), subset_eq(B, A))), subset_eq(index(cardinality(A), difference(B, A)), A))",ec3f8867aedd40a0aae4264493b3248b
"and(not(and(subset_eq(A, B), subset_eq(B, A))), subset_eq(index(cardinality(B), union(A, B)), A))",a5528dc70de64c4da836873e4b9522f5
"and(not(and(subset_eq(A, B), subset_eq(B, A))), subset_eq(index(cardinality(B), union(A, B)), A))",58dc6b464356466781bac287223019c8
"and(not(and(subset_eq(A, B), subset_eq(B, A))), subset_eq(index(cardinality(B), union(A, B)), A))",a5528dc70de64c4da836873e4b9522f5
"and(not(and(subset_eq(A, B), subset_eq(B, A))), subset_eq(index(cardinality(B), union(A, B)), B))",f815dd42988e4b9e813ef7e8e101eb2c
"and(not(and(subset_eq(A, B), subset_eq(B, A))), subset_eq(index(cardinality(B), union(A, B)), B))",543a55caecc94e938e0948f7f2202a8b
"and(not(and(subset_eq(A, B), subset_eq(B, A))), subset_eq(index(cardinality(B), union(A, B)), B))",f815dd42988e4b9e813ef7e8e101eb2c
"and(not(and(subset_eq(A, B), subset_eq(B, A))), subset_eq(index(cardinality(B), difference(A, B)), B))",0983649bce1349c68490c4fc809729cd
"and(not(and(subset_eq(A, B), subset_eq(B, A))), subset_eq(index(cardinality(B), difference(A, B)), B))",62ec7e06b2f2445eba92327918aaf630
"and(not(and(subset_eq(A, B), subset_eq(B, A))), subset_eq(index(cardinality(B), difference(A, B)), B))",0983649bce1349c68490c4fc809729cd
"and(not(and(subset_eq(A, B), subset_eq(B, A))), subset_eq(index(cardinality(A), B), difference(B, A)))",cab5be4087e9485d9d8be15272f4e5f8
"and(not(and(subset_eq(A, B), subset_eq(B, A))), subset_eq(index(cardinality(A), B), difference(B, A)))",82c96dada9bc4631928346191b485f24
"and(not(and(subset_eq(A, B), subset_eq(B, A))), subset_eq(index(cardinality(A), B), difference(B, A)))",cab5be4087e9485d9d8be15272f4e5f8
"and(not(and(subset_eq(A, B), subset_eq(B, A))), subset_eq(index(cardinality(B), A), difference(A, B)))",b7e311f4faad4a13898a018709645cc4
"and(not(and(subset_eq(A, B), subset_eq(B, A))), subset_eq(index(cardinality(B), A), difference(A, B)))",57b45511366546d49c0e1a91e6d80bfa
"and(not(and(subset_eq(A, B), subset_eq(B, A))), subset_eq(index(cardinality(B), A), difference(A, B)))",b7e311f4faad4a13898a018709645cc4
"and(not(and(subset_eq(A, B), subset_eq(B, A))), subset_eq(index(cardinality(A), union(A, B)), intersection(A, B)))",0d23ab49243a47c5bc664e3cecf0e779
"and(not(and(subset_eq(A, B), subset_eq(B, A))), subset_eq(index(cardinality(A), union(A, B)), intersection(A, B)))",c58f83b2aa964486b30ace907856012d
"and(not(and(subset_eq(A, B), subset_eq(B, A))), subset_eq(index(cardinality(A), union(A, B)), intersection(A, B)))",0d23ab49243a47c5bc664e3cecf0e779
"and(not(and(subset_eq(A, B), subset_eq(B, A))), subset_eq(index(cardinality(A), union(A, B)), difference(B, A)))",607aa60cafc94a6b847d1f14aae0c694
"and(not(and(subset_eq(A, B), subset_eq(B, A))), subset_eq(index(cardinality(A), union(A, B)), difference(B, A)))",7f9be5479f71417c93c2100690e7b83c
"and(not(and(subset_eq(A, B), subset_eq(B, A))), subset_eq(index(cardinality(A), union(A, B)), difference(B, A)))",607aa60cafc94a6b847d1f14aae0c694
"and(not(and(subset_eq(A, B), subset_eq(B, A))), subset_eq(index(cardinality(B), union(A, B)), intersection(A, B)))",207392873db842e3aae3d943e9e833b1
"and(not(and(subset_eq(A, B), subset_eq(B, A))), subset_eq(index(cardinality(B), union(A, B)), intersection(A, B)))",160a7448eb5a47a88ed53fd4902e3a36
"and(not(and(subset_eq(A, B), subset_eq(B, A))), subset_eq(index(cardinality(B), union(A, B)), intersection(A, B)))",207392873db842e3aae3d943e9e833b1
"and(not(and(subset_eq(A, B), subset_eq(B, A))), subset_eq(index(cardinality(B), union(A, B)), difference(A, B)))",5f9f63489f444141844699e4f7b18b13
"and(not(and(subset_eq(A, B), subset_eq(B, A))), subset_eq(index(cardinality(B), union(A, B)), difference(A, B)))",713d540b41674380b3529ffdbf306d65
"and(not(and(subset_eq(A, B), subset_eq(B, A))), subset_eq(index(cardinality(B), union(A, B)), difference(A, B)))",5f9f63489f444141844699e4f7b18b13
"and(not(and(subset_eq(A, B), subset_eq(B, A))), subset_eq(index(cardinality(A), B), index(cardinality(A), union(A, B))))",e29c9e55981e424aab876312df734cdb
"and(not(and(subset_eq(A, B), subset_eq(B, A))), subset_eq(index(cardinality(A), B), index(cardinality(A), union(A, B))))",86dc59c370bf4f0089b189ff05b97855
"and(not(and(subset_eq(A, B), subset_eq(B, A))), subset_eq(index(cardinality(A), B), index(cardinality(A), union(A, B))))",e29c9e55981e424aab876312df734cdb
"and(not(and(subset_eq(A, B), subset_eq(B, A))), subset_eq(index(cardinality(A), B), index(cardinality(A), difference(B, A))))",54be22ec858b494daf6e8d83a3755c2f
"and(not(and(subset_eq(A, B), subset_eq(B, A))), subset_eq(index(cardinality(A), B), index(cardinality(A), difference(B, A))))",2fc3c004ecf2435eb53dcf36497975ab
"and(not(and(subset_eq(A, B), subset_eq(B, A))), subset_eq(index(cardinality(A), B), index(cardinality(A), difference(B, A))))",54be22ec858b494daf6e8d83a3755c2f
"and(not(and(subset_eq(A, B), subset_eq(B, A))), subset_eq(index(cardinality(B), A), index(cardinality(B), union(A, B))))",233d44ba257f47cba544be7d065479ba
"and(not(and(subset_eq(A, B), subset_eq(B, A))), subset_eq(index(cardinality(B), A), index(cardinality(B), union(A, B))))",ba86627d0fa2488794d67c915cd66676
"and(not(and(subset_eq(A, B), subset_eq(B, A))), subset_eq(index(cardinality(B), A), index(cardinality(B), union(A, B))))",233d44ba257f47cba544be7d065479ba
"and(not(and(subset_eq(A, B), subset_eq(B, A))), subset_eq(index(cardinality(B), A), index(cardinality(B), difference(A, B))))",43c7f85956a84f509951f1732733c187
"and(not(and(subset_eq(A, B), subset_eq(B, A))), subset_eq(index(cardinality(B), A), index(cardinality(B), difference(A, B))))",37f80aa6188a40298528ab9c495d034e
"and(not(and(subset_eq(A, B), subset_eq(B, A))), subset_eq(index(cardinality(B), A), index(cardinality(B), difference(A, B))))",43c7f85956a84f509951f1732733c187
"and(not(and(subset_eq(A, B), subset_eq(B, A))), subset_eq(index(cardinality(A), union(A, B)), union(difference(A, B), difference(B, A))))",45fe50f7e5fc458390dfea6073792cdd
"and(not(and(subset_eq(A, B), subset_eq(B, A))), subset_eq(index(cardinality(A), union(A, B)), union(difference(A, B), difference(B, A))))",bd43f7eeb34240aa94873ff34ae1e030
"and(not(and(subset_eq(A, B), subset_eq(B, A))), subset_eq(index(cardinality(A), union(A, B)), union(difference(A, B), difference(B, A))))",45fe50f7e5fc458390dfea6073792cdd
"and(not(equals(cardinality(A), cardinality(B))), subset_eq(index(cardinality(A), union(A, B)), index(cardinality(A), B)))",59cce4b911ac4665af241e49dbd03c6f
"and(not(equals(cardinality(A), cardinality(B))), subset_eq(index(cardinality(A), union(A, B)), index(cardinality(A), B)))",ef9c7ce80d194026963b0f9c1ae4dd1f
"and(not(equals(cardinality(A), cardinality(B))), subset_eq(index(cardinality(A), union(A, B)), index(cardinality(A), B)))",59cce4b911ac4665af241e49dbd03c6f
"and(not(equals(cardinality(A), cardinality(B))), subset_eq(index(cardinality(A), union(A, B)), index(cardinality(A), difference(B, A))))",6e7a0a1bb5f04cd89875335723311716
"and(not(equals(cardinality(A), cardinality(B))), subset_eq(index(cardinality(A), union(A, B)), index(cardinality(A), difference(B, A))))",cc5bee1ad4fc4ad1b4936bdf2712d555
"and(not(equals(cardinality(A), cardinality(B))), subset_eq(index(cardinality(A), union(A, B)), index(cardinality(A), difference(B, A))))",6e7a0a1bb5f04cd89875335723311716
"and(not(and(subset_eq(A, B), subset_eq(B, A))), subset_eq(index(cardinality(A), difference(B, A)), index(cardinality(A), B)))",5fb25260af99439e8276451de78a9059
"and(not(and(subset_eq(A, B), subset_eq(B, A))), subset_eq(index(cardinality(A), difference(B, A)), index(cardinality(A), B)))",04ecb04e3a5349c3bfd59d55422708ab
"and(not(and(subset_eq(A, B), subset_eq(B, A))), subset_eq(index(cardinality(A), difference(B, A)), index(cardinality(A), B)))",5fb25260af99439e8276451de78a9059
"and(not(and(subset_eq(A, B), subset_eq(B, A))), subset_eq(index(cardinality(A), difference(B, A)), index(cardinality(A), union(A, B))))",55a68821314b419c88ed593264335080
"and(not(and(subset_eq(A, B), subset_eq(B, A))), subset_eq(index(cardinality(A), difference(B, A)), index(cardinality(A), union(A, B))))",190ed55b9e184e4789b10d25eab4faa3
"and(not(and(subset_eq(A, B), subset_eq(B, A))), subset_eq(index(cardinality(A), difference(B, A)), index(cardinality(A), union(A, B))))",55a68821314b419c88ed593264335080
"and(not(and(subset_eq(A, B), subset_eq(B, A))), subset_eq(index(cardinality(A), difference(B, A)), index(cardinality(B), union(A, B))))",54d5dd876f8645979ab3f56b1d1607c3
"and(not(and(subset_eq(A, B), subset_eq(B, A))), subset_eq(index(cardinality(A), difference(B, A)), index(cardinality(B), union(A, B))))",3bd1745cc80944fc96b1001b358eb80a
"and(not(and(subset_eq(A, B), subset_eq(B, A))), subset_eq(index(cardinality(A), difference(B, A)), index(cardinality(B), union(A, B))))",54d5dd876f8645979ab3f56b1d1607c3
"and(not(and(subset_eq(A, B), subset_eq(B, A))), subset_eq(index(cardinality(B), union(A, B)), union(difference(A, B), difference(B, A))))",bba5fea4b6ab4f1bbc32236abf12edd9
"and(not(and(subset_eq(A, B), subset_eq(B, A))), subset_eq(index(cardinality(B), union(A, B)), union(difference(A, B), difference(B, A))))",37376be26b934c62b1c4fbe97203c712
"and(not(and(subset_eq(A, B), subset_eq(B, A))), subset_eq(index(cardinality(B), union(A, B)), union(difference(A, B), difference(B, A))))",bba5fea4b6ab4f1bbc32236abf12edd9
"and(not(equals(cardinality(A), cardinality(B))), subset_eq(index(cardinality(B), union(A, B)), index(cardinality(B), A)))",cef53109eea24ffaaf6f6fd70b5d77df
"and(not(equals(cardinality(A), cardinality(B))), subset_eq(index(cardinality(B), union(A, B)), index(cardinality(B), A)))",010355f4fe984e26b9afa32a92e62eb2
"and(not(equals(cardinality(A), cardinality(B))), subset_eq(index(cardinality(B), union(A, B)), index(cardinality(B), A)))",cef53109eea24ffaaf6f6fd70b5d77df
"and(not(equals(cardinality(A), cardinality(B))), subset_eq(index(cardinality(B), union(A, B)), index(cardinality(B), difference(A, B))))",8e125eb119e64cac96279f8d43e7cd2b
"and(not(equals(cardinality(A), cardinality(B))), subset_eq(index(cardinality(B), union(A, B)), index(cardinality(B), difference(A, B))))",772c67e02f1c497fb13c08064fa62ff3
"and(not(equals(cardinality(A), cardinality(B))), subset_eq(index(cardinality(B), union(A, B)), index(cardinality(B), difference(A, B))))",8e125eb119e64cac96279f8d43e7cd2b
"and(not(and(subset_eq(A, B), subset_eq(B, A))), subset_eq(index(cardinality(B), difference(A, B)), index(cardinality(B), A)))",920f4932050c4ff78e62b418fda253ef
"and(not(and(subset_eq(A, B), subset_eq(B, A))), subset_eq(index(cardinality(B), difference(A, B)), index(cardinality(B), A)))",60cc5a8ac9d0493cb5facbf5e7caad78
"and(not(and(subset_eq(A, B), subset_eq(B, A))), subset_eq(index(cardinality(B), difference(A, B)), index(cardinality(B), A)))",920f4932050c4ff78e62b418fda253ef
"and(not(and(subset_eq(A, B), subset_eq(B, A))), subset_eq(index(cardinality(B), difference(A, B)), index(cardinality(A), union(A, B))))",8ab1d3e0174a4b1ba184cf4ad7e04759
"and(not(and(subset_eq(A, B), subset_eq(B, A))), subset_eq(index(cardinality(B), difference(A, B)), index(cardinality(A), union(A, B))))",cc680a9bc8a44048b2db759c7de270f1
"and(not(and(subset_eq(A, B), subset_eq(B, A))), subset_eq(index(cardinality(B), difference(A, B)), index(cardinality(A), union(A, B))))",8ab1d3e0174a4b1ba184cf4ad7e04759
"and(not(and(subset_eq(A, B), subset_eq(B, A))), subset_eq(index(cardinality(B), difference(A, B)), index(cardinality(B), union(A, B))))",b36dab52dac24fbc86a9e3b01b9ec730
"and(not(and(subset_eq(A, B), subset_eq(B, A))), subset_eq(index(cardinality(B), difference(A, B)), index(cardinality(B), union(A, B))))",31a370d6ae2446d9823a63665b7adeaa
"and(not(and(subset_eq(A, B), subset_eq(B, A))), subset_eq(index(cardinality(B), difference(A, B)), index(cardinality(B), union(A, B))))",b36dab52dac24fbc86a9e3b01b9ec730
"and(not(subset_eq(B, difference(A, A))), equals(cardinality(intersection(A, B)), cardinality(difference(A, B))))",8320fcf288c94dfa8989e95434f98b03
"and(not(subset_eq(B, difference(A, A))), equals(cardinality(intersection(A, B)), cardinality(difference(A, B))))",be21bb353ae64588957fd19a086e1124
"and(not(subset_eq(B, difference(A, A))), equals(cardinality(intersection(A, B)), cardinality(difference(A, B))))",8320fcf288c94dfa8989e95434f98b03
"and(not(subset_eq(A, difference(A, A))), equals(cardinality(intersection(A, B)), cardinality(difference(B, A))))",f4685b167677423495d29b7946cc33b6
"and(not(subset_eq(A, difference(A, A))), equals(cardinality(intersection(A, B)), cardinality(difference(B, A))))",ac22e277ef564853afd8985b857d2393
"and(not(subset_eq(A, difference(A, A))), equals(cardinality(intersection(A, B)), cardinality(difference(B, A))))",f4685b167677423495d29b7946cc33b6
"and(not(and(subset_eq(A, B), subset_eq(B, A))), greater_than(cardinality(A), cardinality(difference(B, A))))",6a3ac9b9192a46e19aaaf51faa00b261
"and(not(and(subset_eq(A, B), subset_eq(B, A))), greater_than(cardinality(A), cardinality(difference(B, A))))",603beab407eb4847b0a4794885f5e893
"and(not(and(subset_eq(A, B), subset_eq(B, A))), greater_than(cardinality(A), cardinality(difference(B, A))))",6a3ac9b9192a46e19aaaf51faa00b261
"and(not(and(subset_eq(A, B), subset_eq(B, A))), greater_than(cardinality(B), cardinality(difference(A, B))))",d73ecc638849489bbcb584d1dac1a033
"and(not(and(subset_eq(A, B), subset_eq(B, A))), greater_than(cardinality(B), cardinality(difference(A, B))))",168cc8511dc843d6970ee2f5feb06360
"and(not(and(subset_eq(A, B), subset_eq(B, A))), greater_than(cardinality(B), cardinality(difference(A, B))))",d73ecc638849489bbcb584d1dac1a033
"and(not(and(subset_eq(A, B), subset_eq(B, A))), greater_than(cardinality(intersection(A, B)), cardinality(difference(A, B))))",39559824f5f74e0bba0b17541bcf1095
"and(not(and(subset_eq(A, B), subset_eq(B, A))), greater_than(cardinality(intersection(A, B)), cardinality(difference(A, B))))",3c9f64e5142b4c969bedef8ad2fd5920
"and(not(and(subset_eq(A, B), subset_eq(B, A))), greater_than(cardinality(intersection(A, B)), cardinality(difference(A, B))))",39559824f5f74e0bba0b17541bcf1095
"and(not(and(subset_eq(A, B), subset_eq(B, A))), greater_than(cardinality(intersection(A, B)), cardinality(difference(B, A))))",5857c299c5844be688518e694ec20763
"and(not(and(subset_eq(A, B), subset_eq(B, A))), greater_than(cardinality(intersection(A, B)), cardinality(difference(B, A))))",534f3829ab1b4b4db021fdb131d7f11e
"and(not(and(subset_eq(A, B), subset_eq(B, A))), greater_than(cardinality(intersection(A, B)), cardinality(difference(B, A))))",5857c299c5844be688518e694ec20763
"or(subset_eq(A, difference(A, B)), not(or(subset_eq(A, B), subset_eq(B, A))))",43fd961ce084491a81e19bdd4769edeb
"or(subset_eq(A, difference(A, B)), not(or(subset_eq(A, B), subset_eq(B, A))))",735e12768488467189594b52824212c1
"or(subset_eq(A, difference(A, B)), not(or(subset_eq(A, B), subset_eq(B, A))))",43fd961ce084491a81e19bdd4769edeb
"or(subset_eq(A, difference(A, B)), and(not(subset_eq(A, B)), equals(cardinality(A), cardinality(B))))",e707839881c74c0ca9a75a22d4882653
"or(subset_eq(A, difference(A, B)), and(not(subset_eq(A, B)), equals(cardinality(A), cardinality(B))))",4ace1637c2574ddab14b8a5e968d792a
"or(subset_eq(A, difference(A, B)), and(not(subset_eq(A, B)), equals(cardinality(A), cardinality(B))))",e707839881c74c0ca9a75a22d4882653
"or(subset_eq(A, difference(A, B)), and(not(subset_eq(A, B)), greater_than(cardinality(B), cardinality(A))))",109a0892903341eab8a59e45a0fb3285
"or(subset_eq(A, difference(A, B)), and(not(subset_eq(A, B)), greater_than(cardinality(B), cardinality(A))))",ace252e8633b4ff7b857d5ce6a713559
"or(subset_eq(A, difference(A, B)), and(not(subset_eq(A, B)), greater_than(cardinality(B), cardinality(A))))",109a0892903341eab8a59e45a0fb3285
"and(or(not(subset_eq(A, B)), subset_eq(A, difference(A, A))), or(subset_eq(B, difference(A, A)), greater_than(cardinality(B), cardinality(A))))",6e473e8c92c94bf79baddae5182ed590
"and(or(not(subset_eq(A, B)), subset_eq(A, difference(A, A))), or(subset_eq(B, difference(A, A)), greater_than(cardinality(B), cardinality(A))))",5c3ad3f36bf2448ca91e8f84921f77ec
"and(or(not(subset_eq(A, B)), subset_eq(A, difference(A, A))), or(subset_eq(B, difference(A, A)), greater_than(cardinality(B), cardinality(A))))",6e473e8c92c94bf79baddae5182ed590
"and(or(not(subset_eq(A, B)), subset_eq(A, difference(A, A))), not(greater_than(cardinality(B), cardinality(A))))",b0baa52f4633423ebeea6ec9b571d1cf
"and(or(not(subset_eq(A, B)), subset_eq(A, difference(A, A))), not(greater_than(cardinality(B), cardinality(A))))",cb43da5347f94fb9bd556904b679d9f8
"and(or(not(subset_eq(A, B)), subset_eq(A, difference(A, A))), not(greater_than(cardinality(B), cardinality(A))))",b0baa52f4633423ebeea6ec9b571d1cf
"and(or(not(subset_eq(A, B)), subset_eq(A, difference(A, A))), not(greater_than(cardinality(A), cardinality(B))))",9c6d345b1e3642a28b2e0ba406c410c6
"and(or(not(subset_eq(A, B)), subset_eq(A, difference(A, A))), not(greater_than(cardinality(A), cardinality(B))))",41f0ed1a4e6d423098143f932e5bdc8f
"and(or(not(subset_eq(A, B)), subset_eq(A, difference(A, A))), not(greater_than(cardinality(A), cardinality(B))))",9c6d345b1e3642a28b2e0ba406c410c6
"and(or(not(subset_eq(A, B)), subset_eq(A, difference(A, A))), not(equals(cardinality(A), cardinality(B))))",0f9c85b99de342cdb1721672c935e079
"and(or(not(subset_eq(A, B)), subset_eq(A, difference(A, A))), not(equals(cardinality(A), cardinality(B))))",865522a8b48b4d71a13951fb9051b44d
"and(or(not(subset_eq(A, B)), subset_eq(A, difference(A, A))), not(equals(cardinality(A), cardinality(B))))",0f9c85b99de342cdb1721672c935e079
"and(or(not(subset_eq(A, B)), subset_eq(A, difference(A, A))), not(subset_eq(B, difference(A, A))))",7c6f75ad53314f62ac63560c762ed308
"and(or(not(subset_eq(A, B)), subset_eq(A, difference(A, A))), subset_eq(intersection(A, B), index(cardinality(A), B)))",a2131b1a64744801963a0ccb22c51f91
"and(or(not(subset_eq(A, B)), subset_eq(A, difference(A, A))), subset_eq(intersection(A, B), index(cardinality(A), B)))",5138a47ab51648348c59cac4238fd63a
"and(or(not(subset_eq(A, B)), subset_eq(A, difference(A, A))), subset_eq(intersection(A, B), index(cardinality(A), B)))",a2131b1a64744801963a0ccb22c51f91
"and(or(not(subset_eq(A, B)), subset_eq(A, difference(A, A))), subset_eq(intersection(A, B), index(cardinality(A), union(A, B))))",f5568eb7ab894d38ba9d7df780d2fe8a
"and(or(not(subset_eq(A, B)), subset_eq(A, difference(A, A))), subset_eq(intersection(A, B), index(cardinality(A), union(A, B))))",64375a820f8746639f98475f7d4d95ce
"and(or(not(subset_eq(A, B)), subset_eq(A, difference(A, A))), subset_eq(intersection(A, B), index(cardinality(A), union(A, B))))",f5568eb7ab894d38ba9d7df780d2fe8a
"and(or(not(subset_eq(A, B)), subset_eq(A, difference(A, A))), subset_eq(difference(A, B), index(cardinality(B), A)))",3a87e297d3014cd682748c773ade4bdc
"and(or(not(subset_eq(A, B)), subset_eq(A, difference(A, A))), subset_eq(difference(A, B), index(cardinality(A), union(A, B))))",fbbc410ec5b64c7f980425a0352e2c96
"and(or(not(subset_eq(A, B)), subset_eq(A, difference(A, A))), subset_eq(difference(A, B), index(cardinality(A), union(A, B))))",21192085ccb647ceb34cd32699843372
"and(or(not(subset_eq(A, B)), subset_eq(A, difference(A, A))), subset_eq(difference(A, B), index(cardinality(A), union(A, B))))",fbbc410ec5b64c7f980425a0352e2c96
"and(or(not(subset_eq(A, B)), subset_eq(A, difference(A, A))), subset_eq(difference(A, B), index(cardinality(B), union(A, B))))",0ef49f47bdbc421681b15d2c48c54fb9
"and(or(not(subset_eq(A, B)), subset_eq(A, difference(A, A))), subset_eq(difference(A, B), index(cardinality(B), union(A, B))))",d0d2a3655f95473eb928869bcf1de7da
"and(or(not(subset_eq(A, B)), subset_eq(A, difference(A, A))), subset_eq(difference(A, B), index(cardinality(B), union(A, B))))",0ef49f47bdbc421681b15d2c48c54fb9
"or(and(subset_eq(B, A), not(subset_eq(A, B))), subset_eq(B, index(cardinality(A), B)))",cd9a8bbc682e401baa44d3a514a7f0fb
"or(and(subset_eq(B, A), not(subset_eq(A, B))), subset_eq(B, index(cardinality(A), B)))",d546cf72809f4ab29bca085bcc04c081
"or(and(subset_eq(B, A), not(subset_eq(A, B))), subset_eq(B, index(cardinality(A), B)))",cd9a8bbc682e401baa44d3a514a7f0fb
"and(or(not(subset_eq(A, B)), subset_eq(A, difference(A, A))), subset_eq(difference(B, A), index(cardinality(A), union(A, B))))",6eb08d67fe1e4c808c963b5a5e003ccf
"and(or(not(subset_eq(A, B)), subset_eq(A, difference(A, A))), subset_eq(difference(B, A), index(cardinality(A), union(A, B))))",76c2ad25c2e142d2b238dfd99a86ef16
"and(or(not(subset_eq(A, B)), subset_eq(A, difference(A, A))), subset_eq(difference(B, A), index(cardinality(A), union(A, B))))",6eb08d67fe1e4c808c963b5a5e003ccf
"and(or(not(subset_eq(A, B)), subset_eq(A, difference(A, A))), subset_eq(difference(B, A), index(cardinality(B), union(A, B))))",b6749ef42140462c8da56e242ae4dba6
"and(or(not(subset_eq(A, B)), subset_eq(A, difference(A, A))), subset_eq(difference(B, A), index(cardinality(B), union(A, B))))",ff3ab577f354450ba547681206e2a10a
"and(or(not(subset_eq(A, B)), subset_eq(A, difference(A, A))), subset_eq(difference(B, A), index(cardinality(B), union(A, B))))",b6749ef42140462c8da56e242ae4dba6
"and(or(not(subset_eq(A, B)), subset_eq(A, difference(A, A))), subset_eq(index(cardinality(A), B), A))",73ff6b8626eb45208e2905a9d54fa976
"and(or(not(subset_eq(A, B)), subset_eq(A, difference(A, A))), subset_eq(index(cardinality(A), B), A))",ec73851b7b70497abcd3b85008fa842d
"and(or(not(subset_eq(A, B)), subset_eq(A, difference(A, A))), subset_eq(index(cardinality(A), B), A))",73ff6b8626eb45208e2905a9d54fa976
"and(or(not(subset_eq(A, B)), subset_eq(A, difference(A, A))), subset_eq(index(cardinality(B), A), B))",d3e99f15cbb94f24b5601686af368a30
"and(or(not(subset_eq(A, B)), subset_eq(A, difference(A, A))), subset_eq(index(cardinality(B), A), B))",33fb27f941f54e5fb194e952adfda5a1
"and(or(not(subset_eq(A, B)), subset_eq(A, difference(A, A))), subset_eq(index(cardinality(B), A), B))",d3e99f15cbb94f24b5601686af368a30
"and(or(not(subset_eq(A, B)), subset_eq(A, difference(A, A))), subset_eq(index(cardinality(A), union(A, B)), A))",3c191ad625d5488c970560d411851102
"and(or(not(subset_eq(A, B)), subset_eq(A, difference(A, A))), subset_eq(index(cardinality(A), union(A, B)), A))",6589706957b54242ac6141e16ce8987e
"and(or(not(subset_eq(A, B)), subset_eq(A, difference(A, A))), subset_eq(index(cardinality(A), union(A, B)), A))",3c191ad625d5488c970560d411851102
"and(or(not(subset_eq(A, B)), subset_eq(A, difference(A, A))), subset_eq(index(cardinality(A), union(A, B)), B))",5448162a01834bfaad323131b6041df3
"and(or(not(subset_eq(A, B)), subset_eq(A, difference(A, A))), subset_eq(index(cardinality(A), union(A, B)), B))",c4637b77a38d4993a9b6e6814926ee22
"and(or(not(subset_eq(A, B)), subset_eq(A, difference(A, A))), subset_eq(index(cardinality(A), union(A, B)), B))",5448162a01834bfaad323131b6041df3
"and(or(not(subset_eq(A, B)), subset_eq(A, difference(A, A))), subset_eq(index(cardinality(A), difference(B, A)), A))",7ed3c89d2ba64843bac4c8a6f5d749bd
"and(or(not(subset_eq(A, B)), subset_eq(A, difference(A, A))), subset_eq(index(cardinality(A), difference(B, A)), A))",0ebe887603bf4d4891b9b7510afc76b9
"and(or(not(subset_eq(A, B)), subset_eq(A, difference(A, A))), subset_eq(index(cardinality(A), difference(B, A)), A))",7ed3c89d2ba64843bac4c8a6f5d749bd
"and(or(not(subset_eq(A, B)), subset_eq(A, difference(A, A))), subset_eq(index(cardinality(B), union(A, B)), A))",05b19a02d308472c9fcaed8945dd5235
"and(or(not(subset_eq(A, B)), subset_eq(A, difference(A, A))), subset_eq(index(cardinality(B), union(A, B)), A))",98d72c88b212421799121e47367f04cc
"and(or(not(subset_eq(A, B)), subset_eq(A, difference(A, A))), subset_eq(index(cardinality(B), union(A, B)), A))",05b19a02d308472c9fcaed8945dd5235
"and(or(not(subset_eq(A, B)), subset_eq(A, difference(A, A))), subset_eq(index(cardinality(B), union(A, B)), B))",53a067db50814f038f15c94e7ddd5ab8
"and(or(not(subset_eq(A, B)), subset_eq(A, difference(A, A))), subset_eq(index(cardinality(B), union(A, B)), B))",06144b1293ee4c308653c87adc3bf72b
"and(or(not(subset_eq(A, B)), subset_eq(A, difference(A, A))), subset_eq(index(cardinality(B), union(A, B)), B))",53a067db50814f038f15c94e7ddd5ab8
"and(or(not(subset_eq(A, B)), subset_eq(A, difference(A, A))), subset_eq(index(cardinality(B), difference(A, B)), B))",2b29bdb146604a28b262e152a2107006
"and(or(not(subset_eq(A, B)), subset_eq(A, difference(A, A))), subset_eq(index(cardinality(B), difference(A, B)), B))",92010834c9bb45ca8ba7117b431b755c
"and(or(not(subset_eq(A, B)), subset_eq(A, difference(A, A))), subset_eq(index(cardinality(B), difference(A, B)), B))",2b29bdb146604a28b262e152a2107006
"and(or(not(subset_eq(A, B)), subset_eq(A, difference(A, A))), subset_eq(index(cardinality(A), B), difference(B, A)))",b81f492398d84f6fb7378079699a4572
"and(or(not(subset_eq(A, B)), subset_eq(A, difference(A, A))), subset_eq(index(cardinality(A), B), difference(B, A)))",b2cc0a8391d84c9c954374d8d8153d51
"and(or(not(subset_eq(A, B)), subset_eq(A, difference(A, A))), subset_eq(index(cardinality(A), B), difference(B, A)))",b81f492398d84f6fb7378079699a4572
"and(or(not(subset_eq(A, B)), subset_eq(A, difference(A, A))), subset_eq(index(cardinality(B), A), difference(A, B)))",a7029fc820a74743b8fdb64d42356fd8
"and(or(not(subset_eq(A, B)), subset_eq(A, difference(A, A))), subset_eq(index(cardinality(B), A), difference(A, B)))",1c4ceac963d149f69bf4bbea7f9b4083
"and(or(not(subset_eq(A, B)), subset_eq(A, difference(A, A))), subset_eq(index(cardinality(B), A), difference(A, B)))",a7029fc820a74743b8fdb64d42356fd8
"and(or(not(subset_eq(A, B)), subset_eq(A, difference(A, A))), subset_eq(index(cardinality(A), union(A, B)), intersection(A, B)))",9c893f6713b1498886c997cbb7314527
"and(or(not(subset_eq(A, B)), subset_eq(A, difference(A, A))), subset_eq(index(cardinality(A), union(A, B)), intersection(A, B)))",28130681ace7483ab172b5e92ff1919f
"and(or(not(subset_eq(A, B)), subset_eq(A, difference(A, A))), subset_eq(index(cardinality(A), union(A, B)), intersection(A, B)))",9c893f6713b1498886c997cbb7314527
"and(or(not(subset_eq(A, B)), subset_eq(A, difference(A, A))), subset_eq(index(cardinality(A), union(A, B)), difference(A, B)))",a8b354331b434cffacadc7e9244ddd05
"and(or(not(subset_eq(A, B)), subset_eq(A, difference(A, A))), subset_eq(index(cardinality(A), union(A, B)), difference(A, B)))",c0a9afa8622e4db0a66e1373d911df6b
"and(or(not(subset_eq(A, B)), subset_eq(A, difference(A, A))), subset_eq(index(cardinality(A), union(A, B)), difference(A, B)))",a8b354331b434cffacadc7e9244ddd05
"and(or(not(subset_eq(A, B)), subset_eq(A, difference(A, A))), subset_eq(index(cardinality(A), union(A, B)), difference(B, A)))",be0cbc2839f94e8391418b5f2f146463
"and(or(not(subset_eq(A, B)), subset_eq(A, difference(A, A))), subset_eq(index(cardinality(A), union(A, B)), difference(B, A)))",aaf01616907c4766a628413ee7ed71a2
"and(or(not(subset_eq(A, B)), subset_eq(A, difference(A, A))), subset_eq(index(cardinality(A), union(A, B)), difference(B, A)))",be0cbc2839f94e8391418b5f2f146463
"and(or(not(subset_eq(A, B)), subset_eq(A, difference(A, A))), subset_eq(index(cardinality(B), union(A, B)), intersection(A, B)))",14149be6524f4d6f856d536de0453863
"and(or(not(subset_eq(A, B)), subset_eq(A, difference(A, A))), subset_eq(index(cardinality(B), union(A, B)), intersection(A, B)))",e305daffe2d346fab89409458e566ca3
"and(or(not(subset_eq(A, B)), subset_eq(A, difference(A, A))), subset_eq(index(cardinality(B), union(A, B)), intersection(A, B)))",14149be6524f4d6f856d536de0453863
"and(or(not(subset_eq(A, B)), subset_eq(A, difference(A, A))), subset_eq(index(cardinality(B), union(A, B)), difference(A, B)))",ca27ff7b0f17441cad5a07ef1e92b535
"and(or(not(subset_eq(A, B)), subset_eq(A, difference(A, A))), subset_eq(index(cardinality(B), union(A, B)), difference(A, B)))",ed106deab4784ed69919590e68c6c6ec
"and(or(not(subset_eq(A, B)), subset_eq(A, difference(A, A))), subset_eq(index(cardinality(B), union(A, B)), difference(A, B)))",ca27ff7b0f17441cad5a07ef1e92b535
"and(or(not(subset_eq(A, B)), subset_eq(A, difference(A, A))), subset_eq(index(cardinality(B), union(A, B)), difference(B, A)))",9236be5715cc422d9ee6010f6a1988eb
"and(or(not(subset_eq(A, B)), subset_eq(A, difference(A, A))), subset_eq(index(cardinality(B), union(A, B)), difference(B, A)))",5b9e2ae0f0f147849f54f44745367a12
"and(or(not(subset_eq(A, B)), subset_eq(A, difference(A, A))), subset_eq(index(cardinality(B), union(A, B)), difference(B, A)))",9236be5715cc422d9ee6010f6a1988eb
"and(or(not(subset_eq(A, B)), subset_eq(B, difference(A, A))), subset_eq(difference(A, B), index(cardinality(B), A)))",869ad550270f413eb6a4d2d512584325
"and(or(not(subset_eq(A, B)), subset_eq(A, difference(A, A))), subset_eq(index(cardinality(A), B), index(cardinality(A), union(A, B))))",88f2f6a4abd546f4ac31afab851aa1a0
"and(or(not(subset_eq(A, B)), subset_eq(A, difference(A, A))), subset_eq(index(cardinality(A), B), index(cardinality(A), union(A, B))))",e2886cf692bc4609b259bf01d94ce5b1
"and(or(not(subset_eq(A, B)), subset_eq(A, difference(A, A))), subset_eq(index(cardinality(A), B), index(cardinality(A), union(A, B))))",88f2f6a4abd546f4ac31afab851aa1a0
"and(or(not(subset_eq(A, B)), subset_eq(A, difference(A, A))), subset_eq(index(cardinality(A), B), index(cardinality(A), difference(B, A))))",d881ec2b594c4ea5ac248b2922d7f4cf
"and(or(not(subset_eq(A, B)), subset_eq(A, difference(A, A))), subset_eq(index(cardinality(A), B), index(cardinality(A), difference(B, A))))",6fbbf1d0f27b42e1b7a92430c3f5f83e
"and(or(not(subset_eq(A, B)), subset_eq(A, difference(A, A))), subset_eq(index(cardinality(A), B), index(cardinality(A), difference(B, A))))",d881ec2b594c4ea5ac248b2922d7f4cf
"and(or(not(subset_eq(A, B)), subset_eq(A, difference(A, A))), subset_eq(index(cardinality(A), B), index(cardinality(B), union(A, B))))",5a4b83b29d904729b392475e8fb9614a
"and(or(not(subset_eq(A, B)), subset_eq(A, difference(A, A))), subset_eq(index(cardinality(A), B), index(cardinality(B), union(A, B))))",2553433270754098ad803dab8a218df0
"and(or(not(subset_eq(A, B)), subset_eq(A, difference(A, A))), subset_eq(index(cardinality(A), B), index(cardinality(B), union(A, B))))",5a4b83b29d904729b392475e8fb9614a
"and(or(not(subset_eq(A, B)), subset_eq(A, difference(A, A))), subset_eq(index(cardinality(B), A), index(cardinality(A), union(A, B))))",b5b8742ad81748d6b720f8dedf57a66b
"and(or(not(subset_eq(A, B)), subset_eq(A, difference(A, A))), subset_eq(index(cardinality(B), A), index(cardinality(A), union(A, B))))",c0b1bd236c2f446c806b61dfa76c83d2
"and(or(not(subset_eq(A, B)), subset_eq(A, difference(A, A))), subset_eq(index(cardinality(B), A), index(cardinality(A), union(A, B))))",b5b8742ad81748d6b720f8dedf57a66b
"and(or(not(subset_eq(A, B)), subset_eq(A, difference(A, A))), subset_eq(index(cardinality(B), A), index(cardinality(B), union(A, B))))",82714da7ba964d09b36cc4cd50701e79
"and(or(not(subset_eq(A, B)), subset_eq(A, difference(A, A))), subset_eq(index(cardinality(B), A), index(cardinality(B), union(A, B))))",247b1a63bc314a9ab5509053be24f134
"and(or(not(subset_eq(A, B)), subset_eq(A, difference(A, A))), subset_eq(index(cardinality(B), A), index(cardinality(B), union(A, B))))",82714da7ba964d09b36cc4cd50701e79
"and(or(not(subset_eq(A, B)), subset_eq(A, difference(A, A))), subset_eq(index(cardinality(B), A), index(cardinality(B), difference(A, B))))",5e8f1e8758cf4b39a62c433fada6d910
"and(or(not(subset_eq(A, B)), subset_eq(A, difference(A, A))), subset_eq(index(cardinality(B), A), index(cardinality(B), difference(A, B))))",224edbb4a4eb4f79afd55a1e183485ff
"and(or(not(subset_eq(A, B)), subset_eq(A, difference(A, A))), subset_eq(index(cardinality(B), A), index(cardinality(B), difference(A, B))))",5e8f1e8758cf4b39a62c433fada6d910
"and(or(not(subset_eq(A, B)), subset_eq(A, difference(A, A))), subset_eq(index(cardinality(A), union(A, B)), union(difference(A, B), difference(B, A))))",531e346a15a647338824a18e887de981
"and(or(not(subset_eq(A, B)), subset_eq(A, difference(A, A))), subset_eq(index(cardinality(A), union(A, B)), union(difference(A, B), difference(B, A))))",f3fb9f954ee4468c9ff9649f24904ba1
"and(or(not(subset_eq(A, B)), subset_eq(A, difference(A, A))), subset_eq(index(cardinality(A), union(A, B)), union(difference(A, B), difference(B, A))))",531e346a15a647338824a18e887de981
"and(or(not(subset_eq(A, B)), subset_eq(A, difference(A, A))), subset_eq(index(cardinality(A), union(A, B)), index(cardinality(A), B)))",7bff36e12eb94068aa184ef686bfaa9c
"and(or(not(subset_eq(A, B)), subset_eq(A, difference(A, A))), subset_eq(index(cardinality(A), union(A, B)), index(cardinality(A), B)))",0c5da42c08b2494cbd83116770ddaaeb
"and(or(not(subset_eq(A, B)), subset_eq(A, difference(A, A))), subset_eq(index(cardinality(A), union(A, B)), index(cardinality(A), B)))",7bff36e12eb94068aa184ef686bfaa9c
"and(or(not(subset_eq(A, B)), subset_eq(A, difference(A, A))), subset_eq(index(cardinality(A), union(A, B)), index(cardinality(B), A)))",8d1a2b6bfeb24f3c8b0d81c2c62a6113
"and(or(not(subset_eq(A, B)), subset_eq(A, difference(A, A))), subset_eq(index(cardinality(A), union(A, B)), index(cardinality(B), A)))",2e1748ce2cc640738bf21a4329a9674d
"and(or(not(subset_eq(A, B)), subset_eq(A, difference(A, A))), subset_eq(index(cardinality(A), union(A, B)), index(cardinality(B), A)))",8d1a2b6bfeb24f3c8b0d81c2c62a6113
"and(or(subset_eq(A, difference(A, B)), greater_than(cardinality(A), cardinality(B))), subset_eq(index(cardinality(A), union(A, B)), index(cardinality(A), B)))",00364052a85747b7ba564f4d888a0720
"and(or(subset_eq(A, difference(A, B)), greater_than(cardinality(A), cardinality(B))), subset_eq(index(cardinality(A), union(A, B)), index(cardinality(A), B)))",b16028075f1e4297bc994fdd985fa269
"and(or(subset_eq(A, difference(A, B)), greater_than(cardinality(A), cardinality(B))), subset_eq(index(cardinality(A), union(A, B)), index(cardinality(A), B)))",00364052a85747b7ba564f4d888a0720
"and(or(not(subset_eq(A, B)), subset_eq(A, difference(A, A))), subset_eq(index(cardinality(A), union(A, B)), index(cardinality(B), difference(A, B))))",007b3565ca94491e8f7c9cad69eae382
"and(or(not(subset_eq(A, B)), subset_eq(A, difference(A, A))), subset_eq(index(cardinality(A), union(A, B)), index(cardinality(B), difference(A, B))))",1c0cdbf376e541c989e6f00cf151407f
"and(or(not(subset_eq(A, B)), subset_eq(A, difference(A, A))), subset_eq(index(cardinality(A), union(A, B)), index(cardinality(B), difference(A, B))))",007b3565ca94491e8f7c9cad69eae382
"and(or(not(subset_eq(A, B)), subset_eq(A, difference(A, A))), subset_eq(index(cardinality(A), difference(B, A)), index(cardinality(A), union(A, B))))",f30ab6746f0d4a19977880f0d2fda257
"and(or(not(subset_eq(A, B)), subset_eq(A, difference(A, A))), subset_eq(index(cardinality(A), difference(B, A)), index(cardinality(A), union(A, B))))",2ef590decfdd40d9a30b2593f51bb9e3
"and(or(not(subset_eq(A, B)), subset_eq(A, difference(A, A))), subset_eq(index(cardinality(A), difference(B, A)), index(cardinality(A), union(A, B))))",f30ab6746f0d4a19977880f0d2fda257
"and(or(not(subset_eq(A, B)), subset_eq(A, difference(A, A))), subset_eq(index(cardinality(A), difference(B, A)), index(cardinality(B), union(A, B))))",52b9ad0159f64909817b8561c421fac5
"and(or(not(subset_eq(A, B)), subset_eq(A, difference(A, A))), subset_eq(index(cardinality(A), difference(B, A)), index(cardinality(B), union(A, B))))",768bc343b3f047b1b021e7136e446628
"and(or(not(subset_eq(A, B)), subset_eq(A, difference(A, A))), subset_eq(index(cardinality(A), difference(B, A)), index(cardinality(B), union(A, B))))",52b9ad0159f64909817b8561c421fac5
"and(or(not(subset_eq(A, B)), subset_eq(A, difference(A, A))), subset_eq(index(cardinality(B), union(A, B)), union(difference(A, B), difference(B, A))))",36d280eb2bb4434eb11d23c2494cae81
"and(or(not(subset_eq(A, B)), subset_eq(A, difference(A, A))), subset_eq(index(cardinality(B), union(A, B)), union(difference(A, B), difference(B, A))))",158494f4838b41e894fd712d6ecb83e6
"and(or(not(subset_eq(A, B)), subset_eq(A, difference(A, A))), subset_eq(index(cardinality(B), union(A, B)), union(difference(A, B), difference(B, A))))",36d280eb2bb4434eb11d23c2494cae81
"and(or(not(subset_eq(A, B)), subset_eq(A, difference(A, A))), subset_eq(index(cardinality(B), union(A, B)), index(cardinality(A), B)))",7512191bb6de498f801795d429a8264e
"and(or(not(subset_eq(A, B)), subset_eq(A, difference(A, A))), subset_eq(index(cardinality(B), union(A, B)), index(cardinality(A), B)))",569a218818f84f10bb8c05d1bb8a8738
"and(or(not(subset_eq(A, B)), subset_eq(A, difference(A, A))), subset_eq(index(cardinality(B), union(A, B)), index(cardinality(A), B)))",7512191bb6de498f801795d429a8264e
"and(or(not(subset_eq(A, B)), subset_eq(A, difference(A, A))), subset_eq(index(cardinality(B), union(A, B)), index(cardinality(B), A)))",5c18f0d77e17468d84e375bc9fa6c77d
"and(or(not(subset_eq(A, B)), subset_eq(A, difference(A, A))), subset_eq(index(cardinality(B), union(A, B)), index(cardinality(B), A)))",5dbf33b5f88b40958e098b693f7c13b7
"and(or(not(subset_eq(A, B)), subset_eq(A, difference(A, A))), subset_eq(index(cardinality(B), union(A, B)), index(cardinality(B), A)))",5c18f0d77e17468d84e375bc9fa6c77d
"and(or(not(subset_eq(A, B)), subset_eq(A, difference(A, A))), subset_eq(index(cardinality(B), union(A, B)), index(cardinality(B), difference(A, B))))",6d05b08af6f4427a8462da1fff8b1576
"and(or(not(subset_eq(A, B)), subset_eq(A, difference(A, A))), subset_eq(index(cardinality(B), union(A, B)), index(cardinality(B), difference(A, B))))",4b251af72e324cdeb771065c5c985bd8
"and(or(not(subset_eq(A, B)), subset_eq(A, difference(A, A))), subset_eq(index(cardinality(B), union(A, B)), index(cardinality(B), difference(A, B))))",6d05b08af6f4427a8462da1fff8b1576
"and(or(not(subset_eq(A, B)), subset_eq(A, difference(A, A))), subset_eq(index(cardinality(B), difference(A, B)), index(cardinality(B), A)))",01311b82e0364f0a985f666cac5b582b
"and(or(not(subset_eq(A, B)), subset_eq(A, difference(A, A))), subset_eq(index(cardinality(B), difference(A, B)), index(cardinality(B), A)))",a81d8363c31d4f31b90cf8bc04555f21
"and(or(not(subset_eq(A, B)), subset_eq(A, difference(A, A))), subset_eq(index(cardinality(B), difference(A, B)), index(cardinality(B), A)))",01311b82e0364f0a985f666cac5b582b
"and(or(not(subset_eq(A, B)), subset_eq(A, difference(A, A))), subset_eq(index(cardinality(B), difference(A, B)), index(cardinality(A), union(A, B))))",a9442dac8b784e3aafa9af562cd28ed2
"and(or(not(subset_eq(A, B)), subset_eq(A, difference(A, A))), subset_eq(index(cardinality(B), difference(A, B)), index(cardinality(A), union(A, B))))",8662cd8ff7604f10908b99b0bf9680bd
"and(or(not(subset_eq(A, B)), subset_eq(A, difference(A, A))), subset_eq(index(cardinality(B), difference(A, B)), index(cardinality(A), union(A, B))))",a9442dac8b784e3aafa9af562cd28ed2
"and(or(not(subset_eq(A, B)), subset_eq(A, difference(A, A))), subset_eq(index(cardinality(B), difference(A, B)), index(cardinality(B), union(A, B))))",19e1e649c07340d8952edec06e153bf5
"and(or(not(subset_eq(A, B)), subset_eq(A, difference(A, A))), subset_eq(index(cardinality(B), difference(A, B)), index(cardinality(B), union(A, B))))",bf0209327ac345b3a94921d73db88cbe
"and(or(not(subset_eq(A, B)), subset_eq(A, difference(A, A))), subset_eq(index(cardinality(B), difference(A, B)), index(cardinality(B), union(A, B))))",19e1e649c07340d8952edec06e153bf5
"and(or(not(subset_eq(A, B)), subset_eq(A, difference(A, A))), greater_than(cardinality(B), cardinality(difference(A, B))))",26a110fe154f433dbfb567d8fe844475
"and(or(not(subset_eq(A, B)), subset_eq(A, difference(A, A))), greater_than(cardinality(B), cardinality(difference(A, B))))",649fd7ce562c40e99e7528cfef9a8e8d
"and(or(not(subset_eq(A, B)), subset_eq(A, difference(A, A))), greater_than(cardinality(B), cardinality(difference(A, B))))",26a110fe154f433dbfb567d8fe844475
"and(or(not(subset_eq(A, B)), subset_eq(A, difference(A, A))), greater_than(cardinality(difference(B, A)), cardinality(intersection(A, B))))",c15dff8b2c9f4dfbaa7bb6c40de739ea
"and(or(not(subset_eq(A, B)), subset_eq(A, difference(A, A))), greater_than(cardinality(difference(B, A)), cardinality(intersection(A, B))))",73cd0771cb2b4deab8939e314eb67923
"and(or(not(subset_eq(A, B)), subset_eq(A, difference(A, A))), greater_than(cardinality(difference(B, A)), cardinality(intersection(A, B))))",c15dff8b2c9f4dfbaa7bb6c40de739ea
"and(or(not(subset_eq(A, B)), subset_eq(B, difference(A, A))), or(subset_eq(A, difference(A, B)), equals(cardinality(A), cardinality(B))))",4adc703c2712445f940311ab2f5a3b04
"and(or(not(subset_eq(A, B)), subset_eq(B, difference(A, A))), or(subset_eq(A, difference(A, B)), equals(cardinality(A), cardinality(B))))",064a525a4e264df897a5b29fb07dc44e
"and(or(not(subset_eq(A, B)), subset_eq(B, difference(A, A))), or(subset_eq(A, difference(A, B)), equals(cardinality(A), cardinality(B))))",4adc703c2712445f940311ab2f5a3b04
"and(or(not(subset_eq(A, B)), subset_eq(B, difference(A, A))), not(greater_than(cardinality(A), cardinality(B))))",b096ed5fe7b04c62a3a75f8aa3fd2925
"and(or(not(subset_eq(A, B)), subset_eq(B, difference(A, A))), not(greater_than(cardinality(A), cardinality(B))))",43046888db084bc4b7a129a1db1eb6fa
"and(or(not(subset_eq(A, B)), subset_eq(B, difference(A, A))), not(greater_than(cardinality(A), cardinality(B))))",b096ed5fe7b04c62a3a75f8aa3fd2925
"and(or(not(subset_eq(A, B)), subset_eq(B, difference(A, A))), subset_eq(difference(A, B), index(cardinality(A), union(A, B))))",bcd0b1f7810e4ce2a9fe69b5ad4751c4
"and(or(not(subset_eq(A, B)), subset_eq(B, difference(A, A))), subset_eq(difference(A, B), index(cardinality(A), union(A, B))))",8e2743ed1fec49bfa2b9d86f437a7634
"and(or(not(subset_eq(A, B)), subset_eq(B, difference(A, A))), subset_eq(difference(A, B), index(cardinality(A), union(A, B))))",bcd0b1f7810e4ce2a9fe69b5ad4751c4
"and(or(not(subset_eq(A, B)), subset_eq(B, difference(A, A))), subset_eq(difference(A, B), index(cardinality(B), union(A, B))))",e8acf03e4f234259bbcbd9276ce044d5
"and(or(not(subset_eq(A, B)), subset_eq(B, difference(A, A))), subset_eq(difference(A, B), index(cardinality(B), union(A, B))))",9f934e529daa47708937cf186c252b25
"and(or(not(subset_eq(A, B)), subset_eq(B, difference(A, A))), subset_eq(difference(A, B), index(cardinality(B), union(A, B))))",e8acf03e4f234259bbcbd9276ce044d5
"and(or(not(subset_eq(A, B)), subset_eq(B, difference(A, A))), subset_eq(difference(B, A), index(cardinality(A), union(A, B))))",151e5e69ff4a40d08d708bfe56d2090b
"and(or(not(subset_eq(A, B)), subset_eq(B, difference(A, A))), subset_eq(difference(B, A), index(cardinality(A), union(A, B))))",5018de59d07d4ea7be5b9dfcd94bd89e
"and(or(not(subset_eq(A, B)), subset_eq(B, difference(A, A))), subset_eq(difference(B, A), index(cardinality(A), union(A, B))))",151e5e69ff4a40d08d708bfe56d2090b
"and(or(not(subset_eq(A, B)), subset_eq(B, difference(A, A))), subset_eq(index(cardinality(B), A), B))",5e487c6c37d547d09422328874630826
"and(or(not(subset_eq(A, B)), subset_eq(B, difference(A, A))), subset_eq(index(cardinality(B), A), B))",b2c96384248d4ce2b63df7e027da05c5
"and(or(not(subset_eq(A, B)), subset_eq(B, difference(A, A))), subset_eq(index(cardinality(B), A), B))",5e487c6c37d547d09422328874630826
"and(or(not(subset_eq(A, B)), subset_eq(B, difference(A, A))), subset_eq(index(cardinality(A), union(A, B)), B))",35be90f243714df28b3690ce78da4032
"and(or(not(subset_eq(A, B)), subset_eq(B, difference(A, A))), subset_eq(index(cardinality(A), union(A, B)), B))",064d4a0f44f343f79973b28d7d17cf45
"and(or(not(subset_eq(A, B)), subset_eq(B, difference(A, A))), subset_eq(index(cardinality(A), union(A, B)), B))",35be90f243714df28b3690ce78da4032
"and(or(not(subset_eq(A, B)), subset_eq(B, difference(A, A))), subset_eq(index(cardinality(B), union(A, B)), A))",025e287e07794918b4faa16dfb8ba1e5
"and(or(not(subset_eq(A, B)), subset_eq(B, difference(A, A))), subset_eq(index(cardinality(B), union(A, B)), A))",bbe688e75ab6466e92c7df136f4c84b3
"and(or(not(subset_eq(A, B)), subset_eq(B, difference(A, A))), subset_eq(index(cardinality(B), union(A, B)), A))",025e287e07794918b4faa16dfb8ba1e5
"and(or(not(subset_eq(A, B)), subset_eq(B, difference(A, A))), subset_eq(index(cardinality(B), union(A, B)), B))",caae4be215314aba8248ca0a2986cce4
"and(or(not(subset_eq(A, B)), subset_eq(B, difference(A, A))), subset_eq(index(cardinality(B), union(A, B)), B))",f3595e8be2b447ff81a6993848a86abd
"and(or(not(subset_eq(A, B)), subset_eq(B, difference(A, A))), subset_eq(index(cardinality(B), union(A, B)), B))",caae4be215314aba8248ca0a2986cce4
"and(or(not(subset_eq(A, B)), subset_eq(B, difference(A, A))), subset_eq(index(cardinality(B), difference(A, B)), B))",6cb79f1c8c03401b9678d77eb800d704
"and(or(not(subset_eq(A, B)), subset_eq(B, difference(A, A))), subset_eq(index(cardinality(B), difference(A, B)), B))",39c53249d2f34f2e9e31dd1d8c60c5e2
"and(or(not(subset_eq(A, B)), subset_eq(B, difference(A, A))), subset_eq(index(cardinality(B), difference(A, B)), B))",6cb79f1c8c03401b9678d77eb800d704
"and(or(not(subset_eq(A, B)), subset_eq(B, difference(A, A))), subset_eq(index(cardinality(A), B), difference(B, A)))",e63513952d424e8eb2ec3afcd907cc0b
"and(or(not(subset_eq(A, B)), subset_eq(B, difference(A, A))), subset_eq(index(cardinality(A), B), difference(B, A)))",22161427b102482ca80fd86753dc74f7
"and(or(not(subset_eq(A, B)), subset_eq(B, difference(A, A))), subset_eq(index(cardinality(A), B), difference(B, A)))",e63513952d424e8eb2ec3afcd907cc0b
"and(or(not(subset_eq(A, B)), subset_eq(B, difference(A, A))), subset_eq(index(cardinality(B), A), difference(A, B)))",b733f779fc23476b98207dbfbdf7ac71
"and(or(not(subset_eq(A, B)), subset_eq(B, difference(A, A))), subset_eq(index(cardinality(B), A), difference(A, B)))",b7a8be0a06c84d22aae5858d16913026
"and(or(not(subset_eq(A, B)), subset_eq(B, difference(A, A))), subset_eq(index(cardinality(B), A), difference(A, B)))",b733f779fc23476b98207dbfbdf7ac71
"and(or(not(subset_eq(A, B)), subset_eq(B, difference(A, A))), subset_eq(index(cardinality(A), union(A, B)), difference(B, A)))",20611b860df54930bbc2e949d4da25c7
"and(or(not(subset_eq(A, B)), subset_eq(B, difference(A, A))), subset_eq(index(cardinality(A), union(A, B)), difference(B, A)))",3ae1616c6947435e99a2b48ff689eea0
"and(or(not(subset_eq(A, B)), subset_eq(B, difference(A, A))), subset_eq(index(cardinality(A), union(A, B)), difference(B, A)))",20611b860df54930bbc2e949d4da25c7
"and(or(not(subset_eq(A, B)), subset_eq(B, difference(A, A))), subset_eq(index(cardinality(B), union(A, B)), intersection(A, B)))",159d981ea4b44f2e8bfcbf38c7fc7405
"and(or(not(subset_eq(A, B)), subset_eq(B, difference(A, A))), subset_eq(index(cardinality(B), union(A, B)), intersection(A, B)))",a4caf90063554b3081e1c13902973049
"and(or(not(subset_eq(A, B)), subset_eq(B, difference(A, A))), subset_eq(index(cardinality(B), union(A, B)), intersection(A, B)))",159d981ea4b44f2e8bfcbf38c7fc7405
"and(or(not(subset_eq(A, B)), subset_eq(B, difference(A, A))), subset_eq(index(cardinality(B), union(A, B)), difference(A, B)))",acf89060239f42909645f479f066ddd1
"and(or(not(subset_eq(A, B)), subset_eq(B, difference(A, A))), subset_eq(index(cardinality(B), union(A, B)), difference(A, B)))",2a9e1cfc21204436b860b5762f8b687d
"and(or(not(subset_eq(A, B)), subset_eq(B, difference(A, A))), subset_eq(index(cardinality(B), union(A, B)), difference(A, B)))",acf89060239f42909645f479f066ddd1
"and(or(not(subset_eq(A, B)), subset_eq(B, difference(A, A))), subset_eq(index(cardinality(B), union(A, B)), difference(B, A)))",7788df78cceb495ea4ead81f592a4545
"and(or(not(subset_eq(A, B)), subset_eq(B, difference(A, A))), subset_eq(index(cardinality(B), union(A, B)), difference(B, A)))",5a4eac45fe8d4563b7da59c4844d1dd9
"and(or(not(subset_eq(A, B)), subset_eq(B, difference(A, A))), subset_eq(index(cardinality(B), union(A, B)), difference(B, A)))",7788df78cceb495ea4ead81f592a4545
"and(or(not(subset_eq(A, B)), subset_eq(B, difference(A, A))), subset_eq(index(cardinality(A), B), index(cardinality(A), union(A, B))))",7eee02e6da324ed0b76f8c3bd6f86ed1
"and(or(not(subset_eq(A, B)), subset_eq(B, difference(A, A))), subset_eq(index(cardinality(A), B), index(cardinality(A), union(A, B))))",b6724f969b2d4ddd814e544e1062c6f8
"and(or(not(subset_eq(A, B)), subset_eq(B, difference(A, A))), subset_eq(index(cardinality(A), B), index(cardinality(A), union(A, B))))",7eee02e6da324ed0b76f8c3bd6f86ed1
"and(or(not(subset_eq(A, B)), subset_eq(B, difference(A, A))), subset_eq(index(cardinality(A), B), index(cardinality(A), difference(B, A))))",f3c65b9154b440229f09f93eda4c1f1c
"and(or(not(subset_eq(A, B)), subset_eq(B, difference(A, A))), subset_eq(index(cardinality(A), B), index(cardinality(A), difference(B, A))))",7bebabb376564f7e9a7cd1252cba4fee
"and(or(not(subset_eq(A, B)), subset_eq(B, difference(A, A))), subset_eq(index(cardinality(A), B), index(cardinality(A), difference(B, A))))",f3c65b9154b440229f09f93eda4c1f1c
"and(or(not(subset_eq(A, B)), subset_eq(B, difference(A, A))), subset_eq(index(cardinality(B), A), index(cardinality(A), union(A, B))))",3a4ee70931cb46f8a344b582a5dfcd40
"and(or(not(subset_eq(A, B)), subset_eq(B, difference(A, A))), subset_eq(index(cardinality(B), A), index(cardinality(A), union(A, B))))",074045552fcf4361819c1475af7cdc97
"and(or(not(subset_eq(A, B)), subset_eq(B, difference(A, A))), subset_eq(index(cardinality(B), A), index(cardinality(A), union(A, B))))",3a4ee70931cb46f8a344b582a5dfcd40
"and(or(not(subset_eq(A, B)), subset_eq(B, difference(A, A))), subset_eq(index(cardinality(B), A), index(cardinality(B), union(A, B))))",357e6e9a6c5a46f29c06673ac5a2b293
"and(or(not(subset_eq(A, B)), subset_eq(B, difference(A, A))), subset_eq(index(cardinality(B), A), index(cardinality(B), union(A, B))))",55675a6fcd1d4d6a8aaa64dde9daec2f
"and(or(not(subset_eq(A, B)), subset_eq(B, difference(A, A))), subset_eq(index(cardinality(B), A), index(cardinality(B), union(A, B))))",357e6e9a6c5a46f29c06673ac5a2b293
"and(or(not(subset_eq(A, B)), subset_eq(B, difference(A, A))), subset_eq(index(cardinality(B), A), index(cardinality(B), difference(A, B))))",5a49047016e64fe3b40bdd603d0aad20
"and(or(not(subset_eq(A, B)), subset_eq(B, difference(A, A))), subset_eq(index(cardinality(B), A), index(cardinality(B), difference(A, B))))",55280efdb36d4270b30ed07c207cd261
"and(or(not(subset_eq(A, B)), subset_eq(B, difference(A, A))), subset_eq(index(cardinality(B), A), index(cardinality(B), difference(A, B))))",5a49047016e64fe3b40bdd603d0aad20
"and(or(not(subset_eq(A, B)), subset_eq(B, difference(A, A))), subset_eq(index(cardinality(A), union(A, B)), union(difference(A, B), difference(B, A))))",4c0682212cb047309001d03bae167f07
"and(or(not(subset_eq(A, B)), subset_eq(B, difference(A, A))), subset_eq(index(cardinality(A), union(A, B)), union(difference(A, B), difference(B, A))))",8ec0f8bfbb6f460b8c48c1b0633d262a
"and(or(not(subset_eq(A, B)), subset_eq(B, difference(A, A))), subset_eq(index(cardinality(A), union(A, B)), union(difference(A, B), difference(B, A))))",4c0682212cb047309001d03bae167f07
"and(or(not(subset_eq(A, B)), subset_eq(B, difference(A, A))), subset_eq(index(cardinality(A), union(A, B)), index(cardinality(A), B)))",7e2cfb8e8ade4d579b0a34141245589f
"and(or(not(subset_eq(A, B)), subset_eq(B, difference(A, A))), subset_eq(index(cardinality(A), union(A, B)), index(cardinality(A), B)))",cc1121c1ff7e403fb4752f5515b4151e
"and(or(not(subset_eq(A, B)), subset_eq(B, difference(A, A))), subset_eq(index(cardinality(A), union(A, B)), index(cardinality(A), B)))",7e2cfb8e8ade4d579b0a34141245589f
"and(or(not(subset_eq(A, B)), subset_eq(B, difference(A, A))), subset_eq(index(cardinality(A), union(A, B)), index(cardinality(A), difference(B, A))))",8abc18bc4d1b47308779e8690030f979
"and(or(not(subset_eq(A, B)), subset_eq(B, difference(A, A))), subset_eq(index(cardinality(A), union(A, B)), index(cardinality(A), difference(B, A))))",773caebf2018478690d9f018989cef05
"and(or(not(subset_eq(A, B)), subset_eq(B, difference(A, A))), subset_eq(index(cardinality(A), union(A, B)), index(cardinality(A), difference(B, A))))",8abc18bc4d1b47308779e8690030f979
"and(or(not(subset_eq(A, B)), subset_eq(B, difference(A, A))), subset_eq(index(cardinality(A), difference(B, A)), index(cardinality(A), union(A, B))))",cce4737b1481459a9e225844f7430692
"and(or(not(subset_eq(A, B)), subset_eq(B, difference(A, A))), subset_eq(index(cardinality(A), difference(B, A)), index(cardinality(A), union(A, B))))",fd65defa514442609764449065a2db6e
"and(or(not(subset_eq(A, B)), subset_eq(B, difference(A, A))), subset_eq(index(cardinality(A), difference(B, A)), index(cardinality(A), union(A, B))))",cce4737b1481459a9e225844f7430692
"and(or(not(subset_eq(A, B)), subset_eq(B, difference(A, A))), subset_eq(index(cardinality(B), union(A, B)), union(difference(A, B), difference(B, A))))",8098afb3c9074fd584b70d75ee9832b8
"and(or(not(subset_eq(A, B)), subset_eq(B, difference(A, A))), subset_eq(index(cardinality(B), union(A, B)), union(difference(A, B), difference(B, A))))",0c461a5f36d54b13ab28f44f65633cc3
"and(or(not(subset_eq(A, B)), subset_eq(B, difference(A, A))), subset_eq(index(cardinality(B), union(A, B)), union(difference(A, B), difference(B, A))))",8098afb3c9074fd584b70d75ee9832b8
"and(or(not(subset_eq(A, B)), subset_eq(B, difference(A, A))), subset_eq(index(cardinality(B), union(A, B)), index(cardinality(A), B)))",ff23cb938f304b1ca37e43fbc6d13f22
"and(or(not(subset_eq(A, B)), subset_eq(B, difference(A, A))), subset_eq(index(cardinality(B), union(A, B)), index(cardinality(A), B)))",290762630d504f28a21f7e3992a465af
"and(or(not(subset_eq(A, B)), subset_eq(B, difference(A, A))), subset_eq(index(cardinality(B), union(A, B)), index(cardinality(A), B)))",ff23cb938f304b1ca37e43fbc6d13f22
"and(or(not(subset_eq(A, B)), subset_eq(B, difference(A, A))), subset_eq(index(cardinality(B), union(A, B)), index(cardinality(B), A)))",1a55c3977f5d4538af48d142ee4303a7
"and(or(not(subset_eq(A, B)), subset_eq(B, difference(A, A))), subset_eq(index(cardinality(B), union(A, B)), index(cardinality(B), A)))",d3524ef9483e499d8dc2cc53429a062f
"and(or(not(subset_eq(A, B)), subset_eq(B, difference(A, A))), subset_eq(index(cardinality(B), union(A, B)), index(cardinality(B), A)))",1a55c3977f5d4538af48d142ee4303a7
"and(or(not(subset_eq(A, B)), subset_eq(B, difference(A, A))), subset_eq(index(cardinality(B), union(A, B)), index(cardinality(A), difference(B, A))))",d71b374ca69f42949858db7e9c2a187c
"and(or(not(subset_eq(A, B)), subset_eq(B, difference(A, A))), subset_eq(index(cardinality(B), union(A, B)), index(cardinality(A), difference(B, A))))",f8803fc98a77487a95a3861e73be88b2
"and(or(not(subset_eq(A, B)), subset_eq(B, difference(A, A))), subset_eq(index(cardinality(B), union(A, B)), index(cardinality(A), difference(B, A))))",d71b374ca69f42949858db7e9c2a187c
"and(or(not(subset_eq(A, B)), subset_eq(B, difference(A, A))), subset_eq(index(cardinality(B), union(A, B)), index(cardinality(B), difference(A, B))))",3780dd50ec0f4e25ae7d456b29edd7f1
"and(or(not(subset_eq(A, B)), subset_eq(B, difference(A, A))), subset_eq(index(cardinality(B), union(A, B)), index(cardinality(B), difference(A, B))))",16a2607c5c5540808e7360cf5911b5f3
"and(or(not(subset_eq(A, B)), subset_eq(B, difference(A, A))), subset_eq(index(cardinality(B), union(A, B)), index(cardinality(B), difference(A, B))))",3780dd50ec0f4e25ae7d456b29edd7f1
"and(or(not(subset_eq(A, B)), subset_eq(B, difference(A, A))), subset_eq(index(cardinality(B), difference(A, B)), index(cardinality(B), A)))",b2fc41620d0e401682a5e22877807c62
"and(or(not(subset_eq(A, B)), subset_eq(B, difference(A, A))), subset_eq(index(cardinality(B), difference(A, B)), index(cardinality(B), A)))",f19fa4d7c1a94a668562899b80182730
"and(or(not(subset_eq(A, B)), subset_eq(B, difference(A, A))), subset_eq(index(cardinality(B), difference(A, B)), index(cardinality(B), A)))",b2fc41620d0e401682a5e22877807c62
"and(or(not(subset_eq(A, B)), subset_eq(B, difference(A, A))), subset_eq(index(cardinality(B), difference(A, B)), index(cardinality(A), union(A, B))))",58245c2ea8c047b4ab9c0b35b53747c2
"and(or(not(subset_eq(A, B)), subset_eq(B, difference(A, A))), subset_eq(index(cardinality(B), difference(A, B)), index(cardinality(A), union(A, B))))",cac4989ccfe04d11819a723fd9a4eade
"and(or(not(subset_eq(A, B)), subset_eq(B, difference(A, A))), subset_eq(index(cardinality(B), difference(A, B)), index(cardinality(A), union(A, B))))",58245c2ea8c047b4ab9c0b35b53747c2
"and(or(not(subset_eq(A, B)), subset_eq(B, difference(A, A))), subset_eq(index(cardinality(B), difference(A, B)), index(cardinality(B), union(A, B))))",d967eb7b98b9454ab5c5eff177534eae
"and(or(not(subset_eq(A, B)), subset_eq(B, difference(A, A))), subset_eq(index(cardinality(B), difference(A, B)), index(cardinality(B), union(A, B))))",9378f9ce60a44c2aa64d1ee0d82ed9c4
"and(or(not(subset_eq(A, B)), subset_eq(B, difference(A, A))), subset_eq(index(cardinality(B), difference(A, B)), index(cardinality(B), union(A, B))))",d967eb7b98b9454ab5c5eff177534eae
"and(or(not(subset_eq(B, A)), subset_eq(A, difference(A, A))), or(subset_eq(A, difference(A, B)), equals(cardinality(A), cardinality(B))))",af79495b5528421ea7ee86c7a7f09d86
"and(or(not(subset_eq(B, A)), subset_eq(A, difference(A, A))), or(subset_eq(A, difference(A, B)), equals(cardinality(A), cardinality(B))))",0cee67fc1c3e4da888cc97331620a942
"and(or(not(subset_eq(B, A)), subset_eq(A, difference(A, A))), or(subset_eq(A, difference(A, B)), equals(cardinality(A), cardinality(B))))",af79495b5528421ea7ee86c7a7f09d86
"and(or(not(subset_eq(B, A)), subset_eq(A, difference(A, A))), not(greater_than(cardinality(B), cardinality(A))))",69e9f42265ee44b6b3389e39110822b7
"and(or(not(subset_eq(B, A)), subset_eq(A, difference(A, A))), not(greater_than(cardinality(B), cardinality(A))))",1ea55c0698c94973af093a8c997a16d6
"and(or(not(subset_eq(B, A)), subset_eq(A, difference(A, A))), not(greater_than(cardinality(B), cardinality(A))))",69e9f42265ee44b6b3389e39110822b7
"and(or(not(subset_eq(B, A)), subset_eq(A, difference(A, A))), not(greater_than(cardinality(A), cardinality(B))))",6a42c181015e416090ea28209181e8e0
"and(or(not(subset_eq(B, A)), subset_eq(A, difference(A, A))), not(greater_than(cardinality(A), cardinality(B))))",4b13d9bd3a1b41cc8ae632dea25ca0cc
"and(or(not(subset_eq(B, A)), subset_eq(A, difference(A, A))), not(greater_than(cardinality(A), cardinality(B))))",6a42c181015e416090ea28209181e8e0
"and(or(not(subset_eq(B, A)), subset_eq(A, difference(A, A))), subset_eq(difference(A, B), index(cardinality(A), union(A, B))))",ca769bde05d74186b8a804fa24a78e82
"and(or(not(subset_eq(B, A)), subset_eq(A, difference(A, A))), subset_eq(difference(A, B), index(cardinality(A), union(A, B))))",460052f25a2d46f4bcd3d02860c5fe18
"and(or(not(subset_eq(B, A)), subset_eq(A, difference(A, A))), subset_eq(difference(A, B), index(cardinality(A), union(A, B))))",ca769bde05d74186b8a804fa24a78e82
"and(or(not(subset_eq(B, A)), subset_eq(A, difference(A, A))), subset_eq(difference(A, B), index(cardinality(B), union(A, B))))",932f7f1d0b414d578ce689facbf0fc6c
"and(or(not(subset_eq(B, A)), subset_eq(A, difference(A, A))), subset_eq(difference(A, B), index(cardinality(B), union(A, B))))",839be3d92a9c4375942b25794abe1e9e
"and(or(not(subset_eq(B, A)), subset_eq(A, difference(A, A))), subset_eq(difference(A, B), index(cardinality(B), union(A, B))))",932f7f1d0b414d578ce689facbf0fc6c
"and(or(not(subset_eq(B, A)), subset_eq(A, difference(A, A))), subset_eq(difference(B, A), index(cardinality(A), B)))",c9a7784b10fd4f348ff0e5a83c64a998
"and(or(not(subset_eq(B, A)), subset_eq(A, difference(A, A))), subset_eq(difference(B, A), index(cardinality(A), union(A, B))))",8239c75188664d5c9252a7a86484484c
"and(or(not(subset_eq(B, A)), subset_eq(A, difference(A, A))), subset_eq(difference(B, A), index(cardinality(A), union(A, B))))",623b9002e2a0431a985696cd8222792b
"and(or(not(subset_eq(B, A)), subset_eq(A, difference(A, A))), subset_eq(difference(B, A), index(cardinality(A), union(A, B))))",8239c75188664d5c9252a7a86484484c
"and(or(not(subset_eq(B, A)), subset_eq(A, difference(A, A))), subset_eq(difference(B, A), index(cardinality(B), union(A, B))))",ce949eaf692a4f0484e678322994ddf2
"and(or(not(subset_eq(B, A)), subset_eq(A, difference(A, A))), subset_eq(difference(B, A), index(cardinality(B), union(A, B))))",4985e2bd4fff460ca467bc113207c1f7
"and(or(not(subset_eq(B, A)), subset_eq(A, difference(A, A))), subset_eq(difference(B, A), index(cardinality(B), union(A, B))))",ce949eaf692a4f0484e678322994ddf2
"and(or(not(subset_eq(B, A)), subset_eq(A, difference(A, A))), subset_eq(index(cardinality(A), B), A))",2ea463c0ec664048a7d7849ba4b0ef96
"and(or(not(subset_eq(B, A)), subset_eq(A, difference(A, A))), subset_eq(index(cardinality(A), B), A))",f015a30b04714f82a158ec3a3cd52d79
"and(or(not(subset_eq(B, A)), subset_eq(A, difference(A, A))), subset_eq(index(cardinality(A), B), A))",2ea463c0ec664048a7d7849ba4b0ef96
"and(or(not(subset_eq(B, A)), subset_eq(A, difference(A, A))), subset_eq(index(cardinality(B), A), B))",560c15fbea474f758526b3778ebf8ae4
"and(or(not(subset_eq(B, A)), subset_eq(A, difference(A, A))), subset_eq(index(cardinality(B), A), B))",86836614d1524873bf69423fd58fc81c
"and(or(not(subset_eq(B, A)), subset_eq(A, difference(A, A))), subset_eq(index(cardinality(B), A), B))",560c15fbea474f758526b3778ebf8ae4
"and(or(not(subset_eq(B, A)), subset_eq(A, difference(A, A))), subset_eq(index(cardinality(A), union(A, B)), A))",46fa7924271d42508568f563160c5684
"and(or(not(subset_eq(B, A)), subset_eq(A, difference(A, A))), subset_eq(index(cardinality(A), union(A, B)), A))",6c082b24e9384f4aa3253813699d5f4f
"and(or(not(subset_eq(B, A)), subset_eq(A, difference(A, A))), subset_eq(index(cardinality(A), union(A, B)), A))",46fa7924271d42508568f563160c5684
"and(or(not(subset_eq(B, A)), subset_eq(A, difference(A, A))), subset_eq(index(cardinality(A), union(A, B)), B))",4aec6d0888b7482881c73819c577babb
"and(or(not(subset_eq(B, A)), subset_eq(A, difference(A, A))), subset_eq(index(cardinality(A), union(A, B)), B))",0a3ce12d13414a1c9822896292a2d0cb
"and(or(not(subset_eq(B, A)), subset_eq(A, difference(A, A))), subset_eq(index(cardinality(A), union(A, B)), B))",4aec6d0888b7482881c73819c577babb
"and(or(not(subset_eq(B, A)), subset_eq(A, difference(A, A))), subset_eq(index(cardinality(A), difference(B, A)), A))",816a99a12ad14ec88b0c7122a2e9fe1f
"and(or(not(subset_eq(B, A)), subset_eq(A, difference(A, A))), subset_eq(index(cardinality(A), difference(B, A)), A))",30ff7f1ea88e4eed8d9206b3236c9e89
"and(or(not(subset_eq(B, A)), subset_eq(A, difference(A, A))), subset_eq(index(cardinality(A), difference(B, A)), A))",816a99a12ad14ec88b0c7122a2e9fe1f
"and(or(not(subset_eq(B, A)), subset_eq(A, difference(A, A))), subset_eq(index(cardinality(B), union(A, B)), A))",67cc691d696a4f909b6ee8b6cf0d529f
"and(or(not(subset_eq(B, A)), subset_eq(A, difference(A, A))), subset_eq(index(cardinality(B), union(A, B)), A))",95d614688606424da926a996e84e661d
"and(or(not(subset_eq(B, A)), subset_eq(A, difference(A, A))), subset_eq(index(cardinality(B), union(A, B)), A))",67cc691d696a4f909b6ee8b6cf0d529f
"and(or(not(subset_eq(B, A)), subset_eq(A, difference(A, A))), subset_eq(index(cardinality(B), union(A, B)), B))",ae2eedaf49a847409a838e9d1e48f6ac
"and(or(not(subset_eq(B, A)), subset_eq(A, difference(A, A))), subset_eq(index(cardinality(B), union(A, B)), B))",1dfff3c4e1d54f2eaecee64849d59ba4
"and(or(not(subset_eq(B, A)), subset_eq(A, difference(A, A))), subset_eq(index(cardinality(B), union(A, B)), B))",ae2eedaf49a847409a838e9d1e48f6ac
"and(or(not(subset_eq(B, A)), subset_eq(A, difference(A, A))), subset_eq(index(cardinality(B), difference(A, B)), B))",224d620b95234aabbbcc3a5976d4a740
"and(or(not(subset_eq(B, A)), subset_eq(A, difference(A, A))), subset_eq(index(cardinality(B), difference(A, B)), B))",71acc0b53c574d3e8efb764fd7d082b9
"and(or(not(subset_eq(B, A)), subset_eq(A, difference(A, A))), subset_eq(index(cardinality(B), difference(A, B)), B))",224d620b95234aabbbcc3a5976d4a740
"and(or(not(subset_eq(B, A)), subset_eq(A, difference(A, A))), subset_eq(index(cardinality(A), B), difference(B, A)))",c350e69379d9435099486aca05e2870c
"and(or(not(subset_eq(B, A)), subset_eq(A, difference(A, A))), subset_eq(index(cardinality(A), B), difference(B, A)))",6ddf408ccd0a45cfa6e10095d5d97d39
"and(or(not(subset_eq(B, A)), subset_eq(A, difference(A, A))), subset_eq(index(cardinality(A), B), difference(B, A)))",c350e69379d9435099486aca05e2870c
"and(or(not(subset_eq(B, A)), subset_eq(A, difference(A, A))), subset_eq(index(cardinality(B), A), difference(A, B)))",ed1d701d92cb4ce68bd32db59357d2f2
"and(or(not(subset_eq(B, A)), subset_eq(A, difference(A, A))), subset_eq(index(cardinality(B), A), difference(A, B)))",3e59d7118030467088d2040a570dca8c
"and(or(not(subset_eq(B, A)), subset_eq(A, difference(A, A))), subset_eq(index(cardinality(B), A), difference(A, B)))",ed1d701d92cb4ce68bd32db59357d2f2
"and(or(not(subset_eq(B, A)), subset_eq(A, difference(A, A))), subset_eq(index(cardinality(A), union(A, B)), intersection(A, B)))",0738c99333044e3581de5cb12710343e
"and(or(not(subset_eq(B, A)), subset_eq(A, difference(A, A))), subset_eq(index(cardinality(A), union(A, B)), intersection(A, B)))",7b824bdce4054f1dbdaa2d5bc2684f44
"and(or(not(subset_eq(B, A)), subset_eq(A, difference(A, A))), subset_eq(index(cardinality(A), union(A, B)), intersection(A, B)))",0738c99333044e3581de5cb12710343e
"and(or(not(subset_eq(B, A)), subset_eq(A, difference(A, A))), subset_eq(index(cardinality(A), union(A, B)), difference(A, B)))",2b6df5861fb64c1ea091a3d86971dfc7
"and(or(not(subset_eq(B, A)), subset_eq(A, difference(A, A))), subset_eq(index(cardinality(A), union(A, B)), difference(A, B)))",e105e759b4f84889832f40e23035cb79
"and(or(not(subset_eq(B, A)), subset_eq(A, difference(A, A))), subset_eq(index(cardinality(A), union(A, B)), difference(A, B)))",2b6df5861fb64c1ea091a3d86971dfc7
"and(or(not(subset_eq(B, A)), subset_eq(A, difference(A, A))), subset_eq(index(cardinality(A), union(A, B)), difference(B, A)))",8368b015cbf64969b21eab65ef542626
"and(or(not(subset_eq(B, A)), subset_eq(A, difference(A, A))), subset_eq(index(cardinality(A), union(A, B)), difference(B, A)))",f70d41b911eb48a596319447889b3a93
"and(or(not(subset_eq(B, A)), subset_eq(A, difference(A, A))), subset_eq(index(cardinality(A), union(A, B)), difference(B, A)))",8368b015cbf64969b21eab65ef542626
"and(or(not(subset_eq(B, A)), subset_eq(A, difference(A, A))), subset_eq(index(cardinality(B), union(A, B)), intersection(A, B)))",29f59b747ec24397937913c1bd4e1a35
"and(or(not(subset_eq(B, A)), subset_eq(A, difference(A, A))), subset_eq(index(cardinality(B), union(A, B)), intersection(A, B)))",844c255d98394879b5ee632361454615
"and(or(not(subset_eq(B, A)), subset_eq(A, difference(A, A))), subset_eq(index(cardinality(B), union(A, B)), intersection(A, B)))",29f59b747ec24397937913c1bd4e1a35
"and(or(not(subset_eq(B, A)), subset_eq(A, difference(A, A))), subset_eq(index(cardinality(B), union(A, B)), difference(A, B)))",17a84602a9184023add8ce4699551a32
"and(or(not(subset_eq(B, A)), subset_eq(A, difference(A, A))), subset_eq(index(cardinality(B), union(A, B)), difference(A, B)))",e9f09b693d534034b5d7dfd8500a04a7
"and(or(not(subset_eq(B, A)), subset_eq(A, difference(A, A))), subset_eq(index(cardinality(B), union(A, B)), difference(A, B)))",17a84602a9184023add8ce4699551a32
"and(or(not(subset_eq(B, A)), subset_eq(A, difference(A, A))), subset_eq(index(cardinality(B), union(A, B)), difference(B, A)))",faf17c5fb1cf4e84bba097de69d3db55
"and(or(not(subset_eq(B, A)), subset_eq(A, difference(A, A))), subset_eq(index(cardinality(B), union(A, B)), difference(B, A)))",06e5d6a70607450eaf9cc14b6d1bde36
"and(or(not(subset_eq(B, A)), subset_eq(A, difference(A, A))), subset_eq(index(cardinality(B), union(A, B)), difference(B, A)))",faf17c5fb1cf4e84bba097de69d3db55
"and(or(not(subset_eq(B, A)), subset_eq(A, difference(A, A))), subset_eq(index(cardinality(A), B), index(cardinality(A), union(A, B))))",bc5b970e88ec407c923392b191de3f05
"and(or(not(subset_eq(B, A)), subset_eq(A, difference(A, A))), subset_eq(index(cardinality(A), B), index(cardinality(A), union(A, B))))",abac563712ed48bfbf7bdeb7658ebd31
"and(or(not(subset_eq(B, A)), subset_eq(A, difference(A, A))), subset_eq(index(cardinality(A), B), index(cardinality(A), union(A, B))))",bc5b970e88ec407c923392b191de3f05
"and(or(not(subset_eq(B, A)), subset_eq(A, difference(A, A))), subset_eq(index(cardinality(A), B), index(cardinality(A), difference(B, A))))",a23e241168fc49f78929eadcc2c01fcb
"and(or(not(subset_eq(B, A)), subset_eq(A, difference(A, A))), subset_eq(index(cardinality(A), B), index(cardinality(A), difference(B, A))))",57f58a7e86e54e6fa58dd38807c061f5
"and(or(not(subset_eq(B, A)), subset_eq(A, difference(A, A))), subset_eq(index(cardinality(A), B), index(cardinality(A), difference(B, A))))",a23e241168fc49f78929eadcc2c01fcb
"and(or(not(subset_eq(B, A)), subset_eq(A, difference(A, A))), subset_eq(index(cardinality(A), B), index(cardinality(B), union(A, B))))",8af2a0065a1644b39c5269c471791e49
"and(or(not(subset_eq(B, A)), subset_eq(A, difference(A, A))), subset_eq(index(cardinality(A), B), index(cardinality(B), union(A, B))))",790caf43dd364a2a8a900338e4887b65
"and(or(not(subset_eq(B, A)), subset_eq(A, difference(A, A))), subset_eq(index(cardinality(A), B), index(cardinality(B), union(A, B))))",8af2a0065a1644b39c5269c471791e49
"and(or(not(subset_eq(B, A)), subset_eq(A, difference(A, A))), subset_eq(index(cardinality(B), A), index(cardinality(A), union(A, B))))",5a1018bffc2d40469e2666692ec8b9e1
"and(or(not(subset_eq(B, A)), subset_eq(A, difference(A, A))), subset_eq(index(cardinality(B), A), index(cardinality(A), union(A, B))))",d66015ca5aad474d8e30379f731cc669
"and(or(not(subset_eq(B, A)), subset_eq(A, difference(A, A))), subset_eq(index(cardinality(B), A), index(cardinality(A), union(A, B))))",5a1018bffc2d40469e2666692ec8b9e1
"and(or(not(subset_eq(B, A)), subset_eq(A, difference(A, A))), subset_eq(index(cardinality(B), A), index(cardinality(B), union(A, B))))",875a7b47ee1e498c9a92907b79d5aa8f
"and(or(not(subset_eq(B, A)), subset_eq(A, difference(A, A))), subset_eq(index(cardinality(B), A), index(cardinality(B), union(A, B))))",4e0b8fc7a3af40b8bd1f12a9e8ea45cd
"and(or(not(subset_eq(B, A)), subset_eq(A, difference(A, A))), subset_eq(index(cardinality(B), A), index(cardinality(B), union(A, B))))",875a7b47ee1e498c9a92907b79d5aa8f
"and(or(not(subset_eq(B, A)), subset_eq(A, difference(A, A))), subset_eq(index(cardinality(B), A), index(cardinality(B), difference(A, B))))",216d1feb71714f99bce2a80ee8a6394f
"and(or(not(subset_eq(B, A)), subset_eq(A, difference(A, A))), subset_eq(index(cardinality(B), A), index(cardinality(B), difference(A, B))))",80f4a889664842068cb73cad1ee7a320
"and(or(not(subset_eq(B, A)), subset_eq(A, difference(A, A))), subset_eq(index(cardinality(B), A), index(cardinality(B), difference(A, B))))",216d1feb71714f99bce2a80ee8a6394f
"and(or(not(subset_eq(B, A)), subset_eq(A, difference(A, A))), subset_eq(index(cardinality(A), union(A, B)), union(difference(A, B), difference(B, A))))",16da5bb9b3564626b565efc554c83907
"and(or(not(subset_eq(B, A)), subset_eq(A, difference(A, A))), subset_eq(index(cardinality(A), union(A, B)), union(difference(A, B), difference(B, A))))",7d29cc56b2ef4d018bcff77f432726ea
"and(or(not(subset_eq(B, A)), subset_eq(A, difference(A, A))), subset_eq(index(cardinality(A), union(A, B)), union(difference(A, B), difference(B, A))))",16da5bb9b3564626b565efc554c83907
"and(or(not(subset_eq(B, A)), subset_eq(A, difference(A, A))), subset_eq(index(cardinality(A), union(A, B)), index(cardinality(A), B)))",92475db28dfb456ea0a82f83f1bd3f71
"and(or(not(subset_eq(B, A)), subset_eq(A, difference(A, A))), subset_eq(index(cardinality(A), union(A, B)), index(cardinality(A), B)))",83c27ed90e2f4668949114565fe4b470
"and(or(not(subset_eq(B, A)), subset_eq(A, difference(A, A))), subset_eq(index(cardinality(A), union(A, B)), index(cardinality(A), B)))",92475db28dfb456ea0a82f83f1bd3f71
"and(or(not(subset_eq(B, A)), subset_eq(A, difference(A, A))), subset_eq(index(cardinality(A), union(A, B)), index(cardinality(B), A)))",4656576e0c944b87b4099c5abc2e3aaa
"and(or(not(subset_eq(B, A)), subset_eq(A, difference(A, A))), subset_eq(index(cardinality(A), union(A, B)), index(cardinality(B), A)))",fa040a9407f44da7807e24a7a7b368fd
"and(or(not(subset_eq(B, A)), subset_eq(A, difference(A, A))), subset_eq(index(cardinality(A), union(A, B)), index(cardinality(B), A)))",4656576e0c944b87b4099c5abc2e3aaa
"and(or(not(subset_eq(B, A)), subset_eq(A, difference(A, A))), subset_eq(index(cardinality(A), union(A, B)), index(cardinality(A), difference(B, A))))",6ebeec1d442d4ccb9672404b67f4c2ba
"and(or(not(subset_eq(B, A)), subset_eq(A, difference(A, A))), subset_eq(index(cardinality(A), union(A, B)), index(cardinality(A), difference(B, A))))",eb1b068eb50342269a4e8504b4ef8f83
"and(or(not(subset_eq(B, A)), subset_eq(A, difference(A, A))), subset_eq(index(cardinality(A), union(A, B)), index(cardinality(A), difference(B, A))))",6ebeec1d442d4ccb9672404b67f4c2ba
"and(or(not(subset_eq(B, A)), subset_eq(A, difference(A, A))), subset_eq(index(cardinality(A), union(A, B)), index(cardinality(B), difference(A, B))))",d5915080904342c1b6945478795ca717
"and(or(not(subset_eq(B, A)), subset_eq(A, difference(A, A))), subset_eq(index(cardinality(A), union(A, B)), index(cardinality(B), difference(A, B))))",173069129be1406da5ac798e8adbfdd0
"and(or(not(subset_eq(B, A)), subset_eq(A, difference(A, A))), subset_eq(index(cardinality(A), union(A, B)), index(cardinality(B), difference(A, B))))",d5915080904342c1b6945478795ca717
"and(or(not(subset_eq(B, A)), subset_eq(A, difference(A, A))), subset_eq(index(cardinality(A), difference(B, A)), index(cardinality(A), B)))",1ec6bc2771bd4966973656e684bce249
"and(or(not(subset_eq(B, A)), subset_eq(A, difference(A, A))), subset_eq(index(cardinality(A), difference(B, A)), index(cardinality(A), B)))",8d2ef7bc2c4446fcb0fa68453522aa0e
"and(or(not(subset_eq(B, A)), subset_eq(A, difference(A, A))), subset_eq(index(cardinality(A), difference(B, A)), index(cardinality(A), B)))",1ec6bc2771bd4966973656e684bce249
"and(or(not(subset_eq(B, A)), subset_eq(A, difference(A, A))), subset_eq(index(cardinality(A), difference(B, A)), index(cardinality(A), union(A, B))))",24396eb83e4a4d0cb8118413cecb14e0
"and(or(not(subset_eq(B, A)), subset_eq(A, difference(A, A))), subset_eq(index(cardinality(A), difference(B, A)), index(cardinality(A), union(A, B))))",034733027bb2498d910587929f3d3e1e
"and(or(not(subset_eq(B, A)), subset_eq(A, difference(A, A))), subset_eq(index(cardinality(A), difference(B, A)), index(cardinality(A), union(A, B))))",24396eb83e4a4d0cb8118413cecb14e0
"and(or(not(subset_eq(B, A)), subset_eq(A, difference(A, A))), subset_eq(index(cardinality(A), difference(B, A)), index(cardinality(B), union(A, B))))",cdcc1a55248643098afea9257c201853
"and(or(not(subset_eq(B, A)), subset_eq(A, difference(A, A))), subset_eq(index(cardinality(A), difference(B, A)), index(cardinality(B), union(A, B))))",6a5cb0e7506146f2946e373f5aee1733
"and(or(not(subset_eq(B, A)), subset_eq(A, difference(A, A))), subset_eq(index(cardinality(A), difference(B, A)), index(cardinality(B), union(A, B))))",cdcc1a55248643098afea9257c201853
"and(or(not(subset_eq(B, A)), subset_eq(A, difference(A, A))), subset_eq(index(cardinality(B), union(A, B)), union(difference(A, B), difference(B, A))))",e69daf80982247189b6dbb8ed132b245
"and(or(not(subset_eq(B, A)), subset_eq(A, difference(A, A))), subset_eq(index(cardinality(B), union(A, B)), union(difference(A, B), difference(B, A))))",1cf5e790865d4cada78ad7be18d52b00
"and(or(not(subset_eq(B, A)), subset_eq(A, difference(A, A))), subset_eq(index(cardinality(B), union(A, B)), union(difference(A, B), difference(B, A))))",e69daf80982247189b6dbb8ed132b245
"and(or(not(subset_eq(B, A)), subset_eq(A, difference(A, A))), subset_eq(index(cardinality(B), union(A, B)), index(cardinality(A), B)))",7f30f7881b744528bb24b3c3841396fc
"and(or(not(subset_eq(B, A)), subset_eq(A, difference(A, A))), subset_eq(index(cardinality(B), union(A, B)), index(cardinality(A), B)))",7a7d873700ad40e7a6e90fb5ca721889
"and(or(not(subset_eq(B, A)), subset_eq(A, difference(A, A))), subset_eq(index(cardinality(B), union(A, B)), index(cardinality(A), B)))",7f30f7881b744528bb24b3c3841396fc
"and(or(not(subset_eq(B, A)), subset_eq(A, difference(A, A))), subset_eq(index(cardinality(B), union(A, B)), index(cardinality(B), A)))",e26a7c886bae428f9d1b313c66fc25d6
"and(or(not(subset_eq(B, A)), subset_eq(A, difference(A, A))), subset_eq(index(cardinality(B), union(A, B)), index(cardinality(B), A)))",ca1cf7371ba84885a7a69ae455761fda
"and(or(not(subset_eq(B, A)), subset_eq(A, difference(A, A))), subset_eq(index(cardinality(B), union(A, B)), index(cardinality(B), A)))",e26a7c886bae428f9d1b313c66fc25d6
"and(or(not(subset_eq(B, A)), subset_eq(A, difference(A, A))), subset_eq(index(cardinality(B), union(A, B)), index(cardinality(A), difference(B, A))))",55d1330bc2fa43af992fb90831025675
"and(or(not(subset_eq(B, A)), subset_eq(A, difference(A, A))), subset_eq(index(cardinality(B), union(A, B)), index(cardinality(A), difference(B, A))))",5b6d03faa3eb4bfa8da46c68c87505cf
"and(or(not(subset_eq(B, A)), subset_eq(A, difference(A, A))), subset_eq(index(cardinality(B), union(A, B)), index(cardinality(A), difference(B, A))))",55d1330bc2fa43af992fb90831025675
"and(or(not(subset_eq(B, A)), subset_eq(A, difference(A, A))), subset_eq(index(cardinality(B), union(A, B)), index(cardinality(B), difference(A, B))))",b4e1aba609c540c3b9bac3abd725a97b
"and(or(not(subset_eq(B, A)), subset_eq(A, difference(A, A))), subset_eq(index(cardinality(B), union(A, B)), index(cardinality(B), difference(A, B))))",76827d5835b345d9896f52ddc7fc4786
"and(or(not(subset_eq(B, A)), subset_eq(A, difference(A, A))), subset_eq(index(cardinality(B), union(A, B)), index(cardinality(B), difference(A, B))))",b4e1aba609c540c3b9bac3abd725a97b
"and(or(not(subset_eq(B, A)), subset_eq(A, difference(A, A))), subset_eq(index(cardinality(B), difference(A, B)), index(cardinality(A), union(A, B))))",c1926e0099744a9892a89f13ed533837
"and(or(not(subset_eq(B, A)), subset_eq(A, difference(A, A))), subset_eq(index(cardinality(B), difference(A, B)), index(cardinality(A), union(A, B))))",fe2987049bd2491788818d85efac52df
"and(or(not(subset_eq(B, A)), subset_eq(A, difference(A, A))), subset_eq(index(cardinality(B), difference(A, B)), index(cardinality(A), union(A, B))))",c1926e0099744a9892a89f13ed533837
"and(or(not(subset_eq(B, A)), subset_eq(A, difference(A, A))), subset_eq(index(cardinality(B), difference(A, B)), index(cardinality(B), union(A, B))))",ba70f867682c41e3b9959503fddbd248
"and(or(not(subset_eq(B, A)), subset_eq(A, difference(A, A))), subset_eq(index(cardinality(B), difference(A, B)), index(cardinality(B), union(A, B))))",e4f3b94e58e74d34845a88e6fcd99b4a
"and(or(not(subset_eq(B, A)), subset_eq(A, difference(A, A))), subset_eq(index(cardinality(B), difference(A, B)), index(cardinality(B), union(A, B))))",ba70f867682c41e3b9959503fddbd248
"and(or(not(subset_eq(B, A)), subset_eq(A, difference(A, B))), or(subset_eq(A, difference(A, A)), greater_than(cardinality(A), cardinality(B))))",a4fb12afe884474aa011bb552a1645dc
"and(or(not(subset_eq(B, A)), subset_eq(A, difference(A, B))), or(subset_eq(A, difference(A, A)), greater_than(cardinality(A), cardinality(B))))",65b8cc458ef740819c29ee77aeaf08ef
"and(or(not(subset_eq(B, A)), subset_eq(A, difference(A, B))), or(subset_eq(A, difference(A, A)), greater_than(cardinality(A), cardinality(B))))",a4fb12afe884474aa011bb552a1645dc
"or(subset_eq(A, difference(A, B)), and(not(subset_eq(B, A)), greater_than(cardinality(A), cardinality(B))))",b86161fa7f5940e8a0fff5669bec6e3b
"or(subset_eq(A, difference(A, B)), and(not(subset_eq(B, A)), greater_than(cardinality(A), cardinality(B))))",275c6c80381c4ff7a405d2fc0a200434
"or(subset_eq(A, difference(A, B)), and(not(subset_eq(B, A)), greater_than(cardinality(A), cardinality(B))))",b86161fa7f5940e8a0fff5669bec6e3b
"and(or(not(subset_eq(B, A)), subset_eq(A, difference(A, B))), not(greater_than(cardinality(B), cardinality(A))))",09f9852a66fa41e48358db8857f55e1d
"and(or(not(subset_eq(B, A)), subset_eq(A, difference(A, B))), not(greater_than(cardinality(B), cardinality(A))))",65290f9557cd469f8b3fec9ff2508910
"and(or(not(subset_eq(B, A)), subset_eq(A, difference(A, B))), not(greater_than(cardinality(B), cardinality(A))))",09f9852a66fa41e48358db8857f55e1d
"and(or(not(subset_eq(B, A)), subset_eq(A, difference(A, B))), not(equals(cardinality(A), cardinality(B))))",970771bc920a4433bc452cd325908155
"and(or(not(subset_eq(B, A)), subset_eq(A, difference(A, B))), not(equals(cardinality(A), cardinality(B))))",1b31806896fa4b6e9b28b6e5ef454b15
"and(or(not(subset_eq(B, A)), subset_eq(A, difference(A, B))), not(equals(cardinality(A), cardinality(B))))",970771bc920a4433bc452cd325908155
"and(or(not(subset_eq(B, A)), subset_eq(A, difference(A, B))), not(subset_eq(A, difference(A, A))))",57389f08f57940368cfa5b8ed52adda2
"and(or(not(subset_eq(B, A)), subset_eq(A, difference(A, B))), subset_eq(intersection(A, B), index(cardinality(B), A)))",6d531c44a84b4c038d4b8a25d28a25ac
"and(or(not(subset_eq(B, A)), subset_eq(A, difference(A, B))), subset_eq(intersection(A, B), index(cardinality(B), A)))",e8fcb53e5fb4409c91b688a4566e7ba3
"and(or(not(subset_eq(B, A)), subset_eq(A, difference(A, B))), subset_eq(intersection(A, B), index(cardinality(B), A)))",6d531c44a84b4c038d4b8a25d28a25ac
"and(or(not(subset_eq(B, A)), subset_eq(A, difference(A, B))), subset_eq(intersection(A, B), index(cardinality(B), union(A, B))))",680e9af5dbce4998a9331d5de8160320
"and(or(not(subset_eq(B, A)), subset_eq(A, difference(A, B))), subset_eq(intersection(A, B), index(cardinality(B), union(A, B))))",3b2d4dfd9e7e45c0addd973b49f40617
"and(or(not(subset_eq(B, A)), subset_eq(A, difference(A, B))), subset_eq(intersection(A, B), index(cardinality(B), union(A, B))))",680e9af5dbce4998a9331d5de8160320
"or(and(subset_eq(A, B), not(subset_eq(B, A))), subset_eq(A, index(cardinality(B), A)))",1d8b7c548ac84f979187163947f12dd2
"or(and(subset_eq(A, B), not(subset_eq(B, A))), subset_eq(A, index(cardinality(B), A)))",15a4b325a6ba4d1b8dd58bc396ff1ab9
"or(and(subset_eq(A, B), not(subset_eq(B, A))), subset_eq(A, index(cardinality(B), A)))",1d8b7c548ac84f979187163947f12dd2
"and(or(not(subset_eq(B, A)), subset_eq(A, difference(A, B))), subset_eq(difference(A, B), index(cardinality(B), union(A, B))))",4a11468c642c4d2f8b19b0319ea700fa
"and(or(not(subset_eq(B, A)), subset_eq(A, difference(A, B))), subset_eq(difference(A, B), index(cardinality(B), union(A, B))))",5f49f39fdcc64d7ea125718f1bc78136
"and(or(not(subset_eq(B, A)), subset_eq(A, difference(A, B))), subset_eq(difference(A, B), index(cardinality(B), union(A, B))))",4a11468c642c4d2f8b19b0319ea700fa
"and(or(not(subset_eq(B, A)), subset_eq(A, difference(A, B))), subset_eq(difference(B, A), index(cardinality(A), B)))",2f62a2995d9e46d9b618d477feb9c8b0
"and(or(not(subset_eq(B, A)), subset_eq(A, difference(A, B))), subset_eq(difference(B, A), index(cardinality(A), union(A, B))))",10435dd47e384678b002bffb08842e92
"and(or(not(subset_eq(B, A)), subset_eq(A, difference(A, B))), subset_eq(difference(B, A), index(cardinality(A), union(A, B))))",ca49c616c4434bbfacfcda9c22784464
"and(or(not(subset_eq(B, A)), subset_eq(A, difference(A, B))), subset_eq(difference(B, A), index(cardinality(A), union(A, B))))",10435dd47e384678b002bffb08842e92
"and(or(not(subset_eq(B, A)), subset_eq(A, difference(A, B))), subset_eq(difference(B, A), index(cardinality(B), union(A, B))))",a0cc11a85b8d4be49d7feb3e8574d19e
"and(or(not(subset_eq(B, A)), subset_eq(A, difference(A, B))), subset_eq(difference(B, A), index(cardinality(B), union(A, B))))",f5a5c4f138db41c290a4b854b2508910
"and(or(not(subset_eq(B, A)), subset_eq(A, difference(A, B))), subset_eq(difference(B, A), index(cardinality(B), union(A, B))))",a0cc11a85b8d4be49d7feb3e8574d19e
"and(or(not(subset_eq(B, A)), subset_eq(A, difference(A, B))), subset_eq(index(cardinality(A), B), A))",eb506a33930b4ce49b32c896471ca950
"and(or(not(subset_eq(B, A)), subset_eq(A, difference(A, B))), subset_eq(index(cardinality(A), B), A))",58914f4d9e3f457cbefa1e3502282d12
"and(or(not(subset_eq(B, A)), subset_eq(A, difference(A, B))), subset_eq(index(cardinality(A), B), A))",eb506a33930b4ce49b32c896471ca950
"and(or(not(subset_eq(B, A)), subset_eq(A, difference(A, B))), subset_eq(index(cardinality(A), union(A, B)), A))",7e9b9c54f61b426ea3d027ec8ee70ac3
"and(or(not(subset_eq(B, A)), subset_eq(A, difference(A, B))), subset_eq(index(cardinality(A), union(A, B)), A))",11deb5f5f55b403faf0a8d8c862a9287
"and(or(not(subset_eq(B, A)), subset_eq(A, difference(A, B))), subset_eq(index(cardinality(A), union(A, B)), A))",7e9b9c54f61b426ea3d027ec8ee70ac3
"and(or(not(subset_eq(B, A)), subset_eq(A, difference(A, B))), subset_eq(index(cardinality(A), union(A, B)), B))",f6bf4752baec457b9d5a185152596e5a
"and(or(not(subset_eq(B, A)), subset_eq(A, difference(A, B))), subset_eq(index(cardinality(A), union(A, B)), B))",7eb9a63f5d6b4bac94ac8ed351247b9a
"and(or(not(subset_eq(B, A)), subset_eq(A, difference(A, B))), subset_eq(index(cardinality(A), union(A, B)), B))",f6bf4752baec457b9d5a185152596e5a
"and(or(not(subset_eq(B, A)), subset_eq(A, difference(A, B))), subset_eq(index(cardinality(A), difference(B, A)), A))",5b9c200461a64cdebf94637ae742eac7
"and(or(not(subset_eq(B, A)), subset_eq(A, difference(A, B))), subset_eq(index(cardinality(A), difference(B, A)), A))",97bb363e296543b48b2f3ccbc884fb0b
"and(or(not(subset_eq(B, A)), subset_eq(A, difference(A, B))), subset_eq(index(cardinality(A), difference(B, A)), A))",5b9c200461a64cdebf94637ae742eac7
"and(or(not(subset_eq(B, A)), subset_eq(A, difference(A, B))), subset_eq(index(cardinality(B), union(A, B)), A))",d2a94990d4844c3ea53a567b66c50684
"and(or(not(subset_eq(B, A)), subset_eq(A, difference(A, B))), subset_eq(index(cardinality(B), union(A, B)), A))",2ea7e30336fd495aa16993ae5f5cd1f8
"and(or(not(subset_eq(B, A)), subset_eq(A, difference(A, B))), subset_eq(index(cardinality(B), union(A, B)), A))",d2a94990d4844c3ea53a567b66c50684
"and(or(not(subset_eq(B, A)), subset_eq(A, difference(A, B))), subset_eq(index(cardinality(A), B), difference(B, A)))",846c1e9b64474d3a9cc81acad4a9025d
"and(or(not(subset_eq(B, A)), subset_eq(A, difference(A, B))), subset_eq(index(cardinality(A), B), difference(B, A)))",0d77e3bd2b164aa2a0a098c1a332dace
"and(or(not(subset_eq(B, A)), subset_eq(A, difference(A, B))), subset_eq(index(cardinality(A), B), difference(B, A)))",846c1e9b64474d3a9cc81acad4a9025d
"and(or(not(subset_eq(B, A)), subset_eq(A, difference(A, B))), subset_eq(index(cardinality(B), A), difference(A, B)))",6ba82061cc2e460386bc98c9f877b11c
"and(or(not(subset_eq(B, A)), subset_eq(A, difference(A, B))), subset_eq(index(cardinality(B), A), difference(A, B)))",8bef2b54f85a451a8cb0bb6bd13471a3
"and(or(not(subset_eq(B, A)), subset_eq(A, difference(A, B))), subset_eq(index(cardinality(B), A), difference(A, B)))",6ba82061cc2e460386bc98c9f877b11c
"and(or(not(subset_eq(B, A)), subset_eq(A, difference(A, B))), subset_eq(index(cardinality(A), union(A, B)), intersection(A, B)))",95a0ca4855fe4101853cd7a5af10a18e
"and(or(not(subset_eq(B, A)), subset_eq(A, difference(A, B))), subset_eq(index(cardinality(A), union(A, B)), intersection(A, B)))",8097b5052fee42c5955b4bb36f852933
"and(or(not(subset_eq(B, A)), subset_eq(A, difference(A, B))), subset_eq(index(cardinality(A), union(A, B)), intersection(A, B)))",95a0ca4855fe4101853cd7a5af10a18e
"and(or(not(subset_eq(B, A)), subset_eq(A, difference(A, B))), subset_eq(index(cardinality(A), union(A, B)), difference(A, B)))",645b340279e44c2497b14bd9dbcdf8bb
"and(or(not(subset_eq(B, A)), subset_eq(A, difference(A, B))), subset_eq(index(cardinality(A), union(A, B)), difference(A, B)))",c775e6b7847840a594c843b1b8958c85
"and(or(not(subset_eq(B, A)), subset_eq(A, difference(A, B))), subset_eq(index(cardinality(A), union(A, B)), difference(A, B)))",645b340279e44c2497b14bd9dbcdf8bb
"and(or(not(subset_eq(B, A)), subset_eq(A, difference(A, B))), subset_eq(index(cardinality(A), union(A, B)), difference(B, A)))",d982a7cc2b7e4577a2bd299c835d91cb
"and(or(not(subset_eq(B, A)), subset_eq(A, difference(A, B))), subset_eq(index(cardinality(A), union(A, B)), difference(B, A)))",1c04aa56f6c2406aa893c5a95365838c
"and(or(not(subset_eq(B, A)), subset_eq(A, difference(A, B))), subset_eq(index(cardinality(A), union(A, B)), difference(B, A)))",d982a7cc2b7e4577a2bd299c835d91cb
"and(or(not(subset_eq(B, A)), subset_eq(A, difference(A, B))), subset_eq(index(cardinality(B), union(A, B)), difference(A, B)))",ae54bbf833904105a4fcf9b8767cdccb
"and(or(not(subset_eq(B, A)), subset_eq(A, difference(A, B))), subset_eq(index(cardinality(B), union(A, B)), difference(A, B)))",30d7a2cf790245919938804483f6bc21
"and(or(not(subset_eq(B, A)), subset_eq(A, difference(A, B))), subset_eq(index(cardinality(B), union(A, B)), difference(A, B)))",ae54bbf833904105a4fcf9b8767cdccb
"and(or(not(subset_eq(B, A)), subset_eq(A, difference(A, B))), subset_eq(index(cardinality(A), B), index(cardinality(A), union(A, B))))",431a87ad5df64b57a89c284c26bea457
"and(or(not(subset_eq(B, A)), subset_eq(A, difference(A, B))), subset_eq(index(cardinality(A), B), index(cardinality(A), union(A, B))))",b388eae78108488285f3040fed17567c
"and(or(not(subset_eq(B, A)), subset_eq(A, difference(A, B))), subset_eq(index(cardinality(A), B), index(cardinality(A), union(A, B))))",431a87ad5df64b57a89c284c26bea457
"and(or(not(subset_eq(B, A)), subset_eq(A, difference(A, B))), subset_eq(index(cardinality(A), B), index(cardinality(A), difference(B, A))))",62004786f4cd41dd8212be8c24a318d5
"and(or(not(subset_eq(B, A)), subset_eq(A, difference(A, B))), subset_eq(index(cardinality(A), B), index(cardinality(A), difference(B, A))))",c3eeb61369ef4ec284abdedaa5ad1664
"and(or(not(subset_eq(B, A)), subset_eq(A, difference(A, B))), subset_eq(index(cardinality(A), B), index(cardinality(A), difference(B, A))))",62004786f4cd41dd8212be8c24a318d5
"and(or(not(subset_eq(B, A)), subset_eq(A, difference(A, B))), subset_eq(index(cardinality(A), B), index(cardinality(B), union(A, B))))",75fe9cced8e8433687342aa17e05e21a
"and(or(not(subset_eq(B, A)), subset_eq(A, difference(A, B))), subset_eq(index(cardinality(A), B), index(cardinality(B), union(A, B))))",e859dc16e8274e3db4d1b4e8aa349ce1
"and(or(not(subset_eq(B, A)), subset_eq(A, difference(A, B))), subset_eq(index(cardinality(A), B), index(cardinality(B), union(A, B))))",75fe9cced8e8433687342aa17e05e21a
"and(or(not(subset_eq(B, A)), subset_eq(A, difference(A, B))), subset_eq(index(cardinality(B), A), index(cardinality(B), union(A, B))))",de4e7af5b3e043189c201a5fb4d601b3
"and(or(not(subset_eq(B, A)), subset_eq(A, difference(A, B))), subset_eq(index(cardinality(B), A), index(cardinality(B), union(A, B))))",b944a0103ba54c15bef8eccf71520c2a
"and(or(not(subset_eq(B, A)), subset_eq(A, difference(A, B))), subset_eq(index(cardinality(B), A), index(cardinality(B), union(A, B))))",de4e7af5b3e043189c201a5fb4d601b3
"and(or(not(subset_eq(B, A)), subset_eq(A, difference(A, B))), subset_eq(index(cardinality(B), A), index(cardinality(B), difference(A, B))))",e6818126285c4c83aa9f989fb7f63586
"and(or(not(subset_eq(B, A)), subset_eq(A, difference(A, B))), subset_eq(index(cardinality(B), A), index(cardinality(B), difference(A, B))))",1eda7da27c784cf59f93f06cce6a5681
"and(or(not(subset_eq(B, A)), subset_eq(A, difference(A, B))), subset_eq(index(cardinality(B), A), index(cardinality(B), difference(A, B))))",e6818126285c4c83aa9f989fb7f63586
"and(or(not(subset_eq(B, A)), subset_eq(A, difference(A, B))), subset_eq(index(cardinality(A), union(A, B)), union(difference(A, B), difference(B, A))))",8572791a65c44b9f881d2ccb734b1b62
"and(or(not(subset_eq(B, A)), subset_eq(A, difference(A, B))), subset_eq(index(cardinality(A), union(A, B)), union(difference(A, B), difference(B, A))))",75dc5a4ef32040918276dbd7de90c565
"and(or(not(subset_eq(B, A)), subset_eq(A, difference(A, B))), subset_eq(index(cardinality(A), union(A, B)), union(difference(A, B), difference(B, A))))",8572791a65c44b9f881d2ccb734b1b62
"and(or(not(subset_eq(B, A)), subset_eq(A, difference(A, B))), subset_eq(index(cardinality(A), union(A, B)), index(cardinality(A), B)))",cb9d2e2ad5cf4e81a39fa32fa1ce5428
"and(or(not(subset_eq(B, A)), subset_eq(A, difference(A, B))), subset_eq(index(cardinality(A), union(A, B)), index(cardinality(A), B)))",8c5324ba214745f889f47096eed3b7b0
"and(or(not(subset_eq(B, A)), subset_eq(A, difference(A, B))), subset_eq(index(cardinality(A), union(A, B)), index(cardinality(A), B)))",cb9d2e2ad5cf4e81a39fa32fa1ce5428
"and(or(not(subset_eq(B, A)), subset_eq(A, difference(A, B))), subset_eq(index(cardinality(A), union(A, B)), index(cardinality(B), A)))",4c7fac5b516e4bf8817bf3502710456b
"and(or(not(subset_eq(B, A)), subset_eq(A, difference(A, B))), subset_eq(index(cardinality(A), union(A, B)), index(cardinality(B), A)))",0caf3bf593384c1abedb52fbb2dee622
"and(or(not(subset_eq(B, A)), subset_eq(A, difference(A, B))), subset_eq(index(cardinality(A), union(A, B)), index(cardinality(B), A)))",4c7fac5b516e4bf8817bf3502710456b
"and(or(not(subset_eq(B, A)), subset_eq(A, difference(A, B))), subset_eq(index(cardinality(A), union(A, B)), index(cardinality(A), difference(B, A))))",52c168a08f074d73810096c6eed5161c
"and(or(not(subset_eq(B, A)), subset_eq(A, difference(A, B))), subset_eq(index(cardinality(A), union(A, B)), index(cardinality(A), difference(B, A))))",e599235c1cd6494c9e39751b1d35e934
"and(or(not(subset_eq(B, A)), subset_eq(A, difference(A, B))), subset_eq(index(cardinality(A), union(A, B)), index(cardinality(A), difference(B, A))))",52c168a08f074d73810096c6eed5161c
"and(or(not(subset_eq(B, A)), subset_eq(A, difference(A, B))), subset_eq(index(cardinality(A), difference(B, A)), index(cardinality(A), B)))",37f90a6aac1d4c15914b17d8c0f7adb7
"and(or(not(subset_eq(B, A)), subset_eq(A, difference(A, B))), subset_eq(index(cardinality(A), difference(B, A)), index(cardinality(A), B)))",649bfdc96a4f452ba6c458a5b3d5ea0a
"and(or(not(subset_eq(B, A)), subset_eq(A, difference(A, B))), subset_eq(index(cardinality(A), difference(B, A)), index(cardinality(A), B)))",37f90a6aac1d4c15914b17d8c0f7adb7
"and(or(not(subset_eq(B, A)), subset_eq(A, difference(A, B))), subset_eq(index(cardinality(A), difference(B, A)), index(cardinality(A), union(A, B))))",9ec4ad7707bf439ea622f8115bbc5cfe
"and(or(not(subset_eq(B, A)), subset_eq(A, difference(A, B))), subset_eq(index(cardinality(A), difference(B, A)), index(cardinality(A), union(A, B))))",c0d77fcf27224cb6a9d1484d895c52fd
"and(or(not(subset_eq(B, A)), subset_eq(A, difference(A, B))), subset_eq(index(cardinality(A), difference(B, A)), index(cardinality(A), union(A, B))))",9ec4ad7707bf439ea622f8115bbc5cfe
"and(or(not(subset_eq(B, A)), subset_eq(A, difference(A, B))), subset_eq(index(cardinality(A), difference(B, A)), index(cardinality(B), union(A, B))))",45e1a58ffbb24ea29936f296d8af3b6d
"and(or(not(subset_eq(B, A)), subset_eq(A, difference(A, B))), subset_eq(index(cardinality(A), difference(B, A)), index(cardinality(B), union(A, B))))",4407493f8f0f4455a8da3c2e89141f7f
"and(or(not(subset_eq(B, A)), subset_eq(A, difference(A, B))), subset_eq(index(cardinality(A), difference(B, A)), index(cardinality(B), union(A, B))))",45e1a58ffbb24ea29936f296d8af3b6d
"and(or(not(subset_eq(B, A)), subset_eq(A, difference(A, B))), subset_eq(index(cardinality(B), union(A, B)), union(difference(A, B), difference(B, A))))",dca63144d7ef411a9f506e5a5f131a94
"and(or(not(subset_eq(B, A)), subset_eq(A, difference(A, B))), subset_eq(index(cardinality(B), union(A, B)), union(difference(A, B), difference(B, A))))",ea2bc102d9694dcd8c2fae7cfec06e8d
"and(or(not(subset_eq(B, A)), subset_eq(A, difference(A, B))), subset_eq(index(cardinality(B), union(A, B)), union(difference(A, B), difference(B, A))))",dca63144d7ef411a9f506e5a5f131a94
"and(or(not(subset_eq(B, A)), subset_eq(A, difference(A, B))), subset_eq(index(cardinality(B), union(A, B)), index(cardinality(B), A)))",7a9b6132db7c4d0aac95c5e0ca17deb1
"and(or(not(subset_eq(B, A)), subset_eq(A, difference(A, B))), subset_eq(index(cardinality(B), union(A, B)), index(cardinality(B), A)))",ac6d4cd94b704c45839cbfffa3845225
"and(or(not(subset_eq(B, A)), subset_eq(A, difference(A, B))), subset_eq(index(cardinality(B), union(A, B)), index(cardinality(B), A)))",7a9b6132db7c4d0aac95c5e0ca17deb1
"and(or(subset_eq(A, difference(A, B)), greater_than(cardinality(B), cardinality(A))), subset_eq(index(cardinality(B), union(A, B)), index(cardinality(B), A)))",a5449d4b622f43dcbe3eb91f787d0c88
"and(or(subset_eq(A, difference(A, B)), greater_than(cardinality(B), cardinality(A))), subset_eq(index(cardinality(B), union(A, B)), index(cardinality(B), A)))",a8e3ab2028874185a85c3ccb465b4934
"and(or(subset_eq(A, difference(A, B)), greater_than(cardinality(B), cardinality(A))), subset_eq(index(cardinality(B), union(A, B)), index(cardinality(B), A)))",a5449d4b622f43dcbe3eb91f787d0c88
"and(or(not(subset_eq(B, A)), subset_eq(A, difference(A, B))), subset_eq(index(cardinality(B), difference(A, B)), index(cardinality(B), union(A, B))))",229349dc2d8f4c5493151f6c6ea63df6
"and(or(not(subset_eq(B, A)), subset_eq(A, difference(A, B))), subset_eq(index(cardinality(B), difference(A, B)), index(cardinality(B), union(A, B))))",7b9e7ab64add46acb643bf38f87fdf06
"and(or(not(subset_eq(B, A)), subset_eq(A, difference(A, B))), subset_eq(index(cardinality(B), difference(A, B)), index(cardinality(B), union(A, B))))",229349dc2d8f4c5493151f6c6ea63df6
"and(or(not(subset_eq(B, A)), subset_eq(A, difference(A, B))), greater_than(cardinality(A), cardinality(difference(B, A))))",20d981b346f04fbbb3ee9e2ed913eff7
"and(or(not(subset_eq(B, A)), subset_eq(A, difference(A, B))), greater_than(cardinality(A), cardinality(difference(B, A))))",d86623997d5445baab6e4ea2e9c063fd
"and(or(not(subset_eq(B, A)), subset_eq(A, difference(A, B))), greater_than(cardinality(A), cardinality(difference(B, A))))",20d981b346f04fbbb3ee9e2ed913eff7
"and(or(not(subset_eq(B, A)), subset_eq(A, difference(A, B))), greater_than(cardinality(difference(A, B)), cardinality(intersection(A, B))))",a4274caadc60434ba3c443042f894ba5
"and(or(not(subset_eq(B, A)), subset_eq(A, difference(A, B))), greater_than(cardinality(difference(A, B)), cardinality(intersection(A, B))))",ee8ed3d6419b44389c88d64788427b10
"and(or(not(subset_eq(B, A)), subset_eq(A, difference(A, B))), greater_than(cardinality(difference(A, B)), cardinality(intersection(A, B))))",a4274caadc60434ba3c443042f894ba5
"and(or(subset_eq(A, difference(A, A)), equals(cardinality(A), cardinality(B))), not(subset_eq(B, difference(A, A))))",79d8b835e89847bab9ac51044270f186
"and(or(subset_eq(A, difference(A, A)), equals(cardinality(A), cardinality(B))), not(subset_eq(B, difference(A, A))))",15efe2839ebf42a1bfe03a5d30a2ec5a
"and(or(subset_eq(A, difference(A, A)), equals(cardinality(A), cardinality(B))), not(subset_eq(B, difference(A, A))))",79d8b835e89847bab9ac51044270f186
"and(or(subset_eq(A, difference(A, A)), equals(cardinality(A), cardinality(B))), subset_eq(difference(A, B), index(cardinality(A), union(A, B))))",886a00bf03194fedaa577f3206d090e2
"and(or(subset_eq(A, difference(A, A)), equals(cardinality(A), cardinality(B))), subset_eq(difference(B, A), index(cardinality(A), union(A, B))))",0a5da96a9a2049c9b25463c5fe569e71
"and(or(subset_eq(A, difference(A, A)), equals(cardinality(A), cardinality(B))), subset_eq(index(cardinality(A), union(A, B)), B))",276ff1a0b08649098bfbe8620c38e5cf
"and(or(subset_eq(A, difference(A, A)), equals(cardinality(A), cardinality(B))), subset_eq(index(cardinality(A), union(A, B)), B))",d15a8232375e4e41bf8c64e41e283801
"and(or(subset_eq(A, difference(A, A)), equals(cardinality(A), cardinality(B))), subset_eq(index(cardinality(A), union(A, B)), B))",276ff1a0b08649098bfbe8620c38e5cf
"and(or(subset_eq(A, difference(A, A)), equals(cardinality(A), cardinality(B))), subset_eq(index(cardinality(B), union(A, B)), A))",fe9bba1d0da8480d8e419906e5cebb80
"and(or(subset_eq(A, difference(A, A)), equals(cardinality(A), cardinality(B))), subset_eq(index(cardinality(B), union(A, B)), A))",cc76b2263f744ab588d4df7c69b18e73
"and(or(subset_eq(A, difference(A, A)), equals(cardinality(A), cardinality(B))), subset_eq(index(cardinality(B), union(A, B)), A))",fe9bba1d0da8480d8e419906e5cebb80
"and(or(subset_eq(A, difference(A, A)), equals(cardinality(A), cardinality(B))), subset_eq(index(cardinality(A), union(A, B)), difference(B, A)))",bb5fbf25025548bdafd9630d442310b8
"and(or(subset_eq(A, difference(A, A)), equals(cardinality(A), cardinality(B))), subset_eq(index(cardinality(A), union(A, B)), difference(B, A)))",8ec26695768340fbb97cbc7fd801047d
"and(or(subset_eq(A, difference(A, A)), equals(cardinality(A), cardinality(B))), subset_eq(index(cardinality(A), union(A, B)), difference(B, A)))",bb5fbf25025548bdafd9630d442310b8
