expression,auc_lstm,auc_tf,right_upward,left_upward,right_downward,left_downward,degree,upward,downward,auc_mean,func_count,p_true,pos_sizeA,pos_sizeB,pos_both,pos_union,pos_activity,pos_var,neg_sizeA,neg_sizeB,neg_both,neg_union,neg_activity,neg_var,class_sep,boundary_density
"and(and(not(subset_eq(A, B)), equals(cardinality(A), cardinality(B))), subset_eq(index(cardinality(A), union(A, B)), union(difference(A, B), difference(B, A))))",3007.6195214929467,5049.564287676476,0.3189522932738612,0.3189522932738612,0.0,0.0,0.3189522932738612,0.3189522932738612,0.0,4028.5919045847113,14,0.10475,5.84964200477327,5.84964200477327,2.7494033412887826,8.949880668257757,11.69928400954654,5.704569921565739,5.989946942194917,5.981010890812622,3.0,8.97095783300754,11.97095783300754,9.287720314193677,0.3158194817317942,0.2760416666666667
"and(and(not(subset_eq(A, B)), greater_than(cardinality(B), cardinality(A))), subset_eq(index(cardinality(A), B), A))",2370.6845655780926,3834.7899935846217,0.7679902306054833,0.5633221384423202,0.0,0.0,0.7679902306054833,0.7679902306054833,0.0,3102.737279581357,10,0.1515,5.201320132013201,7.2161716171617165,3.367986798679868,9.049504950495049,12.417491749174918,5.742002418063577,6.113435474366529,5.744254566882734,2.9033588685916323,8.95433117265763,11.857690041249263,9.013412521455326,1.7928673442495369,0.03125
"and(and(not(subset_eq(A, B)), greater_than(cardinality(B), cardinality(A))), subset_eq(index(cardinality(A), B), difference(B, A)))",2112.084141163228,3981.891436816193,0.6096432587978922,0.2946404107381429,0.0,0.0,0.6096432587978922,0.6096432587978922,0.0,3046.9877889897107,11,0.23325,4.637727759914255,6.983922829581994,2.570203644158628,9.05144694533762,11.621650589496248,5.851267505965055,6.3821323769155525,5.657971959569612,3.0965112487773068,8.943593087707859,12.040104336485165,8.640898213988248,2.253462418630825,0.15104166666666666
"and(and(not(subset_eq(A, B)), greater_than(cardinality(B), cardinality(A))), subset_eq(index(cardinality(A), union(A, B)), intersection(A, B)))",4167.797797615174,5437.10542492941,0.7451984570885329,0.5865701643149835,0.0,0.0,0.7451984570885329,0.7451984570885329,0.0,4802.451611272292,12,0.12375,5.208080808080808,7.2727272727272725,3.4323232323232324,9.048484848484849,12.480808080808082,5.415798387919603,6.083594864479315,5.782881597717546,2.9089871611982883,8.957489300998574,11.86647646219686,9.023119611071149,1.805559647764938,0.0234375
"and(and(not(subset_eq(A, B)), subset_eq(A, difference(A, B))), subset_eq(index(cardinality(A), B), index(cardinality(B), union(A, B))))",536.4069123975751,651.2298664354967,0.0307961667342575,0.356411542637957,1.0,0.0,1.0,0.356411542637957,1.0,593.8183894165359,12,0.02275,4.835164835164835,3.1538461538461537,0.0,7.989010989010989,7.989010989010989,7.003985025963049,6.001790739319519,6.03274494755692,3.0429777436684575,8.991557943207981,12.034535686876438,8.65117951692101,4.348423600931218,0.20572916666666666
"and(and(not(subset_eq(A, B)), subset_eq(A, difference(A, B))), subset_eq(index(cardinality(B), union(A, B)), A))",837.3826015189115,757.3129535011249,0.0253755619969213,0.3798616432962063,0.9425184024721648,0.0,0.9425184024721648,0.3798616432962063,0.9425184024721648,797.3477775100182,10,0.01575,4.888888888888889,3.3333333333333335,0.0,8.222222222222221,8.222222222222221,8.081128747795415,5.992633985267971,6.009398018796038,3.021336042672085,8.980695961391923,12.002032004064008,8.721599249650108,4.184261813188903,0.17708333333333334
"and(and(not(subset_eq(B, A)), greater_than(cardinality(A), cardinality(B))), subset_eq(index(cardinality(A), union(A, B)), intersection(A, B)))",2322.922727236066,3472.3999796384014,0.5865701643149835,0.7451984570885329,0.0,0.0,0.7451984570885329,0.7451984570885329,0.0,2897.6613534372336,12,0.12225,7.253578732106339,5.2392638036809815,3.4335378323108383,9.059304703476483,12.492842535787322,5.9224493039089,5.797208772429507,6.068641412702934,2.9097123326687555,8.956137852463685,11.865850185132441,8.973370181082878,1.7559253491738607,0.0234375
"and(and(not(subset_eq(B, A)), greater_than(cardinality(A), cardinality(B))), subset_eq(index(cardinality(B), union(A, B)), difference(A, B)))",4358.049320029095,5493.533677045256,0.3306596908075138,0.634412892906006,0.0,0.0,0.634412892906006,0.634412892906006,0.0,4925.791498537175,12,0.183,7.0136612021857925,4.614754098360656,2.6024590163934427,9.025956284153006,11.628415300546449,6.3141255337573465,5.74265605875153,6.270195838433293,3.0569155446756424,8.95593635250918,12.012851897184822,8.657181054668946,2.1359944207580175,0.11197916666666667
"and(and(not(subset_eq(B, A)), greater_than(cardinality(A), cardinality(B))), subset_eq(intersection(A, B), index(cardinality(A), union(A, B))))",1060.1394016294144,1352.2768107464071,0.2695176756066619,0.6108838939230882,0.0,0.0,0.6108838939230882,0.6108838939230882,0.0,1206.2081061879107,12,0.0235,5.404255319148936,3.021276595744681,0.3617021276595745,8.063829787234043,8.425531914893616,5.683567224988687,5.988991295442909,6.038146441372247,3.0366103430619558,8.9905273937532,12.027137736815156,8.704953373032113,4.0741322742709905,0.125
"and(and(not(subset_eq(B, A)), greater_than(cardinality(A), cardinality(B))), subset_eq(intersection(A, B), index(cardinality(B), A)))",1346.8769728320767,1464.1342126413365,0.2745981697604572,0.615026707326688,0.0,0.0,0.615026707326688,0.615026707326688,0.0,1405.5055927367066,11,0.02575,5.436893203883495,3.029126213592233,0.4174757281553398,8.048543689320388,8.466019417475728,5.419737958337263,5.989479086476777,6.044906338208879,3.041313831152168,8.993071593533488,12.034385424685656,8.698650370204534,4.03544387997308,0.13020833333333334
"and(and(not(subset_eq(B, A)), subset_eq(A, difference(A, B))), or(subset_eq(A, B), greater_than(cardinality(A), cardinality(B))))",407.6010774405722,547.7686427979497,0.2776271829363967,0.0226200626800823,0.0,0.3771560028186169,0.3771560028186169,0.2776271829363967,0.3771560028186169,477.684860119261,11,0.015,5.333333333333333,2.783333333333333,0.0,8.116666666666667,8.116666666666667,5.161666666666667,5.98502538071066,6.015736040609137,3.019035532994924,8.981725888324872,12.000761421319798,8.74534425004516,4.470761158472318,0.19010416666666666
"and(and(not(subset_eq(B, A)), subset_eq(A, difference(A, B))), subset_eq(index(cardinality(A), union(A, B)), B))",843.5350479784538,1062.8804946754244,0.3798616432962063,0.0253755619969213,0.0,0.9425184024721648,0.9425184024721648,0.3798616432962063,0.9425184024721648,953.2077713269391,10,0.01625,3.5846153846153848,4.323076923076923,0.0,7.907692307692308,7.907692307692308,7.929940828402366,6.014739517153749,5.994409148665819,3.0228716645489198,8.986277001270649,12.009148665819568,8.734371658897974,4.2233408349516415,0.17708333333333334
"and(and(not(subset_eq(B, A)), subset_eq(A, difference(A, B))), subset_eq(index(cardinality(B), A), index(cardinality(B), union(A, B))))",685.8358149233454,640.228856065005,0.3476734222402851,0.0301328166085534,0.0,0.9526584696695994,0.9526584696695994,0.3476734222402851,0.9526584696695994,663.0323354941752,12,0.01925,3.4805194805194803,4.415584415584416,0.0,7.896103896103896,7.896103896103896,8.144037780401419,6.024216161101198,5.99770583736936,3.0321182768289576,8.9898037216416,12.021921998470559,8.690964721149554,4.262304803830138,0.203125
"and(and(subset_eq(A, difference(A, B)), greater_than(cardinality(A), cardinality(B))), subset_eq(index(cardinality(A), union(A, B)), A))",,525.7477784532821,0.0210794345006887,0.7322533281305481,1.0,0.0,1.0,0.7322533281305481,1.0,525.7477784532821,11,0.0105,5.476190476190476,2.6666666666666665,0.0,8.142857142857142,8.142857142857142,6.117913832199548,5.980545730166751,6.0022738756947955,3.0053057099545226,8.977513895907023,11.982819605861547,8.781562520666167,4.51802081507148,0.12760416666666666
"and(and(subset_eq(A, difference(A, B)), greater_than(cardinality(B), cardinality(A))), subset_eq(index(cardinality(B), union(A, B)), B))",525.0540232721542,559.1291192121571,0.7322533281305481,0.0210794345006887,0.0,1.0,1.0,0.7322533281305481,1.0,542.0915712421556,11,0.008,2.5,5.3125,0.0,7.8125,7.8125,5.5546875,6.003276209677419,5.972530241935484,2.9977318548387095,8.978074596774194,11.975806451612904,8.819412787176365,4.657787070602941,0.12760416666666666
"and(and(subset_eq(B, A), not(subset_eq(A, B))), subset_eq(index(cardinality(B), A), B))",971.6132294429699,805.1976707903086,0.3168798341872261,0.7768201616517451,0.0,0.0,0.7768201616517451,0.7768201616517451,0.0,888.4054501166393,8,0.01375,8.127272727272727,4.7272727272727275,4.7272727272727275,8.127272727272727,12.854545454545455,7.676694214876033,5.945247148288973,5.984537389100127,2.9493029150823826,8.980481622306717,11.9297845373891,8.755740224024596,3.082714179141414,0.140625
"and(equals(cardinality(A), cardinality(B)), not(subset_eq(A, difference(A, A))))",1393.1652719811464,3406.23979401245,0.3188973317078222,0.3188973317078222,0.0,0.0,0.3188973317078222,0.3188973317078222,0.0,2399.7025329967983,7,0.167,6.0,6.0,3.143712574850299,8.8562874251497,12.0,6.43834486715191,5.970288115246098,5.960684273709484,2.939675870348139,8.991296518607443,11.930972388955583,9.398868370877743,0.2099035474056637,0.4401041666666667
"and(equals(cardinality(A), cardinality(B)), or(not(subset_eq(A, B)), subset_eq(A, difference(A, A))))",1383.1754199893721,3162.4086356448825,0.2668623044515327,0.2668623044515327,0.0115995529561515,0.0115995529561515,0.2668623044515327,0.2668623044515327,0.0115995529561515,2272.7920278171273,9,0.16675,6.0,6.0,3.1394302848575713,8.860569715142429,12.0,6.39899840184856,5.97029702970297,5.960696069606961,2.9405940594059405,8.990399039903991,11.930993099309932,9.407033592648162,0.20484850485336434,0.3671875
"and(equals(cardinality(A), cardinality(B)), subset_eq(index(cardinality(A), union(A, B)), union(difference(A, B), difference(B, A))))",3239.951835846994,5143.54420937784,0.2665459841469756,0.2665459841469756,0.0113535592204517,0.0113535592204517,0.2665459841469756,0.2665459841469756,0.0113535592204517,4191.748022612417,11,0.105,5.85,5.85,2.757142857142857,8.942857142857143,11.7,5.782414965986398,5.989944134078212,5.981005586592179,2.9991620111731843,8.971787709497207,11.970949720670392,9.280352985237684,0.30873952662206516,0.359375
"and(equals(cardinality(B), cardinality(difference(A, B))), equals(cardinality(intersection(A, B)), cardinality(difference(B, A))))",2004.5034409541117,2960.8180513540283,0.4804925552987289,0.5600428442662713,0.0587031127336229,0.0587031127336229,0.5600428442662713,0.5600428442662713,0.0587031127336229,2482.66074615407,10,0.01425,6.368421052631579,4.245614035087719,2.1228070175438596,8.491228070175438,10.614035087719298,3.1418898122499197,5.969566320060867,5.992137966015724,2.9860512300278974,8.975653056048694,11.961704286076591,8.956550319609429,1.9886230184188884,0.1015625
"and(equals(cardinality(intersection(A, B)), cardinality(difference(B, A))), greater_than(cardinality(B), cardinality(difference(A, B))))",2116.463612066156,3011.1571134491824,0.5027877542123124,0.4965608332670997,0.0,0.0,0.5027877542123124,0.5027877542123124,0.0,2563.8103627576693,10,0.12725,5.779960707269155,6.3339882121807465,3.1669941060903732,8.946954813359529,12.113948919449902,4.522462087146481,6.003723861357777,5.913778287023775,2.945574334001719,8.971927814379834,11.917502148381553,9.525515420796845,0.5250457559107657,0.296875
"and(greater_than(cardinality(A), cardinality(B)), equals(cardinality(intersection(A, B)), cardinality(difference(B, A))))",4951.30098110158,4763.923195525276,0.0213896719252483,0.8186017256136054,0.4470515270357964,0.0,0.8186017256136054,0.8186017256136054,0.4470515270357964,4857.612088313428,9,0.07625,6.786885245901639,4.524590163934426,2.262295081967213,9.049180327868852,11.311475409836065,4.492985756517065,5.908254397834912,6.086332882273342,3.0324763193504736,8.96211096075778,11.994587280108254,8.985402722107418,1.9504388285399503,0.17447916666666666
"and(greater_than(cardinality(A), cardinality(B)), not(subset_eq(B, difference(A, A))))",475.9909513210023,548.2819183168031,0.2748740283375283,1.0,0.0,0.0,1.0,1.0,0.0,512.1364348189027,7,0.42,7.1136904761904765,4.792261904761904,2.919047619047619,8.986904761904762,11.905952380952382,6.844076672335564,5.150862068965517,6.8181034482758625,3.013362068965517,8.955603448275863,11.96896551724138,7.076163049940614,2.822343801010005,0.3072916666666667
"and(greater_than(cardinality(A), cardinality(B)), or(not(subset_eq(B, A)), subset_eq(A, difference(A, B))))",663.7160946690028,1110.00339870897,0.0263032840035534,0.6409981018208315,0.5957106520007466,0.0,0.6409981018208315,0.6409981018208315,0.5957106520007466,886.8597466889864,9,0.39,7.052564102564102,4.852564102564102,2.8352564102564104,9.069871794871794,11.905128205128205,6.3089168310322155,5.286475409836066,6.679918032786885,3.0622950819672132,8.904098360655738,11.966393442622952,8.011764646600405,2.5514384600328266,0.2109375
"and(greater_than(cardinality(A), cardinality(B)), subset_eq(index(cardinality(B), A), index(cardinality(B), difference(A, B))))",613.2605792558497,703.6696507370143,0.0244545894904586,0.7699666197597836,1.0,0.0,1.0,0.7699666197597836,1.0,658.465114996432,10,0.03325,6.345864661654136,2.81203007518797,0.7819548872180451,8.37593984962406,9.157894736842104,6.6501215444626585,5.962503232479959,6.075769330230153,3.0491336953710886,8.989138867339022,12.03827256271011,8.548860552068607,3.9923751900867264,0.16666666666666666
"and(greater_than(cardinality(A), cardinality(difference(B, A))), greater_than(cardinality(intersection(A, B)), cardinality(difference(A, B))))",878.4566803182356,1576.3831863126325,0.5581695332448595,0.5581695332448595,0.0,0.0,0.5581695332448595,0.5581695332448595,0.0,1227.419933315434,10,0.34,6.492647058823529,6.922058823529412,4.416911764705882,8.997794117647059,13.41470588235294,5.459387975778585,5.7087121212121215,5.475378787878788,2.2303030303030305,8.953787878787878,11.184090909090909,8.2225542355372,2.7365479841078493,0.2265625
"and(greater_than(cardinality(B), cardinality(A)), equals(cardinality(intersection(A, B)), cardinality(difference(A, B))))",5037.929233330302,4320.826863283408,0.8186017256136054,0.0213896719252483,0.0,0.4470515270357964,0.8186017256136054,0.8186017256136054,0.4470515270357964,4679.378048306855,9,0.063,4.388888888888889,6.658730158730159,2.1944444444444446,8.853174603174603,11.047619047619047,4.044406651549506,6.081910352187833,5.9207577374599785,3.0261472785485592,8.976520811099252,12.002668089647813,9.002157963435913,2.0255010673912484,0.17447916666666666
"and(greater_than(cardinality(B), cardinality(A)), subset_eq(intersection(A, B), index(cardinality(A), B)))",1092.3658563734862,1424.4797707178514,0.7296149066990799,0.0272404821690073,0.0,0.8350872860262137,0.8350872860262137,0.7296149066990799,0.8350872860262137,1258.4228135456688,8,0.0205,3.0609756097560976,5.463414634146342,0.47560975609756095,8.048780487804878,8.524390243902438,5.379833432480668,6.036242981112813,5.977794793261868,3.0260336906584993,8.988004083716183,12.014037774374682,8.754786940342203,3.952399919685875,0.21223958333333334
"and(not(and(subset_eq(A, B), subset_eq(B, A))), subset_eq(index(cardinality(A), B), difference(B, A)))",2305.3842056078283,3522.908618434565,0.0146840995718098,0.0146840995718098,0.5062290799545413,0.2271705791758549,0.5062290799545413,0.0146840995718098,0.5062290799545413,2914.1464120211967,9,0.835,6.138622754491018,5.703293413173653,2.8766467065868264,8.965269461077844,11.841916167664671,8.823218293950907,5.148484848484848,7.303030303030303,3.4651515151515153,8.986363636363636,12.451515151515151,6.1902203856749125,1.9712607892874727,0.20833333333333334
"and(not(and(subset_eq(A, B), subset_eq(B, A))), subset_eq(index(cardinality(A), difference(B, A)), A))",513.5921659596643,740.2375658825913,0.1690706906370336,0.7002393803883846,0.5601415663504188,0.0,0.7002393803883846,0.7002393803883846,0.5601415663504188,626.9148659211278,9,0.89075,6.2882402469828795,5.81532416502947,3.1195621667134437,8.984002245298905,12.10356441201235,8.120399978920823,3.4233409610983982,7.205949656750572,1.7848970251716247,8.844393592677346,10.62929061784897,5.140960051107772,3.452943413456527,0.2682291666666667
"and(not(and(subset_eq(A, B), subset_eq(B, A))), subset_eq(index(cardinality(A), union(A, B)), B))",3166.7450918089216,5663.635249381885,0.0102484059373201,0.0102484059373201,0.2503248270104262,0.2865327040011601,0.2865327040011601,0.0102484059373201,0.2865327040011601,4415.190170595403,9,0.67875,5.81767955801105,6.248250460405156,3.1318600368324123,8.934069981583793,12.065930018416207,9.072639893640375,6.308171206225681,5.373540856031128,2.6396887159533073,9.042023346303502,11.681712062256809,7.672885282139086,1.1171085703942822,0.3033854166666667
"and(not(and(subset_eq(A, B), subset_eq(B, A))), subset_eq(index(cardinality(A), union(A, B)), intersection(A, B)))",3160.074606555958,5879.270449642092,0.0536573643374351,0.5583388559161546,0.4038064174402309,0.0,0.5583388559161546,0.5583388559161546,0.4038064174402309,4519.672528099025,10,0.35175,6.316275764036958,6.137171286425017,3.5828002842928215,8.870646766169154,12.453447050461977,8.79403368981067,5.790204396451986,5.875048206710374,2.643270343231778,9.021982259930581,11.66525260316236,8.449476169859656,1.1082310692549548,0.3424479166666667
"and(not(and(subset_eq(A, B), subset_eq(B, A))), subset_eq(index(cardinality(A), union(A, B)), union(difference(A, B), difference(B, A))))",3145.1574374409465,6262.659126896411,0.0102484059373201,0.0102484059373201,0.4983058655593045,0.2865327040011601,0.4983058655593045,0.0102484059373201,0.4983058655593045,4703.908282168679,12,0.6785,5.88761974944731,5.788135593220339,2.7004421518054533,8.975313190862195,11.67575534266765,9.042316947143306,6.1601866251944015,6.345256609642302,3.5505443234836704,8.954898911353032,12.505443234836703,7.8891471499507935,1.0523070991804588,0.2591145833333333
"and(not(and(subset_eq(A, B), subset_eq(B, A))), subset_eq(index(cardinality(B), A), index(cardinality(B), difference(A, B))))",1055.2666424277163,1715.4686802059005,0.0083731439736165,0.0083731439736165,0.187026626470116,0.6733878528148589,0.6733878528148589,0.0083731439736165,0.6733878528148589,1385.3676613168084,11,0.61275,5.212974296205631,6.6038351693186454,2.8922888616891065,8.92452060383517,11.816809465524276,8.039006552084754,7.181407359586831,4.959974176888315,3.102646868947708,9.038734667527438,12.141381536475146,6.280319963190781,2.5731805569497324,0.2682291666666667
"and(not(and(subset_eq(A, B), subset_eq(B, A))), subset_eq(index(cardinality(B), union(A, B)), A))",3249.0135085566617,6225.717073824257,0.0102484059373201,0.0102484059373201,0.2865327040011601,0.2503248270104262,0.2865327040011601,0.0102484059373201,0.2865327040011601,4737.365291190459,9,0.68325,6.24990852542993,5.821441639224296,3.1489206000731795,8.922429564581046,12.071350164654227,8.96815881672267,5.382794001578532,6.281767955801105,2.595895816890292,9.068666140489345,11.664561957379638,7.8260176205032135,1.126776076255478,0.3033854166666667
"and(not(equals(cardinality(A), cardinality(B))), greater_than(cardinality(intersection(A, B)), cardinality(difference(B, A))))",2819.7785753504577,3354.0233462881297,0.3245219797624012,0.7119917696739595,0.0,0.0,0.7119917696739595,0.7119917696739595,0.0,3086.9009608192937,10,0.33575,7.205510052122115,5.827997021593448,4.061801935964259,8.971705137751304,13.033507073715562,7.096533749083101,5.3534060971019946,6.03763643206624,2.423786225065864,8.96725630410237,11.391042529168235,7.780435542900205,2.4813974312420264,0.2916666666666667
"and(not(equals(cardinality(A), cardinality(B))), subset_eq(difference(A, B), index(cardinality(B), difference(A, B))))",229.21038194645183,216.40764989618376,0.5772621496939319,0.0021099381664875,0.0357326172793062,0.8698229399657404,0.8698229399657404,0.5772621496939319,0.8698229399657404,222.80901592131778,10,0.028,4.035714285714286,8.223214285714286,4.035714285714286,8.223214285714286,12.258928571428571,6.431600765306123,6.031121399176954,5.902263374485597,2.943158436213992,8.99022633744856,11.933384773662551,8.633354158198987,3.24994476338722,0.23697916666666666
"and(not(equals(cardinality(A), cardinality(B))), subset_eq(index(cardinality(A), B), A))",2532.9069595014,4600.588537529344,0.0611993225492779,0.4433536392377533,0.5692181797326632,0.0,0.5692181797326632,0.4433536392377533,0.5692181797326632,3566.7477485153718,8,0.585,6.561538461538461,5.497863247863248,3.0705128205128207,8.988888888888889,12.05940170940171,8.795956242238312,5.1487951807228916,6.628915662650602,2.8373493975903616,8.940361445783132,11.777710843373494,7.160870227899554,1.8246885554183656,0.41015625
"and(not(equals(cardinality(A), cardinality(B))), subset_eq(index(cardinality(A), B), difference(B, A)))",2308.0820736486057,4346.81238802243,0.0055800307328064,0.0055800307328064,0.3607469942714854,0.1766247090775745,0.3607469942714854,0.0055800307328064,0.3607469942714854,3327.447230835518,9,0.66825,6.173213617658062,5.629255518144407,2.8110736999625887,8.99139543583988,11.802469135802468,9.352592307075394,5.5764883195177095,6.648078372268274,3.301431801055011,8.923134890730973,12.224566691785983,6.91087715631918,1.2784882310106578,0.45703125
"and(not(equals(cardinality(A), cardinality(B))), subset_eq(index(cardinality(A), difference(B, A)), A))",1476.3274803260902,3128.878040048061,0.0745890412563907,0.4043028631664712,0.4504823317590167,0.0,0.4504823317590167,0.4043028631664712,0.4504823317590167,2302.6027601870755,9,0.724,6.354627071823204,5.772790055248619,3.114986187845304,9.012430939226519,12.127417127071823,8.477843558270475,4.980072463768116,6.4773550724637685,2.6032608695652173,8.854166666666666,11.457427536231885,8.264940729363571,1.6271677957044617,0.4713541666666667
"and(not(equals(cardinality(A), cardinality(B))), subset_eq(index(cardinality(A), difference(B, A)), index(cardinality(A), B)))",2686.6403168197435,4831.671244761674,0.007342674252569,0.007342674252569,0.2895803593481629,0.1470503955368349,0.2895803593481629,0.007342674252569,0.2895803593481629,3759.1557807907084,11,0.7485,6.238142952571811,5.794923179692719,3.0414161656646628,8.991649966599866,12.03306613226453,8.894078738639742,5.192842942345925,6.480119284294235,2.772365805168986,8.900596421471173,11.67296222664016,7.807305273725527,1.2784889165034563,0.4921875
"and(not(equals(cardinality(A), cardinality(B))), subset_eq(index(cardinality(B), A), B))",3073.039567569198,3932.771868016105,0.4433536392377533,0.0611993225492779,0.0,0.5692181797326632,0.5692181797326632,0.4433536392377533,0.5692181797326632,3502.9057177926516,8,0.5805,5.5236864771748495,6.593453919035315,3.1167097329888027,9.00043066322136,12.117140396210164,8.47890714663547,6.600119189511323,5.100715137067938,2.7759237187127535,8.924910607866508,11.700834326579262,7.525275563593055,1.8716601088081297,0.41015625
"and(not(equals(cardinality(A), cardinality(B))), subset_eq(index(cardinality(B), A), index(cardinality(B), union(A, B))))",1071.0114890352852,2112.9529612063197,0.0064111559341947,0.0064111559341947,0.2374225209860555,0.320973625194331,0.320973625194331,0.0064111559341947,0.320973625194331,1591.9822251208025,11,0.502,5.300796812749004,6.604581673306773,2.999003984063745,8.906374501992032,11.905378486055778,9.33223480579677,6.655120481927711,5.324799196787149,2.948293172690763,9.031626506024097,11.97991967871486,6.7475348179868,1.8640298748932336,0.4466145833333333
"and(not(equals(cardinality(A), cardinality(B))), subset_eq(index(cardinality(B), union(A, B)), difference(B, A)))",4497.256627133815,6276.74628482759,0.6465476954240564,0.0434802888137196,0.0,0.80450863311837,0.80450863311837,0.6465476954240564,0.80450863311837,5387.001455980702,10,0.29475,5.185750636132315,6.549618320610687,2.724342663273961,9.011026293469042,11.735368956743002,8.791576651336142,6.305210918114144,5.723856788372918,3.077986529599433,8.951081176887628,12.029067706487062,8.354011244727083,1.4353178795124553,0.30078125
"and(not(equals(cardinality(A), cardinality(B))), subset_eq(intersection(A, B), index(cardinality(A), union(A, B))))",1526.3420403508353,1457.3867596892524,0.0023381856093837,0.0023381856093837,0.2627936841420514,0.3996189662441846,0.3996189662441846,0.0023381856093837,0.3996189662441846,1491.8644000200438,10,0.0405,4.444444444444445,4.04320987654321,0.35802469135802467,8.12962962962963,8.487654320987655,8.760783417162019,6.039864512767066,6.048462741010943,3.0841584158415842,9.004168837936426,12.08832725377801,8.522754001902591,3.74141809059469,0.33203125
"and(not(equals(cardinality(A), cardinality(B))), subset_eq(intersection(A, B), index(cardinality(B), union(A, B))))",1263.5729728399892,1811.8062734403647,0.0023381856093837,0.0023381856093837,0.3996189662441846,0.2627936841420514,0.3996189662441846,0.0023381856093837,0.3996189662441846,1537.689623140177,10,0.04,4.26875,4.0,0.35,7.91875,8.26875,8.854296875,6.046354166666666,6.04921875,3.0830729166666666,9.0125,12.095572916666667,8.521698269314216,3.8508260966342136,0.33203125
"and(not(greater_than(cardinality(A), cardinality(B))), subset_eq(index(cardinality(A), B), A))",2685.853637115506,4314.361740604509,0.3607469942714854,0.1766247090775745,0.0055800307328064,0.0055800307328064,0.3607469942714854,0.3607469942714854,0.0055800307328064,3500.1076888600073,8,0.33175,5.5764883195177095,6.648078372268274,3.301431801055011,8.923134890730973,12.224566691785983,6.91087715631918,6.173213617658062,5.629255518144407,2.8110736999625887,8.99139543583988,11.802469135802468,9.352592307075394,1.2784882310106578,0.45703125
"and(not(greater_than(cardinality(A), cardinality(B))), subset_eq(index(cardinality(A), B), index(cardinality(B), union(A, B))))",2319.2035271540226,4558.549113043118,0.3136729224211629,0.2402024266819205,0.0066010030829721,0.0066010030829721,0.3136729224211629,0.3136729224211629,0.0066010030829721,3438.8763200985704,11,0.244,5.726434426229508,6.227459016393443,3.122950819672131,8.83094262295082,11.95389344262295,6.74512269887124,6.055555555555555,5.883267195767195,2.925595238095238,9.013227513227513,11.938822751322752,9.532485923896326,0.5154977718035426,0.4544270833333333
"and(not(greater_than(cardinality(A), cardinality(B))), subset_eq(index(cardinality(A), union(A, B)), B))",3386.011671349115,4546.958828865085,0.8258291604359329,0.0,0.060519162466723,0.6974261845838494,0.8258291604359329,0.8258291604359329,0.6974261845838494,3966.4852501071,9,0.44575,5.098149186763881,6.934380257992148,3.093101514301739,8.93942793045429,12.03252944475603,7.251284251557568,6.680649526387009,5.189445196211096,2.877762742444745,8.992331980153361,11.870094722598106,7.757885564228822,2.365475952404724,0.2994791666666667
"and(not(greater_than(cardinality(A), cardinality(B))), subset_eq(index(cardinality(A), union(A, B)), difference(A, B)))",3314.3033395406383,6382.683700839058,0.328658994217433,0.2332475302753702,0.0150724555733678,0.0150724555733678,0.328658994217433,0.328658994217433,0.0150724555733678,4848.493520189848,10,0.13425,5.316573556797021,6.443202979515829,2.7597765363128492,9.0,11.759776536312849,6.023671060342815,6.077389546635865,5.8934449898931565,3.0069304071614207,8.9639041293676,11.97083453652902,9.24098466282991,0.9706491917391444,0.26171875
"and(not(greater_than(cardinality(A), cardinality(B))), subset_eq(index(cardinality(B), union(A, B)), A))",3495.0621742683584,5879.019559373148,0.7986426816122976,0.0,0.0670374126294164,0.6794838988038986,0.7986426816122976,0.7986426816122976,0.6794838988038986,4687.040866820753,9,0.349,5.328796561604585,6.812320916905444,3.252865329512894,8.888252148997134,12.14111747851003,7.124872743245115,6.321812596006144,5.5142089093702,2.824116743471582,9.011904761904763,11.836021505376344,8.844841387821166,1.6896748144889318,0.2903645833333333
"and(not(greater_than(cardinality(A), cardinality(B))), subset_eq(index(cardinality(B), union(A, B)), intersection(A, B)))",3083.661031391988,4293.372469394002,0.9424479481327432,0.0,0.0953119061371087,0.6725367620511213,0.9424479481327432,0.9424479481327432,0.6725367620511213,3688.516750392995,10,0.2145,5.328671328671328,7.036130536130536,3.5675990675990676,8.797202797202797,12.364801864801866,7.29482832629688,6.151814131126671,5.675366008911522,2.8115849777211968,9.015595162316995,11.827180140038193,8.618614723175224,1.7609092753079274,0.2513020833333333
"and(not(greater_than(cardinality(B), cardinality(A))), greater_than(cardinality(difference(A, B)), cardinality(intersection(A, B))))",879.6959431464488,1803.245610825601,0.038015294801239,0.7054072644709242,1.0,0.0,1.0,0.7054072644709242,1.0,1341.470776986025,10,0.33125,6.602264150943396,4.450566037735849,2.0377358490566038,9.015094339622642,11.052830188679245,5.6684724813100615,5.664672897196262,6.718504672897196,3.4373831775700934,8.945794392523364,12.383177570093459,7.821983684164593,2.825178871536382,0.2578125
"and(not(greater_than(cardinality(B), cardinality(A))), greater_than(cardinality(intersection(A, B)), cardinality(difference(A, B))))",1639.3912861126555,3752.4434443760547,0.4459805052403734,0.543961012195971,0.0,0.0,0.543961012195971,0.543961012195971,0.0,2695.917365244355,10,0.17,7.2441176470588236,6.327941176470588,4.641176470588236,8.930882352941177,13.572058823529412,4.6636375432525945,5.715361445783133,5.893373493975903,2.6322289156626506,8.976506024096386,11.608734939759037,8.64571146029911,2.5616039647160855,0.2109375
"and(not(greater_than(cardinality(B), cardinality(A))), subset_eq(index(cardinality(B), difference(A, B)), index(cardinality(A), union(A, B))))",1467.6337727621558,2056.181043597171,0.1642763990399798,0.4942074686921065,0.0040998232009928,0.0040998232009928,0.4942074686921065,0.4942074686921065,0.0040998232009928,1761.9074081796634,12,0.49,6.727551020408163,5.495918367346939,3.2464285714285714,8.97704081632653,12.223469387755102,6.42257288629738,5.252450980392157,6.420098039215686,2.711764705882353,8.96078431372549,11.672549019607843,9.70463811995389,1.820959539108838,0.4322916666666667
"and(not(greater_than(cardinality(B), cardinality(A))), subset_eq(index(cardinality(B), union(A, B)), A))",3530.7313898300927,4692.376555200666,0.0,0.8258291604359329,0.6974261845838494,0.060519162466723,0.8258291604359329,0.8258291604359329,0.6974261845838494,4111.553972515379,9,0.45175,6.919756502490316,5.125622578859989,3.1256225788599887,8.919756502490316,12.045379081350305,7.421840723326087,5.196990424076607,6.660738714090288,2.848609211126311,9.009119927040583,11.857729138166894,7.6899179061013365,2.3240569948864227,0.2994791666666667
"and(not(greater_than(cardinality(B), cardinality(A))), subset_eq(index(cardinality(B), union(A, B)), difference(B, A)))",3883.9330686991016,6414.1137162819505,0.2332475302753702,0.328658994217433,0.0150724555733678,0.0150724555733678,0.328658994217433,0.328658994217433,0.0150724555733678,5149.023392490526,10,0.13575,6.394106813996316,5.162062615101289,2.5082872928176796,9.047882136279926,11.556169429097606,6.438855142801912,5.909459068556552,6.093722881110789,3.0468614405553947,8.956320509111947,12.003181949667342,9.107016246293261,1.180227266687288,0.26171875
"and(not(or(subset_eq(A, B), subset_eq(B, A))), subset_eq(difference(A, B), index(cardinality(B), union(A, B))))",534.9449078770267,437.912879336418,0.4653050644655027,0.4429093652077006,0.0,0.0,0.4653050644655027,0.4653050644655027,0.0,486.42889360672234,10,0.01475,4.593220338983051,7.220338983050848,3.593220338983051,8.220338983050848,11.813559322033898,7.562194771617353,5.995940116721644,5.948490230905861,2.964476021314387,8.979954326313118,11.944430347627506,8.8598158797606,1.9951294294336899,0.12890625
"and(not(or(subset_eq(A, B), subset_eq(B, A))), subset_eq(index(cardinality(A), difference(B, A)), index(cardinality(B), union(A, B))))",1849.4918473764847,1960.921364579117,0.3912948828538869,0.4406386949944029,0.0,0.0,0.4406386949944029,0.4406386949944029,0.0,1905.2066059778008,12,0.86625,6.188455988455988,5.866089466089466,3.0268398268398267,9.027705627705627,12.054545454545455,7.679884893044847,4.594392523364486,6.622429906542056,2.6299065420560748,8.586915887850468,11.216822429906543,14.259299502139923,1.8084925283707323,0.3229166666666667
"and(not(or(subset_eq(A, B), subset_eq(B, A))), subset_eq(index(cardinality(A), union(A, B)), A))",3065.603390350705,5471.182187946513,0.4869362751208538,0.4514969959104644,0.0,0.0,0.4869362751208538,0.4869362751208538,0.0,4268.392789148609,9,0.629,6.27027027027027,5.807631160572337,3.062798092209857,9.01510333863275,12.077901430842607,8.009295042728231,5.475067385444744,6.237870619946092,2.82277628032345,8.890161725067385,11.712938005390836,9.943645970314032,0.9354486039426718,0.2747395833333333
"and(not(or(subset_eq(A, B), subset_eq(B, A))), subset_eq(index(cardinality(B), A), index(cardinality(B), union(A, B))))",1561.346122386266,2341.6851336246473,0.4313230171967191,0.3434049419937912,0.0,0.0,0.4313230171967191,0.4313230171967191,0.0,1951.5156280054566,11,0.61025,5.417042195821384,6.498156493240475,2.94264645637034,8.97255223269152,11.91519868906186,7.6929576514551545,6.8492623476587555,5.135984605516357,3.0224502886465685,8.962796664528543,11.985246953175112,8.454265637131142,1.9781646712750995,0.3450520833333333
"and(not(or(subset_eq(A, B), subset_eq(B, A))), subset_eq(index(cardinality(B), difference(A, B)), index(cardinality(A), union(A, B))))",1775.671375643673,1905.0070678320772,0.4406386949944029,0.3912948828538869,0.0,0.0,0.4406386949944029,0.4406386949944029,0.0,1840.339221737875,12,0.85825,5.870667055053889,6.213224584911156,3.050101951645791,9.033789688319255,12.083891639965046,7.53090075430906,6.608465608465608,4.477954144620811,2.511463844797178,8.574955908289242,11.08641975308642,14.279132411995427,1.9610306515991363,0.3229166666666667
"and(not(or(subset_eq(A, B), subset_eq(B, A))), subset_eq(index(cardinality(B), union(A, B)), A))",3434.7176494271116,5923.784033086151,0.3693017541158487,0.4348319255764218,0.0,0.0,0.4348319255764218,0.4348319255764218,0.0,4679.250841256631,9,0.62475,6.265706282513005,5.805522208883554,3.0704281712685075,9.000800320128052,12.071228491396559,8.022784944309743,5.491672218520986,6.236508994003997,2.8127914723517655,8.915389740173218,11.728181212524984,9.906985394147652,0.9226348193067353,0.2864583333333333
"and(not(or(subset_eq(A, B), subset_eq(B, A))), subset_eq(intersection(A, B), index(cardinality(A), B)))",1108.9921221247205,997.7821348801879,0.2243690711563944,0.2243690711563944,0.0,0.0,0.2243690711563944,0.2243690711563944,0.0,1053.3871285024543,9,0.04125,4.006060606060606,4.2727272727272725,0.23636363636363636,8.042424242424243,8.27878787878788,7.9485766758494005,6.059973924380704,6.040156453715776,3.0915254237288137,9.008604954367666,12.10013037809648,8.512556243615048,3.9362818320100863,0.21875
"and(not(subset_eq(A, B)), equals(cardinality(A), cardinality(B)))",1026.0852370222638,3280.0288983107894,0.3229108880637348,0.3229108880637348,0.0,0.0,0.3229108880637348,0.3229108880637348,0.0,2153.0570676665266,6,0.16675,6.0,6.0,3.1394302848575713,8.860569715142429,12.0,6.39899840184856,5.97029702970297,5.960696069606961,2.9405940594059405,8.990399039903991,11.930993099309932,9.407033592648162,0.20484850485336434,0.359375
"and(not(subset_eq(A, B)), greater_than(cardinality(B), cardinality(A)))",735.9401593558232,1098.6786591550335,0.6119116660643003,0.3145048308101711,0.0,0.0,0.6119116660643003,0.6119116660643003,0.0,917.3094092554284,6,0.38475,4.859649122807017,7.075373619233268,2.884340480831709,9.050682261208577,11.935022742040285,6.049614928472208,6.672897196261682,5.274278748476229,3.0296627387240957,8.917513206013815,11.94717594473791,8.173340437521817,2.559869111496389,0.171875
"and(not(subset_eq(A, B)), greater_than(cardinality(B), cardinality(difference(A, B))))",672.0491375083625,947.6338840372482,0.4993340548655188,0.6466547297827508,0.0,0.0,0.6466547297827508,0.6466547297827508,0.0,809.8415107728053,7,0.7725,5.824595469255663,6.455016181229773,3.2229773462783173,9.056634304207119,12.279611650485437,7.361060734596382,6.486813186813187,4.310989010989011,2.1274725274725275,8.67032967032967,10.797802197802199,9.938637845670812,2.4971014437151755,0.375
"and(not(subset_eq(A, B)), greater_than(cardinality(difference(B, A)), cardinality(A)))",755.9432204945278,1322.4518126591574,0.6293991066688157,0.2539833173505172,0.0,0.0,0.6293991066688157,0.6293991066688157,0.0,1039.1975165768426,7,0.0965,3.489637305699482,7.064766839378239,1.6347150259067358,8.919689119170984,10.55440414507772,4.6178555128996805,6.240730492529054,5.8500276701715554,3.1167681239623684,8.97399003873824,12.09075816270061,8.31090370137171,3.3526983695646306,0.109375
"and(not(subset_eq(A, B)), or(subset_eq(A, difference(A, B)), greater_than(cardinality(B), cardinality(A))))",1866.0981408636399,1803.6083086051515,0.038015294801239,0.233232530198452,0.7136813428809776,0.0,0.7136813428809776,0.233232530198452,0.7136813428809776,1834.8532247343956,9,0.40575,4.867529266789895,6.867529266789895,2.7350585335797906,9.0,11.73505853357979,7.039502621170071,6.731594446781657,5.352545225073622,3.1367269667648294,8.94741270509045,12.08413967185528,7.78045138438441,2.435416426841623,0.2578125
"and(not(subset_eq(A, B)), subset_eq(A, difference(A, B)))",220.73401238169936,198.2532984472141,0.033543868213163,0.2040489914767815,1.0,0.0,1.0,0.2040489914767815,1.0,209.49365541445673,5,0.03175,4.181102362204724,3.811023622047244,0.0,7.9921259842519685,7.9921259842519685,8.514105028210054,6.034082106893881,6.037955073586367,3.0712625871417507,9.000774593338498,12.072037180480248,8.53257901982043,4.222015099837882,0.2109375
"and(not(subset_eq(A, B)), subset_eq(difference(A, B), index(cardinality(B), union(A, B))))",594.1417696312128,311.9931297930534,0.2767791853927692,0.4702991662664049,0.2762149748305875,0.0,0.4702991662664049,0.4702991662664049,0.2762149748305875,453.0674497121331,8,0.01475,4.593220338983051,7.220338983050848,3.593220338983051,8.220338983050848,11.813559322033898,7.562194771617353,5.995940116721644,5.948490230905861,2.964476021314387,8.979954326313118,11.944430347627506,8.8598158797606,1.9951294294336899,0.1796875
"and(not(subset_eq(A, B)), subset_eq(index(cardinality(A), union(A, B)), B))",3961.857665801421,6242.930437218398,0.0670374126294164,0.5839751499226069,0.551248748927968,0.0,0.5839751499226069,0.5839751499226069,0.551248748927968,5102.394051509909,7,0.65075,5.894352669996159,6.163273146369574,3.0929696504033806,8.964656165962351,12.057625816365732,8.751709255950367,6.125984251968504,5.6020042949176805,2.751610594130279,8.976377952755906,11.727988546886184,8.914791846112658,0.6965643679350825,0.3333333333333333
"and(not(subset_eq(A, B)), subset_eq(index(cardinality(A), union(A, B)), difference(A, B)))",3285.7663684220024,5763.147566957399,0.0536573643374351,0.6599655061321996,0.7876281234309455,0.0,0.7876281234309455,0.6599655061321996,0.7876281234309455,4524.456967689701,8,0.3515,6.451635846372689,5.248933143669986,2.7503556187766716,8.950213371266003,11.700568990042674,8.55186672035519,5.717039321511179,6.356592135697764,3.094834232845027,8.978797224363916,12.073631457208943,8.464738626413322,1.3730280450555459,0.2981770833333333
"and(not(subset_eq(A, B)), subset_eq(index(cardinality(B), difference(A, B)), B))",726.2833442555739,1036.5360061766987,0.3301217164591926,0.5487949406953986,0.0,0.0,0.5487949406953986,0.5487949406953986,0.0,881.4096752161363,7,0.85475,5.883591693477625,6.249195671248903,3.116993272886809,9.01579409183972,12.132787364726529,7.653214350821213,6.514629948364888,4.308089500860585,2.1308089500860583,8.691910499139414,10.822719449225474,12.444162684670355,2.266861698999024,0.390625
"and(not(subset_eq(A, B)), subset_eq(index(cardinality(B), difference(A, B)), index(cardinality(B), A)))",1370.1239800299663,1954.0370418457312,0.1052573637179908,0.7699185840527206,0.5090813579689513,0.0,0.7699185840527206,0.7699185840527206,0.5090813579689513,1662.0805109378489,9,0.888,5.900900900900901,6.120495495495495,3.029560810810811,8.991835585585585,12.021396396396396,8.152728002495738,6.564732142857143,4.752232142857143,2.53125,8.785714285714286,11.316964285714286,12.88082948022956,1.6003531435721428,0.28125
"and(not(subset_eq(A, B)), subset_eq(index(cardinality(B), difference(A, B)), index(cardinality(B), union(A, B))))",992.9082792749323,1403.4392911405885,0.0914944399762991,0.6378023244010078,0.3057399751712663,0.0,0.6378023244010078,0.6378023244010078,0.3057399751712663,1198.1737852077604,10,0.86625,5.902164502164502,6.1971139971139975,3.0914862914862913,9.007792207792209,12.0992784992785,7.893198736488664,6.4485981308411215,4.478504672897197,2.211214953271028,8.71588785046729,10.927102803738318,12.459023495501823,2.0067599130730405,0.3385416666666667
"and(not(subset_eq(A, B)), subset_eq(index(cardinality(B), union(A, B)), index(cardinality(A), B)))",1846.5130065189733,2325.5488145453855,0.591774839988783,0.3663562146837943,0.0,0.0,0.591774839988783,0.591774839988783,0.0,2086.0309105321794,9,0.077,5.133116883116883,6.720779220779221,3.0779220779220777,8.775974025974026,11.853896103896103,6.540415753078088,6.045503791982665,5.904387865655472,2.9650595882990247,8.984832069339111,11.949891657638137,8.995980739005207,1.2295050458433927,0.12239583333333333
"and(not(subset_eq(A, B)), subset_eq(index(cardinality(B), union(A, B)), index(cardinality(B), difference(A, B))))",404.8555375454871,405.36928241478745,0.0213896719252483,1.0,1.0,0.0,1.0,1.0,1.0,405.1124099801373,10,0.0115,7.282608695652174,2.3260869565217392,1.1956521739130435,8.41304347826087,9.608695652173912,6.896975425330812,5.960040465351542,6.0096105209914015,2.994436014162873,8.975214972180071,11.969650986342943,8.750596963717015,4.3073374464682646,0.125
"and(not(subset_eq(A, difference(A, A))), subset_eq(difference(B, A), index(cardinality(A), union(A, B))))",365.53133286796674,316.8898999595622,0.0572658519733149,0.7480917676692258,1.0,0.0,1.0,0.7480917676692258,1.0,341.21061641376446,9,0.046,7.635869565217392,4.119565217391305,3.7880434782608696,7.967391304347826,11.755434782608695,8.201382325141779,5.89517819706499,6.056341719077568,2.9344863731656186,9.01703354297694,11.951519916142558,8.476927529018337,2.7403775995842157,0.23697916666666666
"and(not(subset_eq(A, difference(A, A))), subset_eq(index(cardinality(A), B), index(cardinality(A), difference(B, A))))",1040.3404020154285,1455.3492401650292,0.1427495446746226,0.4427548633043261,0.8609260449089362,0.0,0.8609260449089362,0.4427548633043261,0.8609260449089362,1247.8448210902288,10,0.61175,6.638332652227217,5.186350633428688,2.897016755210462,8.927666530445443,11.824683285655905,8.05012250724765,4.930457179652286,7.19768190598841,3.0946555054732774,9.033483580167418,12.128139085640695,6.028325626117175,2.6460070282229418,0.2838541666666667
"and(not(subset_eq(A, difference(A, A))), subset_eq(index(cardinality(A), B), index(cardinality(A), union(A, B))))",1038.007561906145,1513.5319591956795,0.3497282237539753,0.6280459375022696,0.6674809336332801,0.0,0.6674809336332801,0.6280459375022696,0.6674809336332801,1275.7697605509122,10,0.68225,6.430560644924881,5.486625137412972,3.0065958226456577,8.910589959692196,11.917185782337853,8.936496710749314,4.997639653815893,6.999213217938631,2.903225806451613,9.093627065302911,11.996852871754523,5.86932732300343,2.086113762084182,0.1796875
"and(not(subset_eq(A, difference(A, A))), subset_eq(index(cardinality(A), difference(B, A)), index(cardinality(A), B)))",1042.3419025002022,1444.5503961071372,0.5056968691637627,1.0,0.9491408500219188,0.0,1.0,1.0,0.9491408500219188,1243.4461493036697,10,0.9155,6.194702348443474,5.832332058984162,3.0600764609503,8.966957946477335,12.027034407427635,8.469272445751134,3.5976331360946747,7.428994082840236,2.0384615384615383,8.988165680473372,11.02662721893491,4.308340044116106,3.2152441838849355,0.12760416666666666
"and(not(subset_eq(A, difference(A, A))), subset_eq(index(cardinality(A), difference(B, A)), index(cardinality(B), union(A, B))))",1160.6158333639614,1413.7358961598948,0.2968018462059295,1.0,1.0,0.0,1.0,1.0,1.0,1287.175864761928,11,0.9125,6.227123287671233,5.840547945205479,3.0915068493150684,8.976164383561644,12.067671232876712,8.254891649465094,3.3485714285714288,7.288571428571428,1.7457142857142858,8.891428571428571,10.637142857142857,4.93970612244898,3.4919894670730844,0.17708333333333334
"and(not(subset_eq(A, difference(A, A))), subset_eq(index(cardinality(A), union(A, B)), A))",2830.275641992441,4655.083021934144,0.1134162981189799,0.6087398088284148,0.7067662999103745,0.0,0.7067662999103745,0.6087398088284148,0.7067662999103745,3742.6793319632925,8,0.673,6.312407132243685,5.772659732540862,3.1326151560178306,8.952451708766716,12.085066864784547,8.71424743171675,5.281345565749236,6.367737003058104,2.646788990825688,9.002293577981652,11.649082568807339,8.198986009408129,1.2857806868099788,0.2669270833333333
"and(not(subset_eq(A, difference(A, A))), subset_eq(index(cardinality(A), union(A, B)), index(cardinality(B), difference(A, B))))",1686.5347497061884,2143.62535998394,0.042589761259402,0.9199512453104346,1.0,0.0,1.0,0.9199512453104346,1.0,1915.0800548450643,11,0.0505,7.524752475247524,3.8415841584158414,3.099009900990099,8.267326732673267,11.366336633663366,9.364278011959613,5.892838335966298,6.08030542390732,2.9670879410215902,9.006055818852028,11.973143759873619,8.471333544635973,2.7735212395205644,0.24479166666666666
"and(not(subset_eq(A, difference(A, A))), subset_eq(index(cardinality(B), A), B))",2252.228586383979,3635.08624426555,0.736881905526848,0.2583672135283005,0.0,0.0,0.736881905526848,0.736881905526848,0.0,2943.6574153247643,7,0.7475,5.63010033444816,6.460869565217391,3.122742474916388,8.968227424749164,12.090969899665552,8.128570821355474,6.9970297029702975,4.505940594059406,2.5326732673267327,8.970297029702971,11.502970297029703,6.750520537202235,2.457320664981807,0.328125
"and(not(subset_eq(A, difference(A, A))), subset_eq(index(cardinality(B), A), index(cardinality(B), union(A, B))))",1206.6671438429075,1884.5320245770272,0.3497282237539753,0.3497282237539753,0.4063566674954242,0.0,0.4063566674954242,0.3497282237539753,0.4063566674954242,1545.5995842099674,10,0.669,5.475336322869955,6.453662182361734,3.0351270553064276,8.893871449925262,11.92899850523169,8.776992409973339,6.985649546827794,4.984138972809668,2.849697885196375,9.120090634441087,11.969788519637461,6.127336597876996,2.115402674433837,0.20572916666666666
"and(not(subset_eq(A, difference(A, A))), subset_eq(index(cardinality(B), difference(A, B)), B))",478.13342525897315,736.8768896499532,1.0,0.3558232254544486,0.0,0.0,1.0,1.0,0.0,607.5051574544632,8,0.883,5.825028312570781,6.311721404303511,3.146942242355606,8.989807474518686,12.136749716874291,7.936424811687612,7.108974358974359,3.3675213675213675,1.6666666666666667,8.80982905982906,10.476495726495726,5.747087077215284,3.536671752742198,0.2682291666666667
"and(not(subset_eq(A, difference(A, B))), greater_than(cardinality(B), cardinality(difference(A, B))))",544.0701678426876,1011.8065821012497,1.0,0.4318899144234452,0.0,0.0,1.0,1.0,0.0,777.9383749719686,8,0.79,5.805696202531646,6.533544303797468,3.296518987341772,9.042721518987342,12.339240506329114,7.451770950168248,6.613095238095238,3.836904761904762,1.7595238095238095,8.69047619047619,10.45,7.078460884353707,3.207196937851493,0.2890625
"and(not(subset_eq(A, difference(A, B))), subset_eq(difference(A, B), index(cardinality(A), union(A, B))))",1006.5452996017034,1347.3646992310169,0.9186553924598976,0.2384745551653573,0.0,0.0,0.9186553924598976,0.9186553924598976,0.0,1176.9549994163601,9,0.04525,4.259668508287293,7.734806629834254,3.883977900552486,8.11049723756906,11.994475138121548,6.241872958700889,6.05655930871956,5.883477350091647,2.930610107357947,9.00942655145326,11.940036658811207,8.59130842116638,2.7504811942296605,0.2552083333333333
"and(not(subset_eq(A, difference(A, B))), subset_eq(difference(B, A), index(cardinality(A), B)))",283.0354509632125,299.8933231880328,0.2306557386238201,0.6648105531836657,0.0,0.0,0.6648105531836657,0.6648105531836657,0.0,291.46438707562265,8,0.03075,7.8861788617886175,4.0,3.991869918699187,7.894308943089431,11.886178861788618,8.221429043558729,5.914624709827186,6.029662109878772,2.941449574413206,9.002837245292753,11.944286819705958,8.55344838035792,3.0182672105172834,0.23958333333333334
"and(not(subset_eq(A, difference(A, B))), subset_eq(difference(B, A), index(cardinality(B), union(A, B))))",1119.030905489648,1329.922174482912,0.2384745551653573,0.9186553924598976,0.0,0.0,0.9186553924598976,0.9186553924598976,0.0,1224.47653998628,9,0.044,7.676136363636363,4.011363636363637,3.7045454545454546,7.982954545454546,11.6875,7.703835227272727,5.8969665271966525,6.0572698744769875,2.9401150627615062,9.014121338912133,11.95423640167364,8.511485076635594,2.817007537428857,0.2552083333333333
"and(not(subset_eq(A, difference(A, B))), subset_eq(index(cardinality(A), B), difference(B, A)))",2778.7187232871947,4192.80206542369,0.5507335874110453,0.675569565030606,0.0,0.0,0.675569565030606,0.675569565030606,0.0,3485.7603943554423,8,0.8035,6.215930304915992,5.778158058494088,2.9912881144990666,9.002800248911015,11.99408836341008,8.390648760149736,4.9910941475826975,6.740458015267175,2.9020356234096694,8.829516539440204,11.731552162849873,9.133406496642916,1.5601957653711729,0.3216145833333333
"and(not(subset_eq(A, difference(A, B))), subset_eq(index(cardinality(A), B), index(cardinality(A), difference(B, A))))",1716.3982695560078,2506.561999669997,0.3795560137514326,0.6652989763100166,0.0,0.0,0.6652989763100166,0.6652989763100166,0.0,2111.4801346130025,10,0.58,6.772844827586207,5.261637931034483,3.0556034482758623,8.978879310344828,12.03448275862069,7.344749182520886,4.873809523809523,6.941666666666666,2.8607142857142858,8.954761904761904,11.81547619047619,7.351590136054401,2.542993004949881,0.3359375
"and(not(subset_eq(A, difference(A, B))), subset_eq(index(cardinality(A), difference(B, A)), index(cardinality(A), B)))",970.829666449058,1664.549171967723,0.7699185840527206,1.0,0.0,0.0,1.0,1.0,0.0,1317.6894192083905,10,0.88375,6.267043847241867,5.904950495049505,3.17001414427157,9.001980198019801,12.171994342291372,8.002874628137683,3.756989247311828,6.440860215053763,1.4817204301075269,8.716129032258065,10.19784946236559,8.338952480055497,3.0721179970682786,0.2421875
"and(not(subset_eq(A, difference(A, B))), subset_eq(index(cardinality(A), union(A, B)), difference(A, B)))",3593.1224887910575,5647.97710997425,0.2549619231840931,0.9195870221404088,0.0,0.0,0.9195870221404088,0.9195870221404088,0.0,4620.549799382654,9,0.33625,6.527137546468402,5.340520446096654,2.879553903345725,8.98810408921933,11.867657992565055,8.120039247661056,5.695668549905838,6.284745762711864,3.0214689265536725,8.95894538606403,11.980414312617702,8.784351594724178,1.2661129549111971,0.26953125
"and(not(subset_eq(A, difference(A, B))), subset_eq(index(cardinality(A), union(A, B)), index(cardinality(A), difference(B, A))))",891.4303131817887,841.7264777361197,0.2181862592621892,0.6016180190591801,0.0,0.0,0.6016180190591801,0.6016180190591801,0.0,866.5783954589542,11,0.03825,6.862745098039215,4.751633986928105,3.5359477124183005,8.07843137254902,11.61437908496732,15.337605194583269,5.939953210293735,6.015596568754874,2.95139069404731,9.0041590850013,11.95554977904861,8.484658542783745,1.670584683299186,0.2526041666666667
"and(not(subset_eq(A, difference(A, B))), subset_eq(index(cardinality(B), A), index(cardinality(B), union(A, B))))",2332.6730082491413,2921.000327884453,0.7863003827041477,0.7863003827041477,0.0,0.0,0.7863003827041477,0.7863003827041477,0.0,2626.836668066797,10,0.6495,5.532332563510392,6.516551193225558,3.126250962278676,8.922632794457275,12.04888375673595,8.386011683055838,6.796005706134094,4.949358059914408,2.6911554921540657,9.054208273894437,11.745363766048502,7.070804699217144,2.0596776924094313,0.24609375
"and(not(subset_eq(A, difference(A, B))), subset_eq(index(cardinality(B), union(A, B)), difference(A, B)))",3353.4782877769326,5084.257674928755,0.5583388559161546,0.3399339058690419,0.0,0.0,0.5583388559161546,0.5583388559161546,0.0,4218.867981352843,9,0.34675,6.254506128334535,5.615717375630858,2.930064888248017,8.940158615717376,11.870223503965393,8.907855361012718,5.827018752391886,6.153846153846154,2.9969383849980864,8.983926521239955,11.98086490623804,8.763690745835067,0.6905071347215758,0.3216145833333333
"and(not(subset_eq(A, difference(A, B))), subset_eq(intersection(A, B), index(cardinality(A), union(A, B))))",2151.2937060238874,1780.0710261564818,0.5299569281089929,0.3506834749491676,0.0,0.0,0.5299569281089929,0.5299569281089929,0.0,1965.6823660901846,9,0.01725,4.753623188405797,4.492753623188406,1.0,8.246376811594203,9.246376811594203,6.737240075614366,5.99669295344696,5.993131518697532,3.0083948104807936,8.981429661663698,11.989824472144493,8.865660965053543,2.798214785333333,0.1640625
"and(not(subset_eq(A, difference(A, B))), subset_eq(intersection(A, B), index(cardinality(B), A)))",883.6521938742153,1686.8067678144434,0.2714532795446165,0.7219768224855851,0.0,0.0,0.7219768224855851,0.7219768224855851,0.0,1285.2294808443294,8,0.01075,5.5813953488372094,3.372093023255814,1.0,7.953488372093023,8.953488372093023,4.753921038399133,5.9795299469294925,5.995451099317665,2.995198382613091,8.979782663634067,11.974981046247157,8.88029307218386,3.319839655679011,0.109375
"and(not(subset_eq(B, A)), equals(cardinality(intersection(A, B)), cardinality(difference(B, A))))",1141.2417325689185,3584.154876253335,0.4220343901492281,0.5927897007150673,0.0,0.0,0.5927897007150673,0.5927897007150673,0.0,2362.6983044111266,8,0.16725,6.034379671150972,5.7040358744394615,2.8520179372197307,8.886397608370702,11.738415545590433,6.041580924164544,5.963374362053438,6.020114079855899,2.9981987391173823,8.985289702791954,11.983488441909337,9.481125469906326,0.35540964070035097,0.359375
"and(not(subset_eq(B, A)), greater_than(cardinality(A), cardinality(B)))",577.0716733681306,1047.3275934478952,0.3145048308101711,0.6119116660643003,0.0,0.0,0.6119116660643003,0.6119116660643003,0.0,812.1996334080129,6,0.38975,7.050032071840923,4.855676715843489,2.8370750481077613,9.068633739576653,11.905708787684413,6.273272656729237,5.288816058992216,6.677181482998771,3.0610405571487096,8.904956984842277,11.965997541990987,8.05101837196428,2.5436041378178493,0.171875
"and(not(subset_eq(B, A)), greater_than(cardinality(B), cardinality(difference(A, B))))",619.7095199954997,821.0924509609686,1.0,0.0662664449183437,0.0,1.0,1.0,1.0,1.0,720.4009854782341,7,0.788,5.728109137055838,6.534581218274112,3.2173223350253806,9.045368020304569,12.26269035532995,7.415933039050174,6.893867924528302,3.858490566037736,2.068396226415094,8.683962264150944,10.752358490566039,7.311487629049483,3.1369548821432796,0.2890625
"and(not(subset_eq(B, A)), or(subset_eq(A, difference(A, B)), equals(cardinality(A), cardinality(B))))",4990.613103632484,7086.672006507171,0.3057399751712663,0.0487635925727353,0.0,0.4616034536868161,0.4616034536868161,0.3057399751712663,0.4616034536868161,6038.642555069828,9,0.1925,5.755844155844156,5.709090909090909,2.7194805194805194,8.745454545454546,11.464935064935064,8.234305953786484,6.027554179566564,6.028792569659442,3.0343653250773994,9.021981424148606,12.056346749226007,9.050270778019568,0.5245835772851587,0.3671875
"and(not(subset_eq(B, A)), subset_eq(A, difference(A, B)))",190.46031413638897,165.6299887965925,0.2040489914767815,0.033543868213163,0.0,1.0,1.0,0.2040489914767815,1.0,178.04515146649072,5,0.0315,4.126984126984127,3.8412698412698414,0.0,7.968253968253968,7.968253968253968,8.021164021164026,6.035363964894167,6.0363964894166235,3.0704697986577183,9.001290655653072,12.07176045431079,8.552783485151515,4.229453793531127,0.2109375
"and(not(subset_eq(B, A)), subset_eq(difference(B, A), index(cardinality(A), union(A, B))))",646.1078472375557,440.1685534740991,0.4702991662664049,0.2767791853927692,0.0,0.2762149748305875,0.4702991662664049,0.4702991662664049,0.2762149748305875,543.1382003558274,8,0.01525,7.016393442622951,4.442622950819672,3.442622950819672,8.01639344262295,11.459016393442623,6.376242945444773,5.959126681898959,5.990860624523991,2.9664889565879666,8.983498349834983,11.94998730642295,8.87482882683942,1.9343103365469052,0.1796875
"and(not(subset_eq(B, A)), subset_eq(difference(B, A), index(cardinality(B), union(A, B))))",1090.4998269301695,1663.3250140111777,0.3168798341872261,0.4595474105467227,0.0,0.0,0.4595474105467227,0.4595474105467227,0.0,1376.9124204706736,8,0.01375,7.127272727272727,4.0,3.0,8.127272727272727,11.127272727272727,5.71305785123967,5.959188846641318,5.994676806083651,2.973384030418251,8.980481622306717,11.953865652724968,8.881398956822304,2.311679891930494,0.1640625
"and(not(subset_eq(B, A)), subset_eq(index(cardinality(A), B), A))",2702.340991799065,4122.376582572702,0.4373210464746208,0.2998211765559934,0.0,0.0,0.4373210464746208,0.4373210464746208,0.0,3412.3587871858836,6,0.72125,6.37261698440208,5.679722703639515,3.0495667244367417,9.002772963604853,12.052339688041595,7.98654535952109,4.947085201793722,6.711210762331839,2.777578475336323,8.880717488789237,11.65829596412556,9.088813368457066,1.7804735566978056,0.4075520833333333
"and(not(subset_eq(B, A)), subset_eq(index(cardinality(A), difference(B, A)), index(cardinality(B), union(A, B))))",1613.351286984951,1715.5412806203822,0.6177720792843568,0.3110485080508617,0.0,0.0,0.6177720792843568,0.6177720792843568,0.0,1664.4462838026666,10,0.88175,6.167280975333144,5.906152537567338,3.061241848596541,9.012191664303941,12.073433512900483,7.877446847917607,4.543340380549683,6.422832980972516,2.321353065539112,8.644820295983086,10.966173361522198,14.017556955066121,1.8578420673666627,0.3697916666666667
"and(not(subset_eq(B, A)), subset_eq(index(cardinality(A), union(A, B)), index(cardinality(A), difference(B, A))))",459.8157038728714,540.8526700023685,1.0,0.0213896719252483,0.0,1.0,1.0,1.0,1.0,500.33418693761996,10,0.011,2.477272727272727,7.090909090909091,1.2272727272727273,8.340909090909092,9.568181818181818,5.251033057851241,6.014155712841254,5.954752275025278,2.993174924165824,8.975733063700709,11.968907987866531,8.795729132694344,4.11324739504874,0.125
"and(not(subset_eq(B, A)), subset_eq(index(cardinality(A), union(A, B)), index(cardinality(B), difference(A, B))))",1610.4001945230557,1969.0086911894614,0.3728912835342403,0.5949220371909175,0.0,0.0,0.5949220371909175,0.5949220371909175,0.0,1789.7044428562585,10,0.01975,6.8734177215189876,3.6582278481012658,1.759493670886076,8.772151898734178,10.531645569620252,4.17080596058324,5.957153787299158,6.013771996939556,2.998214741137465,8.97271104310125,11.970925784238714,8.869040494421927,2.814703843064675,0.0625
"and(not(subset_eq(B, A)), subset_eq(index(cardinality(A), union(A, B)), intersection(A, B)))",3563.317768363835,5516.685046687722,0.766911378429355,0.4218464936697148,0.0,0.0,0.766911378429355,0.766911378429355,0.0,4540.001407525779,8,0.32125,6.160311284046693,6.345525291828793,3.5486381322957197,8.957198443579767,12.505836575875486,7.872426834622797,5.887661141804788,5.788213627992634,2.701657458563536,8.974217311233886,11.675874769797423,9.0535046752745,1.049909830598887,0.22005208333333334
"and(not(subset_eq(B, A)), subset_eq(index(cardinality(B), A), difference(A, B)))",2301.743987890368,3744.8886785972863,0.8828145566023111,0.115170740269666,0.0,1.0,1.0,0.8828145566023111,1.0,3023.316333243827,7,0.81525,5.665746703465195,6.176632934682613,2.8586323213738116,8.983747316773997,11.842379638147808,8.558993075215255,7.341001353179973,5.043301759133965,3.4817320703653585,8.90257104194858,12.384303112313937,6.777809313320656,2.116405205071749,0.2265625
"and(not(subset_eq(B, A)), subset_eq(index(cardinality(B), A), index(cardinality(B), union(A, B))))",1202.6197037848874,2030.4343752429704,0.9131060982458428,0.0927400945848538,0.0,0.9672439709082464,0.9672439709082464,0.9131060982458428,0.9672439709082464,1616.527039513929,9,0.63825,5.356443399921661,6.573834704269487,2.990599294947121,8.939678809244027,11.930278104191148,7.9848605566687265,7.067035245335176,4.8970283344851415,2.9440221147201107,9.020041465100208,11.964063579820317,6.89964939495433,2.3958241790796064,0.2591145833333333
"and(not(subset_eq(B, A)), subset_eq(index(cardinality(B), difference(A, B)), index(cardinality(A), union(A, B))))",1544.1910280590528,1633.298909144476,1.0,0.108404117721588,0.0,1.0,1.0,1.0,1.0,1588.7449686017644,10,0.88625,5.812693935119887,6.276727785613541,3.081241184767278,9.008180535966149,12.089421720733428,7.821505248855647,7.241758241758242,3.556043956043956,2.1362637362637362,8.661538461538461,10.797802197802199,8.798212776234775,3.215171483944433,0.23697916666666666
"and(not(subset_eq(B, A)), subset_eq(index(cardinality(B), difference(A, B)), index(cardinality(B), union(A, B))))",1015.636827203587,1111.1284841165761,1.0,0.1052573637179908,0.0,0.9668879977626516,1.0,1.0,0.9668879977626516,1063.3826556600816,10,0.8745,5.799885648942253,6.302458547741566,3.092052601486564,9.010291595197256,12.10234419668382,7.838917999699944,7.197211155378486,3.6314741035856573,2.149402390438247,8.679282868525897,10.828685258964143,8.185957365756083,3.1583644330965934,0.2421875
"and(not(subset_eq(B, A)), subset_eq(index(cardinality(B), union(A, B)), difference(A, B)))",3532.8415084269946,5792.035677191801,0.4877541917172902,0.0536573643374351,0.0,0.7572149377846431,0.7572149377846431,0.4877541917172902,0.7572149377846431,4662.438592809398,8,0.3455,6.116497829232996,5.6237337192474675,2.776410998552822,8.963820549927641,11.740231548480462,8.919715130026164,5.900687547746371,6.148586707410237,3.0779220779220777,8.97135217723453,12.049274255156607,8.78023129524046,0.6426147117528029,0.3216145833333333
"and(not(subset_eq(B, A)), subset_eq(index(cardinality(B), union(A, B)), intersection(A, B)))",3512.565024233045,6175.736728230491,0.8641046011314976,0.0412898892990669,0.0,0.6063984596444105,0.8641046011314976,0.8641046011314976,0.6063984596444105,4844.150876231768,8,0.33525,6.046979865771812,6.396718866517524,3.534675615212528,8.909023117076808,12.443698732289336,8.315483508973227,5.939074840165476,5.750658142158707,2.6908612260248215,8.99887175629936,11.689732982324182,8.789979634472774,1.0682044174737186,0.26953125
"and(not(subset_eq(B, A)), subset_eq(intersection(A, B), index(cardinality(A), B)))",1051.2797089760716,1026.9418310017063,0.2411412404252031,0.0392124876291127,0.0,0.8793578592758411,0.8793578592758411,0.2411412404252031,0.8793578592758411,1039.110769988889,7,0.04125,4.006060606060606,4.2727272727272725,0.23636363636363636,8.042424242424243,8.27878787878788,7.9485766758494005,6.059973924380704,6.040156453715776,3.0915254237288137,9.008604954367666,12.10013037809648,8.512556243615048,3.9362818320100863,0.26171875
"and(not(subset_eq(B, A)), subset_eq(intersection(A, B), index(cardinality(A), union(A, B))))",1066.2327202697907,1447.5262639576322,0.2696702683110055,0.0434802888137196,0.0,0.9631610418308802,0.9631610418308802,0.2696702683110055,0.9631610418308802,1256.8794921137114,8,0.04875,4.348717948717948,4.0717948717948715,0.35384615384615387,8.066666666666666,8.42051282051282,7.87282051282051,6.058607095926413,6.064388961892247,3.1080157687253616,9.014980289093298,12.122996057818659,8.47942726994868,3.8052072704592796,0.27734375
"and(not(subset_eq(B, difference(A, A))), subset_eq(difference(B, A), index(cardinality(B), union(A, B))))",1192.366650545784,1574.1649613647023,0.1708800441838136,0.818311317487645,0.0,0.0,0.818311317487645,0.818311317487645,0.0,1383.2658059552432,9,0.04425,7.672316384180791,3.994350282485876,3.6836158192090394,7.983050847457627,11.666666666666666,7.791630757445178,5.896678001569448,6.058592728223908,2.94088412241695,9.014386607376405,11.955270729793355,8.505730798123052,2.8223463490522938,0.3059895833333333
"and(not(subset_eq(B, difference(A, A))), subset_eq(index(cardinality(A), B), index(cardinality(A), union(A, B))))",1077.3782989884712,1291.5454073764558,0.3497282237539753,0.3497282237539753,0.0,0.4063566674954242,0.4063566674954242,0.3497282237539753,0.4063566674954242,1184.4618531824635,10,0.682,6.428885630498534,5.488636363636363,3.0076979472140764,8.909824046920821,11.917521994134898,8.911553961954285,5.002358490566038,6.9937106918239,2.900943396226415,9.095125786163521,11.996069182389936,5.94966946521104,2.0764452673956346,0.20572916666666666
"and(not(subset_eq(B, difference(A, A))), subset_eq(index(cardinality(A), difference(B, A)), A))",478.77865782252775,746.0182327202929,0.3558232254544486,1.0,0.0,0.0,1.0,1.0,0.0,612.3984452714103,8,0.89075,6.286836935166994,5.817008139208532,3.1212461408925063,8.98259893348302,12.103845074375526,8.106946460444322,3.4347826086956523,7.192219679633867,1.77116704805492,8.8558352402746,10.62700228832952,5.293162764637195,3.4421118835651,0.2682291666666667
"and(not(subset_eq(B, difference(A, A))), subset_eq(index(cardinality(A), difference(B, A)), index(cardinality(B), union(A, B))))",1268.5562942618271,1357.25035627943,0.4265295374712111,1.0,0.0,0.0,1.0,1.0,0.0,1312.9033252706286,11,0.91225,6.225815291860783,5.842148533844889,3.092354069608112,8.975609756097562,12.067963825705673,8.234385496696895,3.3703703703703702,7.267806267806268,1.7407407407407407,8.897435897435898,10.638176638176638,5.285070738062185,3.4659665700697726,0.24739583333333334
"and(not(subset_eq(B, difference(A, A))), subset_eq(index(cardinality(A), union(A, B)), A))",2666.659054521442,5054.167284805328,0.3124840093133443,0.6378023244010078,0.0,0.0,0.6378023244010078,0.6378023244010078,0.0,3860.413169663385,8,0.67275,6.310665180230398,5.774804905239688,3.1337792642140467,8.951690821256038,12.085470085470085,8.686953677017257,5.285714285714286,6.362872421695951,2.644766997708174,9.003819709702062,11.648586707410237,8.265105945149086,1.278859154431647,0.30859375
"and(not(subset_eq(B, difference(A, A))), subset_eq(index(cardinality(A), union(A, B)), difference(A, B)))",3639.1708654264803,5563.821806818247,0.1776825724233656,0.6599655061321996,0.0,0.0,0.6599655061321996,0.6599655061321996,0.0,4601.496336122364,9,0.3515,6.448079658605974,5.253200568990042,2.754623044096728,8.946657183499289,11.701280227596017,8.528962443014962,5.718966846569005,6.354279105628373,3.092521202775636,8.980724749421743,12.073245952197379,8.487711396146358,1.3631414461312004,0.3424479166666667
"and(not(subset_eq(B, difference(A, A))), subset_eq(index(cardinality(B), A), difference(A, B)))",2341.114916382372,3879.836390394252,0.4702428024671017,0.2567882728680404,0.0,0.8110447260080818,0.8110447260080818,0.4702428024671017,0.8110447260080818,3110.475653388312,8,0.832,5.707632211538462,6.120492788461538,2.8692908653846154,8.958834134615385,11.828125,8.83068649021116,7.300595238095238,5.208333333333333,3.4910714285714284,9.017857142857142,12.508928571428571,6.300046060090701,1.9380859486394353,0.22395833333333334
"and(not(subset_eq(B, difference(A, A))), subset_eq(index(cardinality(B), union(A, B)), A))",3067.5372333621126,5900.442812560126,0.4005524678387999,0.1760623347879184,0.0,0.379136539687914,0.4005524678387999,0.4005524678387999,0.379136539687914,4483.990022961119,8,0.68325,6.24807903402854,5.8236370289059645,3.151115989754848,8.920600073179656,12.071716062934504,8.949714758660424,5.386740331491713,6.277032359905288,2.591160220994475,9.072612470402525,11.663772691397,7.864698506001087,1.122952425362638,0.2747395833333333
"and(not(subset_eq(B, difference(A, A))), subset_eq(index(cardinality(B), union(A, B)), difference(A, B)))",3306.155046121916,5531.9965964714065,0.3058994266773949,0.0856365585547138,0.0,0.6825008250408067,0.6825008250408067,0.3058994266773949,0.6825008250408067,4419.075821296661,9,0.36225,6.191856452726018,5.520358868184955,2.8046928916494136,8.90752242926156,11.712215320910973,9.32228551996308,5.852214817718542,6.22108976871815,3.0697765582124656,9.003528028224226,12.073304586436691,8.462718288967032,0.8225871294100857,0.3450520833333333
"and(not(subset_eq(B, difference(A, A))), subset_eq(index(cardinality(B), union(A, B)), index(cardinality(A), B)))",2251.5264099589112,2384.4164097043686,0.9206758317420948,0.0467618759110554,0.0,0.7933910111222731,0.9206758317420948,0.9206758317420948,0.7933910111222731,2317.97140983164,10,0.10525,4.843230403800475,7.118764845605701,3.339667458432304,8.622327790973872,11.961995249406176,7.689022291681944,6.10841017043867,5.8317965912266,2.9307069013690974,9.009499860296172,11.94020676166527,8.656177364451045,1.8504636897069116,0.26953125
"and(not(subset_eq(B, difference(A, A))), subset_eq(index(cardinality(B), union(A, B)), intersection(A, B)))",3030.2966050862888,5338.325954310596,0.6501687755838095,0.0633032099407621,0.0,0.4359164533832196,0.6501687755838095,0.6501687755838095,0.4359164533832196,4184.311279698442,9,0.34925,6.128847530422334,6.330708661417323,3.583392984967788,8.876163206871869,12.459556191839656,8.721028648668845,5.892815981559739,5.772185939300806,2.6465616596235115,9.018440261237034,11.665001920860545,8.492901818862302,1.1159352379619676,0.30078125
"and(not(subset_eq(union(A, B), difference(A, A))), subset_eq(difference(A, B), index(cardinality(B), union(A, B))))",345.19378770323374,296.80313754897725,0.6232990182031033,0.0035844535761702,0.1413339024573973,0.8973485483759598,0.8973485483759598,0.6232990182031033,0.8973485483759598,320.9984626261055,10,0.043,4.238372093023256,7.866279069767442,3.895348837209302,8.209302325581396,12.104651162790697,7.268591130340724,6.053291536050157,5.881922675026123,2.932340647857889,9.00287356321839,11.93521421107628,8.551388110922115,2.856394170765955,0.2421875
"and(not(subset_eq(union(A, B), difference(A, A))), subset_eq(difference(B, A), index(cardinality(A), difference(B, A))))",213.67938826361205,253.8975356639019,0.0024606223178083,0.611243718319227,0.8821602426959547,0.0566776507000429,0.8821602426959547,0.611243718319227,0.8821602426959547,233.78846196375696,10,0.03075,7.943089430894309,3.959349593495935,3.959349593495935,7.943089430894309,11.902439024390244,8.628990680150707,5.912819190095434,6.030951766830023,2.9424812999742067,9.00128965695125,11.943770956925459,8.538924521238624,3.073687352611816,0.234375
"and(not(subset_eq(union(A, B), difference(A, A))), subset_eq(index(cardinality(A), union(A, B)), index(cardinality(A), difference(B, A))))",836.6701489921675,766.477078747841,0.003118886746826,0.003118886746826,0.5664585999743594,0.172922543133099,0.5664585999743594,0.003118886746826,0.5664585999743594,801.5736138700042,12,0.04175,6.502994011976048,4.7844311377245505,3.2395209580838324,8.047904191616766,11.2874251497006,17.34045681092902,5.952256717975476,6.018784242108009,2.962170623532481,9.008870336551004,11.971040960083485,8.413658039480246,1.379805189648126,0.328125
"and(not(subset_eq(union(A, B), difference(A, A))), subset_eq(index(cardinality(A), union(A, B)), union(difference(A, B), difference(B, A))))",3495.026925595812,6416.847234418616,0.014313174108574,0.014313174108574,0.6093748621672537,0.353788136441623,0.6093748621672537,0.014313174108574,0.6093748621672537,4955.937080007214,12,0.67875,5.887661141804788,5.788213627992634,2.701657458563536,8.974217311233886,11.675874769797423,9.0535046752745,6.160311284046693,6.345525291828793,3.5486381322957197,8.957198443579767,12.505836575875486,7.872426834622797,1.049909830598887,0.22786458333333334
"and(not(subset_eq(union(A, B), difference(A, A))), subset_eq(index(cardinality(B), difference(A, B)), index(cardinality(B), union(A, B))))",657.1716434261152,1056.1964620886138,0.0347373045682449,0.0347373045682449,0.2036522730741173,0.6402389321300417,0.6402389321300417,0.0347373045682449,0.6402389321300417,856.6840527573645,12,0.8945,5.84376746785914,6.26048071548351,3.121855785354947,8.982392397987702,12.10424818334265,8.175602503467422,7.090047393364929,3.481042654028436,1.7180094786729858,8.85308056872038,10.571090047393366,5.486321061970751,3.35399374521904,0.13541666666666666
"and(not(subset_eq(union(A, B), difference(A, A))), subset_eq(index(cardinality(B), union(A, B)), index(cardinality(B), A)))",1091.0375906184704,983.1444831264307,0.0053632744781931,0.0053632744781931,0.3515122892425406,0.3042532969786465,0.3515122892425406,0.0053632744781931,0.3515122892425406,1037.0910368724506,11,0.1175,6.746808510638298,5.061702127659575,3.380851063829787,8.427659574468086,11.808510638297872,13.342661837935717,5.872521246458923,6.087818696883852,2.9195467422096315,9.040793201133145,11.960339943342776,7.98286608511416,1.4248140619352014,0.3268229166666667
"and(or(and(subset_eq(A, B), subset_eq(B, A)), subset_eq(A, difference(A, B))), subset_eq(index(cardinality(B), union(A, B)), A))",855.8494580542028,1039.7959563217591,0.0,0.0,0.7009154585179066,0.5819610195694589,0.7009154585179066,0.0,0.7009154585179066,947.822707187981,11,0.016,4.90625,3.375,0.09375,8.1875,8.28125,9.123046875,5.992632113821138,6.009400406504065,3.020579268292683,8.981453252032521,12.002032520325203,8.714789916096569,4.084926090488535,0.2864583333333333
"and(or(not(subset_eq(A, B)), subset_eq(A, difference(A, A))), not(subset_eq(B, difference(A, A))))",308.8828183393598,343.3487891679647,0.1559296156878319,0.1226510324918115,0.0,0.1852356936907788,0.1852356936907788,0.1559296156878319,0.1852356936907788,326.11580375366225,9,0.9715,6.029850746268656,5.903757076685538,2.943129181677818,8.990478641276377,11.933607822954194,8.606749912389773,4.114035087719298,8.131578947368421,4.017543859649122,8.228070175438596,12.24561403508772,7.960449369036632,3.1285630607798334,0.2838541666666667
"and(or(not(subset_eq(A, B)), subset_eq(A, difference(A, A))), subset_eq(index(cardinality(A), B), difference(B, A)))",2469.924789977653,3449.71982264705,0.0,0.0,1.0,0.2133795568658818,1.0,0.0,1.0,2959.8223063123514,10,0.82025,6.184395001523925,5.65955501371533,2.863761048460835,8.980188966778421,11.843950015239257,8.600941331789329,5.02086230876217,7.37134909596662,3.4756606397774688,8.916550764951321,12.39221140472879,6.492037116919847,2.158348539279377,0.2265625
"and(or(not(subset_eq(A, B)), subset_eq(A, difference(A, A))), subset_eq(index(cardinality(A), B), index(cardinality(B), union(A, B))))",1882.872432950657,2851.2255022141617,0.0,1.0,1.0,0.0439330563810198,1.0,1.0,1.0,2367.048967582409,12,0.664,6.6057981927710845,5.317394578313253,2.9917168674698793,8.931475903614459,11.923192771084338,7.777887245518251,4.729166666666667,7.251488095238095,2.9382440476190474,9.042410714285714,11.980654761904763,6.339159491921771,2.695426303841843,0.24348958333333334
"and(or(not(subset_eq(A, B)), subset_eq(A, difference(A, A))), subset_eq(index(cardinality(A), difference(B, A)), index(cardinality(B), union(A, B))))",1407.4383088825562,1681.6842042697826,0.0,1.0,1.0,0.042589761259402,1.0,1.0,1.0,1544.5612565761694,13,0.89675,6.248675773626986,5.800669082798996,3.057987175913019,8.991357680512964,12.049344856425982,8.061816324149792,3.6004842615012107,7.414043583535109,2.2421307506053267,8.772397094430993,11.01452784503632,7.4386201478580665,3.206480511594659,0.23958333333333334
"and(or(not(subset_eq(A, B)), subset_eq(A, difference(A, A))), subset_eq(index(cardinality(A), union(A, B)), index(cardinality(B), A)))",1932.2912592054636,3495.639562497381,0.0,0.91930752805465,0.7778133737328548,0.1188148357911291,0.91930752805465,0.91930752805465,0.7778133737328548,2713.9654108514223,12,0.1005,7.17910447761194,4.843283582089552,3.4203980099502487,8.601990049751244,12.022388059701493,8.188992846711711,5.840744858254586,6.092829349638688,2.92384658143413,9.009727626459144,11.933574207893274,8.583436508640178,1.8971384812626935,0.26953125
"and(or(not(subset_eq(A, B)), subset_eq(A, difference(A, A))), subset_eq(index(cardinality(B), A), index(cardinality(B), union(A, B))))",1619.5014018812126,2087.837776656554,0.0,0.0,0.5187198278707128,0.2095870002770269,0.5187198278707128,0.0,0.5187198278707128,1853.6695892688833,12,0.64075,5.538041357783847,6.37651190011705,2.9902458056964494,8.924307452204449,11.914553257900897,8.504316583013244,6.755045233124565,5.237299930410577,2.9443284620737646,9.048016701461378,11.992345163535143,7.864583923535936,1.667636275379674,0.3333333333333333
"and(or(not(subset_eq(A, B)), subset_eq(A, difference(A, A))), subset_eq(index(cardinality(B), difference(A, B)), index(cardinality(A), union(A, B))))",1613.7319304556586,1736.8967011493805,0.262301217567369,0.0,0.0503317324468566,0.2077761146703046,0.262301217567369,0.262301217567369,0.2077761146703046,1675.3143158025196,13,0.8745,5.905946255002859,6.190680388793596,3.0863350485991994,9.010291595197256,12.096626643796455,7.771768136067869,6.45816733067729,4.410358565737051,2.189243027888446,8.679282868525897,10.868525896414342,13.608641132680436,2.0686391671080067,0.3802083333333333
"and(or(not(subset_eq(A, B)), subset_eq(A, difference(A, A))), subset_eq(index(cardinality(B), difference(A, B)), index(cardinality(B), A)))",1302.528165444979,2000.6163544617593,0.0,0.0,0.5133345195680966,0.2281074848787708,0.5133345195680966,0.0,0.5133345195680966,1651.5722599533692,12,0.888,5.900900900900901,6.120495495495495,3.029560810810811,8.991835585585585,12.021396396396396,8.152728002495738,6.564732142857143,4.752232142857143,2.53125,8.785714285714286,11.316964285714286,12.88082948022956,1.6003531435721428,0.28125
"and(or(not(subset_eq(A, B)), subset_eq(A, difference(A, A))), subset_eq(index(cardinality(B), union(A, B)), intersection(A, B)))",3523.4974049472585,6061.22871456854,0.4290999055707767,0.0,0.1760623347879184,0.1760623347879184,0.4290999055707767,0.4290999055707767,0.1760623347879184,4792.3630597578995,11,0.321,6.311526479750778,6.16588785046729,3.542056074766355,8.935358255451714,12.47741433021807,8.03382998029911,5.8162739322533135,5.873343151693667,2.705081001472754,8.984536082474227,11.689617083946981,8.981827809240308,1.0155711495991342,0.3033854166666667
"and(or(not(subset_eq(A, B)), subset_eq(B, difference(A, A))), subset_eq(difference(A, B), index(cardinality(B), union(A, B))))",557.8817391291855,320.0647988699193,0.230306396159108,0.471526797269461,0.2879329446865852,0.0837046249694529,0.471526797269461,0.471526797269461,0.2879329446865852,438.9732689995524,11,0.01475,4.593220338983051,7.220338983050848,3.593220338983051,8.220338983050848,11.813559322033898,7.562194771617353,5.995940116721644,5.948490230905861,2.964476021314387,8.979954326313118,11.944430347627506,8.8598158797606,1.9951294294336899,0.18229166666666666
"and(or(not(subset_eq(A, B)), subset_eq(B, difference(A, A))), subset_eq(index(cardinality(A), B), index(cardinality(A), difference(B, A))))",1021.155228880176,1535.6553504050535,0.0,0.7379621962154155,1.0,0.0443909739153491,1.0,0.7379621962154155,1.0,1278.4052896426147,12,0.61,6.65,5.177049180327868,2.8979508196721313,8.929098360655738,11.827049180327869,7.964855549583563,4.919871794871795,7.203205128205128,3.0923076923076924,9.03076923076923,12.123076923076923,6.080551446416776,2.6714090149655516,0.2604166666666667
"and(or(not(subset_eq(A, B)), subset_eq(B, difference(A, A))), subset_eq(index(cardinality(A), union(A, B)), difference(B, A)))",3824.0635030732956,6229.425566935912,0.0,0.4867198334094941,0.7580486739495901,0.0803313259883358,0.7580486739495901,0.4867198334094941,0.7580486739495901,5026.744535004604,11,0.34275,5.592268417213712,6.075857038657914,2.721371261852662,8.946754194018965,11.668125455871627,9.365824644174037,6.174971472042602,5.910612400152149,3.1053632559908713,8.98022061620388,12.085583872194752,8.520857781820524,0.7171460745371608,0.32421875
"and(or(not(subset_eq(A, B)), subset_eq(B, difference(A, A))), subset_eq(index(cardinality(B), A), B))",2098.965069989921,4267.772960784845,0.2227460071626257,0.3424275831838749,0.0047263934465183,0.0047263934465183,0.3424275831838749,0.3424275831838749,0.0047263934465183,3183.369015387383,9,0.71925,5.692040319777546,6.3924226624956555,3.086200903719152,8.998262078554049,12.084462982273202,7.845621833367618,6.70080142475512,4.878005342831701,2.6856634016028496,8.893143365983972,11.578806767586821,9.231000159380963,1.8631932469862862,0.4153645833333333
"and(or(not(subset_eq(A, B)), subset_eq(B, difference(A, A))), subset_eq(index(cardinality(B), A), index(cardinality(B), difference(A, B))))",1431.2301081571277,1960.2041711535715,0.0,0.3778504043907391,0.4031520743122563,0.0719415819844513,0.4031520743122563,0.3778504043907391,0.4031520743122563,1695.7171396553495,12,0.58475,5.269345874305259,6.526293287729799,2.837537409149209,8.958101752885849,11.795639162035057,7.744098297160585,6.969295605057194,5.180012040939193,3.165562913907285,8.983744732089104,12.149307645996387,7.774654656657447,2.1931491090018107,0.3619791666666667
"and(or(not(subset_eq(A, B)), subset_eq(B, difference(A, A))), subset_eq(index(cardinality(B), union(A, B)), index(cardinality(B), A)))",595.6013483335935,734.240115879591,0.0,1.0,1.0,0.1354759830805431,1.0,1.0,1.0,664.9207321065923,12,0.08925,7.599439775910364,4.067226890756302,3.168067226890756,8.49859943977591,11.666666666666666,8.003091432651495,5.816085643700247,6.15344496294263,2.954707658523195,9.014822948119681,11.969530606642877,8.290924073173795,2.7528494530216734,0.23567708333333334
"and(or(not(subset_eq(B, A)), subset_eq(A, difference(A, A))), subset_eq(index(cardinality(A), difference(B, A)), index(cardinality(B), union(A, B))))",1545.0008115168312,1749.136553501885,0.4735158735604501,0.2150881096264685,0.003545563513453,0.003545563513453,0.4735158735604501,0.4735158735604501,0.003545563513453,1647.068682509358,13,0.88175,6.167280975333144,5.906152537567338,3.061241848596541,9.012191664303941,12.073433512900483,7.877446847917607,4.543340380549683,6.422832980972516,2.321353065539112,8.644820295983086,10.966173361522198,14.017556955066121,1.8578420673666627,0.3776041666666667
"and(or(not(subset_eq(B, A)), subset_eq(A, difference(A, A))), subset_eq(index(cardinality(A), union(A, B)), difference(A, B)))",4126.457214737515,5504.588245373219,0.314075301877708,0.353788136441623,0.014313174108574,0.014313174108574,0.353788136441623,0.353788136441623,0.014313174108574,4815.522730055367,11,0.321,6.308411214953271,5.373052959501558,2.6370716510903427,9.044392523364486,11.68146417445483,7.646532690870635,5.817746686303387,6.248159057437408,3.1329160530191458,8.93298969072165,12.065905743740796,9.081725106877794,1.119117524321666,0.22786458333333334
"and(or(not(subset_eq(B, A)), subset_eq(A, difference(A, A))), subset_eq(index(cardinality(A), union(A, B)), union(difference(A, B), difference(B, A))))",3414.224340525805,6412.475774943829,0.4359164533832196,0.0,0.0633032099407621,0.6501687755838095,0.6501687755838095,0.4359164533832196,0.6501687755838095,4913.350057734817,13,0.648,5.790123456790123,5.875,2.6419753086419755,9.023148148148149,11.665123456790123,8.437009411674985,6.316051136363637,6.137073863636363,3.5845170454545454,8.868607954545455,12.453125,8.80771706321022,1.1107058835607773,0.30078125
"and(or(not(subset_eq(B, A)), subset_eq(A, difference(A, A))), subset_eq(index(cardinality(B), A), B))",1934.0596708860464,3607.2964456789196,1.0,0.0,0.0503317324468566,1.0,1.0,1.0,1.0,2770.678058282483,9,0.7335,5.583162917518746,6.493524199045671,3.091683708248125,8.985003408316292,12.076687116564417,7.83714869598803,7.054409005628518,4.518761726078799,2.649155722326454,8.924015009380863,11.573170731707316,7.348438341505652,2.5020157662853433,0.2708333333333333
"and(or(not(subset_eq(B, A)), subset_eq(A, difference(A, B))), not(subset_eq(A, difference(A, A))))",505.7989557190267,296.9702540915114,0.1226510324918115,0.1559296156878319,0.1852356936907788,0.0,0.1852356936907788,0.1559296156878319,0.1852356936907788,401.38460490526904,9,0.9695,5.914130995358432,6.0293965961836,2.9417225373904072,9.001805054151625,11.943527591542033,8.55906528702521,7.918032786885246,3.9918032786885247,3.9918032786885247,7.918032786885246,11.90983606557377,8.086132760010747,3.0446803577436765,0.2838541666666667
"and(or(not(subset_eq(B, A)), subset_eq(A, difference(A, B))), subset_eq(difference(B, A), index(cardinality(B), union(A, B))))",1143.4617849172973,1874.970012691716,0.0,0.4892179462947673,0.5321655089072166,0.2879329446865852,0.5321655089072166,0.4892179462947673,0.5321655089072166,1509.2158988045067,11,0.014,7.196428571428571,3.9285714285714284,2.9464285714285716,8.178571428571429,11.125,6.759566326530612,5.957910750507099,5.996196754563894,2.9741379310344827,8.979969574036511,11.954107505070994,8.861770286032804,2.4103461763894605,0.21875
"and(or(not(subset_eq(B, A)), subset_eq(A, difference(A, B))), subset_eq(index(cardinality(A), B), A))",2432.8260297423985,4156.078917392995,0.0,0.2660194649085302,0.232668446325131,0.0662664449183437,0.2660194649085302,0.2660194649085302,0.232668446325131,3294.452473567697,9,0.7215,6.374220374220374,5.6777546777546775,3.0485100485100487,9.003465003465003,12.051975051975052,8.011191264829503,4.94165170556553,6.717235188509874,2.7800718132854576,8.878815080789947,11.658886894075405,9.002041908273693,1.7902044041901723,0.41796875
"and(or(not(subset_eq(B, A)), subset_eq(A, difference(A, B))), subset_eq(index(cardinality(A), difference(B, A)), index(cardinality(B), union(A, B))))",1588.856983083213,1760.4599447683722,0.0,0.262301217567369,0.2077761146703046,0.0503317324468566,0.262301217567369,0.262301217567369,0.2077761146703046,1674.6584639257926,13,0.882,6.1686507936507935,5.904478458049887,3.060374149659864,9.012755102040817,12.07312925170068,7.8989404813323905,4.529661016949152,6.436440677966102,2.3262711864406778,8.639830508474576,10.966101694915254,13.82472708991668,1.8730132012769887,0.3802083333333333
"and(or(not(subset_eq(B, A)), subset_eq(A, difference(A, B))), subset_eq(index(cardinality(A), union(A, B)), index(cardinality(A), difference(B, A))))",781.910254509301,647.8228193033974,0.0,0.0,0.5957106520007466,1.0,1.0,0.0,1.0,714.8665369063492,13,0.01125,2.6666666666666665,6.933333333333334,1.2,8.4,9.6,8.133333333333333,6.012895069532238,5.956257901390645,2.9939317319848295,8.975221238938053,11.969152970922883,8.77633132538809,3.9204734386132953,0.19791666666666666
"and(or(not(subset_eq(B, A)), subset_eq(A, difference(A, B))), subset_eq(index(cardinality(A), union(A, B)), index(cardinality(B), A)))",2132.625960979669,2549.366102282889,0.0,0.6429600850017445,0.6130492640852571,0.3760057523643373,0.6429600850017445,0.6429600850017445,0.6130492640852571,2340.996031631279,12,0.07025,6.854092526690391,5.217081850533808,3.1814946619217084,8.88967971530249,12.0711743772242,6.55105685085042,5.908846464103253,6.023931164291477,2.9580532401183115,8.97472438827642,11.93277762839473,8.984655946900524,1.2627042420635293,0.18489583333333334
"and(or(or(subset_eq(A, B), subset_eq(B, A)), equals(cardinality(A), cardinality(B))), or(not(subset_eq(A, B)), subset_eq(A, difference(A, A))))",1350.0835122457356,2812.7544846754754,0.0,0.0,0.474714233735089,0.177353293384226,0.474714233735089,0.0,0.474714233735089,2081.4189984606055,13,0.19725,6.302915082382763,5.681875792141952,3.26362484157161,8.721166032953105,11.984790874524714,8.159165714891564,5.894736842105263,6.037371535347244,2.902522578635939,9.029585798816568,11.932108377452508,8.961723660715139,0.6506777570890082,0.4244791666666667
"and(or(or(subset_eq(A, B), subset_eq(B, A)), equals(cardinality(A), cardinality(B))), subset_eq(index(cardinality(B), A), difference(A, B)))",3247.167245205139,4760.105003744131,0.0,0.0,0.228521752334618,0.3928196670257771,0.3928196670257771,0.0,0.3928196670257771,4003.636124474635,12,0.21175,5.884297520661157,6.080283353010626,3.2739079102715465,8.690672963400235,11.964580873671784,8.848977361588705,5.999682841738028,5.936885505867428,2.893117665715192,9.043450681890263,11.936568347605455,8.81896037070784,0.42293962362801224,0.3984375
"and(or(or(subset_eq(A, B), subset_eq(B, A)), equals(cardinality(A), cardinality(B))), subset_eq(index(cardinality(B), difference(A, B)), B))",2758.9095510454863,6612.981886560796,0.5091586803319178,0.0,0.0421517858294361,0.3728202737099664,0.5091586803319178,0.5091586803319178,0.3728202737099664,4685.945718803141,12,0.21125,5.875739644970414,6.217751479289941,3.404733727810651,8.688757396449704,12.093491124260355,8.56771681663808,6.001901743264659,5.9001584786053884,2.858320126782884,9.043740095087163,11.902060221870048,8.819038931487583,0.6444765414799489,0.3359375
"and(or(or(subset_eq(A, B), subset_eq(B, A)), subset_eq(A, difference(A, B))), subset_eq(index(cardinality(B), difference(A, B)), index(cardinality(B), A)))",1232.67186991758,1002.8454601131234,0.0,0.0,0.4691205654784987,0.6536152043903221,0.6536152043903221,0.0,0.6536152043903221,1117.7586650153517,13,0.0795,5.009433962264151,5.531446540880503,2.5345911949685536,8.0062893081761,10.540880503144654,18.488687156362467,6.058663769690385,6.004888647474199,3.0116784356328083,9.051873981531775,12.063552417164585,7.963414364285652,1.246050902769306,0.3125
"and(or(subset_eq(A, B), equals(cardinality(A), cardinality(B))), equals(cardinality(intersection(A, B)), cardinality(difference(A, B))))",4242.847131108167,6528.13816248253,0.5691435848432269,0.0,0.2968018462059295,0.2968018462059295,0.5691435848432269,0.5691435848432269,0.2968018462059295,5385.492646795348,11,0.02925,5.641025641025641,5.641025641025641,2.8205128205128207,8.461538461538462,11.282051282051283,1.9723865877712015,5.985320628380118,5.97707957764615,2.9783672418233325,8.984032964202935,11.962400206026269,9.119494904026674,0.5063489952225017,0.2708333333333333
"and(or(subset_eq(A, B), equals(cardinality(A), cardinality(B))), greater_than(cardinality(B), cardinality(difference(A, B))))",1619.9390239750937,2319.5921249002567,0.7741336651592936,0.0572658519733149,0.0,0.4942771351329882,0.7741336651592936,0.7741336651592936,0.4942771351329882,1969.7655744376752,10,0.18925,5.772787318361955,6.392338177014531,3.371202113606341,8.793923381770146,12.165125495376486,7.432132330743088,6.022510021584952,5.868023435090965,2.8809744064138143,9.009559050262103,11.890533456675918,9.110160654381213,0.7599938039238334,0.3229166666666667
"and(or(subset_eq(A, B), equals(cardinality(A), cardinality(B))), not(subset_eq(A, difference(A, B))))",1955.012443395659,3047.4906784066698,0.7772444267219255,0.3057399751712663,0.0,0.0,0.7772444267219255,0.7772444267219255,0.0,2501.2515609011643,9,0.18925,5.772787318361955,6.392338177014531,3.371202113606341,8.793923381770146,12.165125495376486,7.432132330743088,6.022510021584952,5.868023435090965,2.8809744064138143,9.009559050262103,11.890533456675918,9.110160654381213,0.7599938039238334,0.3203125
"and(or(subset_eq(A, B), equals(cardinality(A), cardinality(B))), not(subset_eq(B, difference(A, A))))",1242.9911596986676,2936.1573478868813,0.5790442191331957,0.0702515062982658,0.0,0.4733397783879872,0.5790442191331957,0.5790442191331957,0.4733397783879872,2089.5742537927745,9,0.195,5.717948717948718,6.319230769230769,3.2717948717948717,8.765384615384615,12.037179487179488,7.805677186061827,6.037577639751553,5.881987577639752,2.901552795031056,9.018012422360249,11.919565217391304,9.058054666100789,0.6560666518364769,0.3854166666666667
"and(or(subset_eq(A, B), equals(cardinality(A), cardinality(B))), subset_eq(index(cardinality(A), B), difference(B, A)))",1725.8610329757648,2754.632942619268,0.4122388023406289,0.0,0.0813519945176216,0.2894741351119843,0.4122388023406289,0.4122388023406289,0.2894741351119843,2240.2469877975163,10,0.18175,5.804676753782669,6.173314993122421,3.1801925722145805,8.797799174690509,11.97799174690509,7.287649305903754,6.013137794072716,5.921478765658417,2.9278948976474184,9.006721662083715,11.934616559731133,9.225456099115185,0.4129547279958277,0.4778645833333333
"and(or(subset_eq(A, B), greater_than(cardinality(A), cardinality(B))), not(subset_eq(union(A, B), difference(A, A))))",694.6414307661253,917.7977679083851,0.0070090160810935,0.0070090160810935,0.3707398116214305,0.2453621499851005,0.3707398116214305,0.0070090160810935,0.3707398116214305,806.2195993372552,10,0.4485,6.923076923076923,5.004459308807135,2.988851727982163,8.938684503901895,11.927536231884059,8.319305401754134,5.204442429737081,6.750226654578422,2.9614687216681777,8.993200362647325,11.954669084315503,6.71529924569027,2.449930198249251,0.3671875
"and(or(subset_eq(A, B), greater_than(cardinality(A), cardinality(B))), or(not(subset_eq(B, A)), subset_eq(A, difference(A, A))))",1114.5125653994965,1332.8474826808233,0.4229969101915847,0.0,0.1008030186282954,0.527986754867091,0.527986754867091,0.4229969101915847,0.527986754867091,1223.6800240401599,11,0.41775,6.847995212447636,5.081388390185517,2.9174147217235187,9.011968880909635,11.929383602633154,7.8224909669329925,5.34907685702018,6.602833834263633,3.014169171318162,8.93774151996565,11.951910691283812,7.790990850148423,2.1379695739321845,0.3854166666666667
"and(or(subset_eq(A, B), greater_than(cardinality(A), cardinality(B))), subset_eq(index(cardinality(A), B), difference(B, A)))",974.0887036391578,1119.8073187957925,0.0,0.0,0.63177648490373,0.1929711689660285,0.63177648490373,0.0,0.63177648490373,1046.9480112174751,10,0.43525,6.995979322228604,4.903503733486502,2.941987363584147,8.957495692130959,11.899483055715105,7.719323238145098,5.188579017264276,6.7870739265161575,2.9982293050022135,8.97742363877822,11.975652943780434,6.880154949529485,2.6110717512985717,0.3919270833333333
"and(or(subset_eq(A, B), greater_than(cardinality(A), cardinality(B))), subset_eq(index(cardinality(A), B), index(cardinality(A), difference(B, A))))",538.5738912217857,679.4585806041068,0.0,0.0,0.8624250738256066,0.1780430635151363,0.8624250738256066,0.0,0.8624250738256066,609.0162359129463,12,0.422,7.097156398104265,4.8045023696682465,2.9158767772511847,8.985781990521327,11.901658767772512,7.032762628871817,5.156141868512111,6.8161764705882355,3.0160034602076125,8.956314878892734,11.972318339100346,6.994494273895084,2.797212084386873,0.3645833333333333
"and(or(subset_eq(A, B), greater_than(cardinality(A), cardinality(B))), subset_eq(index(cardinality(A), union(A, B)), union(difference(A, B), difference(B, A))))",3171.34601201932,4076.0702571650036,0.0,0.0,0.6301593296705605,0.1995917486349859,0.6301593296705605,0.0,0.6301593296705605,3623.7081345921615,13,0.313,6.895367412140575,4.772364217252396,2.75,8.917731629392971,11.667731629392971,8.241368443078954,5.556040756914119,6.511644832605532,3.0756914119359533,8.991994177583697,12.06768558951965,7.702236799450803,2.219226857297852,0.3880208333333333
"and(or(subset_eq(A, B), greater_than(cardinality(A), cardinality(B))), subset_eq(index(cardinality(B), difference(A, B)), index(cardinality(B), union(A, B))))",1734.1433444104189,4177.237480371725,0.0,0.0,0.2468954929328515,0.3912948828538869,0.3912948828538869,0.0,0.3912948828538869,2955.6904123910717,13,0.343,6.871720116618076,5.473032069970846,3.379737609329446,8.965014577259476,12.344752186588922,7.6810841996107495,5.507229832572298,6.225266362252664,2.7617960426179606,8.970700152207002,11.732496194824963,8.601908900518762,1.6761688296856914,0.3854166666666667
"and(or(subset_eq(A, B), greater_than(cardinality(A), cardinality(B))), subset_eq(index(cardinality(B), union(A, B)), intersection(A, B)))",4235.033753507421,5495.653460813686,0.5112010191872043,0.0,0.0823922616937382,0.5593605031234525,0.5593605031234525,0.5112010191872043,0.5593605031234525,4865.343607160554,11,0.163,6.822085889570552,5.726993865030675,3.6855828220858897,8.863496932515337,12.549079754601227,9.451117844104065,5.810334528076464,6.014038231780167,2.835125448028674,8.989247311827956,11.824372759856631,8.48189239746534,1.3525209909853722,0.3020833333333333
"and(or(subset_eq(A, B), greater_than(cardinality(A), cardinality(B))), subset_eq(index(cardinality(B), union(A, B)), union(difference(A, B), difference(B, A))))",4151.434259108733,4772.2683911202475,0.0,0.0,0.3122893836444476,0.4318444806994991,0.4318444806994991,0.0,0.4318444806994991,4461.8513251144905,13,0.31375,6.717131474103586,4.917131474103586,2.7227091633466136,8.911553784860558,11.634262948207171,8.83841208869702,5.636065573770492,6.44735883424408,3.088524590163934,8.994899817850637,12.083424408014572,7.832062401916344,1.908957878289379,0.4049479166666667
"and(or(subset_eq(A, B), greater_than(cardinality(A), cardinality(B))), subset_eq(intersection(A, B), index(cardinality(A), B)))",518.9879110082184,764.2325378686801,0.0,0.0,0.6854048830178505,0.584761363895814,0.6854048830178505,0.0,0.6854048830178505,641.6102244384492,10,0.01525,5.426229508196721,2.737704918032787,0.0,8.163934426229508,8.163934426229508,5.853802741198603,5.983752221375984,6.017263264788017,3.01980198019802,8.98121350596598,12.001015486164,8.725544755541888,4.492831904833581,0.2708333333333333
"and(or(subset_eq(A, B), greater_than(cardinality(B), cardinality(A))), not(subset_eq(B, difference(A, A))))",416.56607863147474,433.90770198687096,1.0,0.0525192763572828,0.0,1.0,1.0,1.0,1.0,425.23689030917285,9,0.413,4.804479418886198,7.1525423728813555,2.9642857142857144,8.99273607748184,11.957021791767554,6.4691701012492935,6.7989778534923335,5.133304940374787,2.9804088586030666,8.951873935264054,11.93228279386712,7.31749627795885,2.838239554770654,0.2760416666666667
"and(or(subset_eq(A, B), greater_than(cardinality(B), cardinality(A))), subset_eq(index(cardinality(A), B), difference(B, A)))",2092.4928319933238,3952.3741112397975,0.6375314795423855,0.0,0.1246459502612861,0.565600156142861,0.6375314795423855,0.6375314795423855,0.565600156142861,3022.4334716165604,10,0.24825,4.577039274924472,7.051359516616314,2.634441087613293,8.993957703927492,11.628398791540786,6.2511477624337015,6.436980379115397,5.609245094778849,3.0857998004655802,8.960425673428666,12.046225473894246,8.368940712442562,2.3964139050669515,0.2994791666666667
"and(or(subset_eq(A, B), greater_than(cardinality(B), cardinality(A))), subset_eq(index(cardinality(A), union(A, B)), A))",4392.306715237908,4886.609775546938,0.5061260518208381,0.1983771465248548,0.0123963056987437,0.0123963056987437,0.5061260518208381,0.5061260518208381,0.0123963056987437,4639.458245392423,10,0.21625,5.05664739884393,7.1699421965317915,3.2277456647398846,8.998843930635838,12.226589595375723,6.079676567877314,6.228708133971292,5.635406698564593,2.9036682615629985,8.960446570972886,11.864114832535885,8.880759038381871,1.9579457920480339,0.23828125
"and(or(subset_eq(A, B), greater_than(cardinality(B), cardinality(A))), subset_eq(index(cardinality(A), union(A, B)), difference(A, B)))",3452.8737021232955,5401.761275256053,0.3447209163828849,0.2604346485142251,0.0299601363855248,0.0299601363855248,0.3447209163828849,0.3447209163828849,0.0299601363855248,4427.317488689674,11,0.07925,4.908517350157728,6.817034700315458,2.690851735015773,9.034700315457414,11.725552050473187,5.644339181402946,6.067064892750476,5.894108064078197,2.9980993755090957,8.963073581319577,11.961172956828673,9.017545150429045,1.5127548039628338,0.140625
"and(or(subset_eq(A, B), greater_than(cardinality(B), cardinality(A))), subset_eq(index(cardinality(A), union(A, B)), intersection(A, B)))",3788.417647465365,5181.990847805515,0.5051360648371792,0.2332475302753702,0.0150724555733678,0.0150724555733678,0.5051360648371792,0.5051360648371792,0.0150724555733678,4485.20424763544,11,0.13725,5.143897996357013,7.371584699453552,3.5428051001821492,8.972677595628415,12.515482695810565,5.946045301774039,6.1075050709939145,5.74384236453202,2.883222254419009,8.968125181106926,11.851347435525934,8.84404396157281,2.003280617789503,0.19661458333333334
"and(or(subset_eq(A, B), greater_than(cardinality(B), cardinality(A))), subset_eq(intersection(A, B), index(cardinality(B), union(A, B))))",1008.8701382928266,1265.5180396005453,0.6570826808081106,0.0,0.3497282237539753,0.844137338751201,0.844137338751201,0.6570826808081106,0.844137338751201,1137.194088946686,11,0.0185,2.8378378378378377,5.27027027027027,0.4189189189189189,7.6891891891891895,8.108108108108109,5.368151935719506,6.034386143657667,5.980387162506368,3.02190524707081,8.992868059093224,12.014773306164034,8.758160326716641,4.1830281969674,0.16666666666666666
"and(or(subset_eq(A, B), not(subset_eq(B, A))), not(subset_eq(A, difference(A, B))))",658.7934697752871,492.5870367918087,1.0,0.4097422639498914,0.0,0.0,1.0,1.0,0.0,575.6902532835479,8,0.938,5.972814498933902,6.104477611940299,3.0421108742004264,9.035181236673774,12.0772921108742,8.159939148303533,6.012096774193548,3.8911290322580645,1.939516129032258,7.963709677419355,9.903225806451612,15.83418964620186,2.47308920267818,0.3046875
"and(or(subset_eq(A, B), not(subset_eq(B, A))), or(subset_eq(A, difference(A, B)), greater_than(cardinality(A), cardinality(B))))",1676.0462442480111,2153.3726368574717,0.2321038300386391,0.0,0.1287998899399296,0.7156125607240093,0.7156125607240093,0.2321038300386391,0.7156125607240093,1914.7094405527414,11,0.40625,6.8867692307692305,4.853538461538461,2.721846153846154,9.018461538461539,11.740307692307692,6.99651635502957,5.351578947368421,6.729263157894737,3.1461052631578945,8.934736842105263,12.080842105263159,7.7457856177285125,2.4607210598934395,0.2604166666666667
"and(or(subset_eq(A, B), not(subset_eq(B, A))), or(subset_eq(B, A), subset_eq(A, difference(A, B))))",381.44880365767494,338.9807319790052,0.1852356936907788,0.0,0.1226510324918115,0.7385458642090807,0.7385458642090807,0.1852356936907788,0.7385458642090807,360.2147678183401,9,0.03175,4.141732283464567,3.858267716535433,0.047244094488188976,7.952755905511811,8.0,8.517825035650066,6.0353730957913765,6.036405886909373,3.069713400464756,9.002065582235993,12.07177898270075,8.545906771868383,4.179172420578044,0.2838541666666667
"and(or(subset_eq(A, B), not(subset_eq(B, A))), subset_eq(index(cardinality(A), B), A))",2546.263733448286,3888.115075288806,0.3135402807080971,0.2434911262238964,0.0039618492054305,0.0039618492054305,0.3135402807080971,0.3135402807080971,0.0039618492054305,3217.189404368546,8,0.7215,6.372487872487873,5.6798336798336795,3.0505890505890507,9.001732501732501,12.052321552321553,7.996137589692744,4.946140035906643,6.711849192100539,2.774685816876122,8.88330341113106,11.657989228007182,9.062054994536659,1.7820344449119478,0.4466145833333333
"and(or(subset_eq(A, B), not(subset_eq(B, A))), subset_eq(index(cardinality(A), B), index(cardinality(A), union(A, B))))",1400.9300853725108,2051.975243759982,0.6180995752513012,0.0,0.0408657653977713,0.5187198278707128,0.6180995752513012,0.6180995752513012,0.5187198278707128,1726.4526645662463,11,0.65175,6.359033371691599,5.558879938626774,2.9627924817798235,8.95512082853855,11.917913310318374,8.551017744707512,5.2569992821249105,6.73151471643934,2.994256999282125,8.994256999282126,11.98851399856425,7.925040029395264,1.6095159124917837,0.3333333333333333
"and(or(subset_eq(A, B), not(subset_eq(B, A))), subset_eq(index(cardinality(A), union(A, B)), difference(B, A)))",2895.317642910879,4692.341097787954,0.5404767003571616,0.0,0.0914944399762991,0.5119348138425546,0.5404767003571616,0.5404767003571616,0.5119348138425546,3793.8293703494164,10,0.32725,5.281894576012223,6.367456073338427,2.6493506493506493,9.0,11.64935064935065,8.224053841273998,6.312523225566704,5.7725752508361206,3.1315496098104796,8.953548866592344,12.085098476402825,8.704838968713869,1.2839760292669227,0.30859375
"and(or(subset_eq(A, B), not(subset_eq(B, A))), subset_eq(index(cardinality(B), A), B))",2156.2096884780767,3542.3307589739566,1.0,0.0,0.0430325600526877,1.0,1.0,1.0,1.0,2849.2702237260164,8,0.73375,5.583304940374787,6.49335604770017,3.0926746166950596,8.983986371379897,12.076660988074957,7.846450028876616,7.055399061032864,4.517370892018779,2.6460093896713617,8.926760563380281,11.572769953051644,7.315225814983814,2.504214100387868,0.2682291666666667
"and(or(subset_eq(A, B), not(subset_eq(B, A))), subset_eq(index(cardinality(B), A), index(cardinality(B), union(A, B))))",1014.9409892649805,1892.8604758758447,0.9063461026734508,0.0,0.0408657653977713,0.9664414498289928,0.9664414498289928,0.9063461026734508,0.9664414498289928,1453.9007325704126,11,0.6385,5.356695379796398,6.57361002349256,2.9917776037588095,8.93852779953015,11.930305403288958,7.99587699734286,7.067773167358229,4.8962655601659755,2.9419087136929463,9.022130013831259,11.964038727524205,6.8772423186775455,2.39661397599535,0.2591145833333333
"and(or(subset_eq(A, B), not(subset_eq(B, A))), subset_eq(index(cardinality(B), difference(A, B)), index(cardinality(B), union(A, B))))",961.0597669541457,1208.4408496337128,1.0,0.0,0.0372361885784711,0.9656121688469568,1.0,1.0,0.9656121688469568,1084.7503082939293,12,0.87475,5.799942840811661,6.30237210631609,3.0928836810517293,9.009431266076021,12.10231494712775,7.846722547845801,7.199600798403194,3.626746506986028,2.1417165668662674,8.684630738522953,10.826347305389222,8.102931860829253,3.1658701213327682,0.2421875
"and(or(subset_eq(A, B), not(subset_eq(B, A))), subset_eq(index(cardinality(B), union(A, B)), A))",3655.494438099944,6223.715680345893,0.5610938403127033,0.0,0.0536573643374351,0.5667899047668106,0.5667899047668106,0.5610938403127033,0.5667899047668106,4939.6050592229185,9,0.653,6.169984686064319,5.909264931087289,3.112940275650842,8.966309341500766,12.079249617151609,8.533255337012113,5.608789625360231,6.076368876080692,2.711815561959654,8.973342939481268,11.685158501440922,9.317394256243338,0.7097638061530472,0.3333333333333333
"and(or(subset_eq(A, B), not(subset_eq(B, A))), subset_eq(intersection(A, B), index(cardinality(A), B)))",928.2028074546106,1170.053429194857,0.2399649650810901,0.0,0.1226510324918115,0.8800873933708101,0.8800873933708101,0.2399649650810901,0.8800873933708101,1049.1281183247338,9,0.04125,4.006060606060606,4.2727272727272725,0.23636363636363636,8.042424242424243,8.27878787878788,7.9485766758494005,6.059973924380704,6.040156453715776,3.0915254237288137,9.008604954367666,12.10013037809648,8.512556243615048,3.9362818320100863,0.2643229166666667
"and(or(subset_eq(A, B), not(subset_eq(B, A))), subset_eq(intersection(A, B), index(cardinality(A), union(A, B))))",1072.8363855702191,1562.4084297984373,0.2683410201165422,0.0,0.1052573637179908,0.9633306798200356,0.9633306798200356,0.2683410201165422,0.9633306798200356,1317.6224076843282,10,0.04875,4.348717948717948,4.0717948717948715,0.35384615384615387,8.066666666666666,8.42051282051282,7.87282051282051,6.058607095926413,6.064388961892247,3.1080157687253616,9.014980289093298,12.122996057818659,8.47942726994868,3.8052072704592796,0.2799479166666667
"and(or(subset_eq(A, B), not(subset_eq(B, A))), subset_eq(intersection(A, B), index(cardinality(B), A)))",1083.6472854558087,1239.6394363969594,0.212381852253386,0.0,0.1479709544240677,0.8708198667236753,0.8708198667236753,0.212381852253386,0.8708198667236753,1161.643360926384,9,0.04225,4.497041420118343,3.7218934911242605,0.25443786982248523,7.964497041420119,8.218934911242604,7.828227302965575,6.040459410075698,6.066301226833725,3.093709214304359,9.013051422605065,12.106760636909423,8.500643440926044,3.9924739812019174,0.22916666666666666
"and(or(subset_eq(A, B), subset_eq(A, difference(A, B))), not(greater_than(cardinality(A), cardinality(B))))",701.2626853619411,525.3922760650275,0.7744436222723974,0.0,0.0764337876150129,1.0,1.0,0.7744436222723974,1.0,613.3274807134843,9,0.04475,3.6759776536312847,6.949720670391062,2.558659217877095,8.067039106145252,10.625698324022347,12.516712961518063,6.0829625752420835,5.921224810259094,2.993195498560586,9.010991886940591,12.004187385501178,8.43412179458942,2.653337883949306,0.2890625
"and(or(subset_eq(A, B), subset_eq(A, difference(A, B))), not(subset_eq(union(A, B), difference(A, A))))",540.7719840036643,440.4396814956981,0.0047848156924474,0.0047848156924474,0.4441168460872509,0.7374551609582536,0.7374551609582536,0.0047848156924474,0.7374551609582536,490.6058327496812,9,0.06,4.120833333333334,5.879166666666666,1.9083333333333334,8.091666666666667,10.0,16.10385416666665,6.093617021276596,5.972872340425532,3.0417553191489364,9.024734042553192,12.066489361702128,8.22584851742873,2.277125738873417,0.3046875
"and(or(subset_eq(A, B), subset_eq(A, difference(A, B))), or(subset_eq(B, difference(A, A)), greater_than(cardinality(B), cardinality(A))))",837.6013356566673,496.3564969954678,0.0,0.0,0.1984725592774834,1.0,1.0,0.0,1.0,666.9789163260675,11,0.039,3.673076923076923,7.358974358974359,2.8974358974358974,8.134615384615385,11.032051282051283,11.810568704799476,6.068678459937565,5.910770031217481,2.97684703433923,9.002601456815817,11.979448491155047,8.473650707455347,2.800447933279085,0.3307291666666667
"and(or(subset_eq(A, B), subset_eq(A, difference(A, B))), subset_eq(index(cardinality(A), difference(B, A)), index(cardinality(A), B)))",882.2257191511144,952.9147809402166,0.0,0.0,0.5405619147751601,0.6134566587966661,0.6134566587966661,0.0,0.6134566587966661,917.5702500456655,11,0.049,4.377551020408164,5.346938775510204,1.6683673469387754,8.056122448979592,9.724489795918368,16.882653061224477,6.057570977917981,5.999211356466877,3.0410094637223977,9.015772870662461,12.056782334384858,8.34305122948785,2.2654079010781683,0.328125
"and(or(subset_eq(A, B), subset_eq(A, difference(A, B))), subset_eq(index(cardinality(A), difference(B, A)), index(cardinality(A), union(A, B))))",1168.0593175885679,1086.5130549109308,0.0,0.0,0.519405811876424,0.5554306252347474,0.5554306252347474,0.0,0.5554306252347474,1127.2861862497493,12,0.0415,4.656626506024097,5.379518072289157,1.9698795180722892,8.066265060240964,10.036144578313253,17.945637973581057,6.032342201356286,5.992696922274387,3.0172143974960877,9.007824726134585,12.025039123630673,8.435432199448563,1.8345278210237645,0.3463541666666667
"and(or(subset_eq(A, B), subset_eq(A, difference(A, B))), subset_eq(index(cardinality(A), difference(B, A)), index(cardinality(B), union(A, B))))",1007.6873340539241,1133.3127535009771,0.0,0.184425330743201,0.5048044588199924,0.0845339304647074,0.5048044588199924,0.184425330743201,0.5048044588199924,1070.5000437774506,12,0.0385,4.902597402597403,5.181818181818182,2.0454545454545454,8.03896103896104,10.084415584415584,17.736633496373745,6.018200728029121,5.9986999479979195,3.010920436817473,9.005980239209569,12.01690067602704,8.494182419402874,1.6864136464748047,0.3776041666666667
"and(or(subset_eq(A, B), subset_eq(A, difference(A, B))), subset_eq(index(cardinality(B), union(A, B)), B))",953.9572721570012,1052.3993106483615,0.6517337985798858,0.0,0.0856365585547138,0.8352165081678968,0.8352165081678968,0.6517337985798858,0.8352165081678968,1003.1782914026813,9,0.04425,3.847457627118644,6.785310734463277,2.5875706214689265,8.045197740112995,10.63276836158192,13.54042580356858,6.073764059639027,5.929374836515826,2.9916296102537276,9.011509285901125,12.003138896154852,8.441176794583441,2.419158998349331,0.28515625
"and(or(subset_eq(A, B), subset_eq(B, A)), greater_than(cardinality(intersection(A, B)), cardinality(difference(A, B))))",660.3029579883778,552.8276904868817,0.7761731670537612,0.2438393687111008,0.0,0.0,0.7761731670537612,0.7761731670537612,0.0,606.5653242376297,9,0.04075,5.233128834355829,7.343558282208589,4.466257668711656,8.110429447852761,12.576687116564417,11.369716586999884,6.006776127182695,5.908782903309877,2.9103466249674224,9.00521240552515,11.915559030492572,8.463739039022403,2.253435088401162,0.2578125
"and(or(subset_eq(A, B), subset_eq(B, A)), greater_than(cardinality(intersection(A, B)), cardinality(difference(B, A))))",619.3784045971402,728.0940954441212,0.2438393687111008,0.7761731670537612,0.0,0.0,0.7761731670537612,0.7761731670537612,0.0,673.7362500206307,9,0.04275,7.140350877192983,5.169590643274854,4.3391812865497075,7.970760233918129,12.309941520467836,12.061420608050332,5.923217550274223,6.002872812744842,2.9127709584747974,9.013319404544267,11.926090363019066,8.426921704649857,2.051930586908756,0.2578125
"and(or(subset_eq(A, B), subset_eq(B, A)), not(subset_eq(B, difference(A, A))))",550.8669712715864,461.17905377405805,0.3321038009483336,0.0670374126294164,0.0,0.4079821219497462,0.4079821219497462,0.3321038009483336,0.4079821219497462,506.0230125228222,7,0.0585,6.05982905982906,6.017094017094017,4.012820512820513,8.064102564102564,12.076923076923077,15.540506976404414,5.969994689325544,5.9641529474243224,2.9091874668082847,9.024960169941583,11.934147636749866,8.259504288165042,1.1085480915286279,0.3072916666666667
"and(or(subset_eq(A, B), subset_eq(B, difference(A, A))), not(subset_eq(A, difference(A, A))))",346.9108272984795,297.80910799502135,0.0392124876291127,0.1866595070511228,0.1499159140674096,0.0,0.1866595070511228,0.1866595070511228,0.1499159140674096,322.3599676467504,8,0.0285,4.114035087719298,8.131578947368421,4.017543859649122,8.228070175438596,12.24561403508772,7.960449369036632,6.029850746268656,5.903757076685538,2.943129181677818,8.990478641276377,11.933607822954194,8.606749912389773,3.1285630607798334,0.2864583333333333
"and(or(subset_eq(A, B), subset_eq(B, difference(A, A))), subset_eq(index(cardinality(A), B), difference(B, A)))",1138.033382037247,898.982006934064,0.0,0.0,0.3501694672367372,0.5978262310543361,0.5978262310543361,0.0,0.5978262310543361,1018.5076944856555,9,0.01525,3.7540983606557377,7.967213114754099,3.5737704918032787,8.147540983606557,11.721311475409836,9.05186777747917,6.00964711855801,5.936278243208936,2.9644579842599645,8.98146737750698,11.945925361766946,8.746509169635033,3.0957161342056816,0.2864583333333333
"and(or(subset_eq(A, difference(A, A)), equals(cardinality(A), cardinality(B))), subset_eq(index(cardinality(A), union(A, B)), union(difference(A, B), difference(B, A))))",3163.993992353906,4099.850798903499,0.3177975584514,0.0,0.1453207801604501,0.3148233874635557,0.3177975584514,0.3177975584514,0.3148233874635557,3631.9223956287024,14,0.105,5.85,5.85,2.757142857142857,8.942857142857143,11.7,5.782414965986398,5.989944134078212,5.981005586592179,2.9991620111731843,8.971787709497207,11.970949720670392,9.280352985237684,0.30873952662206516,0.3984375
"and(or(subset_eq(A, difference(A, A)), equals(cardinality(A), cardinality(B))), subset_eq(index(cardinality(B), union(A, B)), A))",2384.221120263217,3881.905255818274,0.3509948419192978,0.0,0.1625422391421428,0.2781938727401147,0.3509948419192978,0.3509948419192978,0.2781938727401147,3133.0631880407454,11,0.11725,6.08955223880597,6.08955223880597,3.3624733475479744,8.816631130063966,12.17910447761194,6.3725842308409,5.960067969413764,5.951005380911923,2.9221183800623054,8.988954970263382,11.911073350325687,9.211022395722706,0.4794516714348291,0.3671875
"and(or(subset_eq(A, difference(A, A)), greater_than(cardinality(A), cardinality(B))), subset_eq(difference(B, A), index(cardinality(A), union(A, B))))",435.36326349738556,346.7404213441805,0.0,0.619690058314196,1.0,0.1638248928051525,1.0,0.619690058314196,1.0,391.05184242078303,12,0.045,7.694444444444445,4.094444444444444,3.772222222222222,8.016666666666667,11.78888888888889,7.949074074074073,5.894240837696335,6.055497382198953,2.9361256544502616,9.013612565445026,11.949738219895288,8.49648474548395,2.7902543111810694,0.25390625
"and(or(subset_eq(A, difference(A, A)), greater_than(cardinality(A), cardinality(B))), subset_eq(index(cardinality(A), union(A, B)), intersection(A, B)))",3029.555511598781,3450.729148926446,0.0,1.0,0.8966356129933443,0.1507037240391411,1.0,1.0,0.8966356129933443,3240.1423302626135,12,0.15275,7.39443535188216,4.980360065466448,3.53518821603928,8.83960720130933,12.37479541734861,7.199809279413682,5.719386249631159,6.145175568014164,2.8725287695485395,8.992033048096784,11.864561817645322,8.493747627950635,2.1451578477936737,0.22526041666666666
"and(or(subset_eq(A, difference(A, A)), greater_than(cardinality(A), cardinality(B))), subset_eq(index(cardinality(A), union(A, B)), union(difference(A, B), difference(B, A))))",2904.9480342770403,3510.3424798445776,0.0,0.0,1.0,0.1752414226805005,1.0,0.0,1.0,3207.645257060809,14,0.298,7.059563758389261,4.60486577181208,2.7055369127516777,8.958892617449665,11.664429530201343,7.026131987297873,5.514957264957265,6.545584045584046,3.0876068376068377,8.972934472934472,12.06054131054131,7.8513577406026815,2.5096163183211004,0.3424479166666667
"and(or(subset_eq(A, difference(A, A)), greater_than(cardinality(A), cardinality(B))), subset_eq(index(cardinality(B), union(A, B)), difference(B, A)))",3555.212272456265,5517.786003684625,0.4995015221494115,0.0,0.5596340064437748,0.5596340064437748,0.5596340064437748,0.4995015221494115,0.5596340064437748,4536.499138070445,12,0.08575,6.746355685131196,4.795918367346939,2.4285714285714284,9.113702623906706,11.542274052478135,5.8735900857636025,5.902925895542794,6.077112387202625,3.024883784522833,8.955154498222587,11.98003828274542,8.955978132819357,1.6457279095705408,0.140625
"and(or(subset_eq(A, difference(A, A)), greater_than(cardinality(A), cardinality(B))), subset_eq(intersection(A, B), index(cardinality(A), union(A, B))))",1137.8801943635917,1491.2333467918215,0.0,0.0,0.8757371519812752,0.4847742479453838,0.8757371519812752,0.0,0.8757371519812752,1314.5567705777066,12,0.02375,5.463157894736842,2.9894736842105263,0.35789473684210527,8.094736842105263,8.452631578947368,6.158227146814404,5.987708066581306,6.039692701664532,3.0373879641485275,8.990012804097312,12.027400768245839,8.684889427356824,4.093735811261045,0.23697916666666666
"and(or(subset_eq(A, difference(A, A)), greater_than(cardinality(B), cardinality(A))), subset_eq(index(cardinality(A), B), difference(B, A)))",1829.1889337623143,3432.9895895076916,0.8416818631840949,0.0,0.1625422391421428,0.705548627818601,0.8416818631840949,0.8416818631840949,0.705548627818601,2631.089261635003,11,0.248,4.575604838709677,7.05241935483871,2.631048387096774,8.996975806451612,11.628024193548388,6.213480017559825,6.436835106382978,5.609375,3.0867686170212765,8.959441489361701,12.04621010638298,8.377742023044974,2.398798875958036,0.2578125
"and(or(subset_eq(A, difference(A, A)), greater_than(cardinality(B), cardinality(A))), subset_eq(index(cardinality(A), difference(B, A)), index(cardinality(B), union(A, B))))",1664.92838908072,2054.6375611026015,0.5556304411551984,0.2398746147437317,0.0115995529561515,0.0115995529561515,0.5556304411551984,0.5556304411551984,0.0115995529561515,1859.7829750916608,14,0.32525,5.1952344350499615,7.116833205226748,3.2897770945426594,9.02229054573405,12.31206764027671,5.702971934909639,6.351241200444609,5.413115968877362,2.82141533901445,8.942941830307522,11.764357169321972,9.04391935810899,2.1114845007988228,0.3255208333333333
"and(or(subset_eq(A, difference(A, A)), greater_than(cardinality(B), cardinality(A))), subset_eq(index(cardinality(A), union(A, B)), B))",3067.7951863976195,3423.7278453311883,0.9665854085788346,0.0,0.1134162981189799,0.9073602500079712,0.9665854085788346,0.9665854085788346,0.9073602500079712,3245.761515864404,11,0.33375,4.7797752808988765,7.2322097378277155,3.0292134831460675,8.982771535580524,12.011985018726591,6.599542706448383,6.574108818011257,5.33358348968105,2.945966228893058,8.96172607879925,11.907692307692308,7.804651359257173,2.6136841006323572,0.265625
"and(or(subset_eq(A, difference(A, A)), greater_than(cardinality(B), cardinality(A))), subset_eq(index(cardinality(A), union(A, B)), union(difference(A, B), difference(B, A))))",3633.9638537177816,4048.0123062059283,0.8265181009410187,0.0,0.1594376926441884,0.7491126397315191,0.8265181009410187,0.8265181009410187,0.7491126397315191,3840.988079961855,14,0.27575,4.635539437896646,7.043517679057117,2.6763372620126926,9.00271985494107,11.679057116953762,6.340798070703089,6.48532965136348,5.55747324818778,3.086986537797722,8.955816361753538,12.04280289955126,8.292876267677844,2.4080458284796435,0.2552083333333333
"and(or(subset_eq(A, difference(A, A)), greater_than(cardinality(B), cardinality(A))), subset_eq(index(cardinality(B), union(A, B)), A))",2997.015653323062,4239.88812960498,0.9658239599513516,0.0,0.1309634410898816,0.9023233034711448,0.9658239599513516,0.9658239599513516,0.9023233034711448,3618.451891464021,11,0.23175,4.943905070118662,7.17799352750809,3.197411003236246,8.924487594390508,12.121898597626753,6.641493537399542,6.286365115522291,5.602017572404816,2.90628050764725,8.982102180279856,11.888382687927107,8.586918236143266,2.090611429709186,0.24348958333333334
"and(or(subset_eq(A, difference(A, A)), greater_than(cardinality(B), cardinality(A))), subset_eq(index(cardinality(B), union(A, B)), intersection(A, B)))",2596.9644745095684,3242.7062555579473,1.0,0.0,0.1507037240391411,0.8966356129933443,1.0,1.0,0.8966356129933443,2919.8353650337576,12,0.15225,4.9507389162561575,7.35632183908046,3.4696223316912973,8.83743842364532,12.307060755336618,6.751739776370328,6.159245060454143,5.717782365084046,2.884694780300796,8.992332645237394,11.87702742553819,8.595882503697705,2.1183576064452416,0.22526041666666666
"and(or(subset_eq(A, difference(A, B)), equals(cardinality(A), cardinality(B))), greater_than(cardinality(A), cardinality(difference(B, A))))",1950.8208465450534,3806.9632063410245,0.0400306737120955,0.3869407931946094,0.287640249187395,0.0,0.3869407931946094,0.3869407931946094,0.287640249187395,2878.892026443039,11,0.1765,6.018413597733711,5.786118980169972,2.9745042492917846,8.830028328611897,11.804532577903682,7.40046465343595,5.965998785670917,6.006071645415908,2.9735883424408014,8.998482088646023,11.972070431086825,9.232552867000074,0.22611352537548135,0.4427083333333333
"and(or(subset_eq(A, difference(A, B)), equals(cardinality(A), cardinality(B))), greater_than(cardinality(B), cardinality(difference(A, B))))",2708.8604728658684,5273.319363347953,0.3869407931946094,0.0400306737120955,0.0,0.287640249187395,0.3869407931946094,0.3869407931946094,0.287640249187395,3991.0899181069108,11,0.172,5.854651162790698,6.024709302325581,3.052325581395349,8.82703488372093,11.87936046511628,7.000181686046519,6.00030193236715,5.955314009661835,2.9574275362318843,8.998188405797102,11.955615942028986,9.30310490764072,0.18717770245931184,0.4427083333333333
"and(or(subset_eq(A, difference(A, B)), equals(cardinality(A), cardinality(B))), not(or(subset_eq(A, B), subset_eq(B, A))))",5192.719309747925,6455.826274530031,0.3240563686673889,0.3240563686673889,0.0,0.0,0.3240563686673889,0.3240563686673889,0.0,5824.272792138978,11,0.1925,5.755844155844156,5.709090909090909,2.7194805194805194,8.745454545454546,11.464935064935064,8.234305953786484,6.027554179566564,6.028792569659442,3.0343653250773994,9.021981424148606,12.056346749226007,9.050270778019568,0.5245835772851587,0.359375
"and(or(subset_eq(A, difference(A, B)), equals(cardinality(A), cardinality(B))), subset_eq(index(cardinality(A), union(A, B)), A))",3500.292526543606,5377.668504564557,0.0,0.3474412376207514,0.3224905003839554,0.1226510324918115,0.3474412376207514,0.3474412376207514,0.3224905003839554,4438.980515554082,11,0.13025,5.976967370441459,5.794625719769674,3.0268714011516313,8.744721689059501,11.771593090211132,8.069621022616332,5.974992814027019,5.993101465938488,2.96579476861167,9.002299511353836,11.968094279965507,9.029900174669173,0.20767011275752403,0.3828125
"and(or(subset_eq(A, difference(A, B)), equals(cardinality(A), cardinality(B))), subset_eq(index(cardinality(A), union(A, B)), intersection(A, B)))",4523.054053905711,5130.171546063619,0.0,0.4218464936697148,0.3299616267542533,0.2567882728680404,0.4218464936697148,0.4218464936697148,0.3299616267542533,4826.612799984665,12,0.0625,6.272,6.228,3.792,8.708,12.5,6.7629760000000045,5.955466666666666,5.949866666666667,2.9192,8.986133333333333,11.905333333333333,8.97075669333337,0.9691910762188342,0.2526041666666667
"and(or(subset_eq(A, difference(A, B)), equals(cardinality(A), cardinality(B))), subset_eq(index(cardinality(A), union(A, B)), union(difference(A, B), difference(B, A))))",4323.966151178291,5387.7776458142325,0.0,0.0,0.5252066916839238,0.5252066916839238,0.5252066916839238,0.0,0.5252066916839238,4855.871898496262,14,0.131,5.530534351145038,5.440839694656488,2.2099236641221376,8.761450381679388,10.971374045801527,8.094057747217512,6.04228998849252,6.046605293440736,3.0888952819332567,9.0,12.088895281933256,8.909310895292545,1.1838230011048367,0.3697916666666667
"and(or(subset_eq(A, difference(A, B)), equals(cardinality(A), cardinality(B))), subset_eq(index(cardinality(B), A), index(cardinality(B), union(A, B))))",2216.598330966808,6641.694522314239,0.0,0.0,0.3779014219343369,0.4073240464724602,0.4073240464724602,0.0,0.4073240464724602,4429.146426640524,13,0.18075,5.804979253112033,5.889349930843707,2.904564315352697,8.789764868603044,11.69432918395574,7.7263094261079885,6.012816600549283,5.984436985047299,2.989014342386329,9.008239243210253,11.997253585596582,9.17163772360761,0.24365901980606075,0.4713541666666667
"and(or(subset_eq(A, difference(A, B)), equals(cardinality(A), cardinality(B))), subset_eq(index(cardinality(B), union(A, B)), A))",3160.2705915309484,5041.50635966612,0.0,0.0,0.4381243789597685,0.3719638300933697,0.4381243789597685,0.0,0.4381243789597685,4100.888475598535,11,0.1305,5.984674329501916,5.796934865900383,3.021072796934866,8.760536398467433,11.781609195402298,8.155018276302465,5.973835537665325,5.992811960897067,2.9666474985623923,9.0,11.966647498562391,9.019427959397195,0.203586416186714,0.4244791666666667
"and(or(subset_eq(A, difference(A, B)), greater_than(cardinality(A), cardinality(B))), not(subset_eq(B, difference(A, A))))",998.0003366447636,1674.282499320805,0.0819567951196625,0.064761303878577,0.0,0.321530991794743,0.321530991794743,0.0819567951196625,0.321530991794743,1336.1414179827843,10,0.4365,6.959335624284078,4.792668957617411,2.808705612829324,8.943298969072165,11.75200458190149,7.536328495569643,5.212954747116238,6.8771073646850045,3.101597160603372,8.988464951197871,12.090062111801242,6.738638752441731,2.735053034175659,0.3776041666666667
"and(or(subset_eq(A, difference(A, B)), greater_than(cardinality(A), cardinality(B))), subset_eq(index(cardinality(B), A), index(cardinality(A), union(A, B))))",2077.6128769747593,3144.941862130305,0.3033294748549154,0.0,0.1564328310710852,0.7512132547072288,0.7512132547072288,0.3033294748549154,0.7512132547072288,2611.277369552532,13,0.0865,6.11271676300578,5.1531791907514455,2.5838150289017343,8.68208092485549,11.265895953757225,9.25475291523273,5.962233169129721,6.044334975369458,3.0106732348111658,8.995894909688014,12.006568144499179,8.817407739948735,0.9995058141082618,0.2565104166666667
"and(or(subset_eq(A, difference(A, B)), greater_than(cardinality(A), cardinality(B))), subset_eq(index(cardinality(B), difference(A, B)), index(cardinality(B), A)))",1796.1938146444081,2545.701273951039,0.0,0.0,0.5820623282904108,0.3993003863187627,0.5820623282904108,0.0,0.5820623282904108,2170.9475442977237,13,0.353,6.854815864022663,5.075070821529745,2.9943342776203967,8.935552407932011,11.929886685552407,7.544901451741052,5.495363214837712,6.454018547140649,2.9625193199381763,8.986862442040186,11.949381761978362,8.34541690455768,1.9366518858266153,0.3541666666666667
"and(or(subset_eq(A, difference(A, B)), greater_than(cardinality(A), cardinality(B))), subset_eq(index(cardinality(B), union(A, B)), A))",3769.9535981742665,3698.434801072814,0.0,0.0,0.8960609251809418,0.2578010461509806,0.8960609251809418,0.0,0.8960609251809418,3734.19419962354,11,0.33975,7.15084621044886,4.7851361295069905,2.9955849889624724,8.940397350993377,11.93598233995585,7.237819870365205,5.370314274895873,6.575539568345324,2.962514199166982,8.983339644074213,11.945853843241197,7.6186547125319795,2.525258823262656,0.33984375
"and(or(subset_eq(A, difference(A, B)), greater_than(cardinality(A), cardinality(B))), subset_eq(index(cardinality(B), union(A, B)), difference(A, B)))",4891.300151131116,5551.924441698939,0.0,0.0,0.7476665553896472,0.3882433643594858,0.7476665553896472,0.0,0.7476665553896472,5221.612296415027,12,0.205,6.985365853658537,4.507317073170731,2.5926829268292684,8.9,11.492682926829268,7.272361689470566,5.7147798742138365,6.343710691823899,3.072012578616352,8.986477987421384,12.058490566037737,8.291938412246392,2.2839630401724658,0.3033854166666667
"and(or(subset_eq(A, difference(A, B)), greater_than(cardinality(B), cardinality(A))), greater_than(cardinality(A), cardinality(difference(B, A))))",1327.723908357215,1741.3324178388575,0.027555420506497,0.5278763420485828,0.527175041186942,0.0,0.5278763420485828,0.5278763420485828,0.527175041186942,1534.5281630980362,11,0.234,5.637820512820513,6.982905982905983,3.5405982905982905,9.080128205128204,12.620726495726496,6.818894276426316,6.078328981723238,5.656984334203655,2.800587467362924,8.934725848563968,11.735313315926893,9.023355321462402,1.5810540623830691,0.2578125
"and(or(subset_eq(A, difference(A, B)), greater_than(cardinality(B), cardinality(A))), subset_eq(index(cardinality(A), union(A, B)), union(difference(A, B), difference(B, A))))",3850.293919273652,4527.645379501395,0.0,0.0,0.5107617929162838,0.8066969580468178,0.8066969580468178,0.0,0.8066969580468178,4188.9696493875235,14,0.29675,4.662173546756529,6.761583824768324,2.4869418702611625,8.93681550126369,11.423757371524852,7.59968601154463,6.529328119445432,5.632065410593672,3.1791681478848206,8.982225382154283,12.161393530039105,7.940956927797927,2.28937879471821,0.2955729166666667
"and(or(subset_eq(A, difference(A, B)), greater_than(cardinality(B), cardinality(A))), subset_eq(index(cardinality(B), A), index(cardinality(A), union(A, B))))",711.9466680490095,946.9172206985095,0.7216053704720022,0.0,0.0719415819844513,1.0,1.0,0.7216053704720022,1.0,829.4319443737595,13,0.41975,4.793329362715903,7.097081596188207,2.9130434782608696,8.97736748064324,11.89041095890411,6.683450861480946,6.830245583800086,5.149935372684188,3.017664799655321,8.962516156828952,11.980180956484274,7.200293073692926,2.8198141301000956,0.3020833333333333
"and(or(subset_eq(A, difference(A, B)), greater_than(cardinality(B), cardinality(A))), subset_eq(intersection(A, B), index(cardinality(A), union(A, B))))",1095.222095846486,1044.2843897167331,0.0,0.0,0.7110616807202523,0.963963119829472,0.963963119829472,0.0,0.963963119829472,1069.7532427816095,12,0.03775,4.119205298013245,4.158940397350993,0.15894039735099338,8.119205298013245,8.278145695364238,8.356300162273588,6.048064432320083,6.038191738113796,3.084177708495713,9.002078461938165,12.08625617043388,8.511704477164473,3.976065453217654,0.2552083333333333
"and(or(subset_eq(B, A), equals(cardinality(A), cardinality(B))), subset_eq(index(cardinality(B), union(A, B)), difference(A, B)))",3268.3866144442,4543.5395761579275,0.0,0.4808050818650256,0.4222095280530444,0.1331879416708071,0.4808050818650256,0.4808050818650256,0.4222095280530444,3905.9630953010637,11,0.072,6.350694444444445,5.298611111111111,2.9722222222222223,8.677083333333334,11.649305555555555,8.36740451388889,5.946120689655173,6.019127155172414,2.9738685344827585,8.991379310344827,11.965247844827585,8.907523682511371,0.8263328646242377,0.30078125
"and(or(subset_eq(B, A), equals(cardinality(A), cardinality(B))), subset_eq(index(cardinality(B), union(A, B)), intersection(A, B)))",4024.9679265997256,6558.445047426969,0.2703655337582582,0.4833707906761186,0.0115995529561515,0.0115995529561515,0.4833707906761186,0.4833707906761186,0.0115995529561515,5291.706487013347,11,0.076,6.592105263157895,5.9769736842105265,3.973684210526316,8.595394736842104,12.569078947368421,7.8215676939058145,5.924512987012987,5.966450216450217,2.891504329004329,8.999458874458874,11.890963203463203,8.809444016931835,1.2715751989217872,0.23958333333333334
"and(or(subset_eq(B, A), greater_than(cardinality(A), cardinality(B))), equals(cardinality(intersection(A, B)), cardinality(difference(B, A))))",4070.9202442169553,6945.972335867584,0.0,0.8207145467010369,0.4608792909880117,0.4608792909880117,0.8207145467010369,0.8207145467010369,0.4608792909880117,5508.4462900422695,11,0.07625,6.786885245901639,4.524590163934426,2.262295081967213,9.049180327868852,11.311475409836065,4.492985756517065,5.908254397834912,6.086332882273342,3.0324763193504736,8.96211096075778,11.994587280108254,8.985402722107418,1.9504388285399503,0.17708333333333334
"and(or(subset_eq(B, A), greater_than(cardinality(A), cardinality(B))), subset_eq(difference(B, A), index(cardinality(A), union(A, B))))",342.359941385399,322.23849165409956,0.0,0.9667764837428844,1.0,0.108404117721588,1.0,0.9667764837428844,1.0,332.2992165197493,11,0.04525,7.685082872928176,4.104972375690608,3.7845303867403315,8.005524861878452,11.790055248618785,8.039864473001439,5.894213144802304,6.055511914113643,2.9353233830845773,9.014401675831369,11.949725058915947,8.489031668053876,2.7808220743383,0.23046875
"and(or(subset_eq(B, A), greater_than(cardinality(A), cardinality(B))), subset_eq(index(cardinality(A), union(A, B)), A))",2365.629245641292,2814.552900351817,0.0,1.0,1.0,0.0914944399762991,1.0,1.0,1.0,2590.0910729965544,10,0.34,7.1875,4.775,2.9970588235294118,8.965441176470588,11.9625,7.107336721453301,5.350757575757576,6.581439393939394,2.9617424242424244,8.970454545454546,11.93219696969697,7.597912362258989,2.5764497404464652,0.2565104166666667
"and(or(subset_eq(B, A), greater_than(cardinality(A), cardinality(B))), subset_eq(index(cardinality(A), union(A, B)), union(difference(A, B), difference(B, A))))",2683.71709095416,3738.9693347858265,0.0,1.0,1.0,0.0856365585547138,1.0,1.0,1.0,3211.3432128699933,13,0.29825,7.058675607711652,4.606035205364627,2.708298407376362,8.956412405699917,11.664710813076278,7.055563713728235,5.514784467402921,6.545778411115069,3.086569291058069,8.97399358745992,12.06056287851799,7.841620946361722,2.5078461712832656,0.26953125
"and(or(subset_eq(B, A), greater_than(cardinality(A), cardinality(B))), subset_eq(intersection(A, B), index(cardinality(A), union(A, B))))",1063.7409223807626,1230.4804943312483,0.0,0.6570826808081106,0.844137338751201,0.3497282237539753,0.844137338751201,0.6570826808081106,0.844137338751201,1147.1107083560055,11,0.02375,5.463157894736842,2.9894736842105263,0.35789473684210527,8.094736842105263,8.452631578947368,6.158227146814404,5.987708066581306,6.039692701664532,3.0373879641485275,8.990012804097312,12.027400768245839,8.684889427356824,4.093735811261045,0.16666666666666666
"and(or(subset_eq(B, A), greater_than(cardinality(A), cardinality(B))), subset_eq(intersection(A, B), index(cardinality(B), union(A, B))))",1275.8865866511733,1353.104201007649,0.0,0.7296149066990799,0.947331369082107,0.2499308730053999,0.947331369082107,0.7296149066990799,0.947331369082107,1314.4953938294111,11,0.0215,5.5,2.9069767441860463,0.29069767441860467,8.116279069767442,8.406976744186046,5.850459707950241,5.98569238630557,6.034491568727645,3.0327031170158407,8.987480838017374,12.020183955033215,8.697633640386384,4.187581631332758,0.20703125
"and(or(subset_eq(B, A), greater_than(cardinality(B), cardinality(A))), greater_than(cardinality(B), cardinality(difference(A, B))))",889.2755344526813,1142.1567315583088,0.7711080535393678,0.0625910861426132,0.0,0.7140990576691815,0.7711080535393678,0.7711080535393678,0.7140990576691815,1015.7161330054951,10,0.4255,4.8954171562867215,7.101057579318449,3.035840188014101,8.96063454759107,11.99647473560517,7.128305539484211,6.775021758050479,5.127502175805048,2.927763272410792,8.974760661444735,11.902523933855527,7.081484940550693,2.7275474348569566,0.3229166666666667
"and(or(subset_eq(B, A), greater_than(cardinality(B), cardinality(A))), greater_than(cardinality(difference(A, B)), cardinality(intersection(A, B))))",2029.1244394313564,2737.6083744195057,0.027555420506497,0.2851952489103829,0.527175041186942,0.0,0.527175041186942,0.2851952489103829,0.527175041186942,2383.366406925431,11,0.10625,4.778823529411765,5.7035294117647055,1.5082352941176471,8.974117647058824,10.48235294117647,7.857904498269901,6.117482517482517,5.998601398601399,3.147972027972028,8.968111888111888,12.116083916083916,8.559720357963677,2.137244001070022,0.2578125
"and(or(subset_eq(B, A), greater_than(cardinality(B), cardinality(A))), not(subset_eq(A, difference(A, B))))",1461.341666944907,1830.3142798697806,0.4205964067492933,0.4205964067492933,0.0,0.0,0.4205964067492933,0.4205964067492933,0.0,1645.827973407344,9,0.4325,5.079190751445087,6.976878612716763,3.1086705202312137,8.947398843930635,12.05606936416185,7.856203013799294,6.658149779735683,5.197797356828194,2.8709251101321587,8.985022026431718,11.855947136563877,7.252141900677313,2.390557384397538,0.3515625
"and(or(subset_eq(B, A), greater_than(cardinality(B), cardinality(A))), or(subset_eq(A, difference(A, B)), equals(cardinality(A), cardinality(B))))",778.6321233387762,821.1573675316249,0.0,0.0,0.4210931211936346,0.6974588267206596,0.6974588267206596,0.0,0.6974588267206596,799.8947454352005,12,0.01125,2.8222222222222224,5.177777777777778,0.13333333333333333,7.866666666666666,8.0,9.06567901234568,6.011125158027813,5.976232616940582,3.0060682680151705,8.981289506953225,11.987357774968395,8.76279343627186,4.365688727922946,0.2864583333333333
"and(or(subset_eq(B, A), greater_than(cardinality(B), cardinality(A))), subset_eq(index(cardinality(A), difference(B, A)), index(cardinality(A), B)))",1699.6060128335553,3099.1798192253336,0.0,0.0,0.347440353948957,0.2713841635588331,0.347440353948957,0.0,0.347440353948957,2399.3929160294447,12,0.359,5.3565459610027855,6.814763231197771,3.2653203342618387,8.905988857938718,12.171309192200557,8.085487775544928,6.321762870514821,5.492589703588144,2.810452418096724,9.00390015600624,11.814352574102964,8.316870030495554,1.6990265862181333,0.4088541666666667
"and(or(subset_eq(B, A), greater_than(cardinality(B), cardinality(A))), subset_eq(index(cardinality(A), difference(B, A)), index(cardinality(A), union(A, B))))",1449.1357377612428,2997.2078993280884,0.0,0.0,0.3912948828538869,0.2468954929328515,0.3912948828538869,0.0,0.3912948828538869,2223.1718185446657,13,0.3455,5.4464544138929085,6.849493487698987,3.370477568740955,8.92547033285094,12.295947901591896,7.740631564397354,6.254392666157372,5.501527883880825,2.7643239113827347,8.991596638655462,11.755920550038198,8.534316692160576,1.684398333197277,0.3854166666666667
"and(or(subset_eq(B, A), greater_than(cardinality(B), cardinality(A))), subset_eq(index(cardinality(B), A), difference(A, B)))",846.6359878699477,1266.26334095317,0.0,0.0,0.1929711689660285,0.63177648490373,0.63177648490373,0.0,0.63177648490373,1056.4496644115588,10,0.42975,4.9220477021524145,7.002326934264107,2.9773123909249564,8.947062245491566,11.924374636416522,7.497365955083632,6.768960982025427,5.187198597106533,2.9710653222270933,8.985094256904866,11.95615957913196,7.110854761356043,2.5895595319650457,0.3919270833333333
"and(or(subset_eq(B, A), greater_than(cardinality(B), cardinality(A))), subset_eq(index(cardinality(B), union(A, B)), intersection(A, B)))",2723.8571511763084,4719.678381536156,0.518893352460358,0.0,0.0823922616937382,0.5593605031234525,0.5593605031234525,0.518893352460358,0.5593605031234525,3721.767766356232,11,0.16625,5.215037593984962,7.136842105263158,3.5774436090225565,8.774436090225564,12.351879699248121,8.445099214200933,6.126836581709146,5.7340329835082455,2.8533733133433286,9.007496251874063,11.860869565217392,8.397965874633847,1.8230547493640006,0.296875
"and(or(subset_eq(B, A), greater_than(cardinality(B), cardinality(A))), subset_eq(intersection(A, B), index(cardinality(A), B)))",1279.714101654121,1798.6492835801328,0.0,0.0,0.3634957072559472,0.861929131050656,0.861929131050656,0.0,0.861929131050656,1539.1816926171268,10,0.02075,3.1566265060240966,5.397590361445783,0.46987951807228917,8.08433734939759,8.55421686746988,6.560313543329948,6.034975746744958,5.979320908858821,3.0268062292570845,8.987490426346694,12.01429665560378,8.735123482937361,3.893735865171407,0.28515625
"and(or(subset_eq(B, A), greater_than(cardinality(B), cardinality(A))), subset_eq(intersection(A, B), index(cardinality(B), A)))",491.66872629039267,771.1863218503349,0.0,0.0,0.584761363895814,0.6854048830178505,0.6854048830178505,0.0,0.6854048830178505,631.4275240703638,10,0.011,2.75,5.159090909090909,0.0,7.909090909090909,7.909090909090909,7.631198347107437,6.011122345803842,5.97623862487361,3.006825075834176,8.980535894843277,11.987360970677452,8.769601358114077,4.5103931514198665,0.2708333333333333
"and(or(subset_eq(B, A), greater_than(cardinality(B), cardinality(A))), subset_eq(intersection(A, B), index(cardinality(B), union(A, B))))",1280.234138397178,1806.4282068340253,0.0,0.0,0.5437085615751243,0.6345794760233026,0.6345794760233026,0.0,0.6345794760233026,1543.3311726156016,11,0.01875,2.9466666666666668,5.2,0.41333333333333333,7.733333333333333,8.146666666666667,6.721422222222226,6.033121019108281,5.981910828025478,3.0226751592356687,8.99235668789809,12.015031847133757,8.738548289991549,4.116582293249172,0.2864583333333333
"and(or(subset_eq(B, A), not(subset_eq(A, B))), not(subset_eq(A, difference(A, A))))",206.8065186333606,189.54089906464287,0.1594376926441884,1.0,1.0,0.0,1.0,1.0,1.0,198.17370884900174,8,0.972,6.031121399176954,5.902263374485597,2.943158436213992,8.99022633744856,11.933384773662551,8.633354158198987,4.035714285714286,8.223214285714286,4.035714285714286,8.223214285714286,12.258928571428571,6.431600765306123,3.24994476338722,0.21354166666666666
"and(or(subset_eq(B, A), not(subset_eq(A, B))), subset_eq(difference(A, B), index(cardinality(A), union(A, B))))",1435.151541343712,1664.4268379984424,0.3348541183628554,0.2273911853182135,0.0163551397931231,0.0163551397931231,0.3348541183628554,0.3348541183628554,0.0163551397931231,1549.789189671077,10,0.0175,4.571428571428571,6.871428571428571,3.585714285714286,7.857142857142857,11.442857142857143,5.183265306122449,6.0002544529262085,5.9511450381679385,2.962849872773537,8.988549618320612,11.951399491094147,8.88295774009546,1.8100898480838452,0.24739583333333334
"and(or(subset_eq(B, A), not(subset_eq(A, B))), subset_eq(index(cardinality(A), difference(B, A)), A))",626.8282670487374,908.3466063722735,0.0,1.0,1.0,0.0396195143106893,1.0,1.0,1.0,767.5874367105055,9,0.8755,6.311250713877784,5.7741290691033695,3.087378640776699,8.998001142204455,12.085379782981153,7.932637823666678,3.612449799196787,7.325301204819277,2.174698795180723,8.763052208835342,10.937751004016064,6.984169610167571,3.243862801084769,0.2578125
"and(or(subset_eq(B, A), not(subset_eq(A, B))), subset_eq(index(cardinality(A), union(A, B)), union(difference(A, B), difference(B, A))))",3922.386947153107,6124.419703682885,0.0,0.6063984596444105,0.9195870221404088,0.0412898892990669,0.9195870221404088,0.6063984596444105,0.9195870221404088,5023.403325417996,12,0.664,5.938629518072289,5.736069277108434,2.6818524096385543,8.992846385542169,11.674698795180722,8.805760598871426,6.0476190476190474,6.424107142857143,3.550595238095238,8.921130952380953,12.47172619047619,8.238604556405928,1.1135478993962418,0.26953125
"and(or(subset_eq(B, A), not(subset_eq(A, B))), subset_eq(index(cardinality(B), A), B))",2402.1050674761063,4166.925943881273,0.2434911262238964,0.3135402807080971,0.0039618492054305,0.0039618492054305,0.3135402807080971,0.3135402807080971,0.0039618492054305,3284.51550567869,8,0.7195,5.692147324530924,6.3922863099374565,3.087213342599027,8.997220291869354,12.08443363446838,7.855122684321087,6.7014260249554365,4.877005347593583,2.6827094474153297,8.89572192513369,11.57843137254902,9.203292757712413,1.8650317131864413,0.4466145833333333
"and(or(subset_eq(B, A), not(subset_eq(A, B))), subset_eq(index(cardinality(B), A), difference(A, B)))",2804.6299110976397,4100.102182195988,0.0,0.5166989320414836,0.4351200394304598,0.0453227156853414,0.5166989320414836,0.5166989320414836,0.4351200394304598,3452.3660466468136,9,0.80425,5.767485234690706,6.045383898041654,2.827789866335095,8.985079266397264,11.81286913273236,8.54829483058866,6.8288633461047255,5.646232439335888,3.573435504469987,8.901660280970626,12.475095785440613,8.86426603641562,1.3571414075347206,0.3580729166666667
"and(or(subset_eq(B, A), not(subset_eq(A, B))), subset_eq(index(cardinality(B), difference(A, B)), B))",707.3730264856954,865.9087612043586,0.261518193025659,0.392533590762449,0.0032882314319905,0.0032882314319905,0.392533590762449,0.392533590762449,0.0032882314319905,786.640893845027,9,0.855,5.883625730994152,6.249122807017544,3.1178362573099414,9.014912280701754,12.132748538011695,7.661169932628831,6.51551724137931,4.305172413793104,2.1241379310344826,8.696551724137931,10.820689655172414,12.385868014268725,2.2728102375378687,0.4010416666666667
"and(or(subset_eq(B, A), not(subset_eq(A, B))), subset_eq(intersection(A, B), index(cardinality(A), union(A, B))))",1144.7632081409101,1300.8557086096698,0.0,0.2373140502528152,0.685640367824266,0.1246459502612861,0.685640367824266,0.2373140502528152,0.685640367824266,1222.80945837529,10,0.049,4.38265306122449,4.051020408163265,0.3520408163265306,8.081632653061224,8.433673469387756,8.196220324864637,6.0573080967402735,6.065983175604627,3.108832807570978,9.014458464773922,12.1232912723449,8.458744655302329,3.803215287772025,0.2578125
"and(or(subset_eq(B, A), not(subset_eq(A, B))), subset_eq(intersection(A, B), index(cardinality(B), union(A, B))))",1198.485635492439,1331.796001411305,0.0,0.2683410201165422,0.9633306798200356,0.1052573637179908,0.9633306798200356,0.2683410201165422,0.9633306798200356,1265.140818451872,10,0.0485,4.237113402061856,4.015463917525773,0.34536082474226804,7.907216494845361,8.25257731958763,8.246413008821353,6.063846558066211,6.066736731476616,3.1077246452968996,9.022858644245927,12.130583289542827,8.457730540792396,3.895552343071342,0.2799479166666667
"and(or(subset_eq(B, A), subset_eq(A, difference(A, A))), subset_eq(index(cardinality(B), A), B))",875.757815975754,920.1025110568734,0.2736165938672718,0.0,0.1959185404817346,0.2505022406381665,0.2736165938672718,0.2736165938672718,0.2505022406381665,897.9301635163138,8,0.014,8.089285714285714,4.75,4.75,8.089285714285714,12.839285714285714,7.850127551020408,5.9452332657200815,5.984533468559838,2.948529411764706,8.981237322515213,11.92976673427992,8.748734180144655,3.06044605694521,0.25
"and(or(subset_eq(B, A), subset_eq(A, difference(A, A))), subset_eq(index(cardinality(B), difference(A, B)), index(cardinality(B), A)))",859.611163081383,827.988375055902,0.0,0.0,0.530529408075531,0.2693949790900721,0.530529408075531,0.0,0.530529408075531,843.7997690686425,11,0.02,7.7625,4.425,4.425,7.7625,12.1875,9.174062499999998,5.938775510204081,5.998724489795919,2.9441326530612244,8.993367346938776,11.9375,8.652499349229473,2.8276399848096463,0.2942708333333333
"and(or(subset_eq(B, A), subset_eq(A, difference(A, B))), equals(cardinality(B), cardinality(difference(A, B))))",,1754.6748617661651,0.1793539068282575,0.3948380390711183,0.0184005040990697,0.0184005040990697,0.3948380390711183,0.3948380390711183,0.0184005040990697,1754.6748617661651,9,0.0095,5.2631578947368425,3.8157894736842106,1.4473684210526316,7.631578947368421,9.078947368421053,11.862880886426595,5.982079757698132,5.9878849066128215,2.988389702170621,8.981574962140334,11.969964664310954,8.842494230270797,2.758549220813649,0.2734375
"and(or(subset_eq(B, A), subset_eq(A, difference(A, B))), greater_than(cardinality(A), cardinality(difference(B, A))))",755.587105376444,458.85290578196145,0.0462764533622609,1.0,1.0,0.0,1.0,1.0,1.0,607.2200055792027,9,0.04575,7.087431693989071,3.5737704918032787,2.66120218579235,8.0,10.66120218579235,13.06202036489594,5.921928215876343,6.082001571915116,2.98873460833115,9.01519517946031,12.00392978779146,8.350640712244676,2.7851210021372492,0.2604166666666667
"and(or(subset_eq(B, A), subset_eq(A, difference(A, B))), not(equals(cardinality(A), cardinality(B))))",815.7405676836679,648.513890942013,0.0032882314319905,0.0032882314319905,0.5341391738018316,0.1619999568515731,0.5341391738018316,0.0032882314319905,0.5341391738018316,732.1272293128404,9,0.05625,6.226666666666667,3.888888888888889,2.137777777777778,7.977777777777778,10.115555555555556,16.061787654320995,5.960264900662252,6.09112582781457,3.0235761589403976,9.027814569536424,12.051390728476822,8.216854208148783,2.3886096810005064,0.3697916666666667
"and(or(subset_eq(B, A), subset_eq(A, difference(A, B))), or(subset_eq(A, difference(A, A)), greater_than(cardinality(A), cardinality(B))))",674.425655752832,738.5998543873247,0.0,0.0,1.0,0.1984725592774834,1.0,0.0,1.0,706.5127550700784,11,0.0455,7.093406593406593,3.5604395604395602,2.642857142857143,8.010989010989011,10.653846153846153,12.937266030672616,5.921948664222106,6.081980094290205,2.9895233106338397,9.01440544787847,12.003928758512311,8.357966770399843,2.8019025278517415,0.3307291666666667
"and(or(subset_eq(B, A), subset_eq(A, difference(A, B))), or(subset_eq(B, difference(A, A)), greater_than(cardinality(A), cardinality(B))))",726.4267956789158,711.8133506683189,0.0,1.0,1.0,0.1207079896636584,1.0,1.0,1.0,719.1200731736174,11,0.0455,7.093406593406593,3.5604395604395602,2.642857142857143,8.010989010989011,10.653846153846153,12.937266030672616,5.921948664222106,6.081980094290205,2.9895233106338397,9.01440544787847,12.003928758512311,8.357966770399843,2.8019025278517415,0.2604166666666667
"and(or(subset_eq(B, A), subset_eq(A, difference(A, B))), subset_eq(index(cardinality(A), union(A, B)), A))",1062.9706642564324,911.2593235310669,0.0,0.6517337985798858,0.8352165081678968,0.0856365585547138,0.8352165081678968,0.6517337985798858,0.8352165081678968,987.1149938937497,9,0.046,6.869565217391305,3.75,2.6467391304347827,7.9728260869565215,10.619565217391305,14.118501890359155,5.9321278825995805,6.07416142557652,2.989517819706499,9.016771488469601,12.0062893081761,8.358647551520955,2.5294292476007563,0.28515625
"and(or(subset_eq(B, A), subset_eq(A, difference(A, B))), subset_eq(index(cardinality(A), union(A, B)), B))",1081.744329731965,1003.303830894969,0.0,0.0,0.8258291604359329,0.3829660647014019,0.8258291604359329,0.0,0.8258291604359329,1042.524080313467,9,0.047,6.4361702127659575,4.085106382978723,2.5904255319148937,7.930851063829787,10.52127659574468,16.197261204164796,5.952518363064009,6.0600734522560336,2.9926547743966423,9.0199370409234,12.012591815320041,8.345438522410518,2.0727282503882094,0.3294270833333333
"and(or(subset_eq(B, A), subset_eq(A, difference(A, B))), subset_eq(index(cardinality(B), difference(A, B)), index(cardinality(B), A)))",889.2388253076333,985.6471558085686,0.0,0.0,0.6134566587966661,0.5405619147751601,0.6134566587966661,0.0,0.6134566587966661,937.442990558101,11,0.0515,5.538834951456311,4.067961165048544,1.7184466019417475,7.888349514563107,9.606796116504855,16.78296729192196,5.998945703742752,6.070374275171323,3.0419082762256195,9.027411702688456,12.069319978914075,8.274751855508509,2.443953962590017,0.328125
"and(or(subset_eq(B, A), subset_eq(A, difference(A, B))), subset_eq(index(cardinality(B), difference(A, B)), index(cardinality(B), union(A, B))))",1081.061752851957,1308.1038424149738,0.0,0.0,0.5554306252347474,0.519405811876424,0.5554306252347474,0.0,0.5554306252347474,1194.5827976334654,12,0.03925,5.662420382165605,4.420382165605096,2.254777070063694,7.828025477707007,10.0828025477707,18.44439936711428,5.988030184751496,6.030444964871195,3.0031225604996097,9.015352589123081,12.01847514962269,8.418244214484396,1.8050886222499933,0.3463541666666667
"and(or(subset_eq(B, A), subset_eq(A, difference(A, B))), subset_eq(index(cardinality(B), union(A, B)), difference(A, B)))",1672.2640617087018,1709.212568001938,0.0,0.0,0.6423604120139099,0.4787048418487117,0.6423604120139099,0.0,0.6423604120139099,1690.73831485532,10,0.0325,6.361538461538461,3.3615384615384616,1.7461538461538462,7.976923076923077,9.723076923076922,13.36224852071007,5.962273901808786,6.054780361757106,3.014987080103359,9.002067183462533,12.01705426356589,8.528742263085167,3.0038145577455753,0.33203125
"and(or(subset_eq(B, difference(A, A)), equals(cardinality(A), cardinality(B))), greater_than(cardinality(A), cardinality(difference(B, A))))",1880.7323059399241,4082.444374827901,0.0338991798982575,0.3932097682341885,0.1921442571467932,0.0,0.3932097682341885,0.3932097682341885,0.1921442571467932,2981.5883403839125,11,0.1615,6.08204334365325,6.065015479876161,3.2507739938080493,8.896284829721361,12.147058823529411,6.126537204420629,5.954680977936792,5.9484197972570065,2.920393559928444,8.982707215265355,11.9031007751938,9.42610750733657,0.3727827202229147,0.40625
"and(or(subset_eq(B, difference(A, A)), greater_than(cardinality(A), cardinality(B))), subset_eq(index(cardinality(A), union(A, B)), union(difference(A, B), difference(B, A))))",2443.862910372176,4086.310906248167,0.0,1.0,1.0,0.1052573637179908,1.0,1.0,1.0,3265.0869083101716,14,0.298,7.059563758389261,4.60486577181208,2.7055369127516777,8.958892617449665,11.664429530201343,7.026131987297873,5.514957264957265,6.545584045584046,3.0876068376068377,8.972934472934472,12.06054131054131,7.8513577406026815,2.5096163183211004,0.2721354166666667
"and(or(subset_eq(B, difference(A, A)), greater_than(cardinality(A), cardinality(B))), subset_eq(index(cardinality(B), difference(A, B)), B))",860.0095363132441,1321.9547469946847,0.2581357430293908,0.5706007094293155,0.0139585444680078,0.0139585444680078,0.5706007094293155,0.5706007094293155,0.0139585444680078,1090.9821416539644,11,0.30325,7.118713932399011,5.33800494641385,3.3998351195383347,9.056883759274527,12.456718878812861,5.617193239765182,5.477574452816649,6.2411194833153925,2.788302834589164,8.930391101542877,11.718693936132041,9.223196683458688,1.970514246013438,0.2734375
"and(or(subset_eq(B, difference(A, A)), greater_than(cardinality(A), cardinality(B))), subset_eq(index(cardinality(B), union(A, B)), A))",2846.214814541978,3248.4335363246505,0.0,0.9665854085788346,0.9073602500079712,0.1134162981189799,0.9665854085788346,0.9665854085788346,0.9073602500079712,3047.324175433314,11,0.3345,7.210762331838565,4.787742899850524,3.0426008968609866,8.955904334828102,11.998505231689089,6.96877967472587,5.354244928625094,6.5601051840721265,2.939143501126972,8.975206611570249,11.91435011269722,7.69322619994449,2.5687795482870412,0.265625
"and(or(subset_eq(B, difference(A, A)), greater_than(cardinality(A), cardinality(B))), subset_eq(index(cardinality(B), union(A, B)), intersection(A, B)))",3953.2676993566565,4976.28906275332,0.2788199251616502,0.6053438224353886,0.0242494672483092,0.0242494672483092,0.6053438224353886,0.6053438224353886,0.0242494672483092,4464.778381054988,12,0.13475,7.402597402597403,5.207792207792208,3.608534322820037,9.001855287569573,12.61038961038961,6.280110559993936,5.752961571800058,6.085524414908986,2.874891649812193,8.96359433689685,11.838485986709044,8.796369601889909,2.0074719856871304,0.16536458333333334
"and(or(subset_eq(B, difference(A, A)), greater_than(cardinality(A), cardinality(B))), subset_eq(index(cardinality(B), union(A, B)), union(difference(A, B), difference(B, A))))",4140.54705364845,4092.525619653985,0.0,0.8265181009410187,0.7491126397315191,0.1594376926441884,0.8265181009410187,0.8265181009410187,0.7491126397315191,4116.536336651217,14,0.2855,6.980735551663748,4.591943957968477,2.5910683012259192,8.981611208406305,11.572679509632223,6.66133093690674,5.573477956613016,6.516794961511547,3.12666200139958,8.963610916724983,12.090272918124562,8.112939701014662,2.4438260855335936,0.2552083333333333
"and(or(subset_eq(B, difference(A, A)), greater_than(cardinality(B), cardinality(A))), subset_eq(difference(A, B), index(cardinality(B), union(A, B))))",408.50336514549235,357.28106468711485,0.619690058314196,0.0,0.1638248928051525,1.0,1.0,0.619690058314196,1.0,382.8922149163036,12,0.042,4.196428571428571,7.910714285714286,3.863095238095238,8.244047619047619,12.107142857142858,6.99879535147393,6.053235908141962,5.882045929018789,2.934759916492693,9.000521920668058,11.935281837160751,8.568176568268283,2.9025911280208216,0.25390625
"and(or(subset_eq(B, difference(A, A)), greater_than(cardinality(B), cardinality(A))), subset_eq(index(cardinality(A), union(A, B)), A))",4421.203321354464,5190.348705392331,0.0,0.3035551478640264,0.2148078528145761,0.2148078528145761,0.3035551478640264,0.3035551478640264,0.2148078528145761,4805.776013373397,11,0.21625,5.06242774566474,7.163005780346821,3.220809248554913,9.004624277456648,12.22543352601156,6.170194794346594,6.2271132376395535,5.637320574162679,2.9055821371610846,8.958851674641148,11.864433811802233,8.867315105219832,1.9451415823387916,0.2825520833333333
"and(or(subset_eq(B, difference(A, A)), greater_than(cardinality(B), cardinality(A))), subset_eq(index(cardinality(A), union(A, B)), B))",3010.5595715624513,3319.295341027435,0.0,0.0,0.1875885223926821,0.9134382755074236,0.9134382755074236,0.0,0.9134382755074236,3164.927456294943,11,0.334,4.7844311377245505,7.2267964071856285,3.0269461077844313,8.984281437125748,12.011227544910179,6.681710306931015,6.5724474474474475,5.335585585585585,2.9470720720720722,8.96096096096096,11.908033033033034,7.780214054144169,2.603854941649626,0.3359375
"and(or(subset_eq(B, difference(A, A)), greater_than(cardinality(B), cardinality(A))), subset_eq(index(cardinality(A), union(A, B)), difference(B, A)))",4620.727337982506,5065.105265314691,0.0,0.0,0.2922473517931327,0.74293642932417,0.74293642932417,0.0,0.74293642932417,4842.916301648598,12,0.197,4.535532994923858,7.124365482233503,2.6713197969543145,8.988578680203046,11.65989847715736,6.734140276739923,6.328455790784558,5.683374844333748,3.047945205479452,8.963885429638854,12.011830635118306,8.383180329368795,2.330852391031748,0.2994791666666667
"and(or(subset_eq(B, difference(A, A)), greater_than(cardinality(B), cardinality(A))), subset_eq(intersection(A, B), index(cardinality(B), union(A, B))))",1271.462304919136,1413.963325741206,0.0,0.0,0.4847742479453838,0.8757371519812752,0.8757371519812752,0.0,0.8757371519812752,1342.712815330171,12,0.01875,2.9466666666666668,5.2,0.41333333333333333,7.733333333333333,8.146666666666667,6.721422222222226,6.033121019108281,5.981910828025478,3.0226751592356687,8.99235668789809,12.015031847133757,8.738548289991549,4.116582293249172,0.23697916666666666
"and(subset_eq(A, B), greater_than(cardinality(A), cardinality(difference(B, A))))",342.1922272914694,381.0564648067957,0.5239107098446271,0.3735178450634944,0.0,0.0,0.5239107098446271,0.5239107098446271,0.0,361.62434604913255,6,0.0125,5.22,8.06,5.22,8.06,13.28,4.082399999999999,5.984810126582278,5.940759493670886,2.9453164556962026,8.980253164556961,11.925569620253164,8.790988623618071,3.2016089830139105,0.1484375
"and(subset_eq(A, B), greater_than(cardinality(difference(B, A)), cardinality(A)))",315.4853091530722,454.81954019091063,1.0,0.0226200626800823,0.0,1.0,1.0,1.0,1.0,385.1524246719914,6,0.0125,2.86,8.32,2.86,8.32,11.18,3.4264,6.014683544303797,5.93746835443038,2.9751898734177216,8.976962025316455,11.952151898734177,8.791314084281312,3.9549657411638655,0.1484375
"and(subset_eq(A, B), not(subset_eq(B, A)))",257.2139649488736,255.24072166657788,1.0,0.033543868213163,0.0,1.0,1.0,1.0,1.0,256.22734330772573,4,0.028,4.035714285714286,8.223214285714286,4.035714285714286,8.223214285714286,12.258928571428571,6.431600765306123,6.031121399176954,5.902263374485597,2.943158436213992,8.99022633744856,11.933384773662551,8.633354158198987,3.24994476338722,0.2109375
"and(subset_eq(A, B), or(not(subset_eq(B, A)), subset_eq(A, difference(A, A))))",219.5049475450396,202.0751602704386,1.0,0.0,0.1594376926441884,1.0,1.0,1.0,1.0,210.7900539077391,7,0.028,4.035714285714286,8.223214285714286,4.035714285714286,8.223214285714286,12.258928571428571,6.431600765306123,6.031121399176954,5.902263374485597,2.943158436213992,8.99022633744856,11.933384773662551,8.633354158198987,3.24994476338722,0.21354166666666666
"and(subset_eq(A, B), subset_eq(index(cardinality(A), difference(B, A)), A))",305.4698425258666,414.6105752717958,0.5736840131876305,0.2051582791010424,0.0129824627195153,0.0129824627195153,0.5736840131876305,0.5736840131876305,0.0129824627195153,360.0402088988312,6,0.01575,5.0,8.11111111111111,5.0,8.11111111111111,13.11111111111111,4.641975308641975,5.990855981711963,5.932943865887732,2.9413258826517654,8.98247396494793,11.923799847599696,8.76385623738994,3.1566354312935654,0.19791666666666666
"and(subset_eq(A, difference(A, B)), subset_eq(index(cardinality(A), B), index(cardinality(B), union(A, B))))",616.2791920605086,518.3288098200428,0.0,0.3564193884741644,1.0,0.1875308612342813,1.0,0.3564193884741644,1.0,567.3040009402757,9,0.02275,4.835164835164835,3.1538461538461537,0.0,7.989010989010989,7.989010989010989,7.003985025963049,6.001790739319519,6.03274494755692,3.0429777436684575,8.991557943207981,12.034535686876438,8.65117951692101,4.348423600931218,0.20833333333333334
"and(subset_eq(A, difference(A, B)), subset_eq(index(cardinality(B), A), index(cardinality(A), union(A, B))))",536.6992978762537,550.8546139006576,0.3564193884741644,0.0,0.1875308612342813,1.0,1.0,0.3564193884741644,1.0,543.7769558884556,9,0.01775,3.1971830985915495,4.690140845070423,0.0,7.887323943661972,7.887323943661972,6.472128545923431,6.0254517688979385,5.9903283278187835,3.0274879104097736,8.988292186306948,12.015780096716721,8.727170058044159,4.342266022413819,0.20833333333333334
"and(subset_eq(A, difference(A, B)), subset_eq(index(cardinality(B), A), index(cardinality(B), union(A, B))))",513.5365508135292,488.0820033112868,0.0,0.0,0.8470283858584791,0.9588284394000955,0.9588284394000955,0.0,0.9588284394000955,500.809277062408,9,0.0195,3.576923076923077,4.358974358974359,0.0,7.935897435897436,7.935897435897436,9.123931623931627,6.022947475777665,5.999235084140745,3.032891381947986,8.989291177970424,12.02218255991841,8.671207750523179,4.227519454835148,0.22916666666666666
"and(subset_eq(B, A), greater_than(cardinality(difference(A, B)), cardinality(B)))",363.3907521360561,380.07763748338766,0.0226200626800823,1.0,1.0,0.0,1.0,1.0,1.0,371.7341948097219,6,0.01425,8.175438596491228,2.736842105263158,2.736842105263158,8.175438596491228,10.912280701754385,5.461988304093566,5.943444078113112,6.013948769972102,2.9771747400456503,8.980218108039564,11.957392848085215,8.74222275593582,3.9722773565413623,0.1484375
"and(subset_eq(B, A), not(subset_eq(A, B)))",213.17289050929594,152.53907716453568,0.033543868213163,1.0,1.0,0.0,1.0,1.0,1.0,182.8559838369158,4,0.0305,7.959016393442623,3.942622950819672,3.942622950819672,7.959016393442623,11.901639344262295,8.502956194571354,5.912841670964415,6.0309437854564205,2.9432697266632286,9.000515729757607,11.943785456420835,8.5461884006818,3.089760794935196,0.2109375
"and(subset_eq(B, A), not(subset_eq(A, difference(A, A))))",239.66355612199186,237.73994835888607,0.0392124876291127,1.0,1.0,0.0,1.0,1.0,1.0,238.70175224043896,5,0.03075,7.943089430894309,3.959349593495935,3.959349593495935,7.943089430894309,11.902439024390244,8.628990680150707,5.912819190095434,6.030951766830023,2.9424812999742067,9.00128965695125,11.943770956925459,8.538924521238624,3.073687352611816,0.21354166666666666
"and(subset_eq(difference(A, B), index(cardinality(A), union(A, B))), greater_than(cardinality(A), cardinality(difference(B, A))))",1037.2391861487122,1610.415569365956,0.5091267588571873,0.3727235510805424,0.0,0.0,0.5091267588571873,0.5091267588571873,0.0,1323.827377757334,10,0.023,5.239130434782608,7.565217391304348,4.782608695652174,8.021739130434783,12.804347826086957,4.022684310018903,5.992579324462641,5.929631525076766,2.931166837256909,8.991044012282497,11.922210849539406,8.778511312909352,2.5827627282004855,0.20833333333333334
"and(subset_eq(difference(A, B), index(cardinality(A), union(A, B))), subset_eq(index(cardinality(A), B), A))",1789.6027554514585,2090.36769974418,0.4234947044194321,0.1997116367615751,0.0106672333658101,0.0106672333658101,0.4234947044194321,0.4234947044194321,0.0106672333658101,1939.9852275978192,9,0.02375,4.757894736842105,7.757894736842105,4.326315789473684,8.189473684210526,12.51578947368421,5.769307479224378,6.004865556978233,5.923687580025608,2.9408450704225353,8.987708066581305,11.928553137003842,8.767372733666607,2.6151063522801383,0.2630208333333333
"and(subset_eq(difference(A, B), index(cardinality(A), union(A, B))), subset_eq(index(cardinality(A), difference(B, A)), index(cardinality(B), union(A, B))))",1421.8783964840623,1696.1600529853022,0.5133677692078058,0.1748662011678348,0.0080939416412747,0.0080939416412747,0.5133677692078058,0.5133677692078058,0.0080939416412747,1559.0192247346822,13,0.03025,4.884297520661157,7.471074380165289,4.404958677685951,7.950413223140496,12.355371900826446,5.343214261320947,6.009280742459397,5.9203402938901775,2.929105439546275,9.0005155968033,11.929621036349575,8.728350201217681,2.4183685071118544,0.3125
"and(subset_eq(difference(A, B), index(cardinality(A), union(A, B))), subset_eq(index(cardinality(A), union(A, B)), A))",1724.5578363233944,2160.6358018751484,0.463083750001202,0.1631561713693402,0.0093159088309784,0.0093159088309784,0.463083750001202,0.463083750001202,0.0093159088309784,1942.5968190992714,10,0.03075,4.5528455284552845,7.495934959349594,3.991869918699187,8.05691056910569,12.048780487804878,6.1027166369224695,6.020376579829765,5.918751612071189,2.941449574413206,8.997678617487749,11.939128191900954,8.745560762601373,2.39677650133893,0.29296875
"and(subset_eq(difference(A, B), index(cardinality(A), union(A, B))), subset_eq(index(cardinality(B), union(A, B)), index(cardinality(A), difference(B, A))))",632.7380958695667,705.0332184286563,0.9414785360962264,0.0,0.115170740269666,1.0,1.0,0.9414785360962264,1.0,668.8856571491115,13,0.02975,4.008403361344538,8.109243697478991,3.957983193277311,8.159663865546218,12.117647058823529,6.97253018854601,6.035557845916001,5.901571759855707,2.943571244524607,8.993558361247102,11.937129605771709,8.611645433878824,3.1642064234590954,0.2265625
"and(subset_eq(difference(A, B), index(cardinality(A), union(A, B))), subset_eq(index(cardinality(B), union(A, B)), intersection(A, B)))",819.7630153098701,915.6623382179896,1.0,0.0,0.1207079896636584,0.9616172389694504,1.0,1.0,0.9616172389694504,867.7126767639298,11,0.03625,4.172413793103448,7.896551724137931,3.9517241379310346,8.117241379310345,12.068965517241379,6.387348394768129,6.043060959792477,5.894682230869002,2.936964980544747,9.000778210116732,11.937743190661479,8.61333198753114,2.9217355181162135,0.21484375
"and(subset_eq(difference(A, B), index(cardinality(B), union(A, B))), greater_than(cardinality(A), cardinality(difference(B, A))))",689.7516216622312,755.3471066108905,0.3434544443670319,0.3789665112159612,0.0919405902036031,0.0,0.3789665112159612,0.3789665112159612,0.0919405902036031,722.5493641365608,10,0.02025,5.3580246913580245,7.691358024691358,4.9753086419753085,8.074074074074074,13.049382716049383,4.853223593964333,5.988007144679766,5.931615207961214,2.932380709364634,8.987241643276347,11.91962235264098,8.757161038719882,2.768957784143259,0.234375
"and(subset_eq(difference(A, B), index(cardinality(B), union(A, B))), greater_than(cardinality(intersection(A, B)), cardinality(difference(B, A))))",581.6286250481055,626.9932408853347,0.4320323093690625,0.4588105160053541,0.0,0.0,0.4588105160053541,0.4588105160053541,0.0,604.3109329667201,11,0.01875,5.453333333333333,7.8,5.12,8.133333333333333,13.253333333333334,4.634311111111112,5.985222929936306,5.932229299363057,2.9327388535031846,8.984713375796177,11.917452229299363,8.758856846119397,2.9249932061642214,0.19270833333333334
"and(subset_eq(difference(B, A), index(cardinality(A), difference(B, A))), subset_eq(index(cardinality(B), A), B))",669.3807058240054,808.9330488308915,0.2392551465652191,0.3617356475661948,0.0750448492833363,0.138236313052669,0.3617356475661948,0.3617356475661948,0.138236313052669,739.1568773274485,9,0.014,8.089285714285714,4.75,4.75,8.089285714285714,12.839285714285714,7.850127551020408,5.9452332657200815,5.984533468559838,2.948529411764706,8.981237322515213,11.92976673427992,8.748734180144655,3.06044605694521,0.20052083333333334
"and(subset_eq(difference(B, A), index(cardinality(A), union(A, B))), greater_than(cardinality(B), cardinality(difference(A, B))))",698.906759786227,600.8027953343408,0.3789665112159612,0.3434544443670319,0.0,0.0919405902036031,0.3789665112159612,0.3789665112159612,0.0919405902036031,649.8547775602839,10,0.0215,7.546511627906977,5.383720930232558,4.976744186046512,7.953488372093023,12.930232558139535,5.111681990265009,5.940725600408789,5.980071538068472,2.92973939703628,8.991057741440981,11.920797138477262,8.736836360911305,2.669159309559004,0.234375
"and(subset_eq(difference(B, A), index(cardinality(A), union(A, B))), subset_eq(index(cardinality(B), difference(A, B)), index(cardinality(B), A)))",699.1182644374494,987.2739562753413,0.0,0.5409807611243383,0.5225025841947459,0.2583049408021806,0.5409807611243383,0.5409807611243383,0.5225025841947459,843.1961103563954,12,0.0315,7.484126984126984,4.579365079365079,4.214285714285714,7.849206349206349,12.063492063492063,8.3442932728647,5.926174496644295,6.012390294269489,2.9334021683014972,9.005162622612287,11.938564790913784,8.611342737639806,2.474154376383663,0.2682291666666667
"and(subset_eq(difference(B, A), index(cardinality(B), union(A, B))), greater_than(cardinality(A), cardinality(difference(B, A))))",1134.9734470555522,1380.637625566742,0.0477504640015526,0.9009762072416868,0.7163818634587594,0.0,0.9009762072416868,0.9009762072416868,0.7163818634587594,1257.805536311147,10,0.0445,7.691011235955056,3.9719101123595504,3.662921348314607,8.0,11.662921348314606,8.149665446282029,5.895342752485609,6.060177917320774,2.9416535845107274,9.013867085295656,11.955520669806385,8.485181908370949,2.847018601074759,0.2721354166666667
"and(subset_eq(difference(B, A), index(cardinality(B), union(A, B))), subset_eq(index(cardinality(B), A), difference(A, B)))",1680.3665901037166,2127.510146901128,0.0,0.5630876764382076,0.4502198629706144,0.1246459502612861,0.5630876764382076,0.5630876764382076,0.4502198629706144,1903.9383685024222,10,0.0275,7.5,3.518181818181818,3.1363636363636362,7.881818181818182,11.018181818181818,7.543966942148762,5.932133676092545,6.036503856041131,2.969151670951157,8.999485861182519,11.968637532133677,8.672318845368707,2.971213647213553,0.3333333333333333
"and(subset_eq(difference(B, A), index(cardinality(B), union(A, B))), subset_eq(index(cardinality(B), difference(A, B)), B))",1317.4828052568773,1817.99123609456,0.189339769137216,0.4874700127389449,0.008668846511404,0.008668846511404,0.4874700127389449,0.4874700127389449,0.008668846511404,1567.7370206757187,10,0.02475,7.515151515151516,4.91919191919192,4.585858585858586,7.848484848484849,12.434343434343434,5.608611366187126,5.9361702127659575,5.993847731350936,2.932837733914381,8.997180210202512,11.930017944116893,8.720279099457272,2.525974070502841,0.2890625
"and(subset_eq(index(cardinality(A), B), A), equals(cardinality(intersection(A, B)), cardinality(difference(B, A))))",2013.9193753507102,5433.413277293672,0.0,0.6057145444959138,0.1760623347879184,0.1760623347879184,0.6057145444959138,0.6057145444959138,0.1760623347879184,3723.666326322191,9,0.1365,6.1996336996337,5.34065934065934,2.67032967032967,8.86996336996337,11.54029304029304,5.855526036844711,5.939779965257673,6.06629994209612,3.021713954834974,8.984365952518818,12.006079907353792,9.316581833739264,0.8470827356994136,0.3880208333333333
"and(subset_eq(index(cardinality(A), B), A), greater_than(cardinality(difference(B, A)), cardinality(A)))",2208.170911382651,2888.118130877614,0.8902388627659472,0.3881005797278156,0.0,0.0,0.8902388627659472,0.8902388627659472,0.0,2548.1445211301325,8,0.02525,3.613861386138614,7.683168316831683,2.3069306930693068,8.990099009900991,11.297029702970297,4.115478874620136,6.03641959476789,5.922800718132854,2.9910233393177736,8.96819697358297,11.959220312900744,8.80624772689174,3.071752774133523,0.036458333333333336
"and(subset_eq(index(cardinality(A), B), A), greater_than(cardinality(difference(B, A)), cardinality(intersection(A, B))))",2962.2971302562364,4092.7592481165193,0.1963842891052397,0.2949265921635637,0.0,0.0,0.2949265921635637,0.2949265921635637,0.0,3527.528189186378,9,0.239,5.368200836820083,5.4592050209205025,1.7803347280334727,9.047071129707113,10.827405857740585,6.753958701703388,6.165900131406045,6.1268068331143235,3.3485545335085414,8.944152431011826,12.292706964520368,8.67524770298418,1.881842103501693,0.25
"and(subset_eq(index(cardinality(A), B), A), greater_than(cardinality(intersection(A, B)), cardinality(difference(A, B))))",2704.6240334224676,3526.175068280194,0.6346978050461015,0.3878927295242725,0.0,0.0,0.6346978050461015,0.6346978050461015,0.0,3115.399550851331,9,0.2935,6.4386712095400345,6.866269165247019,4.355195911413969,8.949744463373083,13.304940374787053,6.410641990428582,5.78273177636235,5.59377211606511,2.399858457183298,8.976645435244162,11.37650389242746,8.208805706188983,2.4233963439956354,0.2630208333333333
"and(subset_eq(index(cardinality(A), B), A), subset_eq(index(cardinality(B), A), difference(A, B)))",4439.783468959853,7043.561176523566,0.0,0.3994460959148839,0.3463710065664919,0.0448541549902774,0.3994460959148839,0.3994460959148839,0.3463710065664919,5741.67232274171,8,0.58425,6.190415062045357,5.722293538724861,2.969191270860077,8.943517329910142,11.912708600770218,8.626227371658238,5.67288033674083,6.311485267588695,2.980156343956705,9.00420926037282,11.984365604329525,8.973984015586032,0.7842890526365908,0.421875
"and(subset_eq(index(cardinality(A), B), A), subset_eq(index(cardinality(B), A), index(cardinality(B), difference(A, B))))",3307.358718881733,6368.217046372592,0.0,0.2724005338897529,0.2933360719363048,0.0598491496227178,0.2933360719363048,0.2724005338897529,0.2933360719363048,4837.787882627163,10,0.365,5.646575342465753,6.298630136986302,3.0719178082191783,8.873287671232877,11.945205479452055,8.47659410771251,6.164173228346456,5.776771653543307,2.9173228346456694,9.023622047244094,11.940944881889763,8.944987599975239,0.7510948369305903,0.4778645833333333
"and(subset_eq(index(cardinality(A), B), A), subset_eq(index(cardinality(B), difference(A, B)), B))",2613.577069572344,5143.9261559434235,0.265029793189361,0.3067250378434495,0.0032534559748913,0.0032534559748913,0.3067250378434495,0.3067250378434495,0.0032534559748913,3878.751612757884,8,0.635,6.312992125984252,6.02244094488189,3.3484251968503935,8.987007874015749,12.335433070866141,7.315004340008691,5.387671232876713,5.8712328767123285,2.3219178082191783,8.936986301369863,11.258904109589041,10.550711202852245,1.3902517951850957,0.4140625
"and(subset_eq(index(cardinality(A), B), A), subset_eq(index(cardinality(B), difference(A, B)), index(cardinality(A), union(A, B))))",3130.244220631139,4712.624652527273,0.2371692707192191,0.3431763597410482,0.0029911027924834,0.0029911027924834,0.3431763597410482,0.3431763597410482,0.0029911027924834,3921.434436579206,11,0.65475,6.329896907216495,5.951126384116074,3.3004963726613212,8.980526918671249,12.28102329133257,7.448101888846146,5.302679217958001,5.997827661115134,2.3540912382331642,8.946415640839971,11.300506879073135,10.47643172233479,1.3975120281667985,0.4140625
"and(subset_eq(index(cardinality(A), B), A), subset_eq(index(cardinality(B), difference(A, B)), index(cardinality(B), A)))",3497.317995936377,5697.642846621574,0.0,0.5613963449370192,0.422751545841146,0.0368520840856003,0.5613963449370192,0.5613963449370192,0.422751545841146,4597.480421278975,10,0.66825,6.314627759072203,5.862701084923307,3.220725776281332,8.956603067714179,12.177328843995511,7.950070602521132,5.291635267520723,6.177844762622457,2.4762622456669177,8.993217784476263,11.46948003014318,9.70273872484358,1.3038616198735697,0.3255208333333333
"and(subset_eq(index(cardinality(A), B), difference(B, A)), equals(cardinality(intersection(A, B)), cardinality(difference(B, A))))",1925.1788820859879,2545.365487316856,0.0,0.5975733807765343,0.1760623347879184,0.1760623347879184,0.5975733807765343,0.5975733807765343,0.1760623347879184,2235.272184701422,10,0.1365,6.214285714285714,5.384615384615385,2.6923076923076925,8.906593406593407,11.598901098901099,5.752908263897273,5.9374638100752755,6.059351476548929,3.018239722061378,8.978575564562826,11.996815286624203,9.340153775537447,0.7988309260587014,0.3880208333333333
"and(subset_eq(index(cardinality(A), B), difference(B, A)), greater_than(cardinality(intersection(A, B)), cardinality(difference(B, A))))",1694.1546126028952,2095.87340478666,0.2465697069831611,1.0,0.0,0.0,1.0,1.0,0.0,1895.0140086947777,10,0.3595,7.247566063977747,5.716272600834492,4.011126564673157,8.952712100139083,12.96383866481224,6.454241229028818,5.26112412177986,6.108118657298985,2.3914910226385637,8.97775175644028,11.369242779078844,7.859014626185505,2.5928197412684475,0.2643229166666667
"and(subset_eq(index(cardinality(A), B), difference(B, A)), subset_eq(index(cardinality(A), union(A, B)), difference(A, B)))",3704.7731502121605,5295.303508232348,0.0,0.6501687755838095,0.8116758225908755,0.0678210673308643,0.8116758225908755,0.6501687755838095,0.8116758225908755,4500.038329222254,10,0.323,6.559597523219814,5.0843653250774,2.7027863777089784,8.941176470588236,11.643962848297214,8.418568902222773,5.696454948301329,6.388478581979321,3.1030280649926145,8.981905465288035,12.084933530280649,8.328684743928378,1.6142861889094824,0.2916666666666667
"and(subset_eq(index(cardinality(A), B), difference(B, A)), subset_eq(index(cardinality(B), A), index(cardinality(A), union(A, B))))",4624.064167302102,6680.029272243381,0.5413973933077951,0.0,0.0508679493459793,0.4246644968561919,0.5413973933077951,0.5413973933077951,0.4246644968561919,5652.046719772741,11,0.485,5.39278350515464,6.427835051546392,2.888659793814433,8.931958762886598,11.820618556701032,7.652556063343633,6.52378640776699,5.533495145631068,3.053883495145631,9.003398058252428,12.057281553398058,9.102559619191208,1.451313303360709,0.3880208333333333
"and(subset_eq(index(cardinality(A), B), difference(B, A)), subset_eq(index(cardinality(B), union(A, B)), index(cardinality(B), difference(A, B))))",1419.1922344528139,1327.4950284994557,0.0,0.0,0.4046353200961711,0.4728157140483294,0.4728157140483294,0.0,0.4728157140483294,1373.3436314761348,12,0.0265,5.216981132075472,5.59433962264151,2.5754716981132075,8.235849056603774,10.81132075471698,20.012637949448205,5.9958911145351825,5.977401129943503,2.984591679506934,8.98870056497175,11.973292244478685,8.59575752827431,0.9595915997587017,0.3307291666666667
"and(subset_eq(index(cardinality(A), B), index(cardinality(A), difference(B, A))), subset_eq(index(cardinality(B), A), index(cardinality(B), difference(A, B))))",9653.487268097699,9861.122986480594,0.0,0.0,0.4095793425707205,0.4095793425707205,0.4095793425707205,0.0,0.4095793425707205,9757.305127289146,13,0.22475,5.701890989988876,5.577308120133481,2.546162402669633,8.733036707452726,11.279199110122358,9.466172400182629,6.054498548855208,6.080296678490809,3.0977104159948405,9.037084811351177,12.134795227346018,8.664107790592016,0.8255512045966863,0.4479166666666667
"and(subset_eq(index(cardinality(A), B), index(cardinality(A), union(A, B))), subset_eq(index(cardinality(B), A), index(cardinality(B), union(A, B))))",3663.198689857345,5786.544510259293,0.0,0.0,0.3823649114315849,0.3823649114315849,0.3823649114315849,0.0,0.3823649114315849,4724.871600058319,13,0.35125,5.907473309608541,5.960142348754449,3.1544483985765126,8.713167259786477,11.86761565836299,10.311847114398258,6.0119460500963395,5.971098265895954,2.8759152215799615,9.10712909441233,11.983044315992293,8.004907020689682,0.29768324829125753,0.21875
"and(subset_eq(index(cardinality(A), B), index(cardinality(A), union(A, B))), subset_eq(index(cardinality(B), difference(A, B)), index(cardinality(B), A)))",2151.302595329955,3458.495021447772,0.0,0.0,0.3458404001690025,0.3922802763479562,0.3922802763479562,0.0,0.3922802763479562,2804.8988083888635,13,0.5985,6.293233082706767,5.752297410192147,3.1449456975772767,8.900584795321638,12.045530492898914,8.609988142173847,5.501245330012453,6.287671232876712,2.7185554171855544,9.070361145703611,11.788916562889165,8.624422891119723,1.046746579476716,0.19270833333333334
"and(subset_eq(index(cardinality(A), B), index(cardinality(A), union(A, B))), subset_eq(index(cardinality(B), union(A, B)), union(difference(A, B), difference(B, A))))",5003.1198342356365,6335.147915689275,0.0,0.0,0.3838719820654209,0.581782681436948,0.581782681436948,0.0,0.581782681436948,5669.133874962456,14,0.47325,6.22662440570523,5.4025356576862125,2.7242472266244055,8.904912836767036,11.629160063391442,9.17657597471041,5.749406739439962,6.4746084480303745,3.197911722828666,9.02610346464167,12.224015187470338,7.980485866601894,1.2654781008600748,0.29296875
"and(subset_eq(index(cardinality(A), B), index(cardinality(B), union(A, B))), greater_than(cardinality(B), cardinality(difference(A, B))))",3013.309909602962,4487.67611359898,0.4184128546428169,0.447555017510412,0.0,0.0,0.447555017510412,0.447555017510412,0.0,3750.493011600971,11,0.465,6.508602150537635,5.985483870967742,3.4806451612903224,9.013440860215054,12.494086021505376,6.459392415308144,5.511682242990654,5.951401869158879,2.533177570093458,8.929906542056075,11.463084112149533,10.250388243514786,1.3757564178586152,0.390625
"and(subset_eq(index(cardinality(A), difference(B, A)), A), subset_eq(index(cardinality(B), union(A, B)), index(cardinality(A), B)))",2835.854416446702,3689.6082059235778,0.5806459256469256,0.1997116367615751,0.0106672333658101,0.0106672333658101,0.5806459256469256,0.5806459256469256,0.0106672333658101,3262.73131118514,11,0.0835,5.269461077844311,7.080838323353293,3.682634730538922,8.667664670658683,12.350299401197605,6.6332066406109975,6.039552645935625,5.865793780687397,2.909165302782324,8.996181123840698,11.905346426623023,8.855012918581538,1.6332878557013866,0.2565104166666667
"and(subset_eq(index(cardinality(A), difference(B, A)), index(cardinality(A), union(A, B))), greater_than(cardinality(B), cardinality(difference(A, B))))",1276.2997372740592,2235.7416134861996,0.7916305167116996,0.0755031435572625,0.0,0.2690129961926025,0.7916305167116996,0.7916305167116996,0.2690129961926025,1756.0206753801294,12,0.70275,6.074350764852365,6.418356456776948,3.449662041977944,9.04304517965137,12.492707221629313,6.883568275822435,5.740958788898234,4.900756938603869,1.8486122792262405,8.793103448275861,10.641715727502103,10.757645957016978,2.2310577872383868,0.34375
"and(subset_eq(index(cardinality(A), difference(B, A)), index(cardinality(A), union(A, B))), subset_eq(index(cardinality(B), difference(A, B)), index(cardinality(B), union(A, B))))",1572.7566913739338,3577.0812564371154,0.0,0.0,0.2512038401090501,0.2512038401090501,0.2512038401090501,0.0,0.2512038401090501,2574.9189739055246,15,0.7965,6.1293157564344005,6.142184557438795,3.2799748901443815,8.991525423728813,12.271500313873196,7.506348789765645,5.372235872235872,5.282555282555283,1.7751842751842752,8.879606879606879,10.654791154791155,11.866521983229605,1.8911708638213591,0.24479166666666666
"and(subset_eq(index(cardinality(A), difference(B, A)), index(cardinality(B), union(A, B))), subset_eq(index(cardinality(B), union(A, B)), index(cardinality(A), difference(B, A))))",1580.231639453079,2312.355703824316,0.5575899273885838,0.1856010046583779,0.0108878544080042,0.0108878544080042,0.5575899273885838,0.5575899273885838,0.0108878544080042,1946.2936716386976,15,0.03725,4.248322147651007,7.402684563758389,3.208053691275168,8.442953020134228,11.651006711409396,8.942480068465384,6.042066995585563,5.91171124383277,2.964684497533108,8.989093741885224,11.953778239418332,8.69407231904691,2.3451547037849005,0.2604166666666667
"and(subset_eq(index(cardinality(A), union(A, B)), A), equals(cardinality(intersection(A, B)), cardinality(difference(B, A))))",2570.9148781247204,3013.413552905433,0.0,0.5972180583567732,0.2254927171594591,0.2254927171594591,0.5972180583567732,0.5972180583567732,0.2254927171594591,2792.1642155150766,10,0.11925,6.083857442348008,5.589098532494759,2.7945492662473796,8.878406708595389,11.672955974842766,6.106404018828382,5.960544990065285,6.018450184501845,2.9980130570536474,8.980982117513483,11.97899517456713,9.276836399447623,0.49086282823050414,0.3125
"and(subset_eq(index(cardinality(A), union(A, B)), A), greater_than(cardinality(difference(A, B)), cardinality(B)))",1236.391833124333,1294.7572852839949,0.0259931190122294,1.0,1.0,0.0,1.0,1.0,1.0,1265.574559204164,9,0.09725,7.213367609254499,3.354755784061697,1.737789203084833,8.830334190231362,10.568123393316196,5.8123459400876225,5.841872057601773,6.248684574909997,3.1068955967875933,8.983661035724175,12.09055663251177,8.114525288548318,3.4828546067818706,0.18098958333333334
"and(subset_eq(index(cardinality(A), union(A, B)), A), greater_than(cardinality(difference(A, B)), cardinality(intersection(A, B))))",3742.2696643285453,4321.498585354537,0.033543868213163,0.5609294825399362,0.7912988270477765,0.0,0.7912988270477765,0.5609294825399362,0.7912988270477765,4031.884124841541,10,0.28525,6.43908851884312,4.595092024539877,2.011393514460999,9.022787028921998,11.034180543382998,6.484488213592481,5.790136411332634,6.514865337530605,3.3578174186778593,8.94718433018538,12.305001748863239,8.144846738042807,2.433007550534989,0.25
"and(subset_eq(index(cardinality(A), union(A, B)), A), subset_eq(index(cardinality(B), union(A, B)), difference(A, B)))",6366.348462271504,7332.871030181646,0.0,0.3366896566972038,0.3845868741869374,0.079329698520826,0.3845868741869374,0.3366896566972038,0.3845868741869374,6849.609746226575,10,0.26275,6.470980019029496,5.313035204567079,2.873453853472883,8.910561370123691,11.784015223596574,8.792986788894796,5.798575788402848,6.200406917599186,3.0094947439810107,8.989487962021023,11.998982706002035,8.639787429594538,1.1216341339065936,0.3541666666666667
"and(subset_eq(index(cardinality(A), union(A, B)), A), subset_eq(index(cardinality(B), union(A, B)), index(cardinality(A), difference(B, A))))",2106.393451394746,2572.015742440475,0.4937802515671461,0.1985633894213004,0.0146840995718098,0.0146840995718098,0.4937802515671461,0.4937802515671461,0.0146840995718098,2339.2045969176106,12,0.02175,4.206896551724138,7.689655172413793,3.5402298850574714,8.35632183908046,11.89655172413793,8.804069229752944,6.014566828520317,5.928954766164068,2.961155123945822,8.982366470738564,11.943521594684386,8.753298894450332,2.5890278733796652,0.20572916666666666
"and(subset_eq(index(cardinality(A), union(A, B)), B), subset_eq(index(cardinality(A), difference(B, A)), index(cardinality(A), B)))",4124.959688878851,6320.984897207469,0.0,0.0,0.4023686019848309,0.2810606262042411,0.4023686019848309,0.0,0.4023686019848309,5222.97229304316,11,0.60775,6.083916083916084,6.103661044837516,3.2570958453311394,8.93048128342246,12.187577128753599,8.604453547275405,5.806883365200765,5.7558954748247295,2.5347355003186745,9.02804333970682,11.562778840025494,8.882200993516355,0.8482290297859693,0.2682291666666667
"and(subset_eq(index(cardinality(A), union(A, B)), B), subset_eq(index(cardinality(B), A), index(cardinality(B), difference(A, B))))",4760.466342501808,5573.019307994284,0.0,0.0,0.2324468375692624,0.6456779303729326,0.6456779303729326,0.0,0.6456779303729326,5166.742825248046,11,0.46275,5.1507293354943275,6.783360345759049,3.018368449486764,8.915721231766613,11.934089681253377,7.981399806958197,6.685435086086552,5.264308980921359,2.9353187529083296,9.014425314099581,11.949744067007911,7.556900186890916,2.160957205040827,0.3502604166666667
"and(subset_eq(index(cardinality(A), union(A, B)), B), subset_eq(index(cardinality(B), union(A, B)), difference(B, A)))",5496.822525729891,6384.367983514443,0.7621813840112105,0.0,0.079329698520826,0.77370707319572,0.77370707319572,0.7621813840112105,0.77370707319572,5940.595254622167,10,0.25775,5.0795344325897185,6.711930164888458,2.821532492725509,8.969932104752667,11.791464597478177,8.109812119165255,6.286291680700573,5.708656113169417,3.026608285618053,8.968339508251937,11.99494779386999,8.556604617989764,1.5826806246211924,0.2799479166666667
"and(subset_eq(index(cardinality(A), union(A, B)), B), subset_eq(index(cardinality(B), union(A, B)), index(cardinality(A), B)))",2542.7642451446154,2953.9940878031775,0.9420320332976876,0.0,0.1052573637179908,0.8439765914060857,0.9420320332976876,0.9420320332976876,0.8439765914060857,2748.3791664738965,11,0.08675,4.8328530259366,7.219020172910663,3.4610951008645534,8.590778097982708,12.051873198847263,7.823700886146373,6.083766767040788,5.848343826991514,2.9274568847522584,9.004653709280044,11.932110594032302,8.648393195981768,1.9308828495382777,0.24479166666666666
"and(subset_eq(index(cardinality(A), union(A, B)), difference(A, B)), equals(cardinality(A), cardinality(difference(B, A))))",2189.192372560734,3124.3684819121845,0.3806543738052785,0.350492873549444,0.0587031127336229,0.0587031127336229,0.3806543738052785,0.3806543738052785,0.0587031127336229,2656.780427236459,10,0.0225,4.366666666666666,6.188888888888889,1.8222222222222222,8.733333333333333,10.555555555555555,5.355308641975312,6.01227621483376,5.962148337595908,3.0002557544757034,8.974168797953965,11.974424552429667,8.921009674190907,2.0364687735717832,0.09765625
"and(subset_eq(index(cardinality(A), union(A, B)), difference(A, B)), greater_than(cardinality(B), cardinality(difference(A, B))))",4353.955870148115,7025.627745360136,0.386370113053885,0.3817762051977481,0.0,0.0,0.386370113053885,0.386370113053885,0.0,5689.791807754125,10,0.22675,6.168687982359427,6.125689084895259,3.223814773980154,9.07056229327453,12.294377067254686,7.072282346419903,5.918525703200776,5.920788878111866,2.9004203039120595,8.938894277400582,11.83931458131264,9.43080612657597,0.4573283764696349,0.2630208333333333
"and(subset_eq(index(cardinality(A), union(A, B)), difference(B, A)), greater_than(cardinality(B), cardinality(difference(A, B))))",4290.552827865933,6363.874704327434,0.5189894858138517,0.0477504640015526,0.0,0.3816262323423686,0.5189894858138517,0.5189894858138517,0.3816262323423686,5327.213766096684,10,0.3,5.255833333333333,6.654166666666667,2.9183333333333334,8.991666666666667,11.91,8.156237499999985,6.283571428571428,5.672857142857143,2.9975,8.958928571428572,11.956428571428571,8.63893418367355,1.4231940609186133,0.3463541666666667
"and(subset_eq(index(cardinality(A), union(A, B)), difference(B, A)), greater_than(cardinality(intersection(A, B)), cardinality(difference(A, B))))",3846.721451850375,5835.151049042121,0.5581695332448595,0.3025379590695876,0.0,0.0,0.5581695332448595,0.5581695332448595,0.0,4840.936250446248,11,0.15275,5.513911620294599,7.299509001636661,3.8641571194762685,8.949263502454992,12.813420621931261,7.568569675962508,6.05842431395692,5.727058129241664,2.8132192387134847,8.972263204485099,11.785482443198584,8.565428166961949,1.9681377616613513,0.2604166666666667
"and(subset_eq(index(cardinality(A), union(A, B)), difference(B, A)), subset_eq(index(cardinality(A), B), index(cardinality(A), difference(B, A))))",3715.6670175874897,5909.583759330213,0.0,0.0,0.748461126412985,0.3315477930401885,0.748461126412985,0.0,0.748461126412985,4812.625388458851,12,0.182,6.2554945054945055,5.15934065934066,2.644230769230769,8.770604395604396,11.414835164835164,10.025230950368313,5.912897310513447,6.14700488997555,3.0470660146699267,9.01283618581907,12.059902200488997,8.471464743455625,1.1203257140013014,0.34375
"and(subset_eq(index(cardinality(A), union(A, B)), difference(B, A)), subset_eq(index(cardinality(A), difference(B, A)), index(cardinality(B), union(A, B))))",4268.643539876735,5358.602867215872,0.0,0.5421107162357685,0.8300897737678088,0.0618898783861338,0.8300897737678088,0.5421107162357685,0.8300897737678088,4813.623203546304,13,0.30025,5.95503746877602,5.9641965029142385,2.9758534554537883,8.94338051623647,11.919233971690257,8.8549259186592,5.983922829581994,5.968560200071454,2.9728474455162557,8.979635584137192,11.952483029653447,8.948331850769366,0.029367363135217754,0.2942708333333333
"and(subset_eq(index(cardinality(A), union(A, B)), difference(B, A)), subset_eq(index(cardinality(B), union(A, B)), index(cardinality(A), B)))",3834.5299932970665,3740.5734661663882,0.6156366412909056,0.0,0.1657514623506952,0.5076555540758703,0.6156366412909056,0.6156366412909056,0.5076555540758703,3787.5517297317274,12,0.04625,4.410810810810811,6.978378378378379,2.9135135135135135,8.475675675675676,11.389189189189189,7.406632578524471,6.051114023591087,5.918217562254259,2.976671035386632,8.992660550458716,11.969331585845348,8.808267702333834,1.9541045157491983,0.25
"and(subset_eq(index(cardinality(A), union(A, B)), difference(B, A)), subset_eq(index(cardinality(B), union(A, B)), index(cardinality(B), difference(A, B))))",1532.563282078976,1426.5488361897878,0.0,0.0,0.4007039896138961,0.4814113509281136,0.4814113509281136,0.0,0.4814113509281136,1479.556059134382,13,0.021,4.678571428571429,6.380952380952381,2.9523809523809526,8.107142857142858,11.05952380952381,18.156179138322006,6.003064351378958,5.958375893769152,2.974208375893769,8.987231869254341,11.96144024514811,8.666627757994306,1.3904419536624164,0.328125
"and(subset_eq(index(cardinality(A), union(A, B)), index(cardinality(A), B)), greater_than(cardinality(difference(A, B)), cardinality(intersection(A, B))))",924.0422445706026,1406.0889117967163,0.0244545894904586,0.5084913952442158,0.7384011237798402,0.0,0.7384011237798402,0.5084913952442158,0.7384011237798402,1165.0655781836595,12,0.02275,6.230769230769231,4.0,1.989010989010989,8.241758241758241,10.23076923076923,15.267479772974283,5.969301611665387,6.013046815042211,2.99667434126375,8.985674085443847,11.982348426707597,8.677712405943145,2.2662983534532017,0.19010416666666666
"and(subset_eq(index(cardinality(A), union(A, B)), index(cardinality(A), difference(B, A))), subset_eq(index(cardinality(B), difference(A, B)), index(cardinality(B), A)))",1106.5878890259482,1227.7178241626825,0.0,0.0,0.4341474761395346,0.3182524671787294,0.4341474761395346,0.0,0.4341474761395346,1167.1528565943154,14,0.031,5.887096774193548,5.370967741935484,3.2903225806451615,7.967741935483871,11.258064516129032,19.068158168574428,5.978070175438597,5.986326109391125,2.9636222910216716,9.00077399380805,11.964396284829721,8.526847627324052,0.7026202099084796,0.3385416666666667
"and(subset_eq(index(cardinality(A), union(A, B)), index(cardinality(B), A)), equals(cardinality(intersection(A, B)), cardinality(difference(B, A))))",2628.9647820731916,4314.576123694889,0.0,0.8140161958339819,0.5313534283885513,0.5313534283885513,0.8140161958339819,0.8140161958339819,0.5313534283885513,3471.7704528840404,12,0.0135,6.574074074074074,4.666666666666667,2.3333333333333335,8.907407407407407,11.24074074074074,4.489026063100136,5.967055245818551,5.985048150025342,2.982513938165231,8.969589457678662,11.952103395843892,8.948346648328158,1.58998020465968,0.15364583333333334
"and(subset_eq(index(cardinality(A), union(A, B)), index(cardinality(B), A)), greater_than(cardinality(difference(A, B)), cardinality(B)))",2008.948495448829,2736.0816137351794,0.0250679649554916,0.9010754963765706,1.0,0.0,1.0,0.9010754963765706,1.0,2372.515054592004,11,0.0215,7.430232558139535,3.0697674418604652,2.13953488372093,8.36046511627907,10.5,7.505408328826395,5.943280531425652,6.030914665304037,2.992079713847726,8.982115482881962,11.974195196729688,8.71468548759998,3.4214400325056156,0.1796875
"and(subset_eq(index(cardinality(A), union(A, B)), index(cardinality(B), A)), greater_than(cardinality(difference(A, B)), cardinality(intersection(A, B))))",2509.791556425429,4158.24036781094,0.0278717745716738,0.7987592570202502,0.6968202412620106,0.0,0.7987592570202502,0.7987592570202502,0.6968202412620106,3334.0159621181847,12,0.052,6.9375,4.100961538461538,2.3125,8.725961538461538,11.038461538461538,5.805334689349117,5.9224683544303796,6.069620253164557,3.0100210970464136,8.982067510548523,11.992088607594937,8.826440630063054,2.322163227964121,0.21614583333333334
"and(subset_eq(index(cardinality(A), union(A, B)), index(cardinality(B), A)), subset_eq(index(cardinality(B), difference(A, B)), index(cardinality(A), union(A, B))))",4339.8730344891665,2884.144125584513,0.17701855311472,0.5615918521408143,0.0091466540742918,0.0091466540742918,0.5615918521408143,0.5615918521408143,0.0091466540742918,3612.0085800368397,14,0.08075,7.080495356037152,5.291021671826625,3.708978328173375,8.662538699690403,12.371517027863778,7.247227520631844,5.878161544737558,6.026652162088659,2.909165080228447,8.99564862659777,11.904813706826218,8.803726595706216,1.6206356911982356,0.30859375
"and(subset_eq(index(cardinality(A), union(A, B)), index(cardinality(B), A)), subset_eq(index(cardinality(B), difference(A, B)), index(cardinality(B), union(A, B))))",3469.6927847473416,4663.051858668681,0.0,0.8025455255194822,0.4037683859259213,0.1246459502612861,0.8025455255194822,0.8025455255194822,0.4037683859259213,4066.3723217080114,14,0.08275,7.138972809667674,5.172205438066465,3.685800604229607,8.625377643504532,12.311178247734139,7.605991182993945,5.8702643772145,6.038975197601526,2.9095121286454075,8.999727446170619,11.909239574816025,8.734481090268925,1.721491998223372,0.27734375
"and(subset_eq(index(cardinality(A), union(A, B)), index(cardinality(B), difference(A, B))), subset_eq(index(cardinality(B), difference(A, B)), index(cardinality(A), union(A, B))))",1398.6489784784644,2035.3866311241582,0.1856010046583779,0.5575899273885838,0.0108878544080042,0.0108878544080042,0.5575899273885838,0.5575899273885838,0.0108878544080042,1717.0178048013113,15,0.03625,7.268965517241379,4.275862068965517,3.2413793103448274,8.303448275862069,11.544827586206896,9.958049940546974,5.926588845654994,6.030869001297017,2.9636835278858626,8.993774319066148,11.95745784695201,8.67083286650826,2.2269125282656392,0.2604166666666667
"and(subset_eq(index(cardinality(A), union(A, B)), intersection(A, B)), equals(cardinality(B), cardinality(difference(A, B))))",1981.1292425578577,2631.1893138918094,0.263286681519372,0.5205251356844468,0.0329958198023342,0.0329958198023342,0.5205251356844468,0.5205251356844468,0.0329958198023342,2306.1592782248335,10,0.02025,6.703703703703703,4.160493827160494,2.54320987654321,8.320987654320987,10.864197530864198,5.627190976985215,5.9601939270222,6.004593008420516,2.9826486348558308,8.982138300586884,11.964786935442715,8.907809787648578,2.036323893846998,0.16796875
"and(subset_eq(index(cardinality(A), union(A, B)), intersection(A, B)), greater_than(cardinality(intersection(A, B)), cardinality(difference(B, A))))",3225.335548447882,3828.2265596161596,0.2465697069831611,0.9411273974399136,0.0,0.0,0.9411273974399136,0.9411273974399136,0.0,3526.7810540320206,11,0.2025,7.114814814814815,5.977777777777778,4.307407407407408,8.785185185185185,13.092592592592593,7.353113854595349,5.685893416927899,5.964576802507837,2.6351097178683385,9.015360501567399,11.650470219435737,8.172419492733042,2.1996750190709724,0.2513020833333333
"and(subset_eq(index(cardinality(A), union(A, B)), intersection(A, B)), subset_eq(index(cardinality(B), union(A, B)), difference(B, A)))",6031.036389156245,7397.547840390354,0.4927211909761505,0.2362634002441194,0.0150724555733678,0.0150724555733678,0.4927211909761505,0.4927211909761505,0.0150724555733678,6714.2921147732995,11,0.0985,5.395939086294416,6.893401015228426,3.317258883248731,8.972081218274111,12.289340101522843,7.865005539952076,6.038546866333888,5.866056572379367,2.9362174154187466,8.968386023294508,11.904603438713256,8.877486342630394,1.2702653122187233,0.19791666666666666
"and(subset_eq(index(cardinality(A), union(A, B)), union(difference(A, B), difference(B, A))), greater_than(cardinality(difference(A, B)), cardinality(intersection(A, B))))",2784.3450773397926,3137.6840059119277,0.0434802888137196,0.2696702683110055,1.0,0.0,1.0,0.2696702683110055,1.0,2961.01454162586,13,0.34475,6.018129079042785,4.794053662073966,1.807831762146483,9.004350978970269,10.812182741116752,7.0121836876676795,5.952689813048455,6.584509729111026,3.587180465471194,8.950019076688287,12.537199542159481,7.6591396843008175,2.5250934702594723,0.26953125
"and(subset_eq(index(cardinality(A), union(A, B)), union(difference(A, B), difference(B, A))), greater_than(cardinality(intersection(A, B)), cardinality(difference(B, A))))",3277.4529279196868,4098.534429885447,0.2306557386238201,1.0,0.0,0.0,1.0,1.0,0.0,3687.993678902567,13,0.2405,7.1923076923076925,5.728690228690229,3.9584199584199586,8.962577962577962,12.920997920997921,7.030763611844737,5.589861751152074,6.042791310072416,2.661948650427913,8.970704410796577,11.63265306122449,8.468660950757144,2.085025260302182,0.24088541666666666
"and(subset_eq(index(cardinality(A), union(A, B)), union(difference(A, B), difference(B, A))), subset_eq(index(cardinality(B), difference(A, B)), index(cardinality(B), union(A, B))))",4646.10399082498,7493.003457121551,0.0,0.0,0.3600513381754459,0.4187950299140155,0.4187950299140155,0.0,0.4187950299140155,6069.553723973266,15,0.589,5.712224108658743,6.148132427843803,2.859932088285229,9.000424448217318,11.860356536502547,8.233738012400487,6.352189781021898,5.708029197080292,3.136861313868613,8.923357664233576,12.06021897810219,9.4762751522901,0.8245827499492805,0.33203125
"and(subset_eq(index(cardinality(B), A), B), equals(cardinality(B), cardinality(difference(A, B))))",2601.013249101932,2608.4133926336654,0.1816891486676195,0.3664763358261376,0.0217025154282411,0.0217025154282411,0.3664763358261376,0.3664763358261376,0.0217025154282411,2604.7133208677988,8,0.03,6.166666666666667,4.233333333333333,1.9333333333333333,8.466666666666667,10.4,6.183333333333332,5.969329896907216,6.020876288659794,3.0059278350515464,8.984278350515464,11.99020618556701,8.899185753002607,2.093970053021889,0.234375
"and(subset_eq(index(cardinality(B), A), B), equals(cardinality(intersection(A, B)), cardinality(difference(A, B))))",2124.9126509193516,3399.5571714084363,0.6057145444959138,0.0,0.1760623347879184,0.1760623347879184,0.6057145444959138,0.6057145444959138,0.1760623347879184,2762.234911163894,9,0.12125,5.369072164948453,6.094845360824742,2.6845360824742266,8.77938144329897,11.463917525773196,5.662289297481131,6.058890469416785,5.949644381223329,3.013655761024182,8.994879089615932,12.008534850640114,9.30857964950047,0.7779796786970727,0.3880208333333333
"and(subset_eq(index(cardinality(B), A), B), greater_than(cardinality(difference(A, B)), cardinality(intersection(A, B))))",2822.7922457309614,3928.978695342783,0.2949265921635637,0.1963842891052397,0.0,0.0,0.2949265921635637,0.2949265921635637,0.0,3375.885470536872,9,0.23275,5.494092373791622,5.389903329752954,1.8023630504833512,9.081632653061224,10.883995703544576,6.276662194076586,6.121212121212121,6.14239165852069,3.3290974258716193,8.934506353861192,12.263603779732811,8.847453290300125,1.8139558196187184,0.25
"and(subset_eq(index(cardinality(B), A), B), greater_than(cardinality(intersection(A, B)), cardinality(difference(B, A))))",2747.499989081698,3351.7024296487216,0.3878927295242725,0.6346978050461015,0.0,0.0,0.6346978050461015,0.6346978050461015,0.0,3049.60120936521,9,0.287,6.875435540069686,6.486062717770035,4.398954703832753,8.962543554006968,13.361498257839722,6.202371341159912,5.612903225806452,5.758415147265077,2.400070126227209,8.97124824684432,11.371318373071528,8.248858358790464,2.4736609278577246,0.2630208333333333
"and(subset_eq(index(cardinality(B), A), B), subset_eq(index(cardinality(A), difference(B, A)), index(cardinality(A), union(A, B))))",3315.8416229446884,4843.941749116406,0.4644814674767531,0.0,0.0408657653977713,0.2481099706426246,0.4644814674767531,0.4644814674767531,0.2481099706426246,4079.891686030547,11,0.6495,5.948036951501154,6.346035411855273,3.316782140107775,8.977290223248653,12.294072363356428,7.485938138000485,6.025677603423681,5.265335235378031,2.3380884450784594,8.952924393723253,11.291012838801711,10.225664986436744,1.4600624270759903,0.3619791666666667
"and(subset_eq(index(cardinality(B), A), B), subset_eq(index(cardinality(A), union(A, B)), index(cardinality(B), A)))",2682.197881611268,3478.670162813505,0.2272884073564292,0.5051360648371792,0.0150724555733678,0.0150724555733678,0.5051360648371792,0.5051360648371792,0.0150724555733678,3080.4340222123865,10,0.04475,7.301675977653631,5.245810055865922,4.011173184357542,8.53631284916201,12.547486033519553,8.053244280765266,5.913111750850563,6.001046846375295,2.9251504841664486,8.989008113059409,11.914158597225857,8.743671199279412,1.9177952255197777,0.20182291666666666
"and(subset_eq(index(cardinality(B), A), difference(A, B)), equals(cardinality(B), cardinality(difference(A, B))))",1706.210108238156,2001.7623562419321,0.1697674982681404,0.3890952950790756,0.0189852746908075,0.0189852746908075,0.3890952950790756,0.3890952950790756,0.0189852746908075,1853.986232240044,9,0.058,6.327586206896552,4.318965517241379,2.0086206896551726,8.637931034482758,10.64655172413793,5.877675386444704,5.953556263269639,6.068736730360934,3.0331740976645434,8.98911889596603,12.022292993630574,8.896166764709987,2.0618698753449616,0.2578125
"and(subset_eq(index(cardinality(B), A), difference(A, B)), greater_than(cardinality(intersection(A, B)), cardinality(difference(A, B))))",1715.4377234446438,2132.1669696283643,1.0,0.2465697069831611,0.0,0.0,1.0,1.0,0.0,1923.802346536504,10,0.36875,5.6745762711864405,7.271864406779661,3.9728813559322034,8.973559322033898,12.946440677966102,6.354425969549004,6.150891089108911,5.205148514851485,2.39009900990099,8.965940594059406,11.356039603960395,7.846324713263465,2.64639194728012,0.2643229166666667
"and(subset_eq(index(cardinality(B), A), difference(A, B)), subset_eq(index(cardinality(A), B), index(cardinality(A), difference(B, A))))",3395.0956727842567,5622.169718266465,0.0,0.0,0.4410655388268686,0.3490974767199357,0.4410655388268686,0.0,0.4410655388268686,4508.632695525361,11,0.444,6.390202702702703,5.175112612612613,2.670608108108108,8.894707207207206,11.565315315315315,8.386226386859843,5.643884892086331,6.599820143884892,3.2158273381294964,9.027877697841726,12.243705035971223,8.123756210858625,1.6982478714523046,0.39453125
"and(subset_eq(index(cardinality(B), A), difference(A, B)), subset_eq(index(cardinality(A), union(A, B)), index(cardinality(A), B)))",1244.2687159732964,1457.7387232482943,0.0,0.0,0.2405562597027272,0.6180364774961173,0.6180364774961173,0.0,0.6180364774961173,1351.0037196107953,11,0.112,4.707589285714286,7.011160714285714,3.1875,8.53125,11.71875,11.523885921556124,6.135135135135135,5.835585585585585,2.9467905405405403,9.02393018018018,11.97072072072072,8.149206322031356,1.8648874173231704,0.3515625
"and(subset_eq(index(cardinality(B), A), difference(A, B)), subset_eq(index(cardinality(B), difference(A, B)), index(cardinality(B), union(A, B))))",3464.859023051162,3665.8593534883107,0.0,0.0,0.2548930237196338,0.7944396275019814,0.7944396275019814,0.0,0.7944396275019814,3565.3591882697365,12,0.75275,5.576552640318831,6.399535038193291,3.0053138492195286,8.970773829292593,11.976087678512123,8.023205514243664,7.189079878665319,4.651162790697675,2.877654196157735,8.962588473205258,11.840242669362993,7.3843870032439565,2.3818787956657412,0.24739583333333334
"and(subset_eq(index(cardinality(B), A), difference(A, B)), subset_eq(index(cardinality(B), union(A, B)), difference(B, A)))",3756.42272102931,5482.966330947354,0.6501687755838095,0.0,0.0678210673308643,0.8116758225908755,0.8116758225908755,0.6501687755838095,0.8116758225908755,4619.694525988332,10,0.32025,5.140515222482436,6.530054644808743,2.697111631537861,8.973458235753318,11.670569867291178,8.412157266382343,6.368517837440235,5.702096358955498,3.1040823832291284,8.966531813166606,12.070614196395734,8.403089100564744,1.5359461377888195,0.2916666666666667
"and(subset_eq(index(cardinality(B), A), index(cardinality(A), union(A, B))), equals(cardinality(B), cardinality(difference(A, B))))",1855.3004398982448,2771.2040602162015,0.2714509762446347,0.3442652815372935,0.0252236937675079,0.0252236937675079,0.3442652815372935,0.3442652815372935,0.0252236937675079,2313.252250057223,11,0.01825,5.424657534246576,4.164383561643835,1.2602739726027397,8.32876712328767,9.58904109589041,5.103021204728845,5.985485103132162,6.000763941940413,3.0056022408963585,8.980646804176216,11.986249045072574,8.902654628534293,2.594800806856881,0.20703125
"and(subset_eq(index(cardinality(B), A), index(cardinality(B), difference(A, B))), greater_than(cardinality(A), cardinality(difference(B, A))))",1414.2429242364087,2982.4361362250056,0.0503317324468566,0.4009246970013295,0.247972175288893,0.0,0.4009246970013295,0.4009246970013295,0.247972175288893,2198.339530230707,11,0.41325,5.872958257713249,6.449485783424078,3.338173018753781,8.984271022383545,12.322444041137325,7.427901167065425,6.0472944184064765,5.627609714529187,2.7170856412441413,8.957818491691521,11.674904132935662,9.534412931211143,1.0448075899653375,0.4557291666666667
"and(subset_eq(index(cardinality(B), A), index(cardinality(B), difference(A, B))), subset_eq(index(cardinality(A), union(A, B)), index(cardinality(A), B)))",1357.0327131217127,1310.2323701285932,0.0,0.0,0.2255668340565045,0.8559645175417971,0.8559645175417971,0.0,0.8559645175417971,1333.632541625153,13,0.09875,4.291139240506329,7.450632911392405,3.1139240506329116,8.627848101265823,11.741772151898735,8.93665758692518,6.159778085991678,5.804715672676838,2.958391123439667,9.00610263522885,11.964493758668516,8.278580104301058,2.495004044685939,0.32421875
"and(subset_eq(index(cardinality(B), A), index(cardinality(B), union(A, B))), greater_than(cardinality(difference(A, B)), cardinality(intersection(A, B))))",2264.1377073567346,4434.147260898026,0.0368520840856003,0.2255870796681887,0.8503209400645355,0.0,0.8503209400645355,0.2255870796681887,0.8503209400645355,3349.14248412738,12,0.209,5.461722488038277,5.187799043062201,1.6925837320574162,8.956937799043063,10.64952153110048,7.887402417527074,6.110935524652339,6.173198482932996,3.3122629582806575,8.971871049304678,12.284134007585335,8.364584948240422,2.003958686916086,0.29296875
"and(subset_eq(index(cardinality(B), A), index(cardinality(B), union(A, B))), subset_eq(index(cardinality(A), difference(B, A)), index(cardinality(A), B)))",2237.439383789395,3440.2400329154916,0.0,0.0,0.3922802763479562,0.3458404001690025,0.3922802763479562,0.0,0.3922802763479562,2838.8397083524433,13,0.5845,5.746792130025663,6.312660393498716,3.179213002566296,8.880239520958083,12.05945252352438,8.485271056323102,6.2966305655836345,5.481347773766546,2.6847172081829123,9.093261131167269,11.777978339350181,8.66021756224286,1.1126226078979586,0.19270833333333334
"and(subset_eq(index(cardinality(B), difference(A, B)), B), greater_than(cardinality(difference(A, B)), cardinality(intersection(A, B))))",1131.0133809848267,1556.1578894263657,0.3889085596832257,0.2038205607131679,0.0,0.0,0.3889085596832257,0.3889085596832257,0.0,1343.5856352055962,10,0.30625,5.702857142857143,5.378775510204082,1.963265306122449,9.118367346938776,11.081632653061224,5.567852061640976,6.095495495495496,6.227027027027027,3.41981981981982,8.902702702702703,12.322522522522522,9.276974271568953,1.7306780645536515,0.265625
"and(subset_eq(index(cardinality(B), union(A, B)), A), equals(cardinality(A), cardinality(difference(B, A))))",2393.5129464517813,2220.2903512535845,0.4560111355236579,0.1867948071504781,0.0202614583341051,0.0202614583341051,0.4560111355236579,0.4560111355236579,0.0202614583341051,2306.901648852683,9,0.046,4.271739130434782,6.451086956521739,2.1793478260869565,8.543478260869565,10.722826086956522,5.459652646502839,6.057389937106918,5.94392033542977,3.012054507337526,8.989255765199161,12.001310272536688,8.922286966716209,2.03449433568099,0.24739583333333334
"and(subset_eq(index(cardinality(B), union(A, B)), A), equals(cardinality(intersection(A, B)), cardinality(difference(A, B))))",2774.7469087197096,4093.8656583973207,0.49610032863865,0.0,0.1959185404817346,0.1959185404817346,0.49610032863865,0.49610032863865,0.1959185404817346,3434.306283558515,10,0.10075,5.990074441687345,5.732009925558312,2.9950372208436726,8.727047146401985,11.722084367245657,5.503906803194393,5.973589102029469,5.9936057825966085,2.971365026410898,8.99582985821518,11.967194884626077,9.288070890323562,0.263181556406408,0.359375
"and(subset_eq(index(cardinality(B), union(A, B)), A), greater_than(cardinality(difference(A, B)), cardinality(B)))",1246.2385754888528,1502.3733585575828,0.0259931190122294,0.9584343017722546,1.0,0.0,1.0,0.9584343017722546,1.0,1374.3059670232178,9,0.094,7.242021276595745,3.3404255319148937,1.7659574468085106,8.816489361702128,10.582446808510639,5.737876301493879,5.843818984547461,6.239790286975717,3.0990618101545255,8.984547461368653,12.083609271523178,8.149475808809486,3.484028254183678,0.18229166666666666
"and(subset_eq(index(cardinality(B), union(A, B)), A), greater_than(cardinality(difference(B, A)), cardinality(A)))",2135.5817118592095,2334.489508750615,0.9557786577082632,0.024148578477069,0.0,1.0,1.0,0.9557786577082632,1.0,2235.0356103049126,9,0.05,3.39,7.355,2.005,8.74,10.745,4.931650000000004,6.111315789473684,5.894210526315789,3.024736842105263,8.98078947368421,12.005526315789474,8.623433379501435,3.2525880064361345,0.1640625
"and(subset_eq(index(cardinality(B), union(A, B)), A), subset_eq(index(cardinality(A), B), index(cardinality(B), union(A, B))))",5051.708544971887,5797.124050613493,0.0,0.8244685359825366,0.6767553293609855,0.0585386080871768,0.8244685359825366,0.8244685359825366,0.6767553293609855,5424.41629779269,11,0.48775,6.804715530497181,5.247565351101999,3.1547924141465913,8.897488467452588,12.052280881599179,7.762611979137278,5.185456320156174,6.652513421181064,2.8013665202537825,9.036603221083455,11.837969741337238,7.663607644910563,2.172737750481407,0.30078125
"and(subset_eq(index(cardinality(B), union(A, B)), A), subset_eq(index(cardinality(A), difference(B, A)), index(cardinality(A), B)))",4437.34603997611,6759.35881562531,0.0,0.0,0.4833707906761186,0.2531442820305009,0.4833707906761186,0.0,0.4833707906761186,5598.35242780071,11,0.646,6.4071207430340555,5.724071207430341,3.2027863777089784,8.928405572755418,12.131191950464396,8.576020030384631,5.187146892655368,6.411016949152542,2.5557909604519775,9.042372881355933,11.59816384180791,7.909561628203833,1.5423468214476366,0.25390625
"and(subset_eq(index(cardinality(B), union(A, B)), A), subset_eq(index(cardinality(A), union(A, B)), difference(A, B)))",5471.891458978411,6886.183753171936,0.0,0.7621813840112105,0.77370707319572,0.079329698520826,0.77370707319572,0.7621813840112105,0.77370707319572,6179.037606075173,10,0.26475,6.649669499527857,5.123701605288008,2.8715769593956564,8.901794145420208,11.773371104815864,8.365302666741565,5.732403944236654,6.270996259775586,3.0105406324379462,8.992859571574295,12.003400204012241,8.548962417513792,1.4754565481791917,0.2799479166666667
"and(subset_eq(index(cardinality(B), union(A, B)), A), subset_eq(index(cardinality(A), union(A, B)), index(cardinality(A), B)))",1675.3271041354383,1409.076190220927,0.0,0.0,0.3912948828538869,0.4406386949944029,0.4406386949944029,0.0,0.4406386949944029,1542.2016471781826,11,0.09725,5.4910025706940875,6.5424164524421595,3.652956298200514,8.380462724935732,12.033419023136247,13.75034529245775,6.027416228191637,5.9052893935198005,2.90058155635558,9.032124065355857,11.932705621711436,8.141349231298088,1.1223806187417815,0.31640625
"and(subset_eq(index(cardinality(B), union(A, B)), A), subset_eq(index(cardinality(B), difference(A, B)), B))",4130.766992944391,6110.959952455014,0.5711208602830229,0.0,0.0421517858294361,0.4645220390131951,0.5711208602830229,0.5711208602830229,0.4645220390131951,5120.8634726997025,9,0.5895,6.091603053435114,6.217133163698049,3.3706530958439354,8.938083121289228,12.308736217133164,7.8710009273108055,5.8081607795371495,5.608404384896468,2.4037758830694274,9.01278928136419,11.416565164433617,9.522997117386051,1.1771753452040672,0.29296875
"and(subset_eq(index(cardinality(B), union(A, B)), B), equals(cardinality(intersection(A, B)), cardinality(difference(A, B))))",2656.1204164086375,3446.889546290273,0.5972180583567732,0.0,0.2254927171594591,0.2254927171594591,0.5972180583567732,0.5972180583567732,0.2254927171594591,3051.504981349455,10,0.102,5.549019607843137,6.017156862745098,2.7745098039215685,8.791666666666666,11.566176470588236,6.2715181660899795,6.023663697104677,5.961581291759465,2.996380846325167,8.988864142538976,11.985244988864142,9.198352965759112,0.5268798867090633,0.3125
"and(subset_eq(index(cardinality(B), union(A, B)), B), greater_than(cardinality(B), cardinality(difference(A, B))))",3387.818440970732,4746.074917548336,1.0,0.0719415819844513,0.0,1.0,1.0,1.0,1.0,4066.946679259534,9,0.5815,5.637145313843508,6.659931212381771,3.2910576096302666,9.006018916595012,12.297076526225279,7.913918994151151,6.445041816009558,5.004778972520908,2.5328554360812428,8.916965352449223,11.449820788530467,8.0868715287145,1.9917570713576078,0.2604166666666667
"and(subset_eq(index(cardinality(B), union(A, B)), B), subset_eq(index(cardinality(A), union(A, B)), index(cardinality(A), difference(B, A))))",1422.9923279513605,1429.0732215190073,0.2933463892433021,0.0,0.1690706906370336,0.3026437863383471,0.3026437863383471,0.2933463892433021,0.3026437863383471,1426.032774735184,12,0.023,5.9021739130434785,5.739130434782608,3.380434782608696,8.26086956521739,11.641304347826088,19.42982041587903,5.976970317297851,5.972620266120778,2.9641760491299896,8.985414534288639,11.949590583418628,8.642076484842061,0.48309764709115166,0.2799479166666667
"and(subset_eq(index(cardinality(B), union(A, B)), B), subset_eq(index(cardinality(A), union(A, B)), intersection(A, B)))",6206.671230648644,7758.788355655968,0.3707398116214305,0.3758685301268697,0.0070090160810935,0.0070090160810935,0.3758685301268697,0.3758685301268697,0.0070090160810935,6982.729793152306,10,0.248,6.104838709677419,6.506048387096774,3.7358870967741935,8.875,12.610887096774194,8.181313410509869,5.93251329787234,5.789561170212766,2.722406914893617,8.99966755319149,11.722074468085106,8.708729071766168,1.2530730459860144,0.28125
"and(subset_eq(index(cardinality(B), union(A, B)), difference(A, B)), subset_eq(index(cardinality(A), union(A, B)), index(cardinality(B), difference(A, B))))",2444.235665945802,2872.086274031317,0.0,0.6134293483614908,0.5567845188797884,0.1797473651824782,0.6134293483614908,0.6134293483614908,0.5567845188797884,2658.1609699885594,13,0.02775,7.333333333333333,3.4234234234234235,2.6216216216216215,8.135135135135135,10.756756756756756,8.680139599058519,5.936487528927745,6.039856004114168,2.9838004628439188,8.992543070197994,11.976343533041913,8.676738876409651,2.987987811824983,0.23697916666666666
"and(subset_eq(index(cardinality(B), union(A, B)), difference(B, A)), greater_than(cardinality(difference(A, B)), cardinality(B)))",2325.453070939053,3129.681913031265,0.4110371580004442,0.669083694690364,0.0,0.0,0.669083694690364,0.669083694690364,0.0,2727.567491985159,10,0.023,6.565217391304348,3.4782608695652173,1.2608695652173914,8.782608695652174,10.043478260869565,5.223062381852551,5.961361310133061,6.0258444216990785,3.014073694984647,8.973132036847492,11.98720573183214,8.794013461089225,3.150959987448823,0.036458333333333336
"and(subset_eq(index(cardinality(B), union(A, B)), difference(B, A)), greater_than(cardinality(difference(B, A)), cardinality(intersection(A, B))))",4261.376242315397,5059.418421145529,0.5524409220678863,0.0324944849804241,0.0,0.7856426026764789,0.7856426026764789,0.5524409220678863,0.7856426026764789,4660.397331730463,11,0.20375,4.580368098159509,6.404907975460123,1.9521472392638037,9.033128834355828,10.985276073619632,6.924566223794674,6.332182103610675,5.855259026687598,3.235164835164835,8.952276295133437,12.187441130298273,8.365759237398581,2.2398884856111168,0.24348958333333334
"and(subset_eq(index(cardinality(B), union(A, B)), difference(B, A)), subset_eq(index(cardinality(A), difference(B, A)), index(cardinality(A), union(A, B))))",4724.302810264751,7610.755227316171,0.4916038481344436,0.0,0.0856365585547138,0.3210536030353689,0.4916038481344436,0.4916038481344436,0.3210536030353689,6167.529018790461,13,0.27925,5.7009847806624885,6.23455684870188,2.9077887197851386,9.02775290957923,11.93554162936437,7.964726786883592,6.0815123135622615,5.863683662851197,2.999306278182449,8.94588969823101,11.945195976413459,9.203970215921242,0.5391878956104523,0.3658854166666667
"and(subset_eq(index(cardinality(B), union(A, B)), difference(B, A)), subset_eq(index(cardinality(B), A), index(cardinality(A), union(A, B))))",4410.182594706304,5348.399013307877,0.7188194119755648,0.0,0.0678210673308643,0.8116758225908755,0.8116758225908755,0.7188194119755648,0.8116758225908755,4879.290804007091,12,0.27325,4.887465690759377,6.8700823421774935,2.789569990850869,8.967978042086003,11.757548032936871,7.437255629059218,6.384244926040592,5.627794977640179,3.042999656002752,8.969040247678018,12.01203990368077,8.427303512428468,1.9615943949851298,0.2942708333333333
"and(subset_eq(index(cardinality(B), union(A, B)), index(cardinality(A), B)), equals(cardinality(A), cardinality(difference(B, A))))",2430.769062966574,3017.5032934760675,0.538100691866125,0.2622994533700268,0.0252236937675079,0.0252236937675079,0.538100691866125,0.538100691866125,0.0252236937675079,2724.1361782213207,11,0.0195,4.269230769230769,6.564102564102564,2.2948717948717947,8.538461538461538,10.833333333333334,5.396120973044049,6.0091789903110655,5.955379908210097,2.987251402345742,8.97730749617542,11.964558898521163,8.923374101974886,1.9690994400189756,0.20703125
"and(subset_eq(index(cardinality(B), union(A, B)), index(cardinality(B), A)), greater_than(cardinality(A), cardinality(difference(B, A))))",1539.3052515311583,1161.903364595535,0.0508679493459793,0.7767351877630444,0.6956882092349328,0.0,0.7767351877630444,0.7767351877630444,0.6956882092349328,1350.6043080633467,11,0.10175,7.3071253071253075,4.557739557739557,3.42014742014742,8.444717444717444,11.864864864864865,10.517829869181192,5.824380740328416,6.1269134428054555,2.923183968828277,9.028110214305594,11.951294183133871,8.146884086468903,2.2153579403531025,0.2825520833333333
"and(subset_eq(index(cardinality(B), union(A, B)), index(cardinality(B), A)), greater_than(cardinality(difference(B, A)), cardinality(intersection(A, B))))",1178.4588352519286,1365.4783236503717,0.5084913952442158,0.0244545894904586,0.0,0.7384011237798402,0.7384011237798402,0.5084913952442158,0.7384011237798402,1271.9685794511502,12,0.019,4.092105263157895,6.4605263157894735,2.1052631578947367,8.447368421052632,10.552631578947368,14.899238227146821,6.011722731906218,5.95769622833843,2.990570846075433,8.978848114169216,11.969418960244647,8.727803028177505,2.1729102664218773,0.19010416666666666
"and(subset_eq(index(cardinality(B), union(A, B)), intersection(A, B)), equals(cardinality(intersection(A, B)), cardinality(difference(A, B))))",2571.651885213447,4673.285952117294,0.5266825348536373,0.0,0.337820477761409,0.337820477761409,0.5266825348536373,0.5266825348536373,0.337820477761409,3622.4689186653704,11,0.05375,5.934883720930233,5.711627906976744,2.9674418604651165,8.679069767441861,11.646511627906976,5.7271173607355355,5.977542932628798,5.981770145310436,2.974108322324967,8.985204755614268,11.959313077939234,9.093359904650423,0.2735709761440506,0.22135416666666666
"and(subset_eq(index(cardinality(B), union(A, B)), intersection(A, B)), greater_than(cardinality(difference(B, A)), cardinality(intersection(A, B))))",3352.5393508737907,5848.16388726607,0.8961666421776507,0.0235372838889561,0.0,0.8411128561270731,0.8961666421776507,0.8961666421776507,0.8411128561270731,4600.35161906993,11,0.09875,4.544303797468355,6.60506329113924,2.2632911392405064,8.886075949367088,11.149367088607596,6.332049351065531,6.132038834951456,5.897364771151179,3.0515950069348126,8.977808599167822,12.029403606102635,8.85812685032554,1.908707083935762,0.1640625
"and(subset_eq(index(cardinality(B), union(A, B)), intersection(A, B)), greater_than(cardinality(intersection(A, B)), cardinality(difference(A, B))))",3115.4230980836146,3857.3075606632046,0.9411273974399136,0.2465697069831611,0.0,0.0,0.9411273974399136,0.9411273974399136,0.0,3486.3653293734096,11,0.20525,6.035322777101096,7.099878197320341,4.314250913520097,8.82095006090134,13.135200974421437,7.401947359285263,5.9597357659641395,5.674740484429066,2.627555835168292,9.006920415224913,11.634476250393206,8.175216783703949,2.2094504258511427,0.2513020833333333
"and(subset_eq(index(cardinality(B), union(A, B)), union(difference(A, B), difference(B, A))), greater_than(cardinality(intersection(A, B)), cardinality(difference(A, B))))",3344.9498535090097,4557.2524532219395,1.0,0.2306557386238201,0.0,0.0,1.0,1.0,0.0,3951.1011533654746,13,0.25075,5.671984047856431,7.243270189431705,3.913260219341974,9.001994017946162,12.915254237288135,6.581084264653704,6.076743410076744,5.540206873540207,2.659325992659326,8.957624290957625,11.61695028361695,8.568593729977316,2.1532779300607134,0.24088541666666666
"and(subset_eq(index(cardinality(B), union(A, B)), union(difference(A, B), difference(B, A))), greater_than(cardinality(intersection(A, B)), cardinality(difference(B, A))))",4213.107548536267,5135.666451307014,0.3135483137465508,0.5823003259031568,0.0,0.0,0.5823003259031568,0.5823003259031568,0.0,4674.38699992164,13,0.228,7.097587719298246,5.833333333333333,3.949561403508772,8.981359649122806,12.930921052631579,7.064757906278896,5.643782383419689,6.006800518134715,2.685556994818653,8.965025906735752,11.650582901554404,8.62527077069178,1.9342564369855249,0.2734375
"and(subset_eq(index(cardinality(B), union(A, B)), union(difference(A, B), difference(B, A))), subset_eq(index(cardinality(B), difference(A, B)), index(cardinality(A), union(A, B))))",4472.294689445291,7015.6991489343345,0.5910381513910565,0.0,0.0388095020021663,0.8801834629444006,0.8801834629444006,0.5910381513910565,0.8801834629444006,5743.996919189813,15,0.59825,5.6527371500208945,6.2252402841621395,2.865858754701212,9.012118679481821,11.877977434183034,7.95270751559989,6.455507156191661,5.583074051026758,3.134411947728687,8.904169259489732,12.038581207218419,9.645325812823364,1.0625149275525265,0.28515625
"and(subset_eq(intersection(A, B), index(cardinality(A), B)), greater_than(cardinality(difference(B, A)), cardinality(intersection(A, B))))",1069.8366871855833,1083.9135853150947,0.2255870796681887,0.0368520840856003,0.0,0.8745286149785269,0.8745286149785269,0.2255870796681887,0.8745286149785269,1076.875136250339,10,0.04125,4.006060606060606,4.2727272727272725,0.23636363636363636,8.042424242424243,8.27878787878788,7.9485766758494005,6.059973924380704,6.040156453715776,3.0915254237288137,9.008604954367666,12.10013037809648,8.512556243615048,3.9362818320100863,0.24348958333333334
"and(subset_eq(intersection(A, B), index(cardinality(A), B)), subset_eq(index(cardinality(A), difference(B, A)), A))",689.5180268124006,1055.619265541729,0.0,0.2831764406821996,0.712999938281333,0.1797473651824782,0.712999938281333,0.2831764406821996,0.712999938281333,872.5686461770648,9,0.02575,4.834951456310679,3.4271844660194173,0.18446601941747573,8.077669902912621,8.262135922330097,6.982750494862856,6.005388760585065,6.034385424685656,3.0474724146779573,8.992301770592764,12.039774185270721,8.66395111640778,4.045272047886231,0.2630208333333333
"and(subset_eq(intersection(A, B), index(cardinality(A), B)), subset_eq(index(cardinality(A), union(A, B)), B))",1503.3623595086392,1641.2560120371636,0.0,0.0,0.5324595320892358,0.8708198667236753,0.8708198667236753,0.0,0.8708198667236753,1572.3091857729014,9,0.02525,3.6435643564356437,4.752475247524752,0.3465346534653465,8.049504950495049,8.396039603960396,8.20860699931379,6.035650166709413,5.998717619902539,3.041805591177225,8.992562195434727,12.034367786611952,8.6780157689008,3.813093232809447,0.2864583333333333
"and(subset_eq(intersection(A, B), index(cardinality(A), B)), subset_eq(index(cardinality(B), A), index(cardinality(A), union(A, B))))",1161.9306906948368,1522.3170792192104,0.4285085230018957,0.0,0.1402538025025926,0.8736412245723091,0.8736412245723091,0.4285085230018957,0.8736412245723091,1342.1238849570236,11,0.0275,3.3454545454545452,5.036363636363636,0.35454545454545455,8.027272727272727,8.381818181818181,6.1540495867768605,6.0496143958868895,5.993573264781491,3.047814910025707,8.995372750642673,12.04318766066838,8.690890887583606,3.934772055564213,0.2591145833333333
"and(subset_eq(intersection(A, B), index(cardinality(A), B)), subset_eq(index(cardinality(B), union(A, B)), difference(A, B)))",1619.170894859999,1612.9502063888358,0.0,0.0,0.6749472514419562,0.7532521490342776,0.7532521490342776,0.0,0.7532521490342776,1616.0605506244174,10,0.01775,4.76056338028169,3.591549295774648,0.11267605633802817,8.23943661971831,8.352112676056338,8.140051577068043,5.997200305421226,6.010180707559176,3.0254517688979385,8.981929244082464,12.007381012980401,8.720315506060906,3.982877244200263,0.2669270833333333
"and(subset_eq(intersection(A, B), index(cardinality(A), union(A, B))), subset_eq(index(cardinality(A), difference(B, A)), index(cardinality(B), union(A, B))))",1520.9402245926321,1766.7914710114128,0.0,0.2956521943778409,0.5882397150376736,0.1287998899399296,0.5882397150376736,0.2956521943778409,0.5882397150376736,1643.8658478020225,13,0.03725,4.906040268456376,3.5503355704697985,0.38926174496644295,8.06711409395973,8.456375838926174,7.087878924372784,6.01661905998442,6.060763438068034,3.0737470786808623,9.003635419371593,12.077382498052454,8.59719231047514,3.8395435715112716,0.2864583333333333
"and(subset_eq(intersection(A, B), index(cardinality(A), union(A, B))), subset_eq(index(cardinality(B), union(A, B)), A))",2048.2366791662644,2294.6740663505625,0.0,0.0,0.5457597635629179,0.6029516480206212,0.6029516480206212,0.0,0.6029516480206212,2171.4553727584134,10,0.026,4.9423076923076925,3.673076923076923,0.3942307692307692,8.221153846153847,8.615384615384615,8.090606508875743,6.00282340862423,6.028490759753593,3.0426078028747434,8.98870636550308,12.031314168377824,8.677486438995022,3.6995363005240463,0.3138020833333333
"and(subset_eq(intersection(A, B), index(cardinality(B), A)), subset_eq(index(cardinality(A), B), index(cardinality(B), union(A, B))))",1425.0879032198864,1337.3295869141002,0.0,0.4285085230018957,0.8736412245723091,0.1402538025025926,0.8736412245723091,0.4285085230018957,0.8736412245723091,1381.2087450669933,11,0.0335,5.074626865671642,3.2238805970149254,0.3208955223880597,7.977611940298507,8.298507462686567,6.647360213856092,6.006466632177962,6.062338334195551,3.065700982928091,9.003103983445422,12.068804966373513,8.60156914686498,4.056984679834702,0.2591145833333333
"and(subset_eq(intersection(A, B), index(cardinality(B), A)), subset_eq(index(cardinality(A), union(A, B)), B))",1391.6515168099431,1660.5847057862557,0.0,0.0,0.7009154585179066,0.6305836057751115,0.7009154585179066,0.0,0.7009154585179066,1526.1181112980994,9,0.021,4.0476190476190474,4.119047619047619,0.21428571428571427,7.9523809523809526,8.166666666666666,8.676870748299324,6.016598569969356,6.006894790602656,3.0329417773237997,8.990551583248212,12.023493360572012,8.703191563173803,3.9224570493868463,0.2877604166666667
"and(subset_eq(intersection(A, B), index(cardinality(B), union(A, B))), greater_than(cardinality(A), cardinality(difference(B, A))))",1619.6220764757602,1774.4190371917798,0.0294776893647559,0.6082306935427881,0.9516260219805428,0.0,0.9516260219805428,0.6082306935427881,0.9516260219805428,1697.0205568337701,10,0.02425,5.381443298969073,3.082474226804124,0.3711340206185567,8.092783505154639,8.463917525773196,6.161972579445212,5.990007686395081,6.038944401742249,3.038431975403536,8.990520112733794,12.02895208813733,8.692475334969389,4.028094448811,0.24348958333333334
"equals(cardinality(A), cardinality(B))",931.272352588654,3120.764891395869,0.2585332880754543,0.2585332880754543,0.008668846511404,0.008668846511404,0.2585332880754543,0.2585332880754543,0.008668846511404,2026.0186219922616,3,0.167,6.0,6.0,3.143712574850299,8.8562874251497,12.0,6.43834486715191,5.970288115246098,5.960684273709484,2.939675870348139,8.991296518607443,11.930972388955583,9.398868370877743,0.2099035474056637,0.4427083333333333
"equals(cardinality(A), cardinality(difference(B, A)))",774.442622499053,1171.4432330446434,0.4678017184336348,0.1346661774312361,0.0132941030712226,0.0132941030712226,0.4678017184336348,0.4678017184336348,0.0132941030712226,972.9429277718482,4,0.09075,4.366391184573002,6.578512396694215,2.212121212121212,8.732782369146005,10.944903581267218,5.1828578800780285,6.135826230409679,5.906241407753643,3.049766290899093,8.99230134726423,12.04206763816332,8.938388778939311,2.0699028822645227,0.3359375
"equals(cardinality(B), cardinality(difference(A, B)))",744.7310785790214,1127.4100495052116,0.1346661774312361,0.4678017184336348,0.0132941030712226,0.0132941030712226,0.4678017184336348,0.4678017184336348,0.0132941030712226,936.0705640421165,4,0.08225,6.437689969604863,4.316109422492401,2.121580547112462,8.632218844984802,10.753799392097264,5.508541125821075,5.933805502587851,6.115227458458186,3.050122582402615,8.998910378643421,12.049032961046036,8.913523734103421,2.0863641999275155,0.3359375
"equals(cardinality(difference(B, A)), cardinality(index(cardinality(B), A)))",727.6254983868366,767.3025183824357,0.1907256479811787,0.3741324384440898,0.0150724555733678,0.0150724555733678,0.3741324384440898,0.3741324384440898,0.0150724555733678,747.4640083846361,6,0.12175,7.328542094455853,4.468172484599589,3.470225872689938,8.326488706365502,11.796714579055442,6.071105414282642,5.787645886706518,6.175064047822374,2.9049245658980927,9.0577853686308,11.962709934528892,8.467359291490151,2.3679960935605386,0.2552083333333333
"equals(cardinality(intersection(A, B)), cardinality(difference(A, B)))",1479.1867502096056,5052.720874770486,0.6013459138087915,0.0,0.1479709544240677,0.1479709544240677,0.6013459138087915,0.6013459138087915,0.1479709544240677,3265.953812490046,5,0.149,5.708053691275167,5.934563758389261,2.8540268456375837,8.788590604026846,11.64261744966443,6.030364623215181,6.022032902467685,5.972972972972973,2.9947121034077555,9.000293772032903,11.995005875440658,9.411208870189498,0.3461943884292072,0.4427083333333333
"equals(cardinality(intersection(A, B)), cardinality(difference(B, A)))",1059.7976463916648,3669.943730088504,0.0,0.6013459138087915,0.1479709544240677,0.1479709544240677,0.6013459138087915,0.6013459138087915,0.1479709544240677,2364.8706882400843,5,0.1675,6.04179104477612,5.695522388059701,2.8477611940298506,8.88955223880597,11.73731343283582,6.154546669636878,5.961861861861862,6.021921921921922,2.999099099099099,8.984684684684686,11.983783783783784,9.457917196475602,0.36854917107160146,0.4427083333333333
"equals(cardinality(intersection(A, B)), cardinality(index(cardinality(A), union(A, B))))",702.6497269850224,615.8990553738258,0.0,0.3525839687313853,0.1037383676414142,0.1037383676414142,0.3525839687313853,0.3525839687313853,0.1037383676414142,659.2743911794241,7,0.1195,4.707112970711297,4.644351464435147,0.997907949790795,8.353556485355648,9.351464435146443,6.883002748551334,6.147359454855196,6.14679159568427,3.24190800681431,9.052243043725156,12.294151050539465,8.394359168829668,3.0605836925328944,0.4427083333333333
"greater_than(cardinality(A), cardinality(B))",334.3723608273731,369.42678958340184,0.0448541549902774,1.0,1.0,0.0,1.0,1.0,1.0,351.89957520538746,3,0.42025,7.11600237953599,4.789411064842356,2.9173111243307557,8.988102320047592,11.905413444378347,6.877101071180412,5.148339801638637,6.821043553255714,3.0146614920224235,8.954721862871928,11.969383354894351,7.033364628885598,2.829965314721015,0.2734375
"greater_than(cardinality(A), cardinality(difference(B, A)))",341.38660605668065,566.2577244549684,0.0979969890136388,1.0,1.0,0.0,1.0,1.0,1.0,453.82216525582453,4,0.80025,6.506091846298032,5.728834739144017,3.223367697594502,9.011558887847547,12.23492658544205,7.867276910204849,3.848560700876095,6.9224030037546935,1.9737171464330412,8.797246558197747,10.77096370463079,5.491842901248567,3.169969004768267,0.2760416666666667
"greater_than(cardinality(B), cardinality(A))",381.5038810383039,493.7786368895613,1.0,0.0448541549902774,0.0,1.0,1.0,1.0,1.0,437.6412589639326,3,0.41275,4.803755299818292,7.1532404603270745,2.9624470018170808,8.994548758328285,11.956995760145366,6.449391573339373,6.7986377181779485,5.133673903788846,2.981694338016177,8.950617283950617,11.932311621966795,7.330146194108957,2.8387630051342625,0.2734375
"greater_than(cardinality(B), cardinality(difference(A, B)))",350.4524908430458,564.8479714172936,1.0,0.0979969890136388,0.0,1.0,1.0,1.0,1.0,457.6502311301697,4,0.80075,5.762098033093975,6.516703090852326,3.2522635029659694,9.026537620980331,12.2788011239463,7.641703176141473,6.831869510664994,3.7590966122961103,1.8544542032622333,8.73651191969887,10.590966122961104,6.072936624008788,3.271494359331519,0.2760416666666667
"greater_than(cardinality(difference(A, B)), cardinality(B))",377.16683867701886,628.8854058305005,0.027555420506497,1.0,1.0,0.0,1.0,1.0,1.0,503.0261222537597,4,0.117,7.108974358974359,3.3675213675213675,1.6666666666666667,8.80982905982906,10.476495726495726,5.747087077215284,5.825028312570781,6.311721404303511,3.146942242355606,8.989807474518686,12.136749716874291,7.936424811687612,3.536671752742198,0.1953125
"greater_than(cardinality(difference(A, B)), cardinality(index(cardinality(A), union(A, B))))",441.970620696211,355.5368517726529,0.0477504640015526,1.0,1.0,0.0,1.0,1.0,1.0,398.7537362344319,7,0.8345,6.2675254643499105,5.671360095865788,2.835230677052127,9.103654883163571,11.938885560215699,7.802898051774871,4.501510574018127,7.459214501510574,3.6722054380664653,8.288519637462235,11.960725075528702,7.009729739597124,2.6487277548347734,0.2734375
"greater_than(cardinality(difference(A, B)), cardinality(index(cardinality(B), union(A, B))))",261.42366579080135,279.26441020361744,0.2054009552984316,1.0,1.0,0.0,1.0,1.0,1.0,270.3440379972094,7,0.833,6.264705882352941,5.669267707082833,2.828031212484994,9.10594237695078,11.933973589435775,7.753516412567436,4.531437125748503,7.453592814371257,3.7005988023952097,8.284431137724551,11.98502994011976,7.197914052135266,2.6361735280672756,0.2109375
"greater_than(cardinality(difference(A, B)), cardinality(intersection(A, B)))",339.5566814445474,396.09703976162564,0.0448541549902774,0.2789681615907471,1.0,0.0,1.0,0.2789681615907471,1.0,367.8268606030865,5,0.42325,6.091553455404608,4.822799763733018,1.8812758417011222,9.033077377436504,10.914353219137626,6.821994181245259,5.88990030342436,6.807108799306459,3.775465973125271,8.92154312960555,12.697009102730819,7.074542735599202,2.7506549395274216,0.2734375
"greater_than(cardinality(difference(B, A)), cardinality(A))",341.9423791193349,530.2616389389514,1.0,0.027555420506497,0.0,1.0,1.0,1.0,1.0,436.1020090291431,4,0.109,3.4174311926605503,7.208715596330276,1.775229357798165,8.850917431192661,10.626146788990825,5.019579580843365,6.288159371492704,5.8153759820426485,3.1203703703703702,8.983164983164983,12.103535353535353,8.127801427417955,3.462929381490178,0.1953125
"greater_than(cardinality(difference(B, A)), cardinality(intersection(A, B)))",375.94663632700303,519.3921362147303,0.2789681615907471,0.0448541549902774,0.0,1.0,1.0,0.2789681615907471,1.0,447.66938627086665,5,0.42,4.843452380952381,6.063690476190477,1.8910714285714285,9.01607142857143,10.907142857142857,6.891525651927525,6.794827586206897,5.897413793103448,3.757758620689655,8.934482758620689,12.692241379310344,7.1851144470867805,2.7055561720723444,0.2734375
"greater_than(cardinality(intersection(A, B)), cardinality(difference(A, B)))",370.9307781948337,409.08720022816857,1.0,0.2789681615907471,0.0,0.0,1.0,1.0,0.0,390.0089892115011,5,0.42775,5.953243717124488,7.111046171829339,4.0964348334307426,8.967855055523087,13.064289888953828,6.773157903905695,5.9916994320664045,5.112276103101792,2.1345565749235473,8.969418960244647,11.103975535168196,7.167568943802268,2.800986778058055,0.2734375
"greater_than(cardinality(intersection(A, B)), cardinality(difference(B, A)))",367.5048170671066,436.89074559961597,0.2789681615907471,1.0,0.0,0.0,1.0,1.0,0.0,402.19778133336126,5,0.4125,7.100606060606061,5.9793939393939395,4.127272727272727,8.952727272727273,13.08,6.829290725436234,5.185106382978724,5.958723404255319,2.1638297872340426,8.98,11.143829787234042,7.240876776822036,2.743114008713656,0.2734375
"greater_than(cardinality(intersection(A, B)), cardinality(index(cardinality(A), difference(B, A))))",649.4011627172267,786.7071755865436,0.684919879279652,1.0,0.0,0.0,1.0,1.0,0.0,718.0541691518852,7,0.9355,6.13148049171566,6.023784072688402,3.1437733832175305,9.011491181186532,12.155264564404062,8.304039317370584,3.7093023255813953,5.147286821705427,0.5077519379844961,8.348837209302326,8.856589147286822,8.015834384952822,3.6856211904110165,0.2578125
"not(equals(cardinality(A), cardinality(B)))",953.2449976436701,2940.080615928324,0.008668846511404,0.008668846511404,0.2585332880754543,0.2585332880754543,0.2585332880754543,0.008668846511404,0.2585332880754543,1946.662806785997,4,0.833,5.970288115246098,5.960684273709484,2.939675870348139,8.991296518607443,11.930972388955583,9.398868370877743,6.0,6.0,3.143712574850299,8.8562874251497,12.0,6.43834486715191,0.2099035474056637,0.4427083333333333
"not(equals(cardinality(intersection(A, B)), cardinality(difference(B, A))))",1710.136791546729,3486.611887853651,0.1479709544240677,0.1479709544240677,0.0,0.6013459138087915,0.6013459138087915,0.1479709544240677,0.6013459138087915,2598.37433970019,6,0.8325,5.961861861861862,6.021921921921922,2.999099099099099,8.984684684684686,11.983783783783784,9.457917196475602,6.04179104477612,5.695522388059701,2.8477611940298506,8.88955223880597,11.73731343283582,6.154546669636878,0.36854917107160146,0.4427083333333333
"not(greater_than(cardinality(A), cardinality(B)))",355.29663456757135,321.78941851383934,1.0,0.0,0.0448541549902774,1.0,1.0,1.0,1.0,338.54302654070534,4,0.57975,5.148339801638637,6.821043553255714,3.0146614920224235,8.954721862871928,11.969383354894351,7.033364628885598,7.11600237953599,4.789411064842356,2.9173111243307557,8.988102320047592,11.905413444378347,6.877101071180412,2.829965314721015,0.2734375
"not(greater_than(cardinality(B), cardinality(A)))",324.6555607541977,440.9665576112275,0.0,1.0,1.0,0.0448541549902774,1.0,1.0,1.0,382.8110591827126,4,0.58725,6.7986377181779485,5.133673903788846,2.981694338016177,8.950617283950617,11.932311621966795,7.330146194108957,4.803755299818292,7.1532404603270745,2.9624470018170808,8.994548758328285,11.956995760145366,6.449391573339373,2.8387630051342625,0.2734375
"not(or(or(subset_eq(A, B), subset_eq(B, A)), subset_eq(A, difference(A, B))))",1225.7765753735557,1421.9214490160493,0.6578957833575159,0.6578957833575159,0.0,0.0,0.6578957833575159,0.6578957833575159,0.0,1323.8490121948025,7,0.90975,6.032426490794174,6.039296510030228,3.010717230008244,9.061005770816159,12.071723000824402,7.840437337231043,5.3988919667590025,5.240997229916897,2.601108033240997,8.038781163434903,10.6398891966759,18.52476577067394,1.09837490314111,0.28125
"not(or(subset_eq(A, B), subset_eq(B, A)))",540.3369224461849,338.1388130365017,0.4318444806994991,0.4318444806994991,0.0,0.0,0.4318444806994991,0.4318444806994991,0.0,439.2378677413433,4,0.94125,5.968658698539176,5.9657370517928285,2.9099601593625497,9.024435590969455,11.934395750332005,8.239188019943107,6.080851063829787,5.991489361702127,3.9957446808510637,8.076595744680851,12.072340425531914,15.93578995020372,1.0918691933556912,0.296875
"not(or(subset_eq(A, difference(A, A)), greater_than(cardinality(B), cardinality(A))))",358.67606501727005,358.4508477700292,0.1008030186282954,1.0,1.0,0.0,1.0,1.0,1.0,358.56345639364963,7,0.58725,6.7986377181779485,5.133673903788846,2.981694338016177,8.950617283950617,11.932311621966795,7.330146194108957,4.803755299818292,7.1532404603270745,2.9624470018170808,8.994548758328285,11.956995760145366,6.449391573339373,2.8387630051342625,0.2760416666666667
"not(or(subset_eq(B, A), greater_than(cardinality(A), cardinality(B))))",445.14054503500074,598.2640809516743,1.0,0.0823922616937382,0.0,1.0,1.0,1.0,1.0,521.7023129933375,6,0.5795,5.147972389991372,6.821397756686799,3.0133735979292493,8.95599654874892,11.969370146678171,7.020566433977761,7.115338882282996,4.79013079667063,2.919143876337693,8.986325802615934,11.905469678953626,6.896521326035982,2.829391386548775,0.2734375
"not(subset_eq(A, B))",193.92435201013996,175.74334415063504,0.1226510324918115,1.0,1.0,0.0,1.0,1.0,1.0,184.8338480803875,2,0.97175,6.031129405711345,5.902238229997427,2.9423720092616414,8.990995626447132,11.933367635708773,8.62616259471567,4.053097345132743,8.20353982300885,4.053097345132743,8.20353982300885,12.256637168141593,6.605685644921295,3.2314564249606885,0.2109375
"not(subset_eq(A, difference(A, B)))",214.69986878218606,146.63453725072418,1.0,1.0,0.0,0.0,1.0,1.0,0.0,180.66720301645512,3,0.96825,6.034082106893881,6.037955073586367,3.0712625871417507,9.000774593338498,12.072037180480248,8.53257901982043,4.181102362204724,3.811023622047244,0.0,7.9921259842519685,7.9921259842519685,8.514105028210054,4.222015099837882,0.2109375
"not(subset_eq(B, A))",215.03577371429674,175.02304855089324,1.0,0.1226510324918115,0.0,1.0,1.0,1.0,1.0,195.029411132595,2,0.96925,5.912819190095434,6.030951766830023,2.9424812999742067,9.00128965695125,11.943770956925459,8.538924521238624,7.943089430894309,3.959349593495935,3.959349593495935,7.943089430894309,11.902439024390244,8.628990680150707,3.073687352611816,0.2109375
"not(subset_eq(difference(A, B), index(cardinality(B), difference(A, B))))",213.85252444249727,189.10022095192107,0.1785956867446673,1.0,0.6111759406728261,0.0,1.0,1.0,0.6111759406728261,201.47637269720917,6,0.97175,6.031129405711345,5.902238229997427,2.9423720092616414,8.990995626447132,11.933367635708773,8.62616259471567,4.053097345132743,8.20353982300885,4.053097345132743,8.20353982300885,12.256637168141593,6.605685644921295,3.2314564249606885,0.2265625
"not(subset_eq(difference(B, A), index(cardinality(A), difference(B, A))))",236.48171656232898,206.46846452638692,1.0,0.1785956867446673,0.0,0.6111759406728261,1.0,1.0,0.6111759406728261,221.47509054435795,6,0.96925,5.912819190095434,6.030951766830023,2.9424812999742067,9.00128965695125,11.943770956925459,8.538924521238624,7.943089430894309,3.959349593495935,3.959349593495935,7.943089430894309,11.902439024390244,8.628990680150707,3.073687352611816,0.2265625
"not(subset_eq(index(cardinality(A), B), index(cardinality(B), union(A, B))))",2369.9981863540743,2684.987830867525,1.0,0.0376238972305325,0.0,1.0,1.0,1.0,1.0,2527.4930086107997,7,0.33575,4.728220402084885,7.2524199553239015,2.93596425912137,9.044676098287416,11.980640357408786,6.313743971249424,6.605570191945803,5.3176514866390665,2.9928490779074144,8.930372600677456,11.92322167858487,7.788546711033316,2.6964805105018312,0.24088541666666666
"not(subset_eq(index(cardinality(A), difference(B, A)), index(cardinality(B), union(A, B))))",1094.325950425875,1456.9101389336863,1.0,0.0250679649554916,0.0,1.0,1.0,1.0,1.0,1275.6180446797807,8,0.0875,3.3485714285714288,7.288571428571428,1.7457142857142858,8.891428571428571,10.637142857142857,4.93970612244898,6.227123287671233,5.840547945205479,3.0915068493150684,8.976164383561644,12.067671232876712,8.254891649465094,3.4919894670730844,0.17447916666666666
"not(subset_eq(index(cardinality(A), union(A, B)), B))",3683.4077715404637,6196.846934323199,0.3747635895159172,0.4218464936697148,0.0,0.0,0.4218464936697148,0.4218464936697148,0.0,4940.127352931831,5,0.321,6.308411214953271,5.373052959501558,2.6370716510903427,9.044392523364486,11.68146417445483,7.646532690870635,5.817746686303387,6.248159057437408,3.1329160530191458,8.93298969072165,12.065905743740796,9.081725106877794,1.119117524321666,0.22005208333333334
"not(subset_eq(index(cardinality(A), union(A, B)), index(cardinality(A), B)))",1210.586461128245,1395.2176755196742,0.3865963068688088,0.4416026626467043,0.0,0.0,0.4416026626467043,0.4416026626467043,0.0,1302.9020683239596,7,0.87425,6.103803259937089,5.853016871604233,2.9187875321704317,9.03803259937089,11.95682013154132,7.959120645016993,5.081510934393638,6.761431411530815,3.355864811133201,8.487077534791252,11.842942345924452,13.118031374378017,1.4357350462395768,0.3190104166666667
"not(subset_eq(index(cardinality(B), A), index(cardinality(B), union(A, B))))",1082.7154499254361,1651.241072754754,0.3729199044715608,0.6213234515653441,0.0,0.0,0.6213234515653441,0.6213234515653441,0.0,1366.978261340095,7,0.331,6.985649546827794,4.984138972809668,2.849697885196375,9.120090634441087,11.969788519637461,6.127336597876996,5.475336322869955,6.453662182361734,3.0351270553064276,8.893871449925262,11.92899850523169,8.776992409973339,2.115402674433837,0.12239583333333333
"not(subset_eq(index(cardinality(B), union(A, B)), B))",2957.208284629043,4839.931345595047,0.0412898892990669,0.7066966098983997,0.6063984596444105,0.0,0.7066966098983997,0.7066966098983997,0.6063984596444105,3898.569815112045,5,0.33425,6.3762154076290205,5.289454001495886,2.6970830216903514,8.968586387434556,11.665669409124906,8.169924629482852,5.7739391663537365,6.3075478783327075,3.112654900488171,8.968832144198272,12.081487044686444,8.772416654198892,1.2537750194133166,0.2643229166666667
"not(subset_eq(index(cardinality(B), union(A, B)), index(cardinality(A), difference(B, A))))",1386.897967680121,2106.514057278866,0.108404117721588,1.0,0.9200584770735712,0.0,1.0,1.0,0.9200584770735712,1746.7060124794934,8,0.95025,6.08392528282031,5.880031570639305,2.9660615627466456,8.99789529071297,11.963956853459615,8.546874598765509,3.899497487437186,7.633165829145729,3.120603015075377,8.412060301507537,11.532663316582914,8.08696750082068,2.8051894021757455,0.2421875
"not(subset_eq(index(cardinality(B), union(A, B)), index(cardinality(B), A)))",1555.9485615651909,867.8747701778284,0.4416026626467043,0.3865963068688088,0.0,0.0,0.4416026626467043,0.4416026626467043,0.0,1211.9116658715097,7,0.8825,5.872521246458923,6.087818696883852,2.9195467422096315,9.040793201133145,11.960339943342776,7.98286608511416,6.746808510638298,5.061702127659575,3.380851063829787,8.427659574468086,11.808510638297872,13.342661837935717,1.4248140619352014,0.3190104166666667
"not(subset_eq(index(cardinality(B), union(A, B)), intersection(A, B)))",3172.429670885562,5477.105219215155,0.0670374126294164,0.4377105822126396,0.6493353819288192,0.0,0.6493353819288192,0.4377105822126396,0.6493353819288192,4324.767445050358,6,0.65075,5.892815981559739,5.772185939300806,2.6465616596235115,9.018440261237034,11.665001920860545,8.492901818862302,6.128847530422334,6.330708661417323,3.583392984967788,8.876163206871869,12.459556191839656,8.721028648668845,1.1159352379619676,0.2981770833333333
"or(and(not(subset_eq(A, B)), equals(cardinality(A), cardinality(B))), greater_than(cardinality(intersection(A, B)), cardinality(difference(A, B))))",2686.1800143778746,4583.835193365812,0.5777344858684901,0.2328425687709048,0.0,0.0,0.5777344858684901,0.5777344858684901,0.0,3635.0076038718435,12,0.518,5.866312741312742,6.822393822393822,3.7422779922779923,8.946428571428571,12.688706563706564,7.269910164577178,6.092323651452282,5.048236514522822,2.1478215767634854,8.992738589211617,11.140560165975105,7.643522085535668,2.3960397211961135,0.3984375
"or(and(not(subset_eq(A, B)), equals(cardinality(A), cardinality(B))), not(subset_eq(A, difference(A, B))))",477.9308228234877,307.41348890140944,0.6045660887070492,0.6045660887070492,0.0,0.0,0.6045660887070492,0.6045660887070492,0.0,392.67215586244856,10,0.974,6.021560574948666,6.02541067761807,3.0531314168377826,8.993839835728952,12.046971252566735,8.58674971750106,4.240384615384615,3.7884615384615383,0.0,8.028846153846153,8.028846153846153,9.22355769230769,4.183077897742756,0.2578125
"or(and(not(subset_eq(A, B)), equals(cardinality(A), cardinality(B))), or(subset_eq(A, difference(A, A)), subset_eq(B, difference(A, A))))",1836.4934719431985,3351.1060636031907,0.0,0.0,0.3501014123335676,0.3501014123335676,0.3501014123335676,0.0,0.3501014123335676,2593.7997677731946,12,0.167,6.00748502994012,5.991017964071856,3.1347305389221556,8.863772455089821,11.998502994011975,6.522253397396789,5.968787515006002,5.962484993997599,2.9414765906362543,8.989795918367347,11.931272509003602,9.384239229905512,0.19914496371092222,0.4505208333333333
"or(and(not(subset_eq(A, B)), equals(cardinality(A), cardinality(B))), subset_eq(A, index(cardinality(A), union(A, B))))",1388.6790506907273,5678.964793672669,0.3841638278445108,0.0,0.1134162981189799,0.4052654259535304,0.4052654259535304,0.3841638278445108,0.4052654259535304,3533.821922181698,11,0.167,5.99251497005988,5.994011976047904,3.1347305389221556,8.85179640718563,11.986526946107784,6.461772562659102,5.971788715486195,5.96188475390156,2.9414765906362543,8.9921968787515,11.933673469387756,9.394938707775884,0.19699955471925198,0.4140625
"or(and(not(subset_eq(A, B)), equals(cardinality(A), cardinality(B))), subset_eq(B, index(cardinality(A), union(A, B))))",1594.29571847451,2781.5219996695523,0.0,0.3165754212602309,0.3338520561424961,0.3233519916065844,0.3338520561424961,0.3165754212602309,0.3338520561424961,2187.908859072031,11,0.16725,6.010463378176382,5.98355754857997,3.1300448430493275,8.863976083707026,11.994020926756352,6.571577952502574,5.968177724407085,5.963974782347643,2.942359651756229,8.989792854998498,11.93215250675473,9.375805874078996,0.1933837952847491,0.4088541666666667
"or(and(not(subset_eq(A, B)), equals(cardinality(A), cardinality(B))), subset_eq(union(A, B), index(cardinality(A), B)))",1373.5055719468219,4823.8067830838845,0.2798525946675851,0.2514024897738034,0.0543212018313141,0.1960791143763997,0.2798525946675851,0.2798525946675851,0.1960791143763997,3098.656177515353,11,0.16675,6.0,6.0,3.1394302848575713,8.860569715142429,12.0,6.39899840184856,5.97029702970297,5.960696069606961,2.9405940594059405,8.990399039903991,11.930993099309932,9.407033592648162,0.20484850485336434,0.3776041666666667
"or(and(not(subset_eq(A, B)), greater_than(cardinality(B), cardinality(A))), and(subset_eq(A, difference(A, B)), equals(cardinality(A), cardinality(B))))",1102.6653870081245,1359.6247267755389,0.4550143270833273,0.163264634856031,0.0139585444680078,0.0139585444680078,0.4550143270833273,0.4550143270833273,0.0139585444680078,1231.1450568918317,13,0.3905,4.845710627400768,7.028809218950064,2.8418693982074266,9.032650448143405,11.874519846350832,6.234742057279092,6.698933552091878,5.2871205906480725,3.058244462674323,8.927809680065627,11.98605414273995,8.075699160341346,2.5523974328227568,0.2421875
"or(and(not(subset_eq(A, B)), greater_than(cardinality(B), cardinality(A))), equals(cardinality(A), cardinality(difference(B, A))))",1342.4598708816666,1466.5209685755544,0.5836587107642424,0.1171634594142321,0.0094905498450008,0.0094905498450008,0.5836587107642424,0.5836587107642424,0.0094905498450008,1404.4904197286105,11,0.39375,4.84,7.039365079365079,2.8526984126984125,9.026666666666667,11.87936507936508,6.271474326026726,6.712577319587629,5.2709278350515465,3.0523711340206185,8.931134020618556,11.983505154639175,7.995061069189101,2.5833670471981804,0.3515625
"or(and(not(subset_eq(A, B)), greater_than(cardinality(B), cardinality(A))), equals(cardinality(intersection(A, B)), cardinality(difference(A, B))))",2769.890555878781,4872.043318502605,0.4842462297028672,0.0,0.1134162981189799,0.2428798450009772,0.4842462297028672,0.4842462297028672,0.2428798450009772,3820.966937190693,12,0.47075,5.191184280403611,6.770047796070101,2.9670738183749337,8.994158258098778,11.961232076473712,6.660766355988965,6.672649976381672,5.253188474256023,2.9796882380727445,8.94615021256495,11.925838450637695,8.812969396136255,2.1203211865465903,0.4479166666666667
"or(and(not(subset_eq(A, B)), greater_than(cardinality(B), cardinality(A))), greater_than(cardinality(difference(A, B)), cardinality(intersection(A, B))))",1669.0709574450293,3861.6023117079167,0.0508679493459793,0.3203484623850793,0.7527089557183195,0.0,0.7527089557183195,0.3203484623850793,0.7527089557183195,2765.336634576473,12,0.716,5.665851955307263,5.8610335195530725,2.492667597765363,9.034217877094973,11.526885474860336,8.50452764621896,6.755281690140845,6.235035211267606,4.186619718309859,8.803697183098592,12.99031690140845,6.368523420452291,2.048464839640187,0.2890625
"or(and(not(subset_eq(A, B)), greater_than(cardinality(B), cardinality(A))), or(subset_eq(A, difference(A, B)), equals(cardinality(A), cardinality(B))))",1622.9912492423027,1546.6422558383783,0.0,0.0,0.3719926418842383,0.3719926418842383,0.3719926418842383,0.0,0.3719926418842383,1584.8167525403405,13,0.567,5.210758377425044,6.6419753086419755,2.8831569664903,8.96957671957672,11.852733686067019,7.247620447355863,6.976327944572748,5.083718244803695,3.092378752886836,8.967667436489608,12.060046189376443,7.9422359445088215,2.364143550917116,0.4166666666666667
"or(and(not(subset_eq(A, B)), greater_than(cardinality(B), cardinality(A))), subset_eq(B, index(cardinality(A), B)))",633.6199469284948,1580.517386444786,0.0,0.1451385063090728,0.3042353987651875,0.3042353987651875,0.3042353987651875,0.1451385063090728,0.3042353987651875,1107.0686666866404,10,0.385,4.863636363636363,7.070779220779221,2.8824675324675324,9.051948051948052,11.934415584415584,6.117801484230052,6.671138211382114,5.276422764227642,3.0308943089430893,8.916666666666666,11.947560975609756,8.147107872298204,2.5512366669416546,0.2760416666666667
"or(and(not(subset_eq(A, B)), greater_than(cardinality(B), cardinality(A))), subset_eq(index(cardinality(A), union(A, B)), difference(B, A)))",3199.251777732803,5092.672322717379,0.0,0.0,0.5865193923782872,0.3683789095867096,0.5865193923782872,0.0,0.5865193923782872,4145.962050225091,12,0.5605,5.358162355040143,6.499107939339875,2.8969669937555755,8.960303300624442,11.857270294380017,8.490142769494339,6.762229806598407,5.288964732650739,3.0716723549488054,8.979522184300341,12.051194539249147,7.530653951835394,1.861820064466714,0.3203125
"or(and(not(subset_eq(A, B)), greater_than(cardinality(B), cardinality(A))), subset_eq(index(cardinality(A), union(A, B)), index(cardinality(A), difference(B, A))))",1106.056645934039,1864.1313541827403,0.0,0.0,0.5335214066490319,0.2857962737079949,0.5335214066490319,0.0,0.5335214066490319,1485.0940000583896,14,0.417,5.07673860911271,6.851918465227818,2.960431654676259,8.968225419664268,11.928657074340528,7.914568345323756,6.617924528301887,5.334476843910807,2.9832761578044598,8.969125214408233,11.952401372212693,7.68962771669568,2.162962085413279,0.4114583333333333
"or(and(not(subset_eq(A, B)), greater_than(cardinality(B), cardinality(A))), subset_eq(union(A, B), index(cardinality(A), B)))",730.7521982278922,893.5897828208581,0.5349961751054622,0.1202178477811727,0.1076800891218975,0.1076800891218975,0.5349961751054622,0.5349961751054622,0.1076800891218975,812.1709905243752,11,0.38475,4.859649122807017,7.075373619233268,2.884340480831709,9.050682261208577,11.935022742040285,6.049614928472208,6.672897196261682,5.274278748476229,3.0296627387240957,8.917513206013815,11.94717594473791,8.173340437521817,2.559869111496389,0.20572916666666666
"or(and(not(subset_eq(A, B)), greater_than(cardinality(B), cardinality(A))), subset_eq(union(difference(A, B), difference(B, A)), index(cardinality(A), difference(B, A))))",771.597410219867,1237.640285958827,0.3947219388857007,0.1191209212984845,0.0695378377993198,0.1279567804210839,0.3947219388857007,0.3947219388857007,0.1279567804210839,1004.618848089347,14,0.385,4.8603896103896105,7.074675324675325,2.8863636363636362,9.0487012987013,11.935064935064934,6.071955641760845,6.673170731707317,5.273983739837399,3.0284552845528454,8.91869918699187,11.947154471544716,8.162166699715748,2.5590731943414844,0.2760416666666667
"or(and(not(subset_eq(A, B)), subset_eq(A, difference(A, B))), greater_than(cardinality(intersection(A, B)), cardinality(difference(A, B))))",615.1662382884444,1000.1808893679263,0.0953119061371087,0.0953119061371087,0.3785352448819215,0.0,0.3785352448819215,0.0953119061371087,0.3785352448819215,807.6735638281854,11,0.4595,5.830794341675735,6.883025027203482,3.813384113166485,8.90043525571273,12.713819368879216,8.42236084782516,6.098057354301573,5.188714153561517,2.2599444958371877,9.026827012025901,11.28677150786309,6.695987629229518,2.3141507079590626,0.4427083333333333
"or(and(not(subset_eq(A, B)), subset_eq(A, difference(A, B))), subset_eq(index(cardinality(A), union(A, B)), intersection(A, B)))",3607.4661427952815,5682.557610570453,0.0,0.2777449790677199,0.6112764187108178,0.0392124876291127,0.6112764187108178,0.2777449790677199,0.6112764187108178,4645.011876682867,11,0.3835,6.136245110821382,5.948500651890482,3.2900912646675358,8.794654498044329,12.084745762711865,10.044931147786285,5.875101378751014,5.978913219789132,2.7769667477696673,9.077047850770478,11.854014598540147,7.952301174316317,0.5765567993940417,0.3229166666666667
"or(and(not(subset_eq(B, A)), greater_than(cardinality(A), cardinality(B))), and(subset_eq(A, difference(A, B)), equals(cardinality(A), cardinality(B))))",1851.416169883898,1299.398883907037,0.163264634856031,0.4550143270833273,0.0139585444680078,0.0139585444680078,0.4550143270833273,0.4550143270833273,0.0139585444680078,1575.4075268954675,13,0.3955,7.004424778761062,4.841972187104931,2.79582806573957,9.050568900126422,11.846396965865992,6.447409302823631,5.301902398676592,6.70347394540943,3.0901571546732836,8.915219189412738,12.005376344086022,7.949132881935283,2.53976393852889,0.2421875
"or(and(not(subset_eq(B, A)), greater_than(cardinality(A), cardinality(B))), greater_than(cardinality(difference(B, A)), cardinality(A)))",1459.2580971525103,2410.4897789449897,0.3240023557818209,0.0372361885784711,0.0,0.4683176790937836,0.4683176790937836,0.3240023557818209,0.4683176790937836,1934.87393804875,11,0.49875,6.256140350877193,5.369924812030075,2.605012531328321,9.021052631578947,11.626065162907269,9.320197737451403,5.695760598503741,6.561596009975062,3.340648379052369,8.916708229426433,12.257356608478803,7.306587396844492,1.508398425926801,0.3359375
"or(and(not(subset_eq(B, A)), greater_than(cardinality(A), cardinality(B))), or(and(subset_eq(A, B), subset_eq(B, A)), subset_eq(A, difference(A, A))))",745.3995842867844,869.3243069423916,0.2280011382134052,0.0,0.1835677040084006,0.2344820030001855,0.2344820030001855,0.2280011382134052,0.2344820030001855,807.361945614588,13,0.39,7.049358974358975,4.856410256410256,2.8391025641025642,9.066666666666666,11.90576923076923,6.295673076923121,5.288524590163934,6.677459016393443,3.0598360655737706,8.906147540983607,11.965983606557376,8.039920384305344,2.542730735542316,0.3255208333333333
"or(and(not(subset_eq(B, A)), greater_than(cardinality(A), cardinality(B))), or(and(subset_eq(A, B), subset_eq(B, A)), subset_eq(A, difference(A, B))))",1766.6646118465178,2017.1643834976858,0.0,0.0,0.612635404459134,0.612635404459134,0.612635404459134,0.0,0.612635404459134,1891.9144976721018,13,0.40675,6.888752304855562,4.851259987707437,2.722188076213891,9.017824216349108,11.740012292563,7.052039398155561,5.348925410872313,6.732406236831015,3.146228402865571,8.935103244837759,12.08133164770333,7.693802788037784,2.467709114270292,0.3229166666666667
"or(and(not(subset_eq(B, A)), greater_than(cardinality(A), cardinality(B))), subset_eq(A, index(cardinality(A), union(A, B))))",883.8410569220141,1101.7552454200923,0.2802325041670218,0.0,0.1594376926441884,0.5010439061880732,0.5010439061880732,0.2802325041670218,0.5010439061880732,992.7981511710532,11,0.39,7.046153846153846,4.8538461538461535,2.8352564102564104,9.064743589743589,11.9,6.30461374095989,5.290573770491803,6.679098360655738,3.0622950819672132,8.907377049180328,11.969672131147542,8.034491064229986,2.542666627573699,0.3138020833333333
"or(and(not(subset_eq(B, A)), greater_than(cardinality(A), cardinality(B))), subset_eq(A, index(cardinality(B), A)))",831.5873181462375,858.5984719702246,0.1451385063090728,0.0,0.3042353987651875,0.3042353987651875,0.3042353987651875,0.1451385063090728,0.3042353987651875,845.0928950582311,10,0.38975,7.050032071840923,4.855676715843489,2.8370750481077613,9.068633739576653,11.905708787684413,6.273272656729237,5.288816058992216,6.677181482998771,3.0610405571487096,8.904956984842277,11.965997541990987,8.05101837196428,2.5436041378178493,0.2760416666666667
"or(and(not(subset_eq(B, A)), greater_than(cardinality(A), cardinality(B))), subset_eq(difference(A, B), index(cardinality(B), union(A, B))))",1221.3870510798624,2139.1967216683843,0.3016596266988846,0.0,0.1635886594907415,0.6512888085076088,0.6512888085076088,0.3016596266988846,0.6512888085076088,1680.2918863741234,12,0.43275,6.770652801848643,5.1548238012709415,2.9422299248989026,8.983246678220683,11.925476603119584,8.219840666728778,5.368444248567651,6.5870427501101805,2.99779638607316,8.957690612604672,11.955486998677832,7.714142811663839,2.005125326735458,0.34375
"or(and(not(subset_eq(B, A)), greater_than(cardinality(A), cardinality(B))), subset_eq(index(cardinality(B), union(A, B)), B))",3121.626339707873,4975.090550974943,0.4947498862161164,0.0,0.0346185363482574,0.5926495819188993,0.5926495819188993,0.4947498862161164,0.5926495819188993,4048.358445341408,11,0.84875,6.041237113402062,5.942562592047128,3.0026509572901325,8.981148748159058,11.98379970544919,9.041371678440704,5.604958677685951,6.1057851239669425,2.811570247933884,8.899173553719008,11.710743801652892,8.04987091045695,0.5034801941340876,0.265625
"or(and(not(subset_eq(B, A)), greater_than(cardinality(A), cardinality(B))), subset_eq(index(cardinality(B), union(A, B)), index(cardinality(A), difference(B, A))))",2165.9767518028966,2688.6468321047723,0.376499438923394,0.0,0.0745890412563907,0.5721716345722149,0.5721716345722149,0.376499438923394,0.5721716345722149,2427.3117919538345,14,0.4395,6.693401592718999,5.170079635949943,2.869169510807736,8.994311717861207,11.863481228668942,8.338087805332641,5.412132024977699,6.592328278322926,3.0557537912578057,8.948706512042818,12.004460303300624,7.74348202867807,1.9233451587437034,0.3932291666666667
"or(and(not(subset_eq(B, A)), greater_than(cardinality(A), cardinality(B))), subset_eq(intersection(A, B), index(cardinality(A), union(A, B))))",1934.991070577409,2718.9092146372423,0.0,0.0,0.5107617929162838,0.7910083191187903,0.7910083191187903,0.0,0.7910083191187903,2326.9501426073257,12,0.41525,6.828416616496087,4.864539434075858,2.6839253461770016,9.009030704394943,11.692956050571945,7.19028489761028,5.36938862761864,6.750320649850363,3.179563916203506,8.940145361265499,12.119709277469005,7.656674260147458,2.435280488607761,0.3020833333333333
"or(and(not(subset_eq(B, A)), greater_than(cardinality(A), cardinality(B))), subset_eq(union(difference(A, B), difference(B, A)), index(cardinality(B), A)))",715.3318332502145,1157.458842691507,0.1072752210455736,0.4559964755745734,0.0996598362876717,0.0543212018313141,0.4559964755745734,0.4559964755745734,0.0996598362876717,936.3953379708607,13,0.39,7.049358974358975,4.856410256410256,2.8391025641025642,9.066666666666666,11.90576923076923,6.295673076923121,5.288524590163934,6.677459016393443,3.0598360655737706,8.906147540983607,11.965983606557376,8.039920384305344,2.542730735542316,0.3111979166666667
"or(and(not(subset_eq(B, A)), subset_eq(A, difference(A, A))), and(subset_eq(A, difference(A, B)), greater_than(cardinality(A), cardinality(B))))",466.5660959437514,598.1660486669789,0.0016465382718482,0.0016465382718482,0.542871713653027,0.2328014992395989,0.542871713653027,0.0016465382718482,0.542871713653027,532.3660723053652,12,0.01525,5.426229508196721,2.737704918032787,0.0,8.163934426229508,8.163934426229508,5.853802741198603,5.983752221375984,6.017263264788017,3.01980198019802,8.98121350596598,12.001015486164,8.725544755541888,4.492831904833581,0.22395833333333334
"or(and(not(subset_eq(B, A)), subset_eq(A, difference(A, A))), greater_than(cardinality(A), cardinality(difference(B, A))))",413.281563717268,579.0004784712983,0.0072286212096814,0.0072286212096814,0.7395985533460819,0.0474107060626145,0.7395985533460819,0.0072286212096814,0.7395985533460819,496.14102109428313,10,0.80025,6.506091846298032,5.728834739144017,3.223367697594502,9.011558887847547,12.23492658544205,7.867276910204849,3.848560700876095,6.9224030037546935,1.9737171464330412,8.797246558197747,10.77096370463079,5.491842901248567,3.169969004768267,0.3463541666666667
"or(and(not(subset_eq(B, A)), subset_eq(A, difference(A, B))), equals(cardinality(intersection(A, B)), cardinality(difference(A, B))))",1709.5243900797868,1746.121018576785,0.2139229538152529,0.0,0.0719415819844513,0.359076859999487,0.359076859999487,0.2139229538152529,0.359076859999487,1727.822704328286,11,0.1805,5.43213296398892,5.569252077562327,2.35595567867036,8.645429362880886,11.001385041551247,7.964974946478327,6.094874923733984,6.054911531421599,3.109823062843197,9.039963392312385,12.149786455155583,8.986153739631172,1.1150820791534632,0.4166666666666667
"or(and(not(subset_eq(B, A)), subset_eq(A, difference(A, B))), greater_than(cardinality(intersection(A, B)), cardinality(difference(A, B))))",735.8679556453844,968.1833934019087,0.3434942901448493,0.0953119061371087,0.0,0.6081976488297786,0.6081976488297786,0.3434942901448493,0.6081976488297786,852.0256745236466,11,0.45925,5.827980402830702,6.886771910724007,3.815459989112684,8.899292324442024,12.714752313554708,8.367545010933291,6.100323624595469,5.186315302820157,2.2588996763754046,9.027739251040222,11.286638927415627,6.724717750235132,2.32133657899794,0.3697916666666667
"or(and(not(subset_eq(B, A)), subset_eq(A, difference(A, B))), greater_than(cardinality(intersection(A, B)), cardinality(difference(B, A))))",677.5660166699145,1357.932423888953,0.0953119061371087,0.0953119061371087,0.0,0.3785352448819215,0.3785352448819215,0.0953119061371087,0.3785352448819215,1017.7492202794338,11,0.444,6.88963963963964,5.827702702702703,3.8344594594594597,8.882882882882884,12.717342342342342,8.449032647512375,5.245053956834532,6.078687050359712,2.2864208633093526,9.037320143884893,11.323741007194245,6.781777680373671,2.272460936083776,0.4427083333333333
"or(and(not(subset_eq(B, A)), subset_eq(A, difference(A, B))), subset_eq(A, index(cardinality(A), B)))",314.44683841455844,266.5763497705302,0.229543075400268,0.0,0.1309634410898816,1.0,1.0,0.229543075400268,1.0,290.5115940925443,9,0.0315,4.126984126984127,3.8412698412698414,0.0,7.968253968253968,7.968253968253968,8.021164021164026,6.035363964894167,6.0363964894166235,3.0704697986577183,9.001290655653072,12.07176045431079,8.552783485151515,4.229453793531127,0.24869791666666666
"or(and(not(subset_eq(B, A)), subset_eq(A, difference(A, B))), subset_eq(difference(A, B), index(cardinality(B), union(A, B))))",801.8670756115107,403.2517941589804,0.3540561287686871,0.0,0.2839779719749419,1.0,1.0,0.3540561287686871,1.0,602.5594348852455,11,0.07425,4.202020202020202,6.164983164983165,2.255892255892256,8.11111111111111,10.367003367003367,14.813363715720618,6.117472319740751,5.951390764245207,3.031325951930867,9.03753713205509,12.068863083985958,8.170674323881624,2.077468638965517,0.27734375
"or(and(subset_eq(A, B), not(subset_eq(B, A))), greater_than(cardinality(A), cardinality(difference(B, A))))",1042.5511583760926,1609.9626014635433,0.0139585444680078,0.0139585444680078,0.4550143270833273,0.163264634856031,0.4550143270833273,0.0139585444680078,0.4550143270833273,1326.256879919818,9,0.816,6.440870098039215,5.778799019607843,3.2215073529411766,8.998161764705882,12.219669117647058,8.146158666438454,3.910326086956522,6.802989130434782,1.875,8.838315217391305,10.713315217391305,5.125712576795841,3.0439613050541294,0.2421875
"or(and(subset_eq(A, B), not(subset_eq(B, A))), greater_than(cardinality(difference(A, B)), cardinality(intersection(A, B))))",665.1834385715097,877.8264925642434,0.005655307937498,0.005655307937498,0.3565001486062267,0.4909454621253978,0.4909454621253978,0.005655307937498,0.4909454621253978,771.5049655678765,10,0.45125,5.96398891966759,5.0337950138504155,2.0149584487534624,8.982825484764543,10.997783933518006,8.2281075191258,5.9845102505694765,6.7348519362186785,3.7621867881548976,8.957175398633257,12.719362186788155,6.7661512756782844,2.4386108029299116,0.3697916666666667
"or(and(subset_eq(A, B), not(subset_eq(B, A))), not(subset_eq(A, difference(A, B))))",244.8855607173427,232.2910165466801,1.0,0.1594376926441884,0.0,0.2031193622239505,1.0,1.0,0.2031193622239505,238.58828863201143,8,0.96825,6.034082106893881,6.037955073586367,3.0712625871417507,9.000774593338498,12.072037180480248,8.53257901982043,4.181102362204724,3.811023622047244,0.0,7.9921259842519685,7.9921259842519685,8.514105028210054,4.222015099837882,0.21354166666666666
"or(and(subset_eq(A, B), not(subset_eq(B, A))), or(subset_eq(A, difference(A, B)), greater_than(cardinality(A), cardinality(B))))",3196.877511893225,1982.731115315517,0.0,0.0,0.4569347264741208,0.3934885064931497,0.4569347264741208,0.0,0.4569347264741208,2589.8043136043707,11,0.46475,6.78536847767617,4.99677245831092,2.8811188811188813,8.901022054868209,11.78214093598709,8.866921054283967,5.2718355908453995,6.809901914992994,3.0541802895843064,9.027557216254086,12.081737505838394,6.374079519080059,2.3681576124292394,0.3619791666666667
"or(and(subset_eq(A, B), not(subset_eq(B, A))), subset_eq(A, index(cardinality(A), union(A, B))))",349.2697924738559,313.50742943182195,0.862407230143185,0.0,0.1309634410898816,1.0,1.0,0.862407230143185,1.0,331.3886109528389,9,0.02825,4.008849557522124,8.168141592920353,4.0,8.176991150442477,12.176991150442477,6.807580859895058,6.032415744790327,5.9032673012606125,2.943915616156419,8.99176742989452,11.935683046050938,8.622753713423105,3.215554368545906,0.24869791666666666
"or(and(subset_eq(A, B), not(subset_eq(B, A))), subset_eq(B, index(cardinality(B), A)))",814.6569763688422,445.0329944548921,0.0,0.0,0.3041172002524637,0.7542653456910728,0.7542653456910728,0.0,0.7542653456910728,629.8449854118671,8,0.02825,4.097345132743363,8.150442477876107,4.0,8.247787610619469,12.247787610619469,7.800297595739686,6.029843066632364,5.903781836892205,2.943915616156419,8.98970928736815,11.933624903524569,8.613944259787141,3.146004851558518,0.3255208333333333
"or(and(subset_eq(A, B), subset_eq(B, A)), equals(cardinality(A), cardinality(difference(B, A))))",862.6165256463828,1331.6552445980487,0.3885308284562766,0.137204196355325,0.0096708356741531,0.0096708356741531,0.3885308284562766,0.3885308284562766,0.0096708356741531,1097.1358851222158,8,0.091,4.3708791208791204,6.576923076923077,2.2225274725274726,8.725274725274724,10.947802197802197,5.293337157348151,6.135863586358636,5.906215621562156,3.048954895489549,8.993124312431243,12.042079207920793,8.931124671873036,2.0610679123901936,0.3802083333333333
"or(and(subset_eq(A, B), subset_eq(B, A)), greater_than(cardinality(difference(B, A)), cardinality(A)))",391.44147704207353,609.291494647623,0.5601415663504188,0.0,0.1690706906370336,0.7002393803883846,0.7002393803883846,0.5601415663504188,0.7002393803883846,500.3664858448483,8,0.10925,3.4233409610983982,7.205949656750572,1.7848970251716247,8.844393592677346,10.62929061784897,5.140960051107772,6.2882402469828795,5.81532416502947,3.1195621667134437,8.984002245298905,12.10356441201235,8.120399978920823,3.452943413456527,0.2682291666666667
"or(and(subset_eq(A, B), subset_eq(B, A)), subset_eq(A, difference(A, B)))",369.19771137627777,324.18138069328324,0.0,0.0,0.7589763570034376,0.7589763570034376,0.7589763570034376,0.0,0.7589763570034376,346.6895460347805,6,0.032,4.1953125,3.828125,0.046875,7.9765625,8.0234375,9.0054931640625,6.034090909090909,6.037964876033058,3.0705061983471076,9.001549586776859,12.072055785123966,8.525699315065436,4.172150996675775,0.2760416666666667
"or(and(subset_eq(A, difference(A, B)), equals(cardinality(A), cardinality(B))), subset_eq(difference(A, B), index(cardinality(B), A)))",1082.1206043710918,1204.2024863792103,0.4687151077205365,0.0,0.2612002711909482,0.7751554437268062,0.7751554437268062,0.4687151077205365,0.7751554437268062,1143.161545375151,11,0.034,4.029411764705882,7.477941176470588,3.3676470588235294,8.139705882352942,11.507352941176471,10.851102941176478,6.0437370600414075,5.91407867494824,2.9598861283643894,8.99792960662526,11.957815734989648,8.577249007668637,2.5825261461416398,0.3177083333333333
"or(and(subset_eq(A, difference(A, B)), equals(cardinality(A), cardinality(B))), subset_eq(difference(A, B), index(cardinality(B), union(A, B))))",1113.432424065301,1195.124731329197,0.6107105076511337,0.0,0.2588640133378609,0.8808802772117098,0.8808802772117098,0.6107105076511337,0.8808802772117098,1154.278577697249,12,0.04875,4.2,7.4,3.4358974358974357,8.164102564102564,11.6,9.941512163050632,6.0662286465177395,5.893823915900131,2.950065703022339,9.009986859395532,11.960052562417872,8.501643421668355,2.446918108573777,0.2838541666666667
"or(and(subset_eq(A, difference(A, B)), equals(cardinality(A), cardinality(B))), subset_eq(difference(B, A), index(cardinality(A), difference(B, A))))",876.7460030991731,934.1738576201133,0.0,0.6060307765275619,0.8519213398742377,0.3036187234640878,0.8519213398742377,0.6060307765275619,0.8519213398742377,905.4599303596432,12,0.0365,7.308219178082192,3.952054794520548,3.335616438356164,7.924657534246576,11.26027397260274,12.199568399324448,5.924753502854178,6.0435910742086145,2.9600415153087702,9.008303061754022,11.968344577062792,8.489330194011906,2.5356572730965747,0.3046875
"or(and(subset_eq(A, difference(A, B)), equals(cardinality(A), cardinality(B))), subset_eq(index(cardinality(A), union(A, B)), index(cardinality(A), B)))",1847.1600985238001,1886.0190528593666,0.0,0.0,0.4985426780243208,0.4985426780243208,0.4985426780243208,0.0,0.4985426780243208,1866.5895756915834,13,0.1315,5.030418250950571,6.636882129277566,3.209125475285171,8.458174904942966,11.667300380228136,13.470593763101958,6.118307426597582,5.865860679332182,2.93811168681635,9.046056419113414,11.984168105929763,7.901090227295867,1.3606709404944455,0.3385416666666667
"or(and(subset_eq(A, difference(A, B)), greater_than(cardinality(A), cardinality(B))), or(subset_eq(A, B), equals(cardinality(A), cardinality(B))))",2505.968317840314,4590.315932968864,0.0,0.0,0.2696702683110055,0.5025991029503971,0.5025991029503971,0.0,0.5025991029503971,3548.142125404589,12,0.21025,5.696789536266349,6.059453032104638,3.0344827586206895,8.721759809750298,11.756242568370986,9.012440599987807,6.049382716049383,5.942703387147832,2.9575815131370686,9.034504590060145,11.992086103197215,8.835464799518185,0.37929702290419165,0.390625
"or(and(subset_eq(A, difference(A, B)), greater_than(cardinality(A), cardinality(B))), subset_eq(B, index(cardinality(A), B)))",454.18223757130863,421.8848875449312,0.0,0.4704622643648848,1.0,0.4372408482564187,1.0,0.4704622643648848,1.0,438.0335625581199,10,0.01525,5.426229508196721,2.737704918032787,0.0,8.163934426229508,8.163934426229508,5.853802741198603,5.983752221375984,6.017263264788017,3.01980198019802,8.98121350596598,12.001015486164,8.725544755541888,4.492831904833581,0.171875
"or(and(subset_eq(A, difference(A, B)), greater_than(cardinality(A), cardinality(B))), subset_eq(index(cardinality(B), union(A, B)), index(cardinality(A), B)))",3356.785056625551,4095.4008963610977,0.0,0.0,0.232508817849116,0.6170705541338053,0.6170705541338053,0.0,0.6170705541338053,3726.0929764933244,13,0.1205,4.91701244813278,6.564315352697095,2.91701244813278,8.564315352697095,11.481327800829876,10.53366849744322,6.120238772029563,5.885446276293348,2.98152359295054,9.02416145537237,12.005685048322912,8.450988678059918,1.3830323558113666,0.37890625
"or(and(subset_eq(A, difference(A, B)), greater_than(cardinality(A), cardinality(B))), subset_eq(union(difference(A, B), difference(B, A)), index(cardinality(A), B)))",733.9315034468086,846.9710398013522,0.0,0.2976531236629764,0.4983529777914914,0.2700301496883425,0.4983529777914914,0.2976531236629764,0.4983529777914914,790.4512716240804,13,0.01575,5.412698412698413,2.8253968253968256,0.15873015873015872,8.079365079365079,8.238095238095237,7.761148904006044,5.984251968503937,6.01752603505207,3.0187960375920753,8.982981965963932,12.001778003556007,8.713427620403692,4.323926362661411,0.2721354166666667
"or(and(subset_eq(A, difference(A, B)), greater_than(cardinality(A), cardinality(B))), subset_eq(union(difference(A, B), difference(B, A)), index(cardinality(A), difference(B, A))))",640.5191289125569,529.8340833741713,0.0,0.3914397155416557,0.6599558022808313,0.3472462268454183,0.6599558022808313,0.3914397155416557,0.6599558022808313,585.1766061433641,14,0.0155,5.435483870967742,2.7903225806451615,0.0967741935483871,8.129032258064516,8.225806451612904,6.9911550468262185,5.983748095479939,6.017267648552565,3.0190452006094466,8.981970543423058,12.001015744032504,8.71873356476881,4.387873741333214,0.23697916666666666
"or(and(subset_eq(A, difference(A, B)), greater_than(cardinality(B), cardinality(A))), subset_eq(A, index(cardinality(B), union(A, B))))",359.2351900251142,393.42638853147037,0.5155821413010646,0.0,0.6155682611768216,1.0,1.0,0.5155821413010646,1.0,376.3307892782923,11,0.01075,2.558139534883721,5.27906976744186,0.0,7.837209302325581,7.837209302325581,5.328285559762033,6.012383118524134,5.974728329542582,3.0060652009097804,8.981046247156938,11.987111448066717,8.789079904908924,4.631648471361548,0.1796875
"or(and(subset_eq(A, difference(A, B)), greater_than(cardinality(B), cardinality(A))), subset_eq(B, index(cardinality(A), union(A, B))))",485.86832309632473,768.3623186753939,0.0,0.0,0.6854048830178505,1.0,1.0,0.0,1.0,627.1153208858593,11,0.01125,2.8666666666666667,5.066666666666666,0.0,7.933333333333334,7.933333333333334,8.462222222222222,6.010619469026548,5.977496839443742,3.0075853350189634,8.980530973451327,11.98811630847029,8.762239288071683,4.445179453579889,0.22265625
"or(and(subset_eq(A, difference(A, B)), greater_than(cardinality(B), cardinality(A))), subset_eq(difference(B, A), index(cardinality(A), union(A, B))))",895.4506033624557,761.423198090306,0.0,0.0,0.7896326646247447,0.3659527497739698,0.7896326646247447,0.0,0.7896326646247447,828.4369007263808,12,0.05675,6.674008810572687,4.3392070484581495,3.0704845814977975,7.942731277533039,11.013215859030836,13.876884860952073,5.933209647495362,6.065200106016433,2.9679300291545188,9.030479724357276,11.998409753511794,8.34200049748771,1.8810510016907533,0.2994791666666667
"or(and(subset_eq(A, difference(A, B)), greater_than(cardinality(B), cardinality(A))), subset_eq(difference(B, A), index(cardinality(B), union(A, B))))",2061.2625252951257,1987.5627694949512,0.0,0.0,0.6240900233067604,0.2733386622986725,0.6240900233067604,0.0,0.6240900233067604,2024.4126473950384,12,0.05525,6.6923076923076925,4.226244343891403,2.9502262443438916,7.968325791855204,10.918552036199095,13.917159763313622,5.933315691982006,6.069065890447209,2.9751256946282085,9.027255887801006,12.002381582429214,8.350066078041147,1.9931583207646049,0.3580729166666667
"or(and(subset_eq(A, difference(A, B)), greater_than(cardinality(B), cardinality(A))), subset_eq(index(cardinality(A), union(A, B)), index(cardinality(B), A)))",2563.1160442044493,3318.0980624223594,0.0,0.0,0.6170705541338053,0.232508817849116,0.6170705541338053,0.0,0.6170705541338053,2940.6070533134043,13,0.1115,6.7309417040358746,4.887892376681615,3.096412556053812,8.522421524663677,11.61883408071749,10.455528967001149,5.880416432189083,6.102701181767023,2.9583567810917275,9.024760832864379,11.983117613956106,8.437259340494506,1.4893666667290089,0.37890625
"or(and(subset_eq(A, difference(A, B)), greater_than(cardinality(B), cardinality(A))), subset_eq(index(cardinality(A), union(A, B)), index(cardinality(B), difference(A, B))))",1784.638464538897,2428.0170491056347,0.0,0.0,0.7109426468746205,0.259982639705789,0.7109426468746205,0.0,0.7109426468746205,2106.3277568222657,14,0.06125,6.653061224489796,4.093877551020408,2.5551020408163265,8.191836734693878,10.746938775510204,13.555185339441906,5.931025299600533,6.0894806924101195,3.0010652463382157,9.019440745672437,12.020505992010653,8.33363572050423,2.1685596499599766,0.3541666666666667
"or(and(subset_eq(B, A), not(subset_eq(A, B))), equals(cardinality(A), cardinality(difference(B, A))))",1348.9283436104888,2453.8846088802675,0.0,0.2783186153517759,0.4905198405700762,0.0773814376711344,0.4905198405700762,0.2783186153517759,0.4905198405700762,1901.4064762453781,9,0.12125,5.270103092783505,5.9154639175257735,2.647422680412371,8.538144329896907,11.185567010309278,10.93682219151876,6.072546230440968,5.974395448079658,3.0187766714082502,9.028165007112376,12.046941678520627,8.562414363154051,0.886166858495365,0.4791666666666667
"or(and(subset_eq(B, A), not(subset_eq(A, B))), equals(cardinality(B), cardinality(difference(A, B))))",1319.0629951888404,2115.47151602729,0.0,0.7287849763980812,0.6557457202453205,0.0979969890136388,0.7287849763980812,0.7287849763980812,0.6557457202453205,1717.2672556080652,9,0.109,6.83256880733945,4.23394495412844,2.5779816513761467,8.488532110091743,11.06651376146789,7.96428120528576,5.87037037037037,6.179292929292929,3.022166105499439,9.02749719416386,12.0496632996633,8.52341235651191,2.215288786110543,0.3385416666666667
"or(and(subset_eq(B, A), not(subset_eq(A, B))), greater_than(cardinality(B), cardinality(difference(A, B))))",1096.4689067224062,1292.269465835765,0.0139585444680078,0.0139585444680078,0.163264634856031,0.4550143270833273,0.4550143270833273,0.0139585444680078,0.4550143270833273,1194.3691862790856,9,0.81875,5.8112977099236645,6.437862595419848,3.2451908396946565,9.003969465648854,12.249160305343512,8.00150294271883,6.715862068965517,3.8413793103448275,1.7475862068965518,8.809655172413793,10.557241379310344,5.493011177170024,3.13093943817205,0.2421875
"or(and(subset_eq(B, A), not(subset_eq(A, B))), greater_than(cardinality(difference(B, A)), cardinality(intersection(A, B))))",760.8818948053613,1036.0893672850943,0.005655307937498,0.005655307937498,0.4909454621253978,0.3565001486062267,0.4909454621253978,0.005655307937498,0.4909454621253978,898.4856310452278,10,0.4505,5.054384017758046,5.920088790233074,2.029966703662597,8.944506104328523,10.974472807991122,8.507215438266286,6.730209281164695,6.005914467697907,3.7474977252047315,8.98862602365787,12.736123748862603,6.729817660359634,2.4011807866847157,0.3697916666666667
"or(and(subset_eq(B, A), not(subset_eq(A, B))), greater_than(cardinality(intersection(A, B)), cardinality(difference(A, B))))",880.0745430921625,1147.669340695793,0.0773814376711344,0.3895250272174146,0.3508308512958838,0.0,0.3895250272174146,0.3895250272174146,0.3508308512958838,1013.8719418939777,10,0.44575,6.0358945597307905,6.942232192933258,4.049355019629838,8.928771733034212,12.97812675266405,7.5848722700119335,5.9264772214704555,5.183130356337393,2.108705457825891,9.000902119981957,11.109607577807848,6.804645856870547,2.6215514771136528,0.3072916666666667
"or(and(subset_eq(B, A), not(subset_eq(A, B))), or(subset_eq(A, difference(A, A)), greater_than(cardinality(B), cardinality(A))))",736.3953854796137,1065.5722535185923,0.0,0.0,0.2919734750760803,0.4451667192972759,0.4451667192972759,0.0,0.4451667192972759,900.983819499103,11,0.44325,5.020868584320361,6.932318104906938,3.029892836999436,8.923293852227863,11.953186689227298,8.149440962688768,6.735069600359227,5.19892231701841,2.9290525370453526,9.004939380332285,11.933991917377638,6.885830085881104,2.4399415662989146,0.4401041666666667
"or(and(subset_eq(B, A), not(subset_eq(A, B))), subset_eq(A, index(cardinality(A), union(A, B))))",473.01567451613664,490.7366436072689,0.0,0.0,0.6931892959346269,0.3431763597410482,0.6931892959346269,0.0,0.6931892959346269,481.87615906170277,9,0.03075,7.902439024390244,3.926829268292683,3.910569105691057,7.91869918699187,11.829268292682928,8.86311058232533,5.914108847046686,6.031983492391024,2.944028888315708,9.002063451122002,11.94609233943771,8.535562165689548,3.052757965050315,0.3372395833333333
"or(and(subset_eq(B, A), not(subset_eq(A, B))), subset_eq(intersection(A, B), index(cardinality(A), union(A, B))))",1331.569273745139,1635.9681347063743,0.0,0.0,0.7520722473739396,0.4361613889206758,0.7520722473739396,0.0,0.7520722473739396,1483.7687042257567,10,0.07925,5.738170347003154,4.022082018927445,1.7350157728706626,8.025236593059937,9.760252365930599,14.439789429688817,5.995655715449362,6.13467282106978,3.080369264186804,9.049959272332337,12.130328536519142,8.078665993241565,2.517799560897731,0.3203125
"or(and(subset_eq(B, A), not(subset_eq(A, B))), subset_eq(intersection(A, B), index(cardinality(B), union(A, B))))",1530.4849273410564,1670.4862833787702,0.0,0.0,1.0,0.3440438337174936,1.0,0.0,1.0,1600.4856053599133,10,0.07875,5.6571428571428575,4.0,1.7396825396825397,7.917460317460318,9.657142857142857,14.441320231796421,6.002442333785617,6.135413839891452,3.0792401628222525,9.058616010854816,12.137856173677068,8.077296900228074,2.5443346127978996,0.3059895833333333
"or(equals(cardinality(A), cardinality(B)), and(not(subset_eq(A, B)), subset_eq(A, difference(A, B))))",5609.022496359965,6938.396383589599,0.0,0.2775657996171689,0.4043028631664712,0.0745890412563907,0.4043028631664712,0.2775657996171689,0.4043028631664712,6273.709439974782,9,0.193,5.762953367875648,5.7020725388601035,2.7202072538860103,8.744818652849741,11.465025906735752,8.369986442589077,6.026022304832714,6.030669144981412,3.0343866171003717,9.022304832713754,12.056691449814126,9.018062791651099,0.5252520037238746,0.4401041666666667
"or(equals(cardinality(A), cardinality(B)), greater_than(cardinality(intersection(A, B)), cardinality(difference(A, B))))",2619.9128895460035,3748.3592498477083,0.4422606268684248,0.1465563392409962,0.0035844535761702,0.0035844535761702,0.4422606268684248,0.4422606268684248,0.0035844535761702,3184.136069696856,9,0.518,5.866312741312742,6.822393822393822,3.7422779922779923,8.946428571428571,12.688706563706564,7.269910164577178,6.092323651452282,5.048236514522822,2.1478215767634854,8.992738589211617,11.140560165975105,7.643522085535668,2.3960397211961135,0.4010416666666667
"or(equals(cardinality(A), cardinality(B)), subset_eq(A, index(cardinality(A), B)))",2088.3975646985346,3284.9185505483183,0.3481971676828731,0.0,0.0979969890136388,0.2943917329786436,0.3481971676828731,0.3481971676828731,0.2943917329786436,2686.6580576234264,7,0.167,6.0,6.0,3.143712574850299,8.8562874251497,12.0,6.43834486715191,5.970288115246098,5.960684273709484,2.939675870348139,8.991296518607443,11.930972388955583,9.398868370877743,0.2099035474056637,0.4817708333333333
"or(equals(cardinality(A), cardinality(B)), subset_eq(A, index(cardinality(A), union(A, B))))",1277.7637287058424,4505.3726006873185,0.3694400847721967,0.0,0.0914944399762991,0.353363351461331,0.3694400847721967,0.3694400847721967,0.353363351461331,2891.5681646965804,8,0.16725,5.992526158445441,5.9940209267563525,3.1390134529147984,8.847533632286995,11.986547085201794,6.500897084419789,5.971780246172321,5.961873311317922,2.9405583908736115,8.993095166616632,11.933653557490244,9.386764130267853,0.20210955866606736,0.46875
"or(equals(cardinality(A), cardinality(B)), subset_eq(A, index(cardinality(B), A)))",1504.3693047476409,2075.0238668292295,0.3022206579957582,0.0,0.2654877929953022,0.2654877929953022,0.3022206579957582,0.3022206579957582,0.2654877929953022,1789.6965857884352,7,0.167,6.0,6.0,3.143712574850299,8.8562874251497,12.0,6.43834486715191,5.970288115246098,5.960684273709484,2.939675870348139,8.991296518607443,11.930972388955583,9.398868370877743,0.2099035474056637,0.4817708333333333
"or(equals(cardinality(A), cardinality(B)), subset_eq(difference(B, A), index(cardinality(A), difference(B, A))))",1549.5690518299853,3414.209538762516,0.0,0.5721716345722149,0.4798883253602031,0.1923739248952548,0.5721716345722149,0.5721716345722149,0.4798883253602031,2481.8892952962506,9,0.1975,6.30253164556962,5.682278481012658,3.267088607594937,8.717721518987341,11.984810126582278,8.186736099983946,5.894704049844237,6.037383177570093,2.9015576323987537,9.030529595015576,11.93208722741433,8.952812957948861,0.652714016380962,0.3828125
"or(equals(cardinality(A), cardinality(B)), subset_eq(index(cardinality(A), union(A, B)), intersection(A, B)))",6442.337297348306,8267.9410129413,0.0,0.4507149585668139,0.3545897416664956,0.0434802888137196,0.4507149585668139,0.4507149585668139,0.3545897416664956,7355.139155144803,9,0.45675,6.209085933223864,6.0711548987411055,3.3929939792008756,8.887246852764093,12.28024083196497,8.297519809438654,5.778647031753336,5.879889553612517,2.621260929590428,9.037275655775426,11.658536585365853,8.955408689965505,0.9041194500768991,0.3619791666666667
"or(equals(cardinality(B), cardinality(difference(A, B))), equals(cardinality(intersection(A, B)), cardinality(difference(B, A))))",9256.692649140954,7706.898306345566,0.0,0.4046596002223287,0.2343736991232816,0.0856365585547138,0.4046596002223287,0.4046596002223287,0.2343736991232816,8481.79547774326,10,0.2355,6.160297239915074,5.301486199575372,2.6380042462845013,8.823779193205946,11.461783439490446,6.577136327369604,5.918247220405494,6.172334859385219,3.0771746239372137,9.0134074558535,12.090582079790712,9.435679115902168,1.0049060756333508,0.5208333333333334
"or(equals(cardinality(intersection(A, B)), cardinality(difference(A, B))), greater_than(cardinality(B), cardinality(difference(A, B))))",617.2319114399015,783.4060025919316,1.0,0.0,0.038015294801239,0.7054072644709242,1.0,1.0,0.7054072644709242,700.3189570159166,10,0.8045,5.769422001243008,6.503418272218769,3.2541951522684895,9.018645121193288,12.272840273461778,7.696962896324847,6.82225063938619,3.760869565217391,1.819693094629156,8.763427109974424,10.583120204603581,5.895268215147722,3.269222798302502,0.2578125
"or(equals(cardinality(intersection(A, B)), cardinality(difference(B, A))), greater_than(cardinality(A), cardinality(difference(B, A))))",499.0453400620263,757.4431940713257,0.0,1.0,0.7054072644709242,0.038015294801239,1.0,1.0,0.7054072644709242,628.244267066676,10,0.8035,6.496577473553205,5.739265712507779,3.2271313005600497,9.008711885500933,12.235843186060983,7.91339035156159,3.8435114503816794,6.899491094147582,1.9376590330788803,8.805343511450381,10.743002544529261,5.355026578352735,3.1697982566894427,0.2578125
"or(equals(cardinality(intersection(A, B)), cardinality(difference(B, A))), greater_than(cardinality(difference(B, A)), cardinality(A)))",1780.5364874079223,2608.411177121685,0.0,0.0,0.1520820071330819,0.7626136596505988,0.7626136596505988,0.0,0.7626136596505988,2194.4738322648036,10,0.2765,5.007233273056058,6.292043399638336,2.4249547920434,8.874321880650994,11.299276672694393,8.153957208584451,6.3451969592259845,5.8431237042156186,3.183483068417415,9.004837595024188,12.188320663441603,8.55410044564714,1.6021987593637619,0.4713541666666667
"or(equals(cardinality(intersection(A, B)), cardinality(difference(B, A))), greater_than(cardinality(intersection(A, B)), cardinality(difference(A, B))))",2258.2292542815476,4778.903661219403,0.0,0.3981069919048405,0.0685801080820563,0.0542380845562755,0.3981069919048405,0.3981069919048405,0.0685801080820563,3518.5664577504754,11,0.53325,6.055321143928738,6.660571964369432,3.7641819034224095,8.951711204875762,12.715893108298172,7.607461081405812,5.883770755222281,5.17514729512587,2.0707016604177824,8.98821638993037,11.058918050348153,7.632995370499218,2.259157213942778,0.4088541666666667
"or(greater_than(cardinality(A), cardinality(B)), equals(cardinality(A), cardinality(difference(B, A))))",1575.1132517864917,3629.7961489686277,0.0,0.397390787661518,0.581092600462711,0.0560291402085666,0.581092600462711,0.397390787661518,0.581092600462711,2602.4547003775597,8,0.511,6.6276908023483365,5.107142857142857,2.7920743639921723,8.942759295499021,11.734833659491194,8.177493862998357,5.293456032719837,6.866053169734151,3.16359918200409,8.995910020449898,12.159509202453988,7.155143212014018,2.2387448712670253,0.4322916666666667
"or(greater_than(cardinality(A), cardinality(B)), greater_than(cardinality(difference(A, B)), cardinality(intersection(A, B))))",1087.9305471465168,1876.7418376587593,0.064761303878577,0.4205964067492933,1.0,0.0,1.0,0.4205964067492933,1.0,1482.336192402638,9,0.57325,6.470126471870912,5.07108591365024,2.5311818578281726,9.01003052769298,11.54121238552115,8.062294295633123,5.310486233157587,7.171060339777387,3.568248388986526,8.913298183948447,12.481546572934974,6.038229846501977,2.6134584488145127,0.3046875
"or(greater_than(cardinality(A), cardinality(B)), greater_than(cardinality(difference(B, A)), cardinality(intersection(A, B))))",1539.2958348073662,2601.7641199268983,0.0066993395239982,0.0066993395239982,0.4975067247003756,0.3100955951008399,0.4975067247003756,0.0066993395239982,0.4975067247003756,2070.5299773671322,9,0.743,5.961978465679677,5.592193808882907,2.5555181695827724,8.998654104979812,11.554172274562584,8.989176458973715,6.0136186770428015,7.051556420233463,4.182879377431907,8.882295719844358,13.065175097276265,4.879568577873984,2.186483579551819,0.3385416666666667
"or(greater_than(cardinality(A), cardinality(B)), greater_than(cardinality(intersection(A, B)), cardinality(difference(A, B))))",2212.6974699290304,2173.953577003733,0.1134162981189799,0.4158710360188781,0.4777512822330119,0.0,0.4777512822330119,0.4158710360188781,0.4777512822330119,2193.3255234663816,9,0.75475,6.379927128188141,5.947002318648559,3.349453461411063,8.977475985425638,12.3269294468367,9.038758943166695,4.72986748216106,6.029561671763506,1.817533129459735,8.941896024464832,10.759429153924566,4.807732233538143,2.2530629786314544,0.3385416666666667
"or(greater_than(cardinality(A), cardinality(B)), subset_eq(difference(A, B), index(cardinality(B), union(A, B))))",1017.2295914444821,1432.4037392899627,0.0,0.0,0.5028811823900272,0.4178831495806946,0.5028811823900272,0.0,0.5028811823900272,1224.8166653672224,9,0.46325,6.8488936859147325,5.075013491635186,3.008094981111711,8.915812196438209,11.92390717754992,8.667826767695447,5.221238938053097,6.737307871448533,2.944108057755007,9.014438751746622,11.95854680950163,6.6195310708565,2.3273540576706893,0.26171875
"or(greater_than(cardinality(A), cardinality(B)), subset_eq(index(cardinality(A), union(A, B)), difference(A, B)))",3504.3822510777245,4614.844619437121,0.0,0.6851644313230456,0.8311173789419066,0.0591890428575874,0.8311173789419066,0.6851644313230456,0.8311173789419066,4059.6134352574227,9,0.5545,6.680342651036971,5.189810640216411,2.87917042380523,8.990982867448151,11.87015329125338,7.7717417376152556,5.097643097643098,6.934904601571268,3.091470258136925,8.941077441077441,12.032547699214366,7.2352153534346755,2.3654517602199405,0.2994791666666667
"or(greater_than(cardinality(A), cardinality(B)), subset_eq(index(cardinality(A), union(A, B)), intersection(A, B)))",4026.580282823532,5622.745961399749,0.0,0.6564601320941037,0.6050046788190615,0.0508679493459793,0.6564601320941037,0.6564601320941037,0.6050046788190615,4824.66312211164,9,0.6195,6.592816787732042,5.508071025020177,3.1440677966101696,8.95682001614205,12.10088781275222,8.612028954069341,4.969776609724048,6.71484888304862,2.6964520367936924,8.988173455978975,11.684625492772668,6.747260071729347,2.0714565132997653,0.3203125
"or(greater_than(cardinality(A), cardinality(B)), subset_eq(index(cardinality(B), union(A, B)), B))",2737.01354882757,4907.780076595023,0.0,0.0,0.4555582931528394,0.4238005749216221,0.4555582931528394,0.0,0.4555582931528394,3822.3968127112967,8,0.8655,6.075678798382438,5.891392258809937,3.008376660889659,8.958694396302715,11.967071057192374,9.247484198332593,5.328996282527881,6.455390334572491,2.7509293680297398,9.033457249070633,11.784386617100372,5.965153881234352,0.9705193030268157,0.14713541666666666
"or(greater_than(cardinality(A), cardinality(B)), subset_eq(intersection(A, B), index(cardinality(A), union(A, B))))",1314.7538534662672,1859.9205913322512,0.0,0.0,0.752510458205607,0.3909803346957364,0.752510458205607,0.0,0.752510458205607,1587.3372223992592,9,0.4455,6.90347923681257,4.804152637485971,2.771604938271605,8.936026936026936,11.70763187429854,7.724395091959635,5.229486023444545,6.901713255184851,3.1361587015329127,8.995040577096484,12.131199278629396,6.631918453899102,2.7083045009067015,0.3098958333333333
"or(greater_than(cardinality(A), cardinality(difference(B, A))), greater_than(cardinality(difference(A, B)), cardinality(intersection(A, B))))",1257.8829885347736,2268.633704522392,0.1725056177751173,0.6771127816308367,1.0,0.0,1.0,0.6771127816308367,1.0,1763.2583465285827,10,0.8755,6.2806967447173045,5.745288406624786,3.0319817247287264,8.994003426613364,12.02598515134209,8.435128853513039,3.8273092369477912,7.528112449799197,2.5642570281124497,8.791164658634537,11.355421686746988,4.222117385203468,3.068605257120089,0.24479166666666666
"or(greater_than(cardinality(B), cardinality(A)), and(not(subset_eq(A, B)), subset_eq(B, difference(A, A))))",489.8481128433268,501.0000871064549,0.003151869250567,0.003151869250567,0.0779709358082915,0.712731715714571,0.712731715714571,0.003151869250567,0.712731715714571,495.42409997489085,9,0.413,4.8075060532687655,7.148910411622276,2.9606537530266346,8.995762711864407,11.956416464891042,6.514599663479295,6.796848381601363,5.135860306643952,2.982964224872232,8.949744463373083,11.932708688245315,7.303733432200839,2.830256416228567,0.3489583333333333
"or(greater_than(cardinality(B), cardinality(A)), equals(cardinality(B), cardinality(difference(A, B))))",1583.277852907242,3378.3740297083277,0.397390787661518,0.0,0.0560291402085666,0.581092600462711,0.581092600462711,0.397390787661518,0.581092600462711,2480.825941307785,8,0.495,5.075252525252525,6.681818181818182,2.8227272727272728,8.934343434343434,11.757070707070707,7.809932149780639,6.857425742574257,5.266831683168316,3.121782178217822,9.002475247524753,12.124257425742574,7.4199818645231,2.2951605617904516,0.4322916666666667
"or(greater_than(cardinality(B), cardinality(A)), equals(cardinality(intersection(A, B)), cardinality(difference(B, A))))",4270.192710768315,3409.6489588076947,0.0,0.0,0.1098466494515627,0.7755355718557815,0.7755355718557815,0.0,0.7755355718557815,3839.920834788005,9,0.51825,5.14278822961891,6.68113844669561,2.851423058369513,8.972503617945007,11.82392667631452,7.419477075178575,6.870783601453036,5.199273482096523,3.1053450960041515,8.964711987545407,12.070057083549559,7.814837844963405,2.290495182178504,0.4088541666666667
"or(greater_than(cardinality(B), cardinality(A)), greater_than(cardinality(difference(B, A)), cardinality(intersection(A, B))))",1053.0986435238656,1840.9055372954463,0.4205964067492933,0.064761303878577,0.0,1.0,1.0,0.4205964067492933,1.0,1447.002090409656,9,0.571,5.087565674255692,6.452276707530648,2.5359019264448337,9.003940455341507,11.53984238178634,8.003043712293909,7.156759906759906,5.321678321678322,3.5565268065268065,8.921911421911421,12.478438228438229,6.273408506800083,2.5693370015945614,0.3046875
"or(greater_than(cardinality(B), cardinality(A)), subset_eq(A, index(cardinality(B), union(A, B))))",368.219577922659,443.36694450881987,0.8040462194196067,0.0,0.1800249424657446,1.0,1.0,0.8040462194196067,1.0,405.79326121573945,8,0.41275,4.803755299818292,7.1532404603270745,2.9624470018170808,8.994548758328285,11.956995760145366,6.449391573339373,6.7986377181779485,5.133673903788846,2.981694338016177,8.950617283950617,11.932311621966795,7.330146194108957,2.8387630051342625,0.296875
"or(greater_than(cardinality(B), cardinality(A)), subset_eq(B, index(cardinality(B), A)))",434.7545568660862,533.365265817396,0.0,0.0,0.2066787144551994,0.7790522479901814,0.7790522479901814,0.0,0.7790522479901814,484.0599113417411,7,0.413,4.8075060532687655,7.148910411622276,2.9606537530266346,8.995762711864407,11.956416464891042,6.514599663479295,6.796848381601363,5.135860306643952,2.982964224872232,8.949744463373083,11.932708688245315,7.303733432200839,2.830256416228567,0.3880208333333333
"or(greater_than(cardinality(B), cardinality(A)), subset_eq(index(cardinality(B), union(A, B)), A))",3627.333824574889,6290.596157364547,0.0,0.0,0.3290326065869438,0.4555582931528394,0.4555582931528394,0.0,0.4555582931528394,4958.964990969718,8,0.8645,5.909485251590515,6.093695777906304,3.0477154424522848,8.955465587044534,12.003181029496819,9.114483443560278,6.394833948339484,5.160516605166052,2.5018450184501844,9.05350553505535,11.555350553505535,6.3700998080091615,1.1850574862310845,0.17838541666666666
"or(greater_than(cardinality(B), cardinality(A)), subset_eq(index(cardinality(B), union(A, B)), index(cardinality(B), A)))",1211.0721091297446,1506.3087402011151,0.0,0.0,0.3165705048234896,0.4069527239331779,0.4069527239331779,0.0,0.4069527239331779,1358.6904246654299,10,0.50225,5.301144848183176,6.604280736684918,3.0004977600796416,8.904927824788452,11.905425584868093,9.345376368809191,6.655449522852837,5.324460070316424,2.9467604218985435,9.033149171270718,11.979909593169262,6.731882622983721,1.8641270856384182,0.36328125
"or(greater_than(cardinality(B), cardinality(A)), subset_eq(index(cardinality(B), union(A, B)), intersection(A, B)))",4184.205900701694,5203.022122528404,0.6564601320941037,0.0,0.0508679493459793,0.6050046788190615,0.6564601320941037,0.6564601320941037,0.6050046788190615,4693.614011615049,9,0.60975,5.526035260352604,6.631406314063141,3.191471914719147,8.965969659696597,12.157441574415744,8.395122918018854,6.677130044843049,4.929532351057015,2.6335682254964765,8.973094170403588,11.606662395900065,6.973461467275117,2.129002281653909,0.3203125
"or(greater_than(cardinality(B), cardinality(difference(A, B))), greater_than(cardinality(difference(B, A)), cardinality(intersection(A, B))))",1691.3140401578994,1719.3835098104319,0.6771127816308367,0.1725056177751173,0.0,1.0,1.0,0.6771127816308367,1.0,1705.3487749841656,10,0.8805,5.772572402044293,6.2688813174332765,3.040885860306644,9.000567859170925,12.04145371947757,8.364984307287521,7.468619246861925,3.7447698744769875,2.4790794979079496,8.734309623430962,11.213389121338912,4.79655468216594,3.092465014371282,0.24479166666666666
"or(greater_than(cardinality(difference(B, A)), cardinality(A)), greater_than(cardinality(intersection(A, B)), cardinality(difference(A, B))))",1194.5245174359795,1378.3918798090017,1.0,0.0625910861426132,0.0,0.5815702960827147,1.0,1.0,0.5815702960827147,1286.4581986224907,10,0.48775,5.641722193746797,7.042029728344438,3.7293695540748333,8.954382368016402,12.683751922091234,8.056041389228358,6.292825768667643,4.943875061005368,2.25427037579307,8.98243045387994,11.236700829673012,6.288157801029486,2.6461493644764205,0.3229166666666667
"or(not(equals(cardinality(A), cardinality(B))), equals(cardinality(intersection(A, B)), cardinality(difference(A, B))))",2167.9202782399952,5172.332864341559,0.0,0.0,0.3213479447620804,0.3213479447620804,0.3213479447620804,0.0,0.3213479447620804,3670.126571290777,10,0.86225,5.95911858509713,5.949840533487968,2.9356335169614383,8.973325601623658,11.908959118585097,9.159367399764069,6.076225045372051,6.076225045372051,3.2123411978221417,8.94010889292196,12.152450090744102,7.318987750369736,0.32596642239594026,0.3151041666666667
"or(not(equals(cardinality(A), cardinality(B))), greater_than(cardinality(intersection(A, B)), cardinality(difference(A, B))))",2550.9139897291607,5107.389074416307,0.0154794839317791,0.0154794839317791,0.2810612189145492,0.2810612189145492,0.2810612189145492,0.0154794839317791,0.2810612189145492,3829.151532072734,10,0.90975,6.026930475405331,6.018136850783182,3.064028579280022,8.98103874690849,12.045067326188514,9.269332468228196,5.454293628808864,5.454293628808864,2.063711911357341,8.844875346260388,10.908587257617729,4.14045318866492,1.2831467465454842,0.3046875
"or(not(equals(cardinality(A), cardinality(B))), subset_eq(difference(A, B), index(cardinality(A), union(A, B))))",1216.8612820934504,3712.3954149074852,0.0,0.0,0.3812990155914417,0.4041702901952516,0.4041702901952516,0.0,0.4041702901952516,2464.628348500468,10,0.834,5.970323741007194,5.960731414868105,2.9424460431654675,8.988609112709833,11.931055155875299,9.416909098620533,6.0,6.0,3.1310240963855422,8.868975903614459,12.0,6.346993395267781,0.1948958293097682,0.2526041666666667
"or(not(equals(cardinality(A), cardinality(B))), subset_eq(difference(B, A), index(cardinality(A), union(A, B))))",1530.9871465052456,3480.8640521141933,0.0,0.0,0.4041702901952516,0.3812990155914417,0.4041702901952516,0.0,0.4041702901952516,2505.9255993097195,10,0.83375,5.969715142428786,5.960119940029985,2.9412293853073463,8.988605697151424,11.929835082458771,9.41353874786759,6.003007518796992,6.003007518796992,3.136842105263158,8.869172932330827,12.006015037593984,6.364425349086998,0.20300754405994198,0.2526041666666667
"or(not(equals(cardinality(A), cardinality(B))), subset_eq(intersection(A, B), index(cardinality(A), union(A, B))))",1559.713118787011,3347.2067183241597,0.0,0.0,0.4007442351527377,0.4007442351527377,0.4007442351527377,0.0,0.4007442351527377,2453.4599185555853,10,0.8415,5.951277480689245,5.941770647653001,2.9132501485442663,8.97979797979798,11.893048128342246,9.450294069985706,6.1025236593059935,6.1025236593059935,3.2949526813880126,8.910094637223974,12.205047318611987,5.897108141189564,0.44092375858078664,0.2786458333333333
"or(not(greater_than(cardinality(A), cardinality(B))), equals(cardinality(intersection(A, B)), cardinality(difference(A, B))))",2237.6287732630517,2751.3718669656664,0.8753910476761732,0.0,0.0372361885784711,0.8618563013818574,0.8753910476761732,0.8753910476761732,0.8618563013818574,2494.500320114359,10,0.6365,5.331893165750197,6.6838177533385705,3.0671641791044775,8.94854673998429,12.015710919088766,7.3382565199388265,7.101788170563961,4.712517193947731,2.810178817056396,9.004126547455297,11.814305364511691,7.162361951756651,2.661690383915142,0.3046875
"or(not(greater_than(cardinality(A), cardinality(B))), equals(cardinality(intersection(A, B)), cardinality(difference(B, A))))",2259.101776739055,3027.6291801268235,0.0,0.0,0.2399961718932828,1.0,1.0,0.0,1.0,2643.365478432939,10,0.656,5.338795731707317,6.554115853658536,2.9272103658536586,8.965701219512194,11.892911585365853,7.62928299050041,7.188953488372093,4.848110465116279,3.0625,8.974563953488373,12.037063953488373,7.21837712107895,2.5202859749221918,0.2916666666666667
"or(not(greater_than(cardinality(A), cardinality(B))), subset_eq(B, index(cardinality(B), A)))",390.3352228432741,478.90581600197766,0.0,0.0,0.2834894600192422,0.8766087079029596,0.8766087079029596,0.0,0.8766087079029596,434.6205194226259,8,0.58,5.150862068965517,6.8181034482758625,3.013362068965517,8.955603448275863,11.96896551724138,7.076163049940614,7.1136904761904765,4.792261904761904,2.919047619047619,8.986904761904762,11.905952380952382,6.844076672335564,2.822343801010005,0.2994791666666667
"or(not(greater_than(cardinality(A), cardinality(B))), subset_eq(index(cardinality(B), union(A, B)), B))",4520.70081026922,4688.646452315152,0.7041902851372797,0.0,0.0307961667342575,0.8213862423818481,0.8213862423818481,0.7041902851372797,0.8213862423818481,4604.673631292186,9,0.80025,5.699156513589504,6.3323961262105595,3.0518587941268356,8.979693845673227,12.031552639800063,8.356747310592255,7.081351689612015,4.504380475594493,2.6608260325406756,8.924906132665832,11.585732165206508,6.887016154423308,2.32486802725464,0.2265625
"or(not(greater_than(cardinality(A), cardinality(B))), subset_eq(index(cardinality(B), union(A, B)), difference(A, B)))",4972.390716171823,5029.337410573382,0.0,0.0,0.2983381719027665,0.7833978362291939,0.7833978362291939,0.0,0.7833978362291939,5000.864063372603,10,0.7795,5.643681847338037,6.227389352148814,2.9239897370109045,8.947081462475946,11.87107119948685,8.750881615614388,7.147392290249433,5.0476190476190474,3.1496598639455784,9.045351473922903,12.19501133786848,6.6612728235662955,1.9245597090664028,0.19921875
"or(not(greater_than(cardinality(A), cardinality(B))), subset_eq(intersection(A, B), index(cardinality(B), A)))",1323.7392566536037,1589.5744777458021,0.0,0.0,0.3670745396362946,0.8651445060992028,0.8651445060992028,0.0,0.8651445060992028,1456.656867199703,9,0.60575,5.163021048287248,6.657036731324804,2.9030127940569543,8.917044985555098,11.820057779612052,7.709503555570095,7.223208623969563,4.907419150285352,3.082435003170577,9.048192771084338,12.130627774254915,6.3551456434823175,2.708823887963433,0.22005208333333334
"or(not(greater_than(cardinality(B), cardinality(A))), subset_eq(A, index(cardinality(B), union(A, B))))",421.41361807837893,411.3944163152337,0.0,0.0,1.0,0.2832693897082358,1.0,0.0,1.0,416.4040171968063,9,0.5875,6.796170212765958,5.134042553191489,2.980425531914894,8.949787234042553,11.930212765957446,7.342100497962894,4.806060606060606,7.153939393939394,2.9642424242424243,8.995757575757576,11.96,6.443151515151458,2.835627159366731,0.2890625
"or(not(greater_than(cardinality(B), cardinality(A))), subset_eq(index(cardinality(A), union(A, B)), union(difference(A, B), difference(B, A))))",3817.0077807072375,5143.241619350389,0.0,0.0,0.7842163829909647,0.3290326065869438,0.7842163829909647,0.0,0.7842163829909647,4480.124700028813,12,0.863,6.10747392815759,5.743916570104288,2.8841251448435687,8.967265353418309,11.851390498261877,8.8522271670813,5.142335766423358,7.374087591240876,3.5383211678832116,8.978102189781023,12.516423357664234,5.898216473973061,2.004225951820334,0.15755208333333334
"or(not(or(subset_eq(A, B), subset_eq(B, A))), subset_eq(A, index(cardinality(A), B)))",716.0371379439512,539.5724772779558,0.4735158735604501,0.0,0.0591890428575874,0.5085941395047752,0.5085941395047752,0.4735158735604501,0.5085941395047752,627.8048076109535,8,0.94125,5.968658698539176,5.9657370517928285,2.9099601593625497,9.024435590969455,11.934395750332005,8.239188019943107,6.080851063829787,5.991489361702127,3.9957446808510637,8.076595744680851,12.072340425531914,15.93578995020372,1.0918691933556912,0.3072916666666667
"or(not(or(subset_eq(A, B), subset_eq(B, A))), subset_eq(union(difference(A, B), difference(B, A)), index(cardinality(A), difference(B, A))))",904.6164887020313,423.97745537661103,0.325638604826033,0.3003936322985151,0.0193697701325527,0.1584481698810289,0.325638604826033,0.325638604826033,0.1584481698810289,664.2969720393212,12,0.9415,5.968667020711631,5.96574614976102,2.9107806691449816,9.023632501327668,11.93441317047265,8.2469256327896,6.081196581196581,5.9914529914529915,3.9871794871794872,8.085470085470085,12.072649572649572,15.932390970852488,1.0825701636193348,0.3854166666666667
"or(not(subset_eq(A, B)), equals(cardinality(A), cardinality(difference(B, A))))",378.8048422222637,426.96181781410996,0.0,0.6974588267206596,0.6990295985738679,0.0324944849804241,0.6990295985738679,0.6974588267206596,0.6990295985738679,402.8833300181868,7,0.975,6.024871794871795,5.910256410256411,2.9464102564102563,8.988717948717948,11.935128205128205,8.655178566732424,4.04,8.19,4.04,8.19,12.23,6.8798,3.2144805807998353,0.2604166666666667
"or(not(subset_eq(A, B)), subset_eq(A, difference(A, A)))",229.95852475932224,249.30782504430044,0.0,0.0,1.0,0.2040489914767815,1.0,0.0,1.0,239.63317490181134,5,0.97175,6.031129405711345,5.902238229997427,2.9423720092616414,8.990995626447132,11.933367635708773,8.62616259471567,4.053097345132743,8.20353982300885,4.053097345132743,8.20353982300885,12.256637168141593,6.605685644921295,3.2314564249606885,0.2109375
"or(not(subset_eq(A, B)), subset_eq(B, difference(A, A)))",216.93633372943168,201.15495896501764,0.0,1.0,1.0,0.0392124876291127,1.0,1.0,1.0,209.04564634722465,5,0.97175,6.031129405711345,5.902238229997427,2.9423720092616414,8.990995626447132,11.933367635708773,8.62616259471567,4.053097345132743,8.20353982300885,4.053097345132743,8.20353982300885,12.256637168141593,6.605685644921295,3.2314564249606885,0.21354166666666666
"or(not(subset_eq(B, A)), greater_than(cardinality(difference(A, B)), cardinality(B)))",322.7877223095147,577.0271178325202,0.0129824627195153,0.0129824627195153,0.2051582791010424,0.5736840131876305,0.5736840131876305,0.0129824627195153,0.5736840131876305,449.90742007101744,7,0.9835,5.945602440264362,5.983223182511439,2.9395017793594307,8.98932384341637,11.9288256227758,8.727881679640934,7.742424242424242,5.015151515151516,5.015151515151516,7.742424242424242,12.757575757575758,5.4651056014692365,2.9110227013123504,0.19791666666666666
"or(not(subset_eq(B, A)), subset_eq(A, difference(A, A)))",216.58218930845578,196.5294393414947,1.0,0.0,0.0392124876291127,1.0,1.0,1.0,1.0,206.55581432497524,5,0.96925,5.912819190095434,6.030951766830023,2.9424812999742067,9.00128965695125,11.943770956925459,8.538924521238624,7.943089430894309,3.959349593495935,3.959349593495935,7.943089430894309,11.902439024390244,8.628990680150707,3.073687352611816,0.21354166666666666
"or(not(subset_eq(B, A)), subset_eq(A, difference(A, B)))",233.54814707987012,172.21174830640302,0.0,0.0,0.2040489914767815,1.0,1.0,0.0,1.0,202.87994769313656,5,0.9695,5.914130995358432,6.0293965961836,2.9417225373904072,9.001805054151625,11.943527591542033,8.55906528702521,7.918032786885246,3.9918032786885247,3.9918032786885247,7.918032786885246,11.90983606557377,8.086132760010747,3.0446803577436765,0.2109375
"or(not(subset_eq(B, A)), subset_eq(index(cardinality(B), A), index(cardinality(B), difference(A, B))))",311.1038738105781,321.08179162873785,0.0,0.0,0.2812871664856798,0.8438149056942132,0.8438149056942132,0.0,0.8438149056942132,316.09283271965796,9,0.973,5.91983556012333,6.015159301130524,2.9385919835560124,8.996402877697841,11.934994861253854,8.624123033096119,7.972222222222222,4.2407407407407405,4.2407407407407405,7.972222222222222,12.212962962962964,7.183984910836768,3.009392567289106,0.19791666666666666
"or(or(and(subset_eq(A, B), subset_eq(B, A)), subset_eq(A, difference(A, A))), greater_than(cardinality(difference(A, B)), cardinality(intersection(A, B))))",402.65780733299835,487.4553500916518,0.0,0.0,0.7812997041024975,0.4822052247931899,0.7812997041024975,0.0,0.7812997041024975,445.05657871232506,12,0.4235,6.091499409681228,4.823494687131051,1.88370720188902,9.031286894923259,10.91499409681228,6.848965513396184,5.889852558542931,6.80745880312229,3.774501300954033,8.922810060711187,12.697311361665221,7.065833765229512,2.7480679378745285,0.3385416666666667
"or(or(and(subset_eq(A, B), subset_eq(B, A)), subset_eq(A, difference(A, B))), equals(cardinality(intersection(A, B)), cardinality(difference(B, A))))",2855.5820223869887,2496.4298975549173,0.0,0.0,0.4171706053608871,0.7899574709699242,0.7899574709699242,0.0,0.7899574709699242,2676.005959970953,12,0.19925,5.739021329987453,5.402760351317441,2.4015056461731494,8.740276035131744,11.141781681304893,7.932198693658311,6.0340305963159535,6.107711520449579,3.116141117702154,9.025600999063379,12.141742116765533,9.013697644720983,1.046274569722466,0.4166666666666667
"or(or(and(subset_eq(A, B), subset_eq(B, A)), subset_eq(A, difference(A, B))), greater_than(cardinality(difference(A, B)), cardinality(B)))",802.1892250056517,930.4767124963982,0.0,0.0,0.77370707319572,0.5748770415214624,0.77370707319572,0.0,0.77370707319572,866.332968751025,11,0.13375,6.603738317757009,3.5495327102803738,1.469158878504673,8.68411214953271,10.153271028037382,7.963944449296881,5.878210678210678,6.340548340548341,3.206060606060606,9.012698412698413,12.21875901875902,7.690968310189081,3.366450091020592,0.3229166666666667
"or(or(and(subset_eq(A, B), subset_eq(B, A)), subset_eq(B, difference(A, A))), equals(cardinality(intersection(A, B)), cardinality(difference(A, B))))",1666.6213319175222,4760.438472558628,0.0,0.0,0.3586396840419807,0.2183069583479177,0.3586396840419807,0.0,0.3586396840419807,3213.529902238075,12,0.1495,5.717391304347826,5.924749163879599,2.8545150501672243,8.7876254180602,11.642140468227424,6.217687721613872,6.020576131687243,5.974720752498531,2.994708994708995,9.000587889476778,11.995296884185773,9.381031180952855,0.33774626760944754,0.515625
"or(or(not(subset_eq(A, B)), subset_eq(A, difference(A, A))), greater_than(cardinality(difference(B, A)), cardinality(A)))",355.34768444624706,579.2977746968681,0.0,0.0,0.7097883049105415,0.2514200584394038,0.7097883049105415,0.0,0.7097883049105415,467.3227295715576,10,0.98425,5.990855981711963,5.932943865887732,2.9413258826517654,8.98247396494793,11.923799847599696,8.76385623738994,5.0,8.11111111111111,5.0,8.11111111111111,13.11111111111111,4.641975308641975,3.1566354312935654,0.1953125
"or(or(not(subset_eq(B, A)), subset_eq(A, difference(A, A))), greater_than(cardinality(difference(A, B)), cardinality(B)))",371.9948805073923,287.5370917951441,0.0,0.0,0.2514200584394038,0.7097883049105415,0.7097883049105415,0.0,0.7097883049105415,329.7659861512682,10,0.9835,5.945602440264362,5.983223182511439,2.9395017793594307,8.98932384341637,11.9288256227758,8.727881679640934,7.742424242424242,5.015151515151516,5.015151515151516,7.742424242424242,12.757575757575758,5.4651056014692365,2.9110227013123504,0.1953125
"or(or(not(subset_eq(B, A)), subset_eq(A, difference(A, B))), subset_eq(difference(A, B), index(cardinality(B), A)))",228.08318449833678,255.54218617488368,0.0,0.0,0.3109794931079218,1.0,1.0,0.0,1.0,241.81268533661023,10,0.96975,5.91415313225058,6.029389017788089,2.94251095643207,9.0010311936066,11.94354215003867,8.5663259992712,7.933884297520661,3.975206611570248,3.975206611570248,7.933884297520661,11.909090909090908,7.960248616897756,3.0603005823153113,0.17317708333333334
"or(or(not(subset_eq(B, A)), subset_eq(A, difference(A, B))), subset_eq(index(cardinality(B), A), B))",781.547471916565,692.2614303322625,0.0,0.0,0.2801079466006853,0.7947338151043377,0.7947338151043377,0.0,0.7947338151043377,736.9044511244138,9,0.9835,5.945094051855618,6.011184544992374,2.967463141840366,8.988815455007625,11.956278596847993,8.742210117162209,7.7727272727272725,3.3484848484848486,3.3484848484848486,7.7727272727272725,11.121212121212121,6.798438934802572,3.2519825345086404,0.140625
"or(or(or(subset_eq(A, B), subset_eq(B, A)), equals(cardinality(A), cardinality(B))), subset_eq(B, index(cardinality(A), union(A, B))))",6792.812751142541,5038.339943514904,0.0,0.0,0.368643843627183,0.3347418500841872,0.368643843627183,0.0,0.368643843627183,5915.5763473287225,12,0.22575,6.023255813953488,5.992248062015504,3.3588039867109636,8.656699889258029,12.015503875968992,9.440003728190355,5.961252825314821,5.959961252825315,2.8614788505004842,9.059735227639651,11.921214078140135,8.585294194002206,0.5022141970858472,0.2669270833333333
"or(or(or(subset_eq(A, B), subset_eq(B, A)), equals(cardinality(A), cardinality(B))), subset_eq(intersection(A, B), index(cardinality(B), A)))",9853.761104434729,9697.926326006651,0.0,0.0,0.5858953623110985,0.5952662055913114,0.5952662055913114,0.0,0.5952662055913114,9775.84371522069,12,0.262,5.8215648854961835,5.676526717557252,2.935114503816794,8.562977099236642,11.498091603053435,10.805192369325813,6.029810298102981,6.070460704607046,2.9874661246612466,9.112804878048781,12.100271002710027,8.134940897173207,0.4486544664101364,0.13541666666666666
"or(or(subset_eq(A, B), equals(cardinality(A), cardinality(B))), greater_than(cardinality(difference(B, A)), cardinality(A)))",2182.04914087669,2751.371335076634,0.7527089557183195,0.0,0.0508679493459793,0.7767351877630444,0.7767351877630444,0.7527089557183195,0.7767351877630444,2466.710237976662,10,0.2915,4.980274442538594,6.566037735849057,2.729845626072041,8.816466552315608,11.54631217838765,8.683715860177884,6.384615384615385,5.720889202540579,3.0741002117148906,9.031404375441072,12.105504587155963,8.230355114251982,1.6748017030928561,0.3359375
"or(or(subset_eq(A, B), equals(cardinality(A), cardinality(B))), subset_eq(B, index(cardinality(B), union(A, B))))",1691.3383264766599,4276.697694693226,0.0,0.0,0.2653379842850872,0.4628646153503533,0.4628646153503533,0.0,0.4628646153503533,2984.018010584943,10,0.1955,5.726342710997442,6.304347826086956,3.2634271099744248,8.767263427109974,12.030690537084398,7.957149678508115,6.035736482287135,5.88533250466128,2.9033561218147916,9.017712865133623,11.921068986948415,9.029053672223396,0.6332057026090148,0.3958333333333333
"or(or(subset_eq(A, B), equals(cardinality(A), cardinality(B))), subset_eq(difference(B, A), index(cardinality(A), union(A, B))))",3388.871380890607,6723.749372445047,0.0,0.0,0.385439500283567,0.3222383001155595,0.385439500283567,0.0,0.385439500283567,5056.310376667827,11,0.24,6.088541666666667,5.902083333333334,3.365625,8.625,11.990625,9.419463975694438,5.939473684210526,5.987828947368421,2.85,9.077302631578947,11.927302631578947,8.531364049515284,0.5435464233575625,0.2513020833333333
"or(or(subset_eq(A, B), equals(cardinality(A), cardinality(B))), subset_eq(index(cardinality(A), union(A, B)), difference(A, B)))",5850.084217609838,8786.05719344318,0.0,0.0,0.434757466811326,0.3527431347656383,0.434757466811326,0.0,0.434757466811326,7318.070705526508,11,0.4915,6.2217700915564595,5.6002034587995935,2.945066124109868,8.876907426246186,11.821973550356052,9.13730157333881,5.736971484759096,6.322025565388397,3.0014749262536875,9.057522123893806,12.058997050147493,8.332332162480737,0.8713430987115606,0.1875
"or(or(subset_eq(A, B), equals(cardinality(A), cardinality(B))), subset_eq(index(cardinality(A), union(A, B)), union(difference(A, B), difference(B, A))))",5459.2510417588055,7624.017260506749,0.0,0.0,0.59727943030858,0.59727943030858,0.59727943030858,0.0,0.59727943030858,6541.634151132777,13,0.754,5.893899204244032,5.871021220159151,2.8239389920424403,8.940981432360743,11.764920424403183,9.178567313848635,6.224593495934959,6.262195121951219,3.432926829268293,9.053861788617887,12.486788617886178,7.747283776191404,0.7957649916207776,0.046875
"or(or(subset_eq(A, B), equals(cardinality(A), cardinality(B))), subset_eq(intersection(A, B), index(cardinality(B), A)))",2486.368913746257,7575.967670638114,0.0,0.0,0.3982543723771392,0.7076952243447964,0.7076952243447964,0.0,0.7076952243447964,5031.168292192186,10,0.23175,5.545846817691478,5.8985976267529665,2.7993527508090614,8.645091693635383,11.444444444444445,9.6798385717228,6.104783599088838,5.987959648551904,3.026358607224211,9.066384640416532,12.092743247640742,8.60881581061094,0.6098586355751714,0.29296875
"or(or(subset_eq(A, B), equals(cardinality(A), cardinality(B))), subset_eq(intersection(A, B), index(cardinality(B), union(A, B))))",3206.826174554095,4588.38811032474,0.0,0.0,0.4128088914602104,0.7061946473398861,0.7061946473398861,0.0,0.7061946473398861,3897.6071424394177,11,0.235,5.471276595744681,5.924468085106383,2.774468085106383,8.62127659574468,11.395744680851063,9.64872566772296,6.130065359477125,5.980392156862745,3.034967320261438,9.075490196078432,12.110457516339869,8.585631594685756,0.7106264761028124,0.2760416666666667
"or(or(subset_eq(A, B), greater_than(cardinality(A), cardinality(B))), equals(cardinality(A), cardinality(difference(B, A))))",2843.861593740381,4066.7281516483054,0.0,0.0,0.4529484102481991,0.4420671644435727,0.4529484102481991,0.0,0.4529484102481991,3455.294872694343,10,0.536,6.506996268656716,5.250932835820896,2.8502798507462686,8.907649253731343,11.757929104477611,9.015315650061321,5.360991379310345,6.794719827586207,3.1163793103448274,9.039331896551724,12.155711206896552,6.820531384698283,1.9409828450422286,0.328125
"or(or(subset_eq(A, B), greater_than(cardinality(A), cardinality(B))), equals(cardinality(intersection(A, B)), cardinality(difference(A, B))))",4813.599361816421,4979.482455777936,0.0,0.0,0.4487280960163041,0.2038205607131679,0.4487280960163041,0.0,0.4487280960163041,4896.540908797178,11,0.54075,6.5584835876098015,5.231622746185853,2.887193712436431,8.902912621359222,11.790106333795654,8.530640031171863,5.288513881328252,6.833424060968971,3.075666848121938,9.046271094175285,12.121937942297224,7.119503557343136,2.0528303947937094,0.28125
"or(or(subset_eq(A, B), greater_than(cardinality(A), cardinality(B))), equals(cardinality(intersection(A, B)), cardinality(difference(B, A))))",3031.594396176195,4348.860005035065,0.0,0.0,0.5295509370721969,0.2351240909922545,0.5295509370721969,0.0,0.5295509370721969,3690.22720060563,11,0.5365,6.684063373718546,5.268406337371855,3.0410065237651445,8.911463187325257,11.952469711090401,8.204650451782232,5.154800431499461,6.7761596548004315,2.8959007551240563,9.035059331175836,11.930960086299892,7.236664304358403,2.1524453295622568,0.296875
"or(or(subset_eq(A, B), greater_than(cardinality(A), cardinality(B))), not(subset_eq(A, difference(A, B))))",324.6681434709126,406.98297873383854,0.0,0.0,0.4560111355236579,0.1746676008380687,0.4560111355236579,0.0,0.4560111355236579,365.82556110237556,9,0.9835,6.024656837824097,5.986781901372649,3.023640061006609,8.987798678190137,12.011438739196747,8.739163017444124,3.0303030303030303,4.803030303030303,0.0,7.833333333333333,7.833333333333333,6.1143250688705235,4.416992391856479,0.1875
"or(or(subset_eq(A, B), greater_than(cardinality(A), cardinality(B))), subset_eq(A, index(cardinality(B), union(A, B))))",748.3406154736981,1246.7020082254458,0.0,0.0,0.5268013014294362,0.3920989738490428,0.5268013014294362,0.0,0.5268013014294362,997.5213118495719,10,0.44875,6.919777158774373,5.005013927576601,2.9871866295264624,8.937604456824513,11.924791086350975,8.335370458019383,5.2063492063492065,6.750566893424036,2.96281179138322,8.994104308390023,11.956916099773242,6.709643409895989,2.446095794825948,0.3385416666666667
"or(or(subset_eq(A, B), greater_than(cardinality(A), cardinality(B))), subset_eq(index(cardinality(A), union(A, B)), difference(B, A)))",4968.458301579114,5931.31243326515,0.0,0.0,0.4877129450645894,0.3491508156880077,0.4877129450645894,0.0,0.4877129450645894,5449.885367422132,11,0.68025,6.219404630650496,5.609702315325248,2.858507901506799,8.970599044468946,11.829106945975743,9.468699557432412,5.455824863174355,6.7279124315871774,3.218921032056294,8.964816262705238,12.183737294761533,6.416718984302254,1.4011943298778806,0.2630208333333333
"or(or(subset_eq(A, B), greater_than(cardinality(A), cardinality(B))), subset_eq(intersection(A, B), index(cardinality(A), B)))",2349.0971200734784,2529.523525664932,0.0,0.0,0.6068625125167084,0.545202558181914,0.6068625125167084,0.0,0.6068625125167084,2439.3103228692053,10,0.47475,6.719852553975777,5.011058451816746,2.8441284886782516,8.88678251711427,11.730911005792523,9.038059165309937,5.302237029985721,6.831508805330795,3.090909090909091,9.042836744407426,12.133745835316516,6.283473724916437,2.3204684719048525,0.2708333333333333
"or(or(subset_eq(A, B), greater_than(cardinality(B), cardinality(A))), greater_than(cardinality(intersection(A, B)), cardinality(difference(A, B))))",1256.643637884908,2343.6985321588872,1.0,0.0,0.0591890428575874,0.7731138385468506,1.0,1.0,0.7731138385468506,1800.1710850218976,11,0.58275,5.515658515658516,6.912483912483912,3.4521664521664523,8.975975975975976,12.428142428142428,7.926964287324614,6.617136009586579,4.647094068304374,2.30557219892151,8.958657878969444,11.264230077890952,5.867959811327122,2.7676564449577494,0.3046875
"or(or(subset_eq(A, B), greater_than(cardinality(B), cardinality(A))), subset_eq(A, index(cardinality(B), union(A, B))))",377.26994204022367,508.0589428091007,0.8638502028636466,0.0,0.2327930680566887,1.0,1.0,0.8638502028636466,1.0,442.6644424246622,10,0.413,4.804479418886198,7.1525423728813555,2.9642857142857144,8.99273607748184,11.957021791767554,6.4691701012492935,6.7989778534923335,5.133304940374787,2.9804088586030666,8.951873935264054,11.93228279386712,7.31749627795885,2.838239554770654,0.2890625
"or(or(subset_eq(A, B), greater_than(cardinality(B), cardinality(A))), subset_eq(B, index(cardinality(B), A)))",384.6781796949508,532.9133314198407,0.0,0.0,0.1917365487353896,0.7861641374628467,0.7861641374628467,0.0,0.7861641374628467,458.79575555739575,9,0.41325,4.808227465214761,7.14821536600121,2.9624924379915307,8.99395039322444,11.956442831215972,6.534337282595683,6.797187899446102,5.135492117596932,2.9816787388155093,8.951001278227524,11.932680017043033,7.291080600587229,2.8297326018095945,0.3645833333333333
"or(or(subset_eq(A, B), greater_than(cardinality(B), cardinality(A))), subset_eq(B, index(cardinality(B), union(A, B))))",522.1206415316701,595.7578033188329,0.0,0.0,0.2963101705284184,0.8032067838100108,0.8032067838100108,0.0,0.8032067838100108,558.9392224252515,10,0.4135,4.809552599758162,7.144498186215236,2.960701330108827,8.993349455864571,11.954050785973397,6.558470981637003,6.797101449275362,5.137254901960785,2.9829497016197783,8.951406649616368,11.934356351236147,7.285119362990423,2.8248665493146095,0.3502604166666667
"or(or(subset_eq(A, B), greater_than(cardinality(B), cardinality(A))), subset_eq(intersection(A, B), index(cardinality(B), A)))",1130.947822202821,1665.62311054756,0.0,0.0,0.4601581352254936,0.8173031139747952,0.8173031139747952,0.0,0.8173031139747952,1398.2854663751905,10,0.44475,4.833052276559865,6.867903316469927,2.776840921866217,8.924114671163576,11.700955593029793,7.700274358174754,6.890139576767222,5.245835209365151,3.131472309770374,9.004502476362,12.135974786132373,6.812770166320019,2.643572682195005,0.3138020833333333
"or(or(subset_eq(A, B), greater_than(cardinality(B), cardinality(A))), subset_eq(intersection(A, B), index(cardinality(B), union(A, B))))",1428.4417425191314,1682.4863113471656,0.0,0.0,0.5000023927089098,0.8303289911266286,0.8303289911266286,0.0,0.8303289911266286,1555.4640269331485,11,0.443,4.824492099322799,6.8876975169300225,2.783860045146727,8.928329571106095,11.712189616252822,7.621943933472355,6.8904847396768405,5.235188509874327,3.1247755834829443,9.000897666068223,12.125673249551166,6.8212967648567115,2.6674585306385437,0.2864583333333333
"or(or(subset_eq(A, B), not(subset_eq(B, A))), equals(cardinality(B), cardinality(difference(A, B))))",360.8239027449017,352.6409845663002,0.8372759896775667,0.0,0.027555420506497,0.8466501660185137,0.8466501660185137,0.8372759896775667,0.8466501660185137,356.73244365560095,9,0.97325,5.9183149242229645,6.021834061135372,2.9460570254302594,8.994091959928076,11.940148985358336,8.581861217044892,8.046728971962617,3.9813084112149535,3.9813084112149535,8.046728971962617,12.02803738317757,8.965149794741901,3.1250018749382797,0.2265625
"or(or(subset_eq(A, B), not(subset_eq(B, A))), subset_eq(B, index(cardinality(B), A)))",222.75957267200283,228.2703628180061,0.0,0.0,0.3453139304742801,0.8574057498098651,0.8574057498098651,0.0,0.8574057498098651,225.51496774500447,8,0.96975,5.91415313225058,6.029389017788089,2.94251095643207,9.0010311936066,11.94354215003867,8.5663259992712,7.933884297520661,3.975206611570248,3.975206611570248,7.933884297520661,11.909090909090908,7.960248616897756,3.0603005823153113,0.1796875
"or(or(subset_eq(A, B), subset_eq(A, difference(A, B))), greater_than(cardinality(difference(A, B)), cardinality(B)))",1291.0147979778467,1755.3227771905804,0.0,0.0,0.5677059303670426,0.7289344859306022,0.7289344859306022,0.0,0.7289344859306022,1523.1687875842135,9,0.16175,6.15919629057187,4.358578052550232,1.9134466769706338,8.604327666151468,10.517774343122102,13.081281100024096,5.939755442886967,6.277661795407098,3.178347748285118,9.039069490008947,12.217417238294065,7.403007611489494,2.3088983126033753,0.34375
"or(or(subset_eq(A, B), subset_eq(A, difference(A, B))), subset_eq(index(cardinality(A), B), A))",2512.3141819339653,3889.9625721899793,0.0,0.0,0.7566930973369748,0.5708840741550897,0.7566930973369748,0.0,0.7566930973369748,3201.1383770619723,8,0.7775,6.329260450160771,5.652733118971061,3.0536977491961417,8.928295819935691,11.981993569131832,8.850444474312813,4.738202247191011,7.0662921348314605,2.69438202247191,9.110112359550563,11.804494382022472,5.4171569246307305,2.15840753520482,0.0625
"or(or(subset_eq(A, B), subset_eq(A, difference(A, B))), subset_eq(index(cardinality(A), union(A, B)), difference(B, A)))",4755.240162951406,7151.410749286413,0.0,0.0,0.6557835809277306,0.6096615123042508,0.6557835809277306,0.0,0.6557835809277306,5953.32545611891,10,0.38625,5.444660194174757,6.122977346278317,2.711326860841424,8.856310679611651,11.567637540453074,10.315648139420277,6.3091649694501015,5.869246435845214,3.1389002036659877,9.039511201629328,12.178411405295316,7.706362923664708,0.9972797224837459,0.21614583333333334
"or(or(subset_eq(A, B), subset_eq(B, A)), equals(cardinality(A), cardinality(B)))",8711.631138175726,3814.033199056401,0.0,0.0,0.3148595174182892,0.3148595174182892,0.3148595174182892,0.0,0.3148595174182892,6262.832168616063,7,0.2255,6.021064301552107,5.9977827050997785,3.3625277161862526,8.656319290465632,12.018847006651885,9.403260062634914,5.961910910264687,5.958360232408006,2.8605551969012266,9.059715945771465,11.920271142672693,8.594335627933766,0.5069809317630121,0.28125
"or(or(subset_eq(A, B), subset_eq(B, A)), not(subset_eq(A, difference(A, B))))",291.55253208085014,217.45963840469403,0.0,0.0,0.2139501896013235,0.2139501896013235,0.2139501896013235,0.0,0.2139501896013235,254.5060852427721,7,0.9685,6.035363964894167,6.0363964894166235,3.0704697986577183,9.001290655653072,12.07176045431079,8.552783485151515,4.126984126984127,3.8412698412698414,0.0,7.968253968253968,7.968253968253968,8.021164021164026,4.229453793531127,0.203125
"or(or(subset_eq(A, B), subset_eq(B, A)), subset_eq(A, difference(A, B)))",1059.959462095756,1657.0008487109471,0.0,0.0,0.6578957833575159,0.6578957833575159,0.6578957833575159,0.0,0.6578957833575159,1358.4801554033515,6,0.09025,5.3988919667590025,5.240997229916897,2.601108033240997,8.038781163434903,10.6398891966759,18.52476577067394,6.032426490794174,6.039296510030228,3.010717230008244,9.061005770816159,12.071723000824402,7.840437337231043,1.09837490314111,0.28125
"or(or(subset_eq(A, B), subset_eq(B, A)), subset_eq(A, index(cardinality(A), union(A, B))))",715.7434970156173,600.7075249160662,0.0,0.0,0.4498742890143293,0.4832770024534935,0.4832770024534935,0.0,0.4832770024534935,658.2255109658417,8,0.059,6.059322033898305,5.97457627118644,3.9788135593220337,8.055084745762711,12.033898305084746,16.04933927032463,5.969978746014878,5.966790648246546,2.9107332624867164,9.026036131774708,11.936769394261423,8.228059241248463,1.0718387749574108,0.30859375
"or(or(subset_eq(A, B), subset_eq(B, difference(A, A))), greater_than(cardinality(intersection(A, B)), cardinality(difference(A, B))))",453.18955601394737,467.53584459497506,0.0,0.0,0.1598527315593798,0.5815702960827147,0.5815702960827147,0.0,0.5815702960827147,460.3627003044612,10,0.428,5.956191588785047,7.106892523364486,4.094042056074766,8.969042056074766,13.063084112149532,6.835515792864012,5.989510489510489,5.114510489510489,2.1354895104895104,8.968531468531468,11.104020979020978,7.140720512005462,2.7940337134308573,0.3385416666666667
"or(or(subset_eq(A, difference(A, A)), equals(cardinality(A), cardinality(B))), subset_eq(difference(B, A), index(cardinality(A), B)))",1892.8022277413183,2789.4086692452256,0.0,0.0,0.4660527335549029,0.2158985121655037,0.4660527335549029,0.0,0.4660527335549029,2341.105448493272,11,0.19775,6.299620733249052,5.68141592920354,3.2680151706700378,8.713021491782554,11.981036662452592,8.208678224206903,5.89529448426301,6.037706450607666,2.90121533187909,9.031785602991587,11.933000934870677,8.945948121718002,0.6518932220836565,0.38671875
"or(or(subset_eq(A, difference(A, A)), equals(cardinality(A), cardinality(B))), subset_eq(index(cardinality(A), union(A, B)), A))",4566.346544177271,6215.938161272556,0.0,0.0,0.613800155563462,0.2321505570767299,0.613800155563462,0.0,0.613800155563462,5391.1423527249135,11,0.72275,6.276374956762366,5.773780698720166,3.097890003459011,8.952265652023522,12.050155655482532,8.55687344675043,5.190261496844004,6.471596032461677,2.650135256988278,9.011722272317403,11.661857529305681,8.47900244007343,1.3664087971056402,0.26171875
"or(or(subset_eq(A, difference(A, A)), equals(cardinality(A), cardinality(B))), subset_eq(index(cardinality(A), union(A, B)), intersection(A, B)))",5543.204854636628,8597.057120151818,0.0,0.0,0.3657297845325318,0.1899323225844884,0.3657297845325318,0.0,0.3657297845325318,7070.130987394223,12,0.45675,6.209085933223864,6.0711548987411055,3.3929939792008756,8.887246852764093,12.28024083196497,8.297519809438654,5.778647031753336,5.879889553612517,2.621260929590428,9.037275655775426,11.658536585365853,8.955408689965505,0.9041194500768991,0.3671875
"or(or(subset_eq(A, difference(A, A)), greater_than(cardinality(A), cardinality(B))), greater_than(cardinality(difference(B, A)), cardinality(A)))",1016.3400403742244,1377.3341786227247,0.0,0.0,0.5626760344497808,0.2606947458382712,0.5626760344497808,0.0,0.5626760344497808,1196.8371094984745,11,0.52925,6.354274917335853,5.287671232876712,2.6820973075106282,8.959848842701936,11.641946150212565,9.853936763572815,5.549123738714817,6.731279872543813,3.3016463090812533,8.978757302177376,12.28040361125863,6.2346878138494475,1.7652521888680661,0.4296875
"or(or(subset_eq(A, difference(A, A)), greater_than(cardinality(B), cardinality(A))), greater_than(cardinality(difference(A, B)), cardinality(intersection(A, B))))",922.3572436934564,1989.8390505550778,0.0,0.0,0.3849028545776011,0.6111759406728261,0.6111759406728261,0.0,0.6111759406728261,1456.0981471242671,12,0.744,5.604502688172043,5.949932795698925,2.550739247311828,9.00369623655914,11.554435483870968,8.925555654916813,7.052734375,6.017578125,4.203125,8.8671875,13.0703125,4.962181091308594,2.198256032630334,0.3359375
"or(or(subset_eq(A, difference(A, B)), equals(cardinality(A), cardinality(B))), equals(cardinality(B), cardinality(difference(A, B))))",2891.102664647711,6577.18263413012,0.0,0.0,0.5519511647539617,0.3609767040876387,0.5519511647539617,0.0,0.5519511647539617,4734.142649388916,11,0.2695,6.00834879406308,5.317254174397031,2.595547309833024,8.730055658627087,11.325602968460112,7.931280354948527,5.963039014373717,6.207049965776865,3.1132785763175908,9.05681040383299,12.170088980150581,9.062089574194918,1.0304538761092012,0.4166666666666667
"or(or(subset_eq(A, difference(A, B)), equals(cardinality(A), cardinality(B))), greater_than(cardinality(difference(A, B)), cardinality(B)))",2125.660389165885,3241.96400822571,0.0,0.0,0.4543918099654392,0.3543789540709861,0.4543918099654392,0.0,0.4543918099654392,2683.8121986957976,11,0.29475,6.314673452078032,4.928753180661578,2.4427480916030535,8.800678541136556,11.24342663273961,9.12741710496308,5.833392414037576,6.401276143211627,3.195675292449486,9.038993264799716,12.234668557249202,8.048988438234971,1.7224560030923626,0.4479166666666667
"or(or(subset_eq(A, difference(A, B)), equals(cardinality(A), cardinality(B))), greater_than(cardinality(difference(B, A)), cardinality(A)))",1950.426519065899,3607.796233324916,0.0,0.0,0.3543789540709861,0.4543918099654392,0.4543918099654392,0.0,0.4543918099654392,2779.1113761954075,11,0.29125,5.00343347639485,6.281545064377682,2.4669527896995707,8.81802575107296,11.284978540772531,9.024077805817004,6.374603174603174,5.838095238095238,3.182010582010582,9.03068783068783,12.212698412698412,8.199978723999871,1.6087453919310333,0.4479166666666667
"or(or(subset_eq(A, difference(A, B)), equals(cardinality(A), cardinality(B))), subset_eq(difference(B, A), index(cardinality(B), union(A, B))))",4029.735019279935,7678.75065988861,0.0,0.0,0.8138474124282155,0.3442474913003814,0.8138474124282155,0.0,0.8138474124282155,5854.242839584273,12,0.23625,6.12063492063492,5.3883597883597885,2.8973544973544976,8.611640211640212,11.50899470899471,9.652462137118231,5.930278232405892,6.146317512274959,2.997381342062193,9.079214402618659,12.076595744680851,8.5182609068334,0.7878711504163399,0.296875
"or(or(subset_eq(A, difference(A, B)), equals(cardinality(A), cardinality(B))), subset_eq(index(cardinality(A), union(A, B)), difference(B, A)))",5972.425401038956,8192.79976914823,0.0,0.0,0.6869393210703392,0.3711093654961862,0.6869393210703392,0.0,0.6869393210703392,7082.612585093593,12,0.4875,5.631794871794872,6.0661538461538465,2.830769230769231,8.867179487179488,11.697948717948718,9.307953714661528,6.301951219512195,5.873170731707317,3.1097560975609757,9.065365853658536,12.175121951219513,8.312232718619876,0.7511229491165734,0.234375
"or(or(subset_eq(A, difference(A, B)), equals(cardinality(A), cardinality(B))), subset_eq(index(cardinality(A), union(A, B)), index(cardinality(A), B)))",4321.992393819601,6928.484706710093,0.0,0.0,0.5897758750837849,0.629381317027166,0.629381317027166,0.0,0.629381317027166,5625.238550264847,13,0.315,5.526190476190476,6.130952380952381,3.0015873015873016,8.655555555555555,11.657142857142857,10.617983119173578,6.1817518248175185,5.891970802919708,2.9609489051094893,9.112773722627738,12.073722627737226,7.908887527305659,0.6989451736159147,0.140625
"or(or(subset_eq(A, difference(A, B)), equals(cardinality(A), cardinality(B))), subset_eq(index(cardinality(B), union(A, B)), index(cardinality(A), B)))",5829.697611698881,5967.885153623298,0.0,0.0,0.320709969585731,0.9152302571049948,0.9152302571049948,0.0,0.9152302571049948,5898.791382661089,13,0.29625,5.4540084388185655,6.213502109704641,2.9535864978902953,8.713924050632912,11.667510548523207,8.82418843134117,6.194671403197158,5.863587921847247,2.9822380106571935,9.076021314387212,12.058259325044405,8.72972612463688,0.8196599751420189,0.265625
"or(or(subset_eq(A, difference(A, B)), greater_than(cardinality(A), cardinality(B))), subset_eq(A, index(cardinality(A), B)))",987.4585494193361,1220.1403934095288,0.0,0.0,0.7904416844185589,0.3682093996542994,0.7904416844185589,0.0,0.7904416844185589,1103.7994714144324,10,0.43675,6.961648540354894,4.789925586720091,2.8070978820835717,8.944476244991414,11.751574127074985,7.568037971054501,5.210386151797604,6.880159786950732,3.1029738126941857,8.98757212605415,12.090545938748335,6.694148099422342,2.742907496016574,0.33203125
"or(or(subset_eq(A, difference(A, B)), greater_than(cardinality(A), cardinality(B))), subset_eq(difference(B, A), index(cardinality(A), union(A, B))))",1120.6440643789501,1500.7796728760295,0.0,0.0,1.0,0.4564160724640625,1.0,0.0,1.0,1310.7118686274898,12,0.43775,6.957167332952599,4.790976584808681,2.810965162764135,8.937178754997145,11.74814391776128,7.619869660838417,5.210760337927968,6.8830591373943975,3.1004891062694533,8.993330369052913,12.093819475322366,6.658745619069682,2.740542083779667,0.2591145833333333
"or(or(subset_eq(A, difference(A, B)), greater_than(cardinality(A), cardinality(B))), subset_eq(difference(B, A), index(cardinality(B), union(A, B))))",1055.7905932762005,1426.2704911411274,0.0,0.0,1.0,0.4165411084081459,1.0,0.0,1.0,1241.030542208664,12,0.4375,6.958857142857143,4.790857142857143,2.8102857142857145,8.939428571428572,11.749714285714285,7.604174367346941,5.210222222222222,6.8822222222222225,3.100888888888889,8.991555555555555,12.092444444444444,6.6686479012345075,2.7415291692668613,0.2825520833333333
"or(or(subset_eq(A, difference(A, B)), greater_than(cardinality(A), cardinality(B))), subset_eq(index(cardinality(A), union(A, B)), A))",4594.859411573154,6130.672383895144,0.0,0.0,0.763124024169579,0.3556842090403443,0.763124024169579,0.0,0.763124024169579,5362.765897734149,11,0.765,6.313071895424836,5.663071895424837,3.0284313725490195,8.947712418300654,11.976143790849672,8.740773420479265,4.875531914893617,6.957446808510638,2.795744680851064,9.037234042553191,11.832978723404254,6.56480534178362,1.9483507660954975,0.203125
"or(or(subset_eq(A, difference(A, B)), greater_than(cardinality(A), cardinality(B))), subset_eq(index(cardinality(B), union(A, B)), index(cardinality(A), B)))",3946.970366118476,4648.111889934167,0.0,0.0,0.5600669186065855,0.5384079360646138,0.5600669186065855,0.0,0.5600669186065855,4297.5411280263215,13,0.54025,6.562702452568256,5.24525682554373,2.919944470152707,8.888014807959278,11.807959278111985,9.210811917375025,5.284937466014138,6.815660685154976,3.0369766177270257,9.063621533442088,12.100598151169114,6.363728188801599,2.0279418548645323,0.2578125
"or(or(subset_eq(A, difference(A, B)), greater_than(cardinality(B), cardinality(A))), equals(cardinality(intersection(A, B)), cardinality(difference(A, B))))",4418.634682936594,4587.397856786847,0.0,0.0,0.4234721660397889,0.7035271349209506,0.7035271349209506,0.0,0.7035271349209506,4503.0162698617205,12,0.51975,5.121693121693122,6.698412698412699,2.9047619047619047,8.915343915343914,11.82010582010582,7.722887733469724,6.899010931806351,5.175950026028111,3.0484122852680895,9.026548672566372,12.074960957834461,7.370129484768043,2.3446506389587505,0.3203125
"or(or(subset_eq(A, difference(A, B)), greater_than(cardinality(B), cardinality(A))), greater_than(cardinality(intersection(A, B)), cardinality(difference(A, B))))",1535.8525930396563,3074.739622094203,0.0,0.0,0.3402095005881652,0.7726927369959511,0.7726927369959511,0.0,0.7726927369959511,2305.2961075669295,12,0.60375,5.498136645962733,6.778467908902692,3.3320910973084885,8.944513457556935,12.276604554865424,8.599357877996933,6.702208201892745,4.731230283911672,2.4277602523659305,9.005678233438486,11.433438485804416,5.442002209197021,2.541413874616473,0.328125
"or(or(subset_eq(A, difference(A, B)), greater_than(cardinality(B), cardinality(A))), subset_eq(difference(A, B), index(cardinality(B), A)))",1366.5831107515041,1522.1400938084116,0.0,0.0,0.4520780591775277,0.8816216087677987,0.8816216087677987,0.0,0.8816216087677987,1444.3616022799579,11,0.434,4.814516129032258,6.954493087557604,2.820852534562212,8.94815668202765,11.769009216589861,7.4323415500435335,6.865282685512367,5.210247349823321,3.0909893992932864,8.984540636042404,12.075530035335689,6.892747053278327,2.70573660737113,0.3020833333333333
"or(or(subset_eq(A, difference(A, B)), greater_than(cardinality(B), cardinality(A))), subset_eq(difference(A, B), index(cardinality(B), union(A, B))))",1100.4189475192761,1328.9619859330123,0.0,0.0,0.4564160724640625,1.0,1.0,0.0,1.0,1214.6904667261442,12,0.43475,4.816561242093157,6.952846463484762,2.8246118458884415,8.944795859689476,11.769407705577919,7.45974582366247,6.866430782839451,5.209199469261389,3.088456435205661,8.98717381689518,12.07563025210084,6.874620534216604,2.7040495450075612,0.2591145833333333
"or(or(subset_eq(B, A), equals(cardinality(A), cardinality(B))), subset_eq(index(cardinality(B), union(A, B)), B))",5085.061087141745,6358.420406807214,0.0,0.0,0.3277338879335365,0.4653050644655027,0.4653050644655027,0.0,0.4653050644655027,5721.740746974479,10,0.7375,5.830169491525424,6.209152542372881,3.097966101694915,8.94135593220339,12.039322033898305,8.845258948578087,6.382857142857143,5.287619047619048,2.624761904761905,9.045714285714286,11.67047619047619,8.035399546485248,1.1741421693657037,0.15494791666666666
"or(or(subset_eq(B, A), equals(cardinality(A), cardinality(B))), subset_eq(index(cardinality(B), union(A, B)), index(cardinality(A), B)))",3758.6220641661057,6386.695887256414,0.0,0.0,0.3073633187064331,0.3833713626498251,0.3833713626498251,0.0,0.3833713626498251,5072.65897571126,12,0.3025,5.79504132231405,6.181818181818182,3.2900826446280993,8.686776859504132,11.976859504132232,8.954344648589602,6.053405017921147,5.874193548387097,2.836559139784946,9.091039426523297,11.927598566308244,8.634839994347404,0.6058616044498809,0.2265625
"or(or(subset_eq(B, A), equals(cardinality(A), cardinality(B))), subset_eq(index(cardinality(B), union(A, B)), index(cardinality(B), difference(A, B))))",7448.58349812543,8070.97673977213,0.0,0.0,0.3683146084197409,0.3305375627022916,0.3683146084197409,0.0,0.3683146084197409,7759.78011894878,13,0.2335,6.055674518201285,5.882226980728052,3.2815845824411136,8.656316916488223,11.937901498929337,9.868301473251716,5.95075016307893,5.993150684931507,2.8799739073711677,9.06392694063927,11.943900848010436,8.473799715670278,0.42965605172299787,0.265625
"or(or(subset_eq(B, A), equals(cardinality(A), cardinality(B))), subset_eq(index(cardinality(B), union(A, B)), intersection(A, B)))",7129.221159432083,8574.79324940592,0.0,0.0,0.2924791649515214,0.2924791649515214,0.2924791649515214,0.0,0.2924791649515214,7852.007204419002,11,0.47075,6.126925119490175,6.115772703133298,3.3876792352628784,8.855018587360595,12.242697822623473,8.637370056990356,5.840340103920642,5.835144071799717,2.605573925366084,9.069910250354274,11.675484175720358,8.629219475068323,0.8789608157602415,0.265625
"or(or(subset_eq(B, A), greater_than(cardinality(A), cardinality(B))), subset_eq(B, index(cardinality(B), union(A, B))))",463.88402033624243,534.1320803693525,0.0,1.0,1.0,0.0764337876150129,1.0,1.0,1.0,499.00805035279745,10,0.4205,7.115338882282996,4.79013079667063,2.919143876337693,8.986325802615934,11.905469678953626,6.896521326035982,5.147972389991372,6.821397756686799,3.0133735979292493,8.95599654874892,11.969370146678171,7.020566433977761,2.829391386548775,0.28125
"or(or(subset_eq(B, A), greater_than(cardinality(B), cardinality(A))), subset_eq(B, index(cardinality(B), union(A, B))))",757.91796577489,957.5456050274515,0.0,0.0,0.3920989738490428,0.463116740689536,0.463116740689536,0.0,0.463116740689536,857.7317854011708,10,0.44375,5.022535211267606,6.9284507042253525,3.0298591549295772,8.92112676056338,11.950985915492957,8.185367030351168,6.735280898876405,5.200449438202247,2.9289887640449437,9.006741573033707,11.935730337078652,6.865271354626906,2.43508952639471,0.3450520833333333
"or(or(subset_eq(B, A), greater_than(cardinality(B), cardinality(A))), subset_eq(index(cardinality(B), union(A, B)), union(difference(A, B), difference(B, A))))",3896.5738780201063,6088.496062006801,0.0,0.0,0.5384885725920137,0.6018022848271207,0.6018022848271207,0.0,0.6018022848271207,4992.534970013454,13,0.817,5.754895960832314,6.049877600979192,2.835985312117503,8.968788249694002,11.804773561811505,9.083202307453753,6.959016393442623,5.598360655737705,3.58879781420765,8.968579234972678,12.557377049180328,6.3812968437397295,1.490134299777396,0.1171875
"or(or(subset_eq(B, A), not(subset_eq(A, B))), greater_than(cardinality(A), cardinality(difference(B, A))))",338.7139529081642,369.9576417522985,0.0,1.0,1.0,0.0281896290575307,1.0,1.0,1.0,354.33579733023134,9,0.98425,6.020828041656083,5.929641859283719,2.971297942595885,8.979171958343917,11.950469900939801,8.764175463834619,3.126984126984127,8.317460317460318,3.126984126984127,8.317460317460318,11.444444444444445,4.196019148400103,3.75502966429057,0.1953125
"or(or(subset_eq(B, A), subset_eq(A, difference(A, A))), greater_than(cardinality(difference(A, B)), cardinality(B)))",712.7726002285362,909.5080490909168,0.0,0.0,1.0,0.1856619442721353,1.0,0.0,1.0,811.1403246597265,9,0.1335,7.187265917602996,3.5711610486891385,2.0805243445692883,8.677902621722847,10.758426966292134,8.161995539283758,5.788517022504328,6.336410848240046,3.1113675706866704,9.013560300057703,12.124927870744374,7.691163088200952,3.265844865006324,0.3229166666666667
"or(or(subset_eq(B, A), subset_eq(A, difference(A, A))), subset_eq(B, index(cardinality(A), union(A, B))))",530.7726727672007,470.1695491548471,0.0,0.0,1.0,0.3552393751663314,1.0,0.0,1.0,500.4711109610239,9,0.031,7.943548387096774,3.935483870967742,3.9274193548387095,7.951612903225806,11.879032258064516,8.830775234131117,5.912280701754386,6.0322497420020635,2.9432404540763675,9.001289989680082,11.94453044375645,8.531239183522977,3.080760236720201,0.2890625
"or(or(subset_eq(B, A), subset_eq(A, difference(A, B))), subset_eq(index(cardinality(B), union(A, B)), difference(B, A)))",4302.414989526238,6152.963691478595,0.0,0.0,0.6183866185813938,0.6096615123042508,0.6183866185813938,0.0,0.6183866185813938,5227.689340502417,10,0.39075,5.4638515674984,6.123480486244402,2.7012156110044785,8.886116442738324,11.587332053742802,10.295226832595912,6.3032416906032,5.867049651210505,3.1485432909314732,9.021748050882232,12.170291341813705,7.700307241879936,0.9851063928078738,0.21875
"or(or(subset_eq(B, A), subset_eq(A, difference(A, B))), subset_eq(index(cardinality(B), union(A, B)), index(cardinality(A), B)))",4424.432244272815,5684.638058223529,0.0,0.0,0.5746203667006929,0.6504799326119839,0.6504799326119839,0.0,0.6504799326119839,5054.535151248172,11,0.1655,5.303625377643504,5.9395770392749245,2.8504531722054383,8.392749244712991,11.243202416918429,13.537568112740864,6.108448172558418,5.972738166566806,2.9982025164769324,9.082983822648293,12.081186339125225,7.849091619246476,0.8189439909484523,0.28125
"or(or(subset_eq(B, difference(A, A)), greater_than(cardinality(B), cardinality(A))), equals(cardinality(A), cardinality(difference(B, A))))",525.3263565324269,908.719489524432,0.0,0.0,0.2845449871362467,1.0,1.0,0.0,1.0,717.0229230284294,11,0.41875,4.795223880597015,7.104477611940299,2.92,8.979701492537313,11.899701492537313,6.692243617732247,6.825376344086021,5.147956989247312,3.01247311827957,8.960860215053764,11.973333333333333,7.192263244305741,2.8210003987305248,0.3307291666666667
"or(or(subset_eq(B, difference(A, A)), greater_than(cardinality(B), cardinality(A))), equals(cardinality(B), cardinality(difference(A, B))))",1493.1683916993643,3937.512605909258,0.0,0.0,0.2519809501955345,0.5904235726265823,0.5904235726265823,0.0,0.5904235726265823,2715.340498804311,11,0.49525,5.078243311458859,6.678445229681979,2.8213023725391215,8.935386168601717,11.756688541140838,7.858283170177217,6.855373947498761,5.269440316988608,3.12332838038633,9.00148588410104,12.12481426448737,7.388420211065714,2.2879483934218805,0.4401041666666667
"or(or(subset_eq(B, difference(A, A)), greater_than(cardinality(B), cardinality(A))), subset_eq(difference(A, B), index(cardinality(B), union(A, B))))",528.5416730967918,605.261919181241,0.0,0.0,0.2297320273250305,1.0,1.0,0.0,1.0,566.9017961390164,12,0.414,4.8103864734299515,7.146135265700483,2.966183574879227,8.990338164251208,11.956521739130435,6.564088426801106,6.79820819112628,5.1343856655290105,2.9790955631399316,8.953498293515358,11.93259385665529,7.273329843679024,2.8282040864435696,0.3033854166666667
"or(subset_eq(A, B), equals(cardinality(A), cardinality(B)))",1130.8919810514435,3102.8556542359293,0.5777344858684901,0.0,0.060519162466723,0.474714233735089,0.5777344858684901,0.5777344858684901,0.474714233735089,2116.8738176436864,5,0.195,5.717948717948718,6.319230769230769,3.2717948717948717,8.765384615384615,12.037179487179488,7.805677186061827,6.037577639751553,5.881987577639752,2.901552795031056,9.018012422360249,11.919565217391304,9.058054666100789,0.6560666518364769,0.3828125
"or(subset_eq(A, B), greater_than(cardinality(A), cardinality(B)))",658.1763099321904,941.0044942383321,0.0,0.0,0.454476354925015,0.3094907517183755,0.454476354925015,0.0,0.454476354925015,799.5904020852613,5,0.4485,6.923076923076923,5.004459308807135,2.988851727982163,8.938684503901895,11.927536231884059,8.319305401754134,5.204442429737081,6.750226654578422,2.9614687216681777,8.993200362647325,11.954669084315503,6.71529924569027,2.449930198249251,0.359375
"or(subset_eq(A, B), greater_than(cardinality(B), cardinality(A)))",353.488432087368,473.26970205490943,1.0,0.0,0.0823922616937382,1.0,1.0,1.0,1.0,413.3790670711387,5,0.413,4.804479418886198,7.1525423728813555,2.9642857142857144,8.99273607748184,11.957021791767554,6.4691701012492935,6.7989778534923335,5.133304940374787,2.9804088586030666,8.951873935264054,11.93228279386712,7.31749627795885,2.838239554770654,0.2734375
"or(subset_eq(A, B), greater_than(cardinality(difference(A, B)), cardinality(intersection(A, B))))",756.2694252268502,780.4297851689989,0.0,0.0,0.5706243224002101,0.6113081337019484,0.6113081337019484,0.0,0.6113081337019484,768.3496051979246,7,0.4515,5.964008859357697,5.034330011074197,2.0171650055370987,8.981173864894796,10.998338870431894,8.250937259706541,5.984503190519599,6.735186873290793,3.7611668185961715,8.95852324521422,12.719690063810392,6.756682474536926,2.4361601768587366,0.359375
"or(subset_eq(A, B), not(subset_eq(B, A)))",259.1221943218625,242.4545761534846,1.0,0.0,0.033543868213163,1.0,1.0,1.0,1.0,250.78838523767354,4,0.9695,5.912841670964415,6.0309437854564205,2.9432697266632286,9.000515729757607,11.943785456420835,8.5461884006818,7.959016393442623,3.942622950819672,3.942622950819672,7.959016393442623,11.901639344262295,8.502956194571354,3.089760794935196,0.2109375
"or(subset_eq(A, B), or(subset_eq(A, difference(A, B)), greater_than(cardinality(A), cardinality(B))))",1638.5569806154708,2163.517605506233,0.0,0.0,0.6472872349448583,0.5496427354868871,0.6472872349448583,0.0,0.6472872349448583,1901.0372930608519,8,0.465,6.78494623655914,4.997311827956989,2.882795698924731,8.899462365591399,11.78225806451613,8.882499132847762,5.271495327102803,6.810280373831776,3.052803738317757,9.028971962616822,12.08177570093458,6.359822255218884,2.3677608276858986,0.28125
"or(subset_eq(A, B), or(subset_eq(A, difference(A, B)), greater_than(cardinality(B), cardinality(A))))",905.5593170072343,1519.1679988254182,0.0,0.0,0.4771887858086504,1.0,1.0,0.0,1.0,1212.3636579163262,8,0.434,4.814516129032258,6.954493087557604,2.820852534562212,8.94815668202765,11.769009216589861,7.4323415500435335,6.865282685512367,5.210247349823321,3.0909893992932864,8.984540636042404,12.075530035335689,6.892747053278327,2.70573660737113,0.296875
"or(subset_eq(A, B), or(subset_eq(B, difference(A, A)), equals(cardinality(A), cardinality(B))))",1460.6331299934245,4473.073696661275,0.0,0.0,0.2169200651952366,0.4916038481344436,0.4916038481344436,0.0,0.4916038481344436,2966.8534133273497,8,0.19525,5.7247119078105,6.311139564660691,3.267605633802817,8.768245838668374,12.03585147247119,7.921198240543236,6.036036036036036,5.883814849332091,2.902454178316247,9.01739670705188,11.919850885368128,9.035053693021979,0.6425454930119887,0.4166666666666667
"or(subset_eq(A, B), subset_eq(A, difference(A, B)))",574.1569986816476,546.3381194431613,0.0,0.0,0.5583388559161546,1.0,1.0,0.0,1.0,560.2475590624044,4,0.06,4.120833333333334,5.879166666666666,1.9083333333333334,8.091666666666667,10.0,16.10385416666665,6.093617021276596,5.972872340425532,3.0417553191489364,9.024734042553192,12.066489361702128,8.22584851742873,2.277125738873417,0.296875
"or(subset_eq(A, B), subset_eq(B, A))",591.3048100898282,342.88174232537494,0.0,0.0,0.4318444806994991,0.4318444806994991,0.4318444806994991,0.0,0.4318444806994991,467.09327620760155,3,0.05875,6.080851063829787,5.991489361702127,3.9957446808510637,8.076595744680851,12.072340425531914,15.93578995020372,5.968658698539176,5.9657370517928285,2.9099601593625497,9.024435590969455,11.934395750332005,8.239188019943107,1.0918691933556912,0.296875
"or(subset_eq(A, B), subset_eq(B, difference(A, A)))",354.6706588024572,414.6134872093326,0.0,0.0,0.2312075129551282,1.0,1.0,0.0,1.0,384.6420730058949,4,0.0285,4.114035087719298,8.131578947368421,4.017543859649122,8.228070175438596,12.24561403508772,7.960449369036632,6.029850746268656,5.903757076685538,2.943129181677818,8.990478641276377,11.933607822954194,8.606749912389773,3.1285630607798334,0.2760416666666667
"or(subset_eq(A, B), subset_eq(index(cardinality(A), difference(B, A)), A))",869.9454126938908,1063.5945532572223,0.0,0.0,0.6293991066688157,0.2539833173505172,0.6293991066688157,0.0,0.6293991066688157,966.7699829755566,6,0.9035,6.240730492529054,5.8500276701715554,3.1167681239623684,8.97399003873824,12.09075816270061,8.31090370137171,3.489637305699482,7.064766839378239,1.6347150259067358,8.919689119170984,10.55440414507772,4.6178555128996805,3.3526983695646306,0.109375
"or(subset_eq(A, B), subset_eq(index(cardinality(A), union(A, B)), index(cardinality(A), difference(B, A))))",776.6647890455442,912.5957971769711,0.0,0.0,0.4009246970013295,0.4386219296803126,0.4386219296803126,0.0,0.4386219296803126,844.6302931112577,9,0.06825,5.589743589743589,6.106227106227106,3.5934065934065935,8.102564102564102,11.695970695970695,17.136255685706246,6.003488060101959,5.957070029514354,2.9283606117520793,9.032197477864234,11.960558089616313,8.132251406695937,0.7973195582703574,0.3151041666666667
"or(subset_eq(A, B), subset_eq(intersection(A, B), index(cardinality(A), B)))",1191.8797476435648,1284.6428238310145,0.0,0.0,0.5291658344560255,1.0,1.0,0.0,1.0,1238.2612857372897,6,0.06975,4.050179211469534,5.849462365591398,1.7813620071684588,8.118279569892474,9.899641577060931,14.678511324366347,6.119591507659232,5.976081698468153,3.0631550658425155,9.03251814028487,12.095673206127385,8.179833496571256,2.4375178260567174,0.296875
"or(subset_eq(A, difference(A, A)), equals(cardinality(A), cardinality(B)))",1270.2030137780748,4411.215910348954,0.306565339296011,0.0,0.115170740269666,0.2467914851721753,0.306565339296011,0.306565339296011,0.2467914851721753,2840.7094620635144,6,0.167,6.0,6.0,3.143712574850299,8.8562874251497,12.0,6.43834486715191,5.970288115246098,5.960684273709484,2.939675870348139,8.991296518607443,11.930972388955583,9.398868370877743,0.2099035474056637,0.4817708333333333
"or(subset_eq(A, difference(A, A)), greater_than(cardinality(A), cardinality(B)))",363.38330910126206,507.64341542606417,0.0,0.0,1.0,0.1684232093191868,1.0,0.0,1.0,435.5133622636631,6,0.42025,7.11600237953599,4.789411064842356,2.9173111243307557,8.988102320047592,11.905413444378347,6.877101071180412,5.148339801638637,6.821043553255714,3.0146614920224235,8.954721862871928,11.969383354894351,7.033364628885598,2.829965314721015,0.3463541666666667
"or(subset_eq(A, difference(A, A)), greater_than(cardinality(A), cardinality(difference(B, A))))",350.15902035267663,580.4526817168007,0.0,0.0,1.0,0.0901987451160514,1.0,0.0,1.0,465.3058510347387,7,0.80025,6.506091846298032,5.728834739144017,3.223367697594502,9.011558887847547,12.23492658544205,7.867276910204849,3.848560700876095,6.9224030037546935,1.9737171464330412,8.797246558197747,10.77096370463079,5.491842901248567,3.169969004768267,0.3385416666666667
"or(subset_eq(A, difference(A, A)), greater_than(cardinality(B), cardinality(A)))",329.57123084015257,395.27626239180245,1.0,0.0,0.1008030186282954,1.0,1.0,1.0,1.0,362.4237466159775,6,0.41275,4.803755299818292,7.1532404603270745,2.9624470018170808,8.994548758328285,11.956995760145366,6.449391573339373,6.7986377181779485,5.133673903788846,2.981694338016177,8.950617283950617,11.932311621966795,7.330146194108957,2.8387630051342625,0.2760416666666667
"or(subset_eq(A, difference(A, A)), subset_eq(index(cardinality(A), union(A, B)), A))",2829.474695672485,5027.520751440898,0.0,0.0,0.7031314175786549,0.212381852253386,0.7031314175786549,0.0,0.7031314175786549,3928.497723556691,7,0.673,6.312407132243685,5.772659732540862,3.1326151560178306,8.952451708766716,12.085066864784547,8.71424743171675,5.281345565749236,6.367737003058104,2.646788990825688,9.002293577981652,11.649082568807339,8.198986009408129,1.2857806868099788,0.2721354166666667
"or(subset_eq(A, difference(A, A)), subset_eq(index(cardinality(A), union(A, B)), index(cardinality(B), difference(A, B))))",1813.8671278368784,2062.7814545436413,0.0,0.0,1.0,0.2065023385014061,1.0,0.0,1.0,1938.3242911902598,10,0.0505,7.524752475247524,3.8415841584158414,3.099009900990099,8.267326732673267,11.366336633663366,9.364278011959613,5.892838335966298,6.08030542390732,2.9670879410215902,9.006055818852028,11.973143759873619,8.471333544635973,2.7735212395205644,0.3072916666666667
"or(subset_eq(A, difference(A, A)), subset_eq(index(cardinality(A), union(A, B)), intersection(A, B)))",3145.951376331548,5604.689155524597,0.0,0.0,0.4602592679076955,0.1789430626297183,0.4602592679076955,0.0,0.4602592679076955,4375.320265928072,8,0.352,6.316051136363637,6.137073863636363,3.5845170454545454,8.868607954545455,12.453125,8.80771706321022,5.790123456790123,5.875,2.6419753086419755,9.023148148148149,11.665123456790123,8.437009411674985,1.1107058835607773,0.3346354166666667
"or(subset_eq(A, difference(A, B)), equals(cardinality(A), cardinality(B)))",5779.237010022004,7150.646971945302,0.0,0.0,0.4329334328317122,0.4329334328317122,0.4329334328317122,0.0,0.4329334328317122,6464.941990983652,6,0.193,5.762953367875648,5.7020725388601035,2.7202072538860103,8.744818652849741,11.465025906735752,8.369986442589077,6.026022304832714,6.030669144981412,3.0343866171003717,9.022304832713754,12.056691449814126,9.018062791651099,0.5252520037238746,0.4322916666666667
"or(subset_eq(A, difference(A, B)), greater_than(cardinality(A), cardinality(B)))",1024.4264163532378,1604.1865247332898,0.0,0.0,1.0,0.3524708766273187,1.0,0.0,1.0,1314.306470543264,6,0.43675,6.961648540354894,4.789925586720091,2.8070978820835717,8.944476244991414,11.751574127074985,7.568037971054501,5.210386151797604,6.880159786950732,3.1029738126941857,8.98757212605415,12.090545938748335,6.694148099422342,2.742907496016574,0.3046875
"or(subset_eq(A, difference(A, B)), greater_than(cardinality(B), cardinality(A)))",1015.3274677624438,1354.672592280578,0.0,0.0,0.3524708766273187,1.0,1.0,0.0,1.0,1185.000030021511,6,0.43375,4.813832853025937,6.955043227665706,2.8190201729106628,8.94985590778098,11.768876080691642,7.413637850991203,6.864900662251656,5.210596026490066,3.092273730684327,8.983222958057395,12.075496688741723,6.905637861887175,2.7064077118142196,0.3046875
"or(subset_eq(A, difference(A, B)), greater_than(cardinality(difference(A, B)), cardinality(B)))",597.5651479386006,1279.0233805346652,0.0,0.0,1.0,0.684919879279652,1.0,0.0,1.0,938.2942642366329,7,0.1335,6.604868913857678,3.544943820224719,1.4606741573033708,8.689138576779026,10.149812734082397,7.869243501802522,5.878245816503174,6.340450086555107,3.206866705135603,9.011829197922678,12.218695903058281,7.6985121977938,3.3752073750817653,0.2578125
"or(subset_eq(A, difference(A, B)), greater_than(cardinality(intersection(A, B)), cardinality(difference(A, B))))",652.2705418189739,1001.3673174938085,0.0,0.0,0.3922186868828829,0.6113081337019484,0.6113081337019484,0.0,0.6113081337019484,826.8189296563912,8,0.4595,5.830794341675735,6.883025027203482,3.813384113166485,8.90043525571273,12.713819368879216,8.42236084782516,6.098057354301573,5.188714153561517,2.2599444958371877,9.026827012025901,11.28677150786309,6.695987629229518,2.3141507079590626,0.359375
"or(subset_eq(A, difference(A, B)), greater_than(cardinality(intersection(A, B)), cardinality(difference(B, A))))",778.0562693552401,949.7806994160273,0.0,0.0,0.6113081337019484,0.3922186868828829,0.6113081337019484,0.0,0.6113081337019484,863.9184843856337,8,0.44425,6.891952729319077,5.8244231851435,3.8323016319639844,8.884074282498593,12.716375914462578,8.492803530638625,5.24246513720198,6.081421502474134,2.2874493927125505,9.036437246963562,11.323886639676113,6.7451683408783225,2.274516628380458,0.359375
"or(subset_eq(A, difference(A, B)), not(equals(cardinality(A), cardinality(B))))",2130.8249919821683,7018.1866600638605,0.0,0.0,0.3914397155416557,0.3914397155416557,0.3914397155416557,0.0,0.3914397155416557,4574.505826023014,7,0.83875,5.956184798807749,5.946646795827124,2.9195230998509687,8.983308494783905,11.902831594634874,9.448691167619147,6.074418604651163,6.074418604651163,3.255813953488372,8.893023255813954,12.148837209302325,5.996841535965396,0.3786771794214146,0.3307291666666667
"or(subset_eq(A, difference(A, B)), subset_eq(A, index(cardinality(A), B)))",304.9139012463211,356.3358779060027,0.0,0.0,0.7542653456910728,1.0,1.0,0.0,1.0,330.6248895761619,6,0.03175,4.181102362204724,3.811023622047244,0.0,7.9921259842519685,7.9921259842519685,8.514105028210054,6.034082106893881,6.037955073586367,3.0712625871417507,9.000774593338498,12.072037180480248,8.53257901982043,4.222015099837882,0.24609375
"or(subset_eq(A, difference(A, B)), subset_eq(difference(A, B), index(cardinality(B), union(A, B))))",806.7513316171144,477.7248311148651,0.0,0.0,0.5114807164327528,1.0,1.0,0.0,1.0,642.2380813659897,8,0.0745,4.224832214765101,6.144295302013423,2.248322147651007,8.120805369127517,10.369127516778523,15.133845322282777,6.116153430578066,5.952998379254457,3.0321447866018367,9.037007023230686,12.069151809832523,8.150131880762412,2.0562267344271947,0.26171875
"or(subset_eq(A, index(cardinality(A), B)), subset_eq(index(cardinality(A), B), difference(B, A)))",2305.0716564080794,3603.599958067294,0.0,0.0,0.9001868625781286,0.6169182614608798,0.9001868625781286,0.0,0.9001868625781286,2954.335807237687,8,0.83525,6.138581263094882,5.703382220891949,2.877581562406465,8.964381921580365,11.84196348398683,8.831702050862104,5.147192716236722,7.305007587253415,3.4613050075872533,8.990895295902883,12.452200303490137,6.149603597670666,1.9720010460108188,0.1171875
"or(subset_eq(A, index(cardinality(A), B)), subset_eq(index(cardinality(A), difference(B, A)), index(cardinality(B), union(A, B))))",1182.6489053836267,1419.1625398306642,0.0,0.0,0.9413464901340856,0.2879967533808534,0.9413464901340856,0.0,0.9413464901340856,1300.9057226071454,11,0.9125,6.227123287671233,5.840547945205479,3.0915068493150684,8.976164383561644,12.067671232876712,8.254891649465094,3.3485714285714288,7.288571428571428,1.7457142857142858,8.891428571428571,10.637142857142857,4.93970612244898,3.4919894670730844,0.125
"or(subset_eq(A, index(cardinality(A), B)), subset_eq(index(cardinality(A), union(A, B)), difference(B, A)))",2998.551937062608,4946.760312471539,0.0,0.0,0.5865193923782872,0.4154207044699829,0.5865193923782872,0.0,0.5865193923782872,3972.6561247670734,9,0.35775,5.510132774283718,6.16072676450035,2.7596086652690426,8.911250873515025,11.670859538784066,9.690237288433606,6.23433242506812,5.859478396263137,3.0930323082911637,9.000778513040093,12.093810821331257,8.250813324906876,0.8522834266181502,0.3072916666666667
"or(subset_eq(A, index(cardinality(A), union(A, B))), subset_eq(index(cardinality(A), B), index(cardinality(B), union(A, B))))",2361.13512860387,2836.0225025080144,0.0,0.0,0.8667229719004003,0.3109246233035866,0.8667229719004003,0.0,0.8667229719004003,2598.578815555942,11,0.66425,6.605570191945803,5.3176514866390665,2.9928490779074144,8.930372600677456,11.92322167858487,7.788546711033316,4.728220402084885,7.2524199553239015,2.93596425912137,9.044676098287416,11.980640357408786,6.313743971249424,2.6964805105018312,0.2265625
"or(subset_eq(A, index(cardinality(A), union(A, B))), subset_eq(index(cardinality(A), difference(B, A)), index(cardinality(A), union(A, B))))",693.2498170671679,915.5696548235137,0.0,0.0,0.871963334102112,0.3129732387286846,0.871963334102112,0.0,0.871963334102112,804.4097359453408,12,0.90225,6.2402327514546965,5.829869770019396,3.0964256026600165,8.973676918814077,12.070102521474093,8.31778347917353,3.5294117647058822,7.235294117647059,1.8414322250639386,8.923273657289002,10.764705882352942,4.765078721358446,3.3013294892985865,0.06380208333333333
"or(subset_eq(A, index(cardinality(A), union(A, B))), subset_eq(index(cardinality(A), union(A, B)), index(cardinality(A), B)))",1178.430847106552,1153.4663989955661,0.0,0.0,0.4628646153503533,0.488993317364788,0.488993317364788,0.0,0.488993317364788,1165.948623051059,11,0.126,5.073412698412699,6.751984126984127,3.3492063492063493,8.476190476190476,11.825396825396826,13.178878495842769,6.105263157894737,5.854118993135011,2.9196224256292904,9.039759725400458,11.959382151029748,7.946912522451283,1.4336734344721065,0.3177083333333333
"or(subset_eq(A, index(cardinality(A), union(A, B))), subset_eq(index(cardinality(B), union(A, B)), B))",2881.538428822394,4974.409042862244,0.522001155870266,0.0,0.0388095020021663,0.7509580611271747,0.7509580611271747,0.522001155870266,0.7509580611271747,3927.973735842319,9,0.66575,5.7739391663537365,6.3075478783327075,3.112654900488171,8.968832144198272,12.081487044686444,8.772416654198892,6.3762154076290205,5.289454001495886,2.6970830216903514,8.968586387434556,11.665669409124906,8.169924629482852,1.2537750194133166,0.2721354166666667
"or(subset_eq(A, index(cardinality(A), union(A, B))), subset_eq(index(cardinality(B), union(A, B)), difference(B, A)))",3375.353335041655,5506.626803221181,0.5914840388057542,0.0,0.0625910861426132,0.8628811335303567,0.8628811335303567,0.5914840388057542,0.8628811335303567,4440.990069131418,10,0.34475,5.273386511965192,6.439448875997099,2.7128353879622917,9.0,11.712835387962292,8.519151616945557,6.344524990461656,5.718809614650897,3.111026325829836,8.952308279282716,12.063334605112553,8.488985086702506,1.35100503630044,0.3111979166666667
"or(subset_eq(A, index(cardinality(A), union(A, B))), subset_eq(index(cardinality(B), union(A, B)), index(cardinality(A), difference(B, A))))",1648.5850223546713,2110.567601201532,0.8489710685896851,0.0,0.0979969890136388,1.0,1.0,0.8489710685896851,1.0,1879.5763117781016,12,0.04975,3.899497487437186,7.633165829145729,3.120603015075377,8.412060301507537,11.532663316582914,8.08696750082068,6.08392528282031,5.880031570639305,2.9660615627466456,8.99789529071297,11.963956853459615,8.546874598765509,2.8051894021757455,0.2604166666666667
"or(subset_eq(A, index(cardinality(A), union(A, B))), subset_eq(index(cardinality(B), union(A, B)), index(cardinality(B), A)))",1042.9461366581936,1343.016104962102,0.0,0.0,0.4565431155986281,0.432032209462468,0.4565431155986281,0.0,0.4565431155986281,1192.9811208101478,11,0.11775,6.734607218683652,5.055201698513801,3.373673036093418,8.416135881104035,11.789808917197453,13.413039068522048,5.87390195522811,6.088977047322188,2.9203740436384247,9.042504958911874,11.962879002550297,7.970900865042401,1.4195016727375451,0.3255208333333333
"or(subset_eq(A, index(cardinality(A), union(A, B))), subset_eq(index(cardinality(B), union(A, B)), intersection(A, B)))",3508.4406101397253,5852.558305978775,0.5750189795498393,0.0,0.0591890428575874,0.4927679105964485,0.5750189795498393,0.5750189795498393,0.4927679105964485,4680.49945805925,10,0.3495,6.125178826895565,6.32761087267525,3.580829756795422,8.871959942775394,12.452789699570815,8.75075675244216,5.894696387394312,5.773635664873175,2.647578785549577,9.02075326671791,11.668332052267486,8.477119829185888,1.109490000454765,0.3203125
"or(subset_eq(A, index(cardinality(B), A)), greater_than(cardinality(intersection(A, B)), cardinality(difference(A, B))))",354.02460806774616,444.20415973010677,0.5999711602020343,0.0,0.1207633630366556,0.5660615776289759,0.5999711602020343,0.5999711602020343,0.5660615776289759,399.11438389892646,9,0.42775,5.953243717124488,7.111046171829339,4.0964348334307426,8.967855055523087,13.064289888953828,6.773157903905695,5.9916994320664045,5.112276103101792,2.1345565749235473,8.969418960244647,11.103975535168196,7.167568943802268,2.800986778058055,0.2890625
"or(subset_eq(A, index(cardinality(B), A)), greater_than(cardinality(intersection(A, B)), cardinality(difference(B, A))))",439.38691511254,511.07146258157445,0.1202852877613109,0.0,0.1207633630366556,0.1207633630366556,0.1207633630366556,0.1202852877613109,0.1207633630366556,475.22918884705723,9,0.4125,7.100606060606061,5.9793939393939395,4.127272727272727,8.952727272727273,13.08,6.829290725436234,5.185106382978724,5.958723404255319,2.1638297872340426,8.98,11.143829787234042,7.240876776822036,2.743114008713656,0.3463541666666667
"or(subset_eq(A, index(cardinality(B), A)), subset_eq(index(cardinality(B), A), index(cardinality(A), union(A, B))))",2082.6681690872065,3061.721122163348,1.0,0.0,0.2171552016406182,1.0,1.0,1.0,1.0,2572.194645625277,10,0.64975,5.330511735282801,6.650250096190843,3.033859176606387,8.946902654867257,11.980761831473643,7.478459246985942,7.1713062098501075,4.700214132762313,2.862241256245539,9.009279086366881,11.87152034261242,6.888427303633881,2.6871206275214257,0.24088541666666666
"or(subset_eq(A, index(cardinality(B), A)), subset_eq(index(cardinality(B), difference(A, B)), B))",317.105938377837,496.399819202401,1.0,0.0,0.1555200619263317,1.0,1.0,1.0,1.0,406.752878790119,8,0.883,5.825028312570781,6.311721404303511,3.146942242355606,8.989807474518686,12.136749716874291,7.936424811687612,7.108974358974359,3.3675213675213675,1.6666666666666667,8.80982905982906,10.476495726495726,5.747087077215284,3.536671752742198,0.1796875
"or(subset_eq(A, index(cardinality(B), union(A, B))), subset_eq(difference(A, B), index(cardinality(B), A)))",408.4839067100165,399.17098444901967,0.5129746618119866,0.0,0.2726875041693632,0.8732330691309071,0.8732330691309071,0.5129746618119866,0.8732330691309071,403.8274455795181,9,0.0285,4.026315789473684,8.18421052631579,4.017543859649122,8.192982456140351,12.210526315789474,6.741612803939676,6.03242408646423,5.902213072568194,2.943129181677818,8.991507977354606,11.934637159032425,8.62163157979796,3.222786027400051,0.2604166666666667
"or(subset_eq(A, index(cardinality(B), union(A, B))), subset_eq(index(cardinality(A), union(A, B)), difference(A, B)))",3447.7638674595655,5532.249608237296,0.0,0.0,0.8032067838100108,0.2756598399788115,0.8032067838100108,0.0,0.8032067838100108,4490.006737848431,10,0.352,6.447443181818182,5.25,2.750710227272727,8.946732954545455,11.697443181818182,8.58949468943702,5.71875,6.356867283950617,3.0949074074074074,8.98070987654321,12.075617283950617,8.448712979633473,1.369167862725819,0.3203125
"or(subset_eq(A, index(cardinality(B), union(A, B))), subset_eq(index(cardinality(B), union(A, B)), index(cardinality(B), A)))",1245.5767555703696,1114.684273943698,0.0,0.0,0.5237496495297869,0.432032209462468,0.5237496495297869,0.0,0.5237496495297869,1180.1305147570338,11,0.11775,6.734607218683652,5.063694267515924,3.373673036093418,8.424628450106157,11.798301486199575,13.394250837311406,5.87390195522811,6.087843581751204,2.9203740436384247,9.04137149334089,11.961745536979315,7.97817765619463,1.4125067592579446,0.32421875
"or(subset_eq(B, A), equals(cardinality(A), cardinality(B)))",1332.7199343264838,2881.64814463543,0.0,0.5777344858684901,0.474714233735089,0.060519162466723,0.5777344858684901,0.5777344858684901,0.474714233735089,2107.184039480957,5,0.1975,6.30253164556962,5.682278481012658,3.267088607594937,8.717721518987341,11.984810126582278,8.186736099983946,5.894704049844237,6.037383177570093,2.9015576323987537,9.030529595015576,11.93208722741433,8.952812957948861,0.652714016380962,0.3828125
"or(subset_eq(B, A), equals(cardinality(A), cardinality(difference(B, A))))",1122.7458622120212,2384.1174092735164,0.0,0.2845449871362467,0.6273388252810865,0.064761303878577,0.6273388252810865,0.2845449871362467,0.6273388252810865,1753.4316357427688,6,0.1215,5.271604938271605,5.915637860082304,2.654320987654321,8.53292181069959,11.187242798353909,10.986680553438706,6.07256687535572,5.974388161639157,3.0179282868525896,9.029026750142288,12.046955036994877,8.554569590570026,0.881590545900316,0.4453125
"or(subset_eq(B, A), greater_than(cardinality(A), cardinality(B)))",367.45930786134704,497.4988935190777,0.0,1.0,1.0,0.0823922616937382,1.0,1.0,1.0,432.47910069021236,5,0.4205,7.115338882282996,4.79013079667063,2.919143876337693,8.986325802615934,11.905469678953626,6.896521326035982,5.147972389991372,6.821397756686799,3.0133735979292493,8.95599654874892,11.969370146678171,7.020566433977761,2.829391386548775,0.2734375
"or(subset_eq(B, A), greater_than(cardinality(B), cardinality(A)))",690.1037396368465,858.8038543608272,0.0,0.0,0.3094907517183755,0.454476354925015,0.454476354925015,0.0,0.454476354925015,774.4537969988369,5,0.4435,5.021420518602029,6.931792559188275,3.031567080045096,8.921645997745209,11.953213077790304,8.165444368041998,6.735399820305481,5.1985624438454625,2.9276729559748427,9.0062893081761,11.933962264150944,6.871800553614033,2.4397962350195224,0.359375
"or(subset_eq(B, A), greater_than(cardinality(B), cardinality(difference(A, B))))",842.9053274211946,1432.8717180936364,0.0,0.0,0.2038205607131679,0.5475242436021457,0.5475242436021457,0.0,0.5475242436021457,1137.8885227574156,6,0.81875,5.8112977099236645,6.437862595419848,3.2451908396946565,9.003969465648854,12.249160305343512,8.00150294271883,6.715862068965517,3.8413793103448275,1.7475862068965518,8.809655172413793,10.557241379310344,5.493011177170024,3.13093943817205,0.234375
"or(subset_eq(B, A), greater_than(cardinality(intersection(A, B)), cardinality(difference(A, B))))",1007.6601417720503,1367.7037169055548,0.0,0.3870818950930016,0.3524708766273187,0.0554237836456543,0.3870818950930016,0.3870818950930016,0.3524708766273187,1187.6819293388025,7,0.44575,6.0358945597307905,6.942232192933258,4.049355019629838,8.928771733034212,12.97812675266405,7.5848722700119335,5.9264772214704555,5.183130356337393,2.108705457825891,9.000902119981957,11.109607577807848,6.804645856870547,2.6215514771136528,0.3046875
"or(subset_eq(B, A), greater_than(cardinality(intersection(A, B)), cardinality(difference(B, A))))",386.61134627490446,509.79993479336554,0.0,1.0,0.5593605031234525,0.0823922616937382,1.0,1.0,0.5593605031234525,448.205640534135,7,0.41275,7.102967898243489,5.975772259236826,4.124772864930345,8.95396729254997,13.078740157480315,6.879078846915084,5.182630906768837,5.961260110685398,2.164750957854406,8.97914005959983,11.143891017454235,7.206981549352749,2.744009956158887,0.2734375
"or(subset_eq(B, A), not(subset_eq(A, B)))",251.6425521438232,263.5374440343271,0.0,1.0,1.0,0.033543868213163,1.0,1.0,1.0,257.58999808907515,4,0.972,6.031121399176954,5.902263374485597,2.943158436213992,8.99022633744856,11.933384773662551,8.633354158198987,4.035714285714286,8.223214285714286,4.035714285714286,8.223214285714286,12.258928571428571,6.431600765306123,3.24994476338722,0.2109375
"or(subset_eq(B, A), or(subset_eq(A, difference(A, A)), greater_than(cardinality(A), cardinality(B))))",412.3699050827022,491.01926338279736,0.0,0.0,1.0,0.1598527315593798,1.0,0.0,1.0,451.6945842327498,8,0.4205,7.115338882282996,4.79013079667063,2.919143876337693,8.986325802615934,11.905469678953626,6.896521326035982,5.147972389991372,6.821397756686799,3.0133735979292493,8.95599654874892,11.969370146678171,7.020566433977761,2.829391386548775,0.3385416666666667
"or(subset_eq(B, A), subset_eq(A, difference(A, A)))",306.0413514331708,323.0568008117,0.0,0.0,1.0,0.2312075129551282,1.0,0.0,1.0,314.5490761224354,4,0.03075,7.943089430894309,3.959349593495935,3.959349593495935,7.943089430894309,11.902439024390244,8.628990680150707,5.912819190095434,6.030951766830023,2.9424812999742067,9.00128965695125,11.943770956925459,8.538924521238624,3.073687352611816,0.2760416666666667
"or(subset_eq(B, A), subset_eq(A, difference(A, B)))",708.6793192474279,469.32224280781793,0.0,0.0,1.0,0.5583388559161546,1.0,0.0,1.0,589.0007810276229,4,0.06225,6.0120481927710845,3.8995983935742973,1.9558232931726907,7.955823293172691,9.911646586345382,15.93354945887971,5.972807251399627,6.104505465209278,3.041322314049587,9.035990402559317,12.077312716608905,8.152533606785143,2.4579388052493014,0.296875
"or(subset_eq(B, A), subset_eq(index(cardinality(B), A), B))",2104.3982725224346,3665.0179463671525,0.0,0.0,0.2946404107381429,0.6096432587978922,0.6096432587978922,0.0,0.6096432587978922,2884.7081094447935,5,0.76425,5.678115799803729,6.391560353287537,3.126594700686948,8.943081452404318,12.069676153091265,8.47288756029937,6.938494167550371,4.591728525980912,2.4782608695652173,9.051961823966066,11.530222693531282,6.244831312714455,2.290913571710329,0.15104166666666666
"or(subset_eq(B, A), subset_eq(index(cardinality(B), difference(A, B)), B))",986.3828475099273,1156.6462443342898,0.0,0.0,0.2539833173505172,0.6293991066688157,0.6293991066688157,0.0,0.6293991066688157,1071.5145459221085,6,0.89725,5.8623572025633885,6.254945667316801,3.1404290888826973,8.976873780997492,12.11730286988019,8.18576823815637,6.961070559610706,3.4549878345498786,1.5182481751824817,8.897810218978103,10.416058394160585,5.085359428371834,3.4173682597870974,0.109375
"or(subset_eq(B, A), subset_eq(index(cardinality(B), union(A, B)), union(difference(A, B), difference(B, A))))",3696.346248505899,6541.8275715224445,0.0,0.0,0.5768331032290008,0.615026707326688,0.615026707326688,0.0,0.615026707326688,5119.086910014172,9,0.69275,5.862143630458318,5.850595452905089,2.7452183327318656,8.967520750631541,11.712739083363406,9.246678850563685,6.230268510984541,6.230268510984541,3.4890154597233525,8.971521562245728,12.460537021969081,7.61313417736942,0.9126344968357478,0.125
"or(subset_eq(B, A), subset_eq(intersection(A, B), index(cardinality(A), B)))",1206.7918430316631,1323.1759158387868,0.0,0.0,0.8186262561258455,0.53620520007721,0.8186262561258455,0.0,0.8186262561258455,1264.983879435225,6,0.072,5.6875,4.138888888888889,1.8263888888888888,8.0,9.82638888888889,15.630690586419755,5.997575431034483,6.109105603448276,3.062769396551724,9.043911637931034,12.106681034482758,8.111118094390818,2.3466012518084565,0.32421875
"or(subset_eq(B, A), subset_eq(intersection(A, B), index(cardinality(A), union(A, B))))",1459.843768912444,2002.1017187097025,0.0,0.0,0.8324016652971138,0.5624630909298609,0.8324016652971138,0.0,0.8324016652971138,1730.972743811073,7,0.0795,5.738993710691824,4.028301886792453,1.748427672955975,8.018867924528301,9.767295597484276,14.530892765317818,5.99565453557849,6.134709397066811,3.0795763172189026,9.0507876154264,12.130363932645302,8.071174092676344,2.504951914008482,0.296875
"or(subset_eq(B, difference(A, A)), and(not(subset_eq(A, B)), equals(cardinality(A), cardinality(B))))",1295.1248861305558,5080.630971727194,0.0,0.3183634219143035,0.2747473935437335,0.1479709544240677,0.3183634219143035,0.3183634219143035,0.2747473935437335,3187.877928928875,9,0.167,6.00748502994012,5.991017964071856,3.1347305389221556,8.863772455089821,11.998502994011975,6.522253397396789,5.968787515006002,5.962484993997599,2.9414765906362543,8.989795918367347,11.931272509003602,9.384239229905512,0.19914496371092222,0.4114583333333333
"or(subset_eq(B, difference(A, A)), equals(cardinality(A), cardinality(B)))",1536.9962771846804,5334.955568777921,0.0,0.306565339296011,0.2467914851721753,0.115170740269666,0.306565339296011,0.306565339296011,0.2467914851721753,3435.9759229813008,6,0.16725,6.007473841554559,5.99103139013453,3.1390134529147984,8.85949177877429,11.998505231689089,6.56149217648545,5.968778144701291,5.962473731612128,2.9405583908736115,8.990693485439808,11.93125187631342,9.376070123898927,0.20419918820850744,0.4817708333333333
"or(subset_eq(B, difference(A, A)), greater_than(cardinality(A), cardinality(B)))",302.93296574055785,467.2941550036812,0.0,1.0,1.0,0.1008030186282954,1.0,1.0,1.0,385.11356037211954,6,0.42025,7.11600237953599,4.789411064842356,2.9173111243307557,8.988102320047592,11.905413444378347,6.877101071180412,5.148339801638637,6.821043553255714,3.0146614920224235,8.954721862871928,11.969383354894351,7.033364628885598,2.829965314721015,0.2760416666666667
"or(subset_eq(B, difference(A, A)), greater_than(cardinality(B), cardinality(A)))",351.93263970485714,419.85051290653064,0.0,0.0,0.1684232093191868,1.0,1.0,0.0,1.0,385.8915763056939,6,0.413,4.8075060532687655,7.148910411622276,2.9606537530266346,8.995762711864407,11.956416464891042,6.514599663479295,6.796848381601363,5.135860306643952,2.982964224872232,8.949744463373083,11.932708688245315,7.303733432200839,2.830256416228567,0.3463541666666667
"or(subset_eq(B, difference(A, A)), greater_than(cardinality(difference(B, A)), cardinality(A)))",447.3353692480214,801.4921669514733,0.0,0.0,0.3558232254544486,1.0,1.0,0.0,1.0,624.4137680997474,7,0.10925,3.4347826086956523,7.192219679633867,1.77116704805492,8.8558352402746,10.62700228832952,5.293162764637195,6.286836935166994,5.817008139208532,3.1212461408925063,8.98259893348302,12.103845074375526,8.106946460444322,3.4421118835651,0.2682291666666667
"or(subset_eq(B, difference(A, A)), subset_eq(index(cardinality(B), union(A, B)), B))",2273.327447937998,4603.594616245478,0.0,0.0,0.212381852253386,0.7031314175786549,0.7031314175786549,0.0,0.7031314175786549,3438.461032091738,7,0.666,5.775900900900901,6.30518018018018,3.1114864864864864,8.969594594594595,12.08108108108108,8.804229060141099,6.372754491017964,5.293413173652695,2.6991017964071857,8.967065868263473,11.666167664670658,8.122319731793834,1.244977034384577,0.2721354166666667
"or(subset_eq(B, index(cardinality(A), B)), equals(cardinality(A), cardinality(difference(B, A))))",981.5830261019,1758.0151297645643,0.0,0.1433248927252343,0.3336095395564814,0.3336095395564814,0.3336095395564814,0.1433248927252343,0.3336095395564814,1369.7990779332322,8,0.091,4.384615384615385,6.56043956043956,2.206043956043956,8.739010989010989,10.945054945054945,5.462715855573001,6.134488448844884,5.9078657865786575,3.0506050605060504,8.991749174917492,12.042354235423542,8.917704903053464,2.0496808850202095,0.3697916666666667
"or(subset_eq(B, index(cardinality(A), B)), equals(cardinality(intersection(A, B)), cardinality(difference(B, A))))",1431.0094905263486,3389.0320159325493,0.0,0.270526241010764,0.1754336094837791,0.1754336094837791,0.270526241010764,0.270526241010764,0.1754336094837791,2410.020753229449,9,0.1675,6.04179104477612,5.695522388059701,2.8477611940298506,8.88955223880597,11.73731343283582,6.154546669636878,5.961861861861862,6.021921921921922,2.999099099099099,8.984684684684686,11.983783783783784,9.457917196475602,0.36854917107160146,0.4479166666666667
"or(subset_eq(B, index(cardinality(A), B)), greater_than(cardinality(difference(A, B)), cardinality(intersection(A, B))))",343.468982450815,452.45050826207444,0.0,0.2536040756425098,1.0,0.3265764634119025,1.0,0.2536040756425098,1.0,397.9597453564447,9,0.42325,6.091553455404608,4.822799763733018,1.8812758417011222,9.033077377436504,10.914353219137626,6.821994181245259,5.88990030342436,6.807108799306459,3.775465973125271,8.92154312960555,12.697009102730819,7.074542735599202,2.7506549395274216,0.28125
"or(subset_eq(B, index(cardinality(A), B)), greater_than(cardinality(intersection(A, B)), cardinality(difference(B, A))))",374.505592858246,504.7933107594363,0.0,0.5999711602020343,0.5660615776289759,0.1207633630366556,0.5999711602020343,0.5999711602020343,0.5660615776289759,439.64945180884115,9,0.41275,7.102967898243489,5.975772259236826,4.124772864930345,8.95396729254997,13.078740157480315,6.879078846915084,5.182630906768837,5.961260110685398,2.164750957854406,8.97914005959983,11.143891017454235,7.206981549352749,2.744009956158887,0.2890625
"or(subset_eq(B, index(cardinality(A), B)), subset_eq(index(cardinality(A), B), A))",1820.2898853808147,3703.021780371666,0.0,0.6916267342363898,0.8390725867053394,0.1898659818655814,0.8390725867053394,0.6916267342363898,0.8390725867053394,2761.6558328762403,7,0.752,6.436835106382978,5.609375,3.0867686170212765,8.959441489361701,12.04621010638298,8.377742023044974,4.575604838709677,7.05241935483871,2.631048387096774,8.996975806451612,11.628024193548388,6.213480017559825,2.398798875958036,0.24739583333333334
"or(subset_eq(B, index(cardinality(A), B)), subset_eq(index(cardinality(A), union(A, B)), index(cardinality(B), A)))",2600.887418612838,2661.6619688915093,0.0,0.6837884960578122,0.7977338824060141,0.1394223314545651,0.7977338824060141,0.6837884960578122,0.7977338824060141,2631.2746937521733,10,0.10075,7.176178660049628,4.846153846153846,3.4267990074441688,8.595533498759306,12.022332506203474,8.241883146869954,5.84070058381985,6.09285515707534,2.922991381706978,9.010564359188212,11.93355574089519,8.575513573577718,1.895148536261658,0.2825520833333333
"or(subset_eq(B, index(cardinality(A), union(A, B))), greater_than(cardinality(difference(A, B)), cardinality(B)))",325.2899485566336,554.1441812533267,0.0,0.656500802375396,1.0,0.3973105570999748,1.0,0.656500802375396,1.0,439.71706490498013,9,0.117,7.108974358974359,3.3675213675213675,1.6666666666666667,8.80982905982906,10.476495726495726,5.747087077215284,5.825028312570781,6.311721404303511,3.146942242355606,8.989807474518686,12.136749716874291,7.936424811687612,3.536671752742198,0.2265625
"or(subset_eq(B, index(cardinality(A), union(A, B))), greater_than(cardinality(intersection(A, B)), cardinality(difference(A, B))))",395.4528907668719,466.2512711667805,0.0,0.1362116090881292,0.1913319432652973,0.1598527315593798,0.1913319432652973,0.1362116090881292,0.1913319432652973,430.8520809668262,10,0.42825,5.9573847051955635,7.103327495621716,4.091652072387624,8.969060128429655,13.06071220081728,6.865648457981894,5.988631394840402,5.116309575863577,2.136423261915173,8.968517708788806,11.104940970703979,7.132614926403935,2.7878551379788803,0.3736979166666667
"or(subset_eq(B, index(cardinality(A), union(A, B))), greater_than(cardinality(intersection(A, B)), cardinality(difference(B, A))))",367.853566278769,460.8172208087126,0.0,0.7073346998447991,0.5815702960827147,0.2187067155549362,0.7073346998447991,0.7073346998447991,0.5815702960827147,414.3353935437408,10,0.413,7.103510895883777,5.9727602905569,4.12227602905569,8.953995157384988,13.076271186440678,6.9009030069942074,5.181431005110732,5.9633730834752985,2.1656729131175467,8.979131175468483,11.14480408858603,7.194146165209366,2.742767758937997,0.3098958333333333
"or(subset_eq(B, index(cardinality(A), union(A, B))), subset_eq(difference(A, B), index(cardinality(B), union(A, B))))",545.2444196801889,563.8004851383885,0.0,0.0,0.3465939449931131,1.0,1.0,0.0,1.0,554.5224524092887,10,0.0435,4.2988505747126435,7.781609195402299,3.8505747126436782,8.229885057471265,12.080459770114942,8.523715153917292,6.051489806586513,5.884736016727653,2.9338734971249347,9.002352326189232,11.936225823314166,8.524590600696392,2.740476829241989,0.2877604166666667
"or(subset_eq(B, index(cardinality(A), union(A, B))), subset_eq(index(cardinality(A), union(A, B)), difference(A, B)))",3277.435327889169,5933.19067738764,0.0,0.633760652831792,0.9006188011823193,0.3551402889922235,0.9006188011823193,0.633760652831792,0.9006188011823193,4605.313002638404,10,0.352,6.4524147727272725,5.246448863636363,2.750710227272727,8.948153409090908,11.698863636363637,8.587645475529449,5.716049382716049,6.358796296296297,3.0949074074074074,8.979938271604938,12.074845679012345,8.440999609434519,1.3776873728695462,0.3046875
"or(subset_eq(B, index(cardinality(A), union(A, B))), subset_eq(index(cardinality(B), union(A, B)), A))",3123.995819694421,5825.348838809878,0.0,0.0,0.4468814014222655,0.4468814014222655,0.4468814014222655,0.0,0.4468814014222655,4474.672329252149,9,0.6835,6.249817117776153,5.821506949524506,3.1499634235552305,8.921360643745428,12.071324067300658,8.977100790982327,5.3823064770932065,6.281990521327014,2.5932069510268563,9.071090047393366,11.664296998420221,7.798715462615657,1.1289807798631333,0.20442708333333334
"or(subset_eq(B, index(cardinality(A), union(A, B))), subset_eq(index(cardinality(B), union(A, B)), index(cardinality(A), difference(B, A))))",2196.592145899427,2794.396145287901,0.0,0.0,0.3394846422352509,1.0,1.0,0.0,1.0,2495.494145593664,12,0.05025,3.955223880597015,7.562189054726368,3.08955223880597,8.427860696517413,11.517412935323383,9.06997351550704,6.082126875493551,5.882863911555672,2.9676230586996577,8.997367728349566,11.964990787049224,8.519844619062523,2.7126953406430534,0.30078125
"or(subset_eq(B, index(cardinality(A), union(A, B))), subset_eq(index(cardinality(B), union(A, B)), index(cardinality(B), A)))",819.3730016218537,1022.6635881919901,0.0,0.0,0.4860891685388918,0.4929484569239063,0.4929484569239063,0.0,0.4929484569239063,921.0182949069219,11,0.1175,6.746808510638298,5.061702127659575,3.380851063829787,8.427659574468086,11.808510638297872,13.342661837935717,5.872521246458923,6.087818696883852,2.9195467422096315,9.040793201133145,11.960339943342776,7.98286608511416,1.4248140619352014,0.30859375
"or(subset_eq(B, index(cardinality(B), A)), equals(cardinality(A), cardinality(difference(B, A))))",1094.8388257132028,1516.986515996512,0.0,0.1800338868991182,0.3702403160065152,0.1354759830805431,0.3702403160065152,0.1800338868991182,0.3702403160065152,1305.9126708548574,8,0.091,4.384615384615385,6.56043956043956,2.206043956043956,8.739010989010989,10.945054945054945,5.462715855573001,6.134488448844884,5.9078657865786575,3.0506050605060504,8.991749174917492,12.042354235423542,8.917704903053464,2.0496808850202095,0.4140625
"or(subset_eq(B, index(cardinality(B), A)), equals(cardinality(intersection(A, B)), cardinality(difference(A, B))))",1593.4568812895704,3848.1765548255644,0.0,0.0,0.3696355456958854,0.2200982331949047,0.3696355456958854,0.0,0.3696355456958854,2720.8167180575674,9,0.14925,5.716917922948074,5.924623115577889,2.849246231155779,8.792294807370185,11.641541038525963,6.168895847186793,6.020570085218925,5.97472818101675,2.995592124595945,8.999706141639729,11.995298266235674,9.388871325701844,0.3407818565610498,0.4752604166666667
"or(subset_eq(B, index(cardinality(B), A)), greater_than(cardinality(B), cardinality(difference(A, B))))",477.8545805682106,605.1610343462453,0.0,0.0,0.1087885185543175,0.7853012213713564,0.7853012213713564,0.0,0.7853012213713564,541.507807457228,8,0.801,5.763732833957553,6.514669163545568,3.2512484394506864,9.027153558052435,12.27840199750312,7.669649244624042,6.826633165829146,3.763819095477387,1.85678391959799,8.733668341708542,10.590452261306533,6.01960809070481,3.2621257654498037,0.3125
"or(subset_eq(B, index(cardinality(B), A)), subset_eq(difference(A, B), index(cardinality(B), A)))",557.1535787071953,533.2167947651415,0.0,0.0,0.3125059825377143,0.6373681025888833,0.6373681025888833,0.0,0.6373681025888833,545.1851867361684,8,0.0285,4.114035087719298,8.131578947368421,4.017543859649122,8.228070175438596,12.24561403508772,7.960449369036632,6.029850746268656,5.903757076685538,2.943129181677818,8.990478641276377,11.933607822954194,8.606749912389773,3.1285630607798334,0.3046875
"or(subset_eq(B, index(cardinality(B), A)), subset_eq(difference(A, B), index(cardinality(B), union(A, B))))",569.6781855788404,533.0120940190718,0.0,0.0,0.3465939449931131,0.788579035968882,0.788579035968882,0.0,0.788579035968882,551.3451397989561,9,0.04325,4.277456647398844,7.820809248554913,3.8728323699421967,8.22543352601156,12.098265895953757,8.101841023756215,6.051998954794879,5.883459628952182,2.9331068722236737,9.002351711523387,11.93545858374706,8.5318331121228,2.7902343916552277,0.2786458333333333
"or(subset_eq(B, index(cardinality(B), A)), subset_eq(index(cardinality(B), difference(A, B)), index(cardinality(B), A)))",972.3739653070952,1834.509376076574,0.0,0.0,0.3881005797278156,0.8902388627659472,0.8902388627659472,0.0,0.8902388627659472,1403.4416706918346,10,0.91625,5.843929058663028,6.184720327421555,3.061118690313779,8.967530695770805,12.028649386084584,8.434807933905182,7.411940298507463,3.5880597014925373,2.017910447761194,8.982089552238806,11.0,4.781715304076622,3.2077389376098258,0.03515625
"or(subset_eq(B, index(cardinality(B), A)), subset_eq(index(cardinality(B), union(A, B)), difference(A, B)))",2971.750806065422,4963.078624129295,0.0,0.0,0.4154207044699829,0.5865193923782872,0.5865193923782872,0.0,0.5865193923782872,3967.4147150973586,9,0.3625,6.195172413793103,5.516551724137931,2.802758620689655,8.908965517241379,11.711724137931034,9.369319381688472,5.850196078431373,6.223529411764706,3.0709803921568626,9.002745098039215,12.073725490196079,8.430388312187517,0.8311251659351425,0.3072916666666667
"or(subset_eq(B, index(cardinality(B), A)), subset_eq(index(cardinality(B), union(A, B)), index(cardinality(A), B)))",2350.8262786380947,3062.5686743969563,0.0,0.0,0.2187067155549362,0.6662242254964463,0.6662242254964463,0.0,0.6662242254964463,2706.6974765175255,10,0.1055,4.85781990521327,7.101895734597156,3.3317535545023698,8.627962085308058,11.959715639810426,7.95749197008153,6.1070430408049186,5.833426495248743,2.9315259921743992,9.008943543879262,11.940469536053662,8.635628855427022,1.8247615612231542,0.3580729166666667
"or(subset_eq(B, index(cardinality(B), union(A, B))), equals(cardinality(A), cardinality(difference(B, A))))",1046.2606218346918,1829.4264302338706,0.0,0.1901090246807636,0.4037683859259213,0.1246459502612861,0.4037683859259213,0.1901090246807636,0.4037683859259213,1437.8435260342812,9,0.09125,4.391780821917808,6.545205479452055,2.2,8.736986301369862,10.936986301369863,5.556794895852885,6.134250343878954,5.909215955983494,3.0514442916093536,8.992022008253095,12.043466299862448,8.912157327223234,2.0409899780840246,0.4114583333333333
"or(subset_eq(B, index(cardinality(B), union(A, B))), equals(cardinality(intersection(A, B)), cardinality(difference(A, B))))",1547.9503858850076,4148.203067369643,0.0,0.0,0.4813091608506408,0.2294605308979942,0.4813091608506408,0.0,0.4813091608506408,2848.076726627325,10,0.1495,5.719063545150502,5.916387959866221,2.8444816053511706,8.790969899665551,11.635451505016722,6.208879095312142,6.020282186948854,5.976190476190476,2.99647266313933,9.0,11.996472663139329,9.382901125699476,0.34265185359650435,0.46875
"or(subset_eq(B, index(cardinality(B), union(A, B))), greater_than(cardinality(difference(A, B)), cardinality(B)))",333.29173621575774,552.6512007160127,0.0,1.0,1.0,0.1797473651824782,1.0,1.0,1.0,442.9714684658852,9,0.117,7.108974358974359,3.3675213675213675,1.6666666666666667,8.80982905982906,10.476495726495726,5.747087077215284,5.825028312570781,6.311721404303511,3.146942242355606,8.989807474518686,12.136749716874291,7.936424811687612,3.536671752742198,0.22135416666666666
"or(subset_eq(B, index(cardinality(B), union(A, B))), greater_than(cardinality(intersection(A, B)), cardinality(difference(B, A))))",367.77322650519363,437.11071272494155,0.0,0.8636756827588983,0.5763929230733335,0.0719415819844513,0.8636756827588983,0.8636756827588983,0.5763929230733335,402.4419696150676,10,0.413,7.102905569007264,5.9727602905569,4.12227602905569,8.953389830508474,13.075665859564165,6.895981245126597,5.181856899488927,5.9633730834752985,2.1656729131175467,8.979557069846678,11.145229982964224,7.197557310727408,2.7420451972230175,0.30859375
"or(subset_eq(B, index(cardinality(B), union(A, B))), subset_eq(difference(B, A), index(cardinality(A), union(A, B))))",423.3177178846845,372.4074577793672,0.0,0.6712758819870782,1.0,0.2134181277402053,1.0,0.6712758819870782,1.0,397.86258783202584,10,0.04625,7.632432432432433,4.102702702702703,3.7675675675675677,7.967567567567568,11.735135135135135,8.290021913805688,5.894888597640891,6.057667103538663,2.9352555701179552,9.0173001310616,11.952555701179554,8.471162153945023,2.7447563912771136,0.24609375
"or(subset_eq(B, index(cardinality(B), union(A, B))), subset_eq(index(cardinality(A), union(A, B)), difference(B, A)))",2553.225906395037,5444.5189181887545,0.0,0.0,0.6961142271870422,0.320342704933875,0.6961142271870422,0.0,0.6961142271870422,3998.8724122918957,10,0.358,5.511173184357542,6.157122905027933,2.75768156424581,8.910614525139664,11.668296089385475,9.705989006273223,6.234034267912772,5.861370716510903,3.094236760124611,9.001168224299066,12.095404984423675,8.242893302180713,0.8504509997667545,0.3151041666666667
"or(subset_eq(B, index(cardinality(B), union(A, B))), subset_eq(index(cardinality(B), union(A, B)), A))",3282.717839122033,5903.392857099883,0.0,0.0,0.566494717025985,0.478858519800608,0.566494717025985,0.0,0.566494717025985,4593.055348110958,9,0.68375,6.250091407678245,5.819744058500914,3.1488117001828155,8.921023765996344,12.069835466179159,8.984336166358837,5.381027667984189,6.2861660079051385,2.5952569169960475,9.07193675889328,11.667193675889328,7.778904841506671,1.1310367441095819,0.18098958333333334
"or(subset_eq(B, index(cardinality(B), union(A, B))), subset_eq(index(cardinality(B), union(A, B)), index(cardinality(A), difference(B, A))))",2338.4871372090274,2489.260158614721,0.0,0.0,0.365423512468034,0.7969465601241502,0.7969465601241502,0.0,0.7969465601241502,2413.8736479118743,12,0.05025,3.9502487562189055,7.562189054726368,3.08955223880597,8.422885572139304,11.512437810945274,9.003192990272519,6.082390102658595,5.882863911555672,2.9676230586996577,8.997630955514609,11.965254014214267,8.521891402546318,2.716804443209766,0.32421875
"or(subset_eq(B, index(cardinality(B), union(A, B))), subset_eq(index(cardinality(B), union(A, B)), index(cardinality(B), A)))",1156.612804189217,1068.3392205226555,0.0,0.0,0.488993317364788,0.4628646153503533,0.488993317364788,0.0,0.488993317364788,1112.4760123559363,11,0.11775,6.747346072186836,5.053078556263269,3.373673036093418,8.426751592356688,11.800424628450106,13.367898630099939,5.872201756871635,6.089260413714934,2.9203740436384247,9.041088126948145,11.961462170586568,7.9764300828957895,1.4300455904974518,0.3177083333333333
"or(subset_eq(B, index(cardinality(B), union(A, B))), subset_eq(index(cardinality(B), union(A, B)), intersection(A, B)))",3312.740290123358,5428.578504335135,0.0,0.0,0.2525640652768115,0.4791407887184554,0.4791407887184554,0.0,0.4791407887184554,4370.659397229247,10,0.34975,6.132952108649035,6.322373123659757,3.5782701929949963,8.877055039313795,12.455325232308793,8.803422847219053,5.89042675893887,5.776239907727797,2.6485966935793925,9.018069973087274,11.666666666666666,8.458085133021278,1.1051573871227016,0.3333333333333333
"or(subset_eq(difference(A, B), index(cardinality(A), union(A, B))), equals(cardinality(intersection(A, B)), cardinality(difference(A, B))))",2256.097265918259,3218.36785508669,0.78537245599156,0.0,0.0519615605647056,0.5054409579097128,0.78537245599156,0.78537245599156,0.5054409579097128,2737.2325605024744,11,0.19425,5.36936936936937,6.352638352638353,3.0926640926640925,8.62934362934363,11.722007722007723,7.574739659681736,6.1213155445237355,5.874340676388458,2.9450822215327337,9.050573999379461,11.995656220912194,9.02817449319295,0.9033117546683218,0.3671875
"or(subset_eq(difference(A, B), index(cardinality(A), union(A, B))), subset_eq(index(cardinality(A), difference(B, A)), A))",944.2337366851098,1133.4569135666825,0.0,0.0,0.6352581104393749,0.3075475019274484,0.6352581104393749,0.0,0.6352581104393749,1038.8453251258961,10,0.90775,6.22721013494905,5.855687138529331,3.113191958138254,8.969705315340127,12.08289727347838,8.337696270547642,3.4959349593495936,7.065040650406504,1.6016260162601625,8.959349593495935,10.560975609756097,4.513450988168427,3.3477203584202333,0.07682291666666667
"or(subset_eq(difference(A, B), index(cardinality(A), union(A, B))), subset_eq(index(cardinality(A), difference(B, A)), index(cardinality(A), union(A, B))))",1108.980417950239,1424.3297886474757,0.0,0.0,0.669083694690364,0.4110371580004442,0.669083694690364,0.0,0.669083694690364,1266.6551032988573,13,0.91725,6.189152357590624,5.865630962115017,3.0923957481602615,8.96238757154538,12.054783319705642,8.469465911122839,3.604229607250755,7.093655589123867,1.6586102719033233,9.039274924471298,10.697885196374623,4.318087640675065,3.2008765833268535,0.03515625
"or(subset_eq(difference(A, B), index(cardinality(A), union(A, B))), subset_eq(index(cardinality(A), union(A, B)), difference(B, A)))",3912.1300143634435,6695.489016896114,0.0,0.0,0.5261485259237366,0.5329500126786444,0.5329500126786444,0.0,0.5329500126786444,5303.809515629779,11,0.38825,5.433998712169994,6.266580811332904,2.8551191242755958,8.845460399227303,11.700579523502897,9.90339699370886,6.318757662443809,5.777278299959134,3.0490396403759705,9.046996322026972,12.096035962402942,7.9002760442092,1.0294758444426646,0.203125
"or(subset_eq(difference(A, B), index(cardinality(A), union(A, B))), subset_eq(index(cardinality(B), union(A, B)), A))",4336.683757739491,6911.172507416457,0.0,0.0,0.3823649114315849,0.3913732124022991,0.3913732124022991,0.0,0.3913732124022991,5623.928132577974,10,0.692,6.226878612716763,5.836343930635838,3.1528179190751446,8.910404624277456,12.063222543352602,9.005319621019684,5.409902597402597,6.261363636363637,2.5714285714285716,9.099837662337663,11.671266233766234,7.732829366250648,1.0890845391485748,0.20052083333333334
"or(subset_eq(difference(A, B), index(cardinality(B), A)), greater_than(cardinality(difference(B, A)), cardinality(A)))",632.0166063202996,952.5521267041622,0.5483456569418759,0.0,0.1222986103342786,0.77370707319572,0.77370707319572,0.5483456569418759,0.77370707319572,792.2843665122309,9,0.12475,3.617234468937876,7.322645290581162,2.182364729458918,8.75751503006012,10.939879759519037,7.071899309641334,6.311339617252214,5.7740645529848615,3.0865467009425878,8.998857469294487,12.085404170237075,7.924879829903075,3.236332783967715,0.2942708333333333
"or(subset_eq(difference(A, B), index(cardinality(B), A)), subset_eq(index(cardinality(B), union(A, B)), intersection(A, B)))",3592.5448616119684,5618.829851223156,0.2840016095711886,0.0,0.0869934867385722,0.3860113351450629,0.3860113351450629,0.2840016095711886,0.3860113351450629,4605.687356417562,10,0.34925,6.128847530422334,6.330708661417323,3.583392984967788,8.876163206871869,12.459556191839656,8.721028648668845,5.892815981559739,5.772185939300806,2.6465616596235115,9.018440261237034,11.665001920860545,8.492901818862302,1.1159352379619676,0.3046875
"or(subset_eq(difference(A, B), index(cardinality(B), union(A, B))), equals(cardinality(A), cardinality(difference(B, A))))",1645.982483917549,2819.322936786688,0.705526957789248,0.0,0.2327861175000135,0.7488141304408129,0.7488141304408129,0.705526957789248,0.7488141304408129,2232.6527103521184,10,0.1275,4.3352941176470585,6.954901960784314,2.7098039215686276,8.580392156862745,11.290196078431373,7.284482891195704,6.214899713467049,5.822922636103152,3.0123209169054443,9.025501432664756,12.0378223495702,8.543491432746919,2.2149065262017396,0.3033854166666667
"or(subset_eq(difference(A, B), index(cardinality(B), union(A, B))), equals(cardinality(B), cardinality(difference(A, B))))",1384.132084034396,2599.967476891703,0.3468555662309202,0.0,0.196553252525626,0.6845520099357856,0.6845520099357856,0.3468555662309202,0.6845520099357856,1992.0497804630495,10,0.12525,5.682634730538922,5.534930139720559,2.730538922155689,8.487025948103792,11.217564870259482,11.132672778196081,6.017147756501858,6.029151186053158,3.008573878250929,9.037725064304087,12.046298942555016,8.550164130509922,0.6583743949971411,0.3619791666666667
"or(subset_eq(difference(A, B), index(cardinality(B), union(A, B))), greater_than(cardinality(difference(A, B)), cardinality(intersection(A, B))))",946.2093600144526,1656.1700426549942,0.0,0.0,0.5569741250636816,0.6652931441676075,0.6652931441676075,0.0,0.6652931441676075,1301.1897013347234,11,0.466,5.923283261802575,5.103004291845494,2.0681330472103006,8.958154506437769,11.026287553648068,8.591581052331014,6.020599250936329,6.721441947565543,3.764044943820225,8.977996254681647,12.742041198501873,6.673958727854245,2.346258299560549,0.26171875
"or(subset_eq(difference(A, B), index(cardinality(B), union(A, B))), greater_than(cardinality(difference(B, A)), cardinality(A)))",967.0007442270474,1005.6237522303418,0.7398503314423021,0.0,0.1986055006532346,1.0,1.0,0.7398503314423021,1.0,986.3122482286947,10,0.1355,3.7398523985239853,7.306273062730627,2.339483394833948,8.706642066420665,11.046125461254613,7.659434103566126,6.325621746674378,5.757374204742626,3.073163678426836,9.009832272990169,12.082995951417004,7.8623242606226595,3.1021891548781455,0.2604166666666667
"or(subset_eq(difference(A, B), index(cardinality(B), union(A, B))), greater_than(cardinality(difference(B, A)), cardinality(intersection(A, B))))",1084.0617101521275,1225.065915595449,0.4089071784414086,0.0,0.2565600449991155,1.0,1.0,0.4089071784414086,1.0,1154.5638128737883,11,0.4435,4.861894024802706,6.15445321307779,2.04847801578354,8.967869222096956,11.016347237880495,7.708183088047441,6.862533692722372,5.818059299191375,3.7111410601976638,8.969451931716083,12.680592991913747,6.838149404772015,2.62300750006819,0.2747395833333333
"or(subset_eq(difference(A, B), index(cardinality(B), union(A, B))), greater_than(cardinality(intersection(A, B)), cardinality(difference(A, B))))",447.7831674929821,554.6780981281045,0.6114503323274174,0.0,0.1789430626297183,0.6784620574871234,0.6784620574871234,0.6114503323274174,0.6784620574871234,501.2306328105433,11,0.4285,5.945740956826138,7.108518086347725,4.090431738623104,8.963827304550758,13.054259043173863,6.801223093775009,5.997375328083989,5.111548556430447,2.136482939632546,8.972440944881889,11.108923884514436,7.149616632566646,2.7943638490343146,0.26953125
"or(subset_eq(difference(A, B), index(cardinality(B), union(A, B))), greater_than(cardinality(intersection(A, B)), cardinality(difference(B, A))))",1054.6853971776,1611.5530914951378,0.2476695232319987,0.0,0.1317578622248477,0.4645220390131951,0.4645220390131951,0.2476695232319987,0.4645220390131951,1333.1192443363689,11,0.43675,6.889524899828277,6.0870062965083,4.061820263308529,8.914710933028049,12.976531196336577,7.692985833265875,5.266311584553928,5.87438970261873,2.1300488237905015,9.010652463382158,11.140701287172659,6.906590197141066,2.532146950202278,0.2747395833333333
"or(subset_eq(difference(A, B), index(cardinality(B), union(A, B))), subset_eq(index(cardinality(A), union(A, B)), difference(A, B)))",3303.6273396854085,6034.397475618869,0.0,0.0,0.4497493136849535,0.4724932477950773,0.4724932477950773,0.0,0.4724932477950773,4669.012407652139,11,0.39375,6.210793650793651,5.533333333333333,2.871111111111111,8.873015873015873,11.744126984126984,9.87873701184187,5.8222680412371135,6.249072164948454,3.0404123711340207,9.030927835051546,12.071340206185567,8.037418471676025,0.8318035471242005,0.24479166666666666
"or(subset_eq(difference(A, B), index(cardinality(B), union(A, B))), subset_eq(index(cardinality(A), union(A, B)), difference(B, A)))",3547.3363512102515,6082.100848596543,0.0,0.0,0.5019504017334903,0.5082616650932463,0.5082616650932463,0.0,0.5082616650932463,4814.718599903397,11,0.37725,5.467196819085487,6.248508946322068,2.8422796554009278,8.873426110006626,11.715705765407554,9.9940169014628,6.283018867924528,5.796868727418707,3.053392211963067,9.026495383380169,12.079887595343235,7.941342909141705,0.9560925761876874,0.22135416666666666
"or(subset_eq(difference(A, B), index(cardinality(B), union(A, B))), subset_eq(index(cardinality(A), union(A, B)), index(cardinality(B), A)))",3648.3135889068653,4586.553642387502,0.0,0.0,0.4347787217077712,0.4691041847896152,0.4691041847896152,0.0,0.4691041847896152,4117.433615647184,12,0.1435,6.2979094076655056,5.7491289198606275,3.562717770034843,8.484320557491289,12.047038327526133,11.8038400369071,5.921190893169878,6.00379451255108,2.875072971395213,9.049912434325744,11.924985405720957,8.18270384535817,0.824394791565491,0.2552083333333333
"or(subset_eq(difference(B, A), index(cardinality(A), B)), equals(cardinality(A), cardinality(difference(B, A))))",2529.3554064849304,2394.575500427396,0.0,0.266732883631479,0.5867784169260009,0.1946035337644358,0.5867784169260009,0.266732883631479,0.5867784169260009,2461.9654534561632,9,0.12175,5.268993839835729,5.9137577002053385,2.6570841889117043,8.525667351129364,11.182751540041068,11.0179239276634,6.073156846000569,5.974665528038713,3.017648733276402,9.03017364076288,12.047822374039283,8.548361180371323,0.8833995102038347,0.42578125
"or(subset_eq(difference(B, A), index(cardinality(A), B)), greater_than(cardinality(difference(B, A)), cardinality(intersection(A, B))))",722.1469673876013,872.0777796073453,0.0,0.0,0.6098899755184854,0.5625563869476446,0.6098899755184854,0.0,0.6098899755184854,797.1123734974733,10,0.451,5.054323725055433,5.919623059866963,2.033259423503326,8.94068736141907,10.973946784922395,8.5452117983688,6.731785063752277,6.0063752276867035,3.7463570127504555,8.991803278688524,12.73816029143898,6.711127783252238,2.399188577775486,0.3385416666666667
"or(subset_eq(difference(B, A), index(cardinality(A), B)), greater_than(cardinality(intersection(A, B)), cardinality(difference(B, A))))",448.1424827600549,547.1707509217376,0.0,0.4477319769084565,0.5176195173362215,0.1121243246683822,0.5176195173362215,0.4477319769084565,0.5176195173362215,497.6566168408963,10,0.41275,7.102967898243489,5.975772259236826,4.124772864930345,8.95396729254997,13.078740157480315,6.879078846915084,5.182630906768837,5.961260110685398,2.164750957854406,8.97914005959983,11.143891017454235,7.206981549352749,2.744009956158887,0.2890625
"or(subset_eq(difference(B, A), index(cardinality(A), union(A, B))), subset_eq(index(cardinality(A), union(A, B)), index(cardinality(B), difference(A, B))))",1623.6018875197688,2290.2316500374145,0.0,0.7039744613293029,1.0,0.205823117224939,1.0,0.7039744613293029,1.0,1956.9167687785916,13,0.06575,7.406844106463878,3.9809885931558937,3.178707224334601,8.209125475285171,11.387832699619771,8.844598013560988,5.874498260636875,6.107037730800107,2.959325662295959,9.022210329141021,11.981535991436981,8.40448132063426,2.6298853580837873,0.2604166666666667
"or(subset_eq(difference(B, A), index(cardinality(A), union(A, B))), subset_eq(index(cardinality(B), union(A, B)), difference(A, B)))",3412.7037955313576,6345.298414811492,0.0,0.0,0.5082616650932463,0.5019504017334903,0.5082616650932463,0.0,0.5082616650932463,4879.001105171425,11,0.38325,6.281148075668623,5.478799739073712,2.893672537508154,8.866275277234182,11.759947814742334,9.703349958235599,5.785164167004459,6.270774219700041,3.0235103364410216,9.032428050263478,12.055938386704499,8.099336700465575,0.9434412910451062,0.22135416666666666
"or(subset_eq(difference(B, A), index(cardinality(B), union(A, B))), greater_than(cardinality(difference(B, A)), cardinality(intersection(A, B))))",1371.3763112097804,2547.7855952952523,0.0,0.0,0.6007170848522265,0.4751003335040935,0.6007170848522265,0.0,0.6007170848522265,1959.5809532525163,11,0.46425,5.115239633817986,5.8659127625201934,2.0619278406031234,8.919224555735056,10.98115239633818,8.756130654679815,6.720485300979934,6.05506299580028,3.7638824078394775,9.011665888940737,12.775548296780215,6.647923580642898,2.347177200730444,0.32421875
"or(subset_eq(difference(B, A), index(cardinality(B), union(A, B))), subset_eq(index(cardinality(A), union(A, B)), index(cardinality(A), B)))",1920.8244155351495,2118.2078618895616,0.0,0.0,0.3652006683324525,0.3850981522737476,0.3850981522737476,0.0,0.3850981522737476,2019.5161387123555,12,0.1395,5.2831541218638,6.489247311827957,3.3207885304659497,8.451612903225806,11.772401433691757,13.437539343019765,6.087449157466589,5.882626380011621,2.917489831493318,9.052585705984892,11.97007553747821,7.906286833087901,1.0851402212645285,0.3111979166666667
"or(subset_eq(difference(B, A), index(cardinality(B), union(A, B))), subset_eq(index(cardinality(A), union(A, B)), index(cardinality(A), difference(B, A))))",1871.2046426057786,2161.961722025473,0.0,0.0,0.6108395435652476,0.2643644035199349,0.6108395435652476,0.0,0.6108395435652476,2016.583182315626,13,0.0555,6.657657657657658,4.59009009009009,3.18018018018018,8.067567567567568,11.247747747747749,14.66605794984174,5.9351508734780305,6.048173636844892,2.9616199047114877,9.021704605611435,11.983324510322921,8.359900776864034,1.64188680380701,0.3658854166666667
"or(subset_eq(difference(B, A), index(cardinality(B), union(A, B))), subset_eq(index(cardinality(A), union(A, B)), union(difference(A, B), difference(B, A))))",3764.0261442261253,5740.4841626398265,0.0,0.0,0.765698871085138,0.4160549807852002,0.765698871085138,0.0,0.765698871085138,4752.255153432976,13,0.6835,5.8975859546452085,5.779444038039503,2.707388441843453,8.969641550841258,11.67702999268471,9.062287250580589,6.142969984202212,6.372827804107425,3.5489731437598735,8.966824644549764,12.515797788309637,7.846053922119147,1.0585756592206026,0.21744791666666666
"or(subset_eq(difference(B, A), index(cardinality(B), union(A, B))), subset_eq(index(cardinality(B), A), index(cardinality(B), union(A, B))))",1053.579582087125,1805.3880265239281,0.0,0.0,0.4611935277108567,0.6491730225703994,0.6491730225703994,0.0,0.6491730225703994,1429.4838043055265,12,0.68225,5.508977647489923,6.405276658116526,3.03371198241114,8.880542323195309,11.91425430560645,8.891084333531499,6.97639653815893,5.026750590086546,2.845003933910307,9.15814319433517,12.003147128245477,6.070616011355401,2.0221926338752825,0.07291666666666667
"or(subset_eq(difference(B, A), index(cardinality(B), union(A, B))), subset_eq(index(cardinality(B), difference(A, B)), index(cardinality(B), union(A, B))))",1045.611274586583,1563.9000749255065,0.0,0.0,0.4110371580004442,0.669083694690364,0.669083694690364,0.0,0.669083694690364,1304.7556747560448,13,0.91075,5.8808674169640405,6.202854790008235,3.114191600329399,8.969530606642877,12.083722206972276,8.37281098695409,6.938375350140056,3.563025210084034,1.5406162464985995,8.96078431372549,10.50140056022409,4.917229636952808,3.250101942086851,0.03515625
"or(subset_eq(difference(B, A), index(cardinality(B), union(A, B))), subset_eq(index(cardinality(B), union(A, B)), A))",3678.9223692573432,6890.9026551656425,0.0,0.0,0.6049682294600256,0.3759282806571624,0.6049682294600256,0.0,0.6049682294600256,5284.912512211493,10,0.69725,6.267120831839369,5.785586231624238,3.147006095374686,8.90570096808892,12.052707063463608,8.999776692767165,5.303055326176714,6.385631709331132,2.574731626754748,9.113955408753096,11.688687035507845,7.415008717911292,1.2716032958274832,0.1171875
"or(subset_eq(index(cardinality(A), B), A), equals(cardinality(intersection(A, B)), cardinality(difference(A, B))))",3855.9934661309235,4596.364922025241,0.0,0.0,0.822948810711744,0.2076185385004159,0.822948810711744,0.0,0.822948810711744,4226.179194078082,9,0.793,6.325346784363178,5.665510718789407,3.037831021437579,8.953026481715007,11.990857503152585,8.483145198608916,4.634057971014493,7.1231884057971016,2.7282608695652173,9.028985507246377,11.757246376811594,6.526176223482476,2.254133041390588,0.23567708333333334
"or(subset_eq(index(cardinality(A), B), A), greater_than(cardinality(difference(A, B)), cardinality(intersection(A, B))))",2624.245691403048,4122.7288419902325,0.0,0.5550372736693208,0.8303033030528687,0.0278717745716738,0.8303033030528687,0.5550372736693208,0.8303033030528687,3373.4872666966403,9,0.82475,6.235829039102758,5.657775083358594,2.924522582600788,8.969081539860564,11.893604122461351,8.742528920876776,4.748930099857347,7.423680456490728,3.205420827389444,8.96718972895863,12.172610556348074,5.298422266132989,2.3255524217508876,0.22265625
"or(subset_eq(index(cardinality(A), B), A), greater_than(cardinality(difference(B, A)), cardinality(A)))",1883.6609629959712,3900.1199287916534,0.0,0.0,0.6922057860067465,0.3403460374689604,0.6922057860067465,0.0,0.6922057860067465,2891.8904458938123,8,0.83575,6.128327849237212,5.755309602153754,2.939276099311995,8.944361352078971,11.883637451390966,9.255370672432647,5.19634703196347,7.045662100456621,3.1491628614916287,9.092846270928463,12.242009132420092,5.097743768663889,1.605506233740913,0.1484375
"or(subset_eq(index(cardinality(A), B), A), subset_eq(index(cardinality(A), union(A, B)), A))",3857.7075548148714,4989.534974706359,0.0,0.7210669409882176,0.8199772991229364,0.0301328166085534,0.8199772991229364,0.7210669409882176,0.8199772991229364,4423.621264760615,8,0.8675,6.235734870317003,5.78328530259366,3.0455331412103748,8.973487031700289,12.019020172910663,8.465760200649369,4.269811320754717,7.1716981132075475,2.5037735849056606,8.937735849056605,11.441509433962263,6.652794588821646,2.4669918832958926,0.22135416666666666
"or(subset_eq(index(cardinality(A), B), A), subset_eq(index(cardinality(A), union(A, B)), difference(B, A)))",3522.815178287681,5386.62465165928,0.0,0.0,0.6798518427498681,0.4165344221347405,0.6798518427498681,0.0,0.6798518427498681,4454.719914973481,9,0.8845,6.112210288298474,5.843414358394573,2.9994347088750706,8.956189937817976,11.955624646693046,9.068424991555819,4.926406926406926,6.915584415584416,2.777056277056277,9.064935064935066,11.841991341991342,5.432722400254877,1.614041638727438,0.0625
"or(subset_eq(index(cardinality(A), B), A), subset_eq(index(cardinality(A), union(A, B)), union(difference(A, B), difference(B, A))))",2979.5060717632878,4636.88678665366,0.0,0.0,0.7629501736489037,0.615373322949039,0.7629501736489037,0.0,0.7629501736489037,3808.196429208474,11,0.93475,6.037175715431934,5.88713559775341,2.9628242845680663,8.961487028617277,11.924311313185344,9.037495884334808,5.088122605363985,7.114942528735632,3.1302681992337167,9.0727969348659,12.203065134099617,4.99487676340629,1.5608488492023136,0.015625
"or(subset_eq(index(cardinality(A), B), difference(B, A)), subset_eq(index(cardinality(A), union(A, B)), difference(A, B)))",3166.171564473305,4235.565025503747,0.0,0.0,0.7842163829909647,0.3216847425144875,0.7842163829909647,0.0,0.7842163829909647,3700.868294988526,10,0.864,6.108506944444445,5.75,2.892071759259259,8.966435185185185,11.858506944444445,8.788251879447424,5.1286764705882355,7.3474264705882355,3.4926470588235294,8.983455882352942,12.476102941176471,6.4343439121972255,1.9678744311769445,0.16276041666666666
"or(subset_eq(index(cardinality(A), B), index(cardinality(B), union(A, B))), greater_than(cardinality(intersection(A, B)), cardinality(difference(A, B))))",2913.849837505026,3688.465986419935,0.0,0.8092923196912047,0.7322533281305481,0.0210794345006887,0.8092923196912047,0.8092923196912047,0.7322533281305481,3301.1579119624803,12,0.8785,6.2057484348321,5.903528742174161,3.1562322140011383,8.953044963005123,12.10927717700626,8.783569842914641,4.308641975308642,6.42798353909465,1.654320987654321,9.08230452674897,10.736625514403292,4.172145167572689,2.475843913619181,0.1328125
"or(subset_eq(index(cardinality(A), difference(B, A)), A), subset_eq(index(cardinality(A), union(A, B)), difference(B, A)))",2277.760896911146,2561.5896025248803,0.0,0.0,0.871963334102112,0.3129732387286846,0.871963334102112,0.0,0.871963334102112,2419.675249718013,10,0.96175,6.06758513127112,5.91343904341045,3.014556797504549,8.966467377177022,11.98102417468157,8.744659871215308,3.65359477124183,7.3202614379084965,1.9477124183006536,9.026143790849673,10.973856209150327,4.620957751292238,2.9907617152515686,0.06640625
"or(subset_eq(index(cardinality(A), difference(B, A)), A), subset_eq(index(cardinality(B), union(A, B)), A))",1823.026894554845,2165.1959209903143,0.0,0.0,0.6639680097365789,0.3075475019274484,0.6639680097365789,0.0,0.6639680097365789,1994.1114077725797,9,0.941,6.134165781083953,5.897183846971307,3.061105207226355,8.970244420828905,12.03134962805526,8.53809299691347,3.440677966101695,7.084745762711864,1.5805084745762712,8.944915254237289,10.525423728813559,4.8776931916116,3.29504880053534,0.07552083333333333
"or(subset_eq(index(cardinality(A), union(A, B)), A), equals(cardinality(intersection(A, B)), cardinality(difference(A, B))))",4718.61149407085,6448.273359678686,0.0,0.0,0.5710780213786568,0.1814051822456721,0.5710780213786568,0.0,0.5710780213786568,5583.442426874768,10,0.722,6.221260387811634,5.804362880886426,3.0886426592797784,8.936980609418283,12.02562326869806,8.66192924586204,5.336330935251799,6.390287769784172,2.675359712230216,9.051258992805755,11.726618705035971,8.578868200403733,1.138951669632938,0.2799479166666667
"or(subset_eq(index(cardinality(A), union(A, B)), A), greater_than(cardinality(difference(A, B)), cardinality(B)))",3934.045882865729,4903.484003314748,0.0,0.5937647067303562,0.7279598132452101,0.0392124876291127,0.7279598132452101,0.5937647067303562,0.7279598132452101,4418.764943090238,9,0.69275,6.320461927102129,5.705882352941177,3.080837242872609,8.945507037170696,12.026344280043306,8.831820678181836,5.196908055329536,6.556550040683483,2.7323026851098455,9.021155410903173,11.753458096013018,7.620931900021212,1.4517180014379207,0.2669270833333333
"or(subset_eq(index(cardinality(A), union(A, B)), A), subset_eq(index(cardinality(A), B), index(cardinality(A), union(A, B))))",3839.195522343274,4702.853627453558,0.0,0.0,0.6627414036550737,0.4400430726448574,0.6627414036550737,0.0,0.6627414036550737,4271.024574898416,11,0.8635,6.159525188187609,5.81644470179502,3.028951939779965,8.947017950202664,11.975969889982629,8.927776561434852,4.809523809523809,6.9212454212454215,2.6245421245421245,9.106227106227106,11.73076923076923,5.97458036469023,1.7907081422590867,0.059895833333333336
"or(subset_eq(index(cardinality(A), union(A, B)), A), subset_eq(index(cardinality(B), union(A, B)), union(difference(A, B), difference(B, A))))",5649.305808745325,7002.363799143583,0.0,0.0,0.6757449912634017,0.6257428652036421,0.6757449912634017,0.0,0.6757449912634017,6325.834803944454,12,0.91725,6.016353229762879,5.908694467157264,2.9618424638866174,8.963205233033523,11.925047696920142,8.99929807546101,5.519637462235649,6.61631419939577,3.105740181268882,9.030211480362539,12.13595166163142,7.359534870985101,0.8764466853330477,0.0234375
"or(subset_eq(index(cardinality(A), union(A, B)), B), equals(cardinality(intersection(A, B)), cardinality(difference(A, B))))",4920.070636945777,6470.9611120298505,0.0,0.0,0.3216555317777212,0.4505379979862719,0.4505379979862719,0.0,0.4505379979862719,5695.515874487814,10,0.72375,5.833851468048359,6.228670120898101,3.1271157167530226,8.935405872193437,12.06252158894646,8.83119308199183,6.345701357466063,5.2823529411764705,2.5719457013574663,9.056108597285068,11.628054298642533,7.987168157900177,1.2106693437629936,0.18489583333333334
"or(subset_eq(index(cardinality(A), union(A, B)), B), greater_than(cardinality(intersection(A, B)), cardinality(difference(A, B))))",4726.285701554152,6683.0974142588675,0.0,0.0,0.3598691266389313,0.4242288589057847,0.4242288589057847,0.0,0.4242288589057847,5704.69155790651,10,0.76275,5.882005899705015,6.317273025237627,3.2461488036709274,8.953130121271714,12.199278924942641,8.810371397377548,6.275026343519494,4.841938883034773,2.0979978925184404,9.018967334035827,11.116965226554267,6.373637160074229,1.9103210241176345,0.21223958333333334
"or(subset_eq(index(cardinality(A), union(A, B)), B), subset_eq(index(cardinality(A), B), index(cardinality(A), difference(B, A))))",3398.558150409546,5219.485003253445,0.0,0.0,0.7451984570885329,0.7071227426217979,0.7451984570885329,0.0,0.7451984570885329,4309.021576831496,11,0.9245,6.055435370470525,5.892915089237426,2.9886425094645754,8.959707950243375,11.94835045970795,9.061961635087812,4.993377483443709,6.877483443708609,2.7913907284768213,9.079470198675496,11.870860927152318,5.160234200254358,1.4615916205030732,0.0234375
"or(subset_eq(index(cardinality(A), union(A, B)), B), subset_eq(index(cardinality(A), B), index(cardinality(B), union(A, B))))",3328.890687481966,5596.696649458259,0.0,0.0,0.7881327563761032,0.5393459987493732,0.7881327563761032,0.0,0.7881327563761032,4462.793668470113,11,0.9395,6.043906333155934,5.908994145822246,2.994411921234699,8.95848855774348,11.95290047897818,9.00606221363195,4.909090909090909,6.871900826446281,2.652892561983471,9.12809917355372,11.78099173553719,5.270165972269648,1.5269678434825174,0.0078125
"or(subset_eq(index(cardinality(A), union(A, B)), B), subset_eq(index(cardinality(B), A), index(cardinality(A), union(A, B))))",3674.570493016916,4910.240429800004,0.0,0.0,0.4459957648037214,0.7451984570885329,0.7451984570885329,0.0,0.7451984570885329,4292.40546140846,11,0.85225,5.782047521267234,6.223819301848049,3.0586682311528306,8.947198591962453,12.005866823115284,8.603968529803304,7.089678510998308,4.4873096446700504,2.483925549915398,9.09306260575296,11.576988155668358,6.278532184687989,2.2484869900476436,0.0234375
"or(subset_eq(index(cardinality(A), union(A, B)), B), subset_eq(index(cardinality(B), difference(A, B)), B))",1800.2943535667728,2041.9121259860694,0.0,0.0,0.3075475019274484,0.6639680097365789,0.6639680097365789,0.0,0.6639680097365789,1921.103239776421,9,0.935,5.906149732620321,6.1454545454545455,3.0794117647058825,8.972192513368984,12.051604278074866,8.463886728244887,6.969230769230769,3.4038461538461537,1.4538461538461538,8.919230769230769,10.373076923076923,5.096301775147923,3.3599139004665077,0.07552083333333333
"or(subset_eq(index(cardinality(A), union(A, B)), B), subset_eq(index(cardinality(B), union(A, B)), index(cardinality(A), B)))",3996.4981288207928,6770.827117484063,0.0,0.0,0.3405279609776813,0.510039584462906,0.510039584462906,0.0,0.510039584462906,5383.662623152428,11,0.6975,5.7931899641577065,6.258781362007168,3.1232974910394264,8.928673835125448,12.051971326164875,9.031594917845347,6.395041322314049,5.29504132231405,2.628925619834711,9.061157024793388,11.690082644628099,7.490730141383779,1.239122055513814,0.19401041666666666
"or(subset_eq(index(cardinality(A), union(A, B)), difference(A, B)), greater_than(cardinality(difference(A, B)), cardinality(intersection(A, B))))",3960.937393902219,4676.493348178454,0.0,0.4762999706193805,0.920766386637538,0.0477504640015526,0.920766386637538,0.4762999706193805,0.920766386637538,4318.715371040336,11,0.56825,6.184337879454466,5.218653761548614,2.399912010558733,9.003079630444347,11.40299164100308,8.151407260077356,5.70005790387956,6.952518818760857,3.7290098436595254,8.92356687898089,12.652576722640417,6.964311160092745,2.23770332736886,0.2916666666666667
"or(subset_eq(index(cardinality(A), union(A, B)), difference(A, B)), greater_than(cardinality(intersection(A, B)), cardinality(difference(A, B))))",5374.188242673874,6199.139138396829,0.0,0.3994789717928708,0.3870778251232277,0.0357205650778764,0.3994789717928708,0.3994789717928708,0.3870778251232277,5786.663690535352,11,0.683,6.11896046852123,6.212664714494876,3.371522693997072,8.960102489019034,12.331625183016106,9.12201439905332,5.665615141955836,5.438485804416404,2.1167192429022084,8.987381703470032,11.10410094637224,6.8148354546268815,1.5425325509721195,0.3046875
"or(subset_eq(index(cardinality(A), union(A, B)), difference(A, B)), greater_than(cardinality(intersection(A, B)), cardinality(difference(B, A))))",4599.562591690803,5222.49101604335,0.0,0.6956882092349328,0.5456935272537256,0.0508679493459793,0.6956882092349328,0.6956882092349328,0.5456935272537256,4911.0268038670765,11,0.607,6.641268533772652,5.744645799011532,3.4130971993410215,8.972817133443163,12.385914332784184,8.491995839315543,4.9465648854961835,6.311068702290076,2.295165394402036,8.962468193384224,11.257633587786259,6.900380546329165,2.1077539897564437,0.3203125
"or(subset_eq(index(cardinality(A), union(A, B)), difference(A, B)), subset_eq(index(cardinality(B), union(A, B)), difference(B, A)))",8356.680105421692,9920.102650538087,0.0,0.0,0.4346415139700601,0.4346415139700601,0.4346415139700601,0.0,0.4346415139700601,9138.39137797989,11,0.60925,5.871153057037341,5.867870332375872,2.7804677882642594,8.958555601148953,11.739023389413212,9.347437913887019,6.137555982085733,6.122200895713371,3.275111964171465,8.984644913627639,12.259756877799104,8.039163820744356,0.6167069114910484,0.20833333333333334
"or(subset_eq(index(cardinality(A), union(A, B)), difference(B, A)), greater_than(cardinality(A), cardinality(difference(B, A))))",2885.6707131124567,3224.970457352698,0.0,0.0,0.7366998542551584,0.1993742916805975,0.7366998542551584,0.0,0.7366998542551584,3055.3205852325773,10,0.914,6.156728665207877,5.875,3.052516411378556,8.979212253829322,12.031728665207877,8.729054693821787,4.046511627906977,6.9476744186046515,2.136627906976744,8.857558139534884,10.994186046511627,5.2602420227149755,2.538207656071348,0.19921875
"or(subset_eq(index(cardinality(A), union(A, B)), difference(B, A)), subset_eq(index(cardinality(B), union(A, B)), difference(B, A)))",6688.769688811153,7293.821906797588,0.0,0.0,0.4189785205207552,0.4558021711561516,0.4558021711561516,0.0,0.4558021711561516,6991.2957978043705,11,0.543,5.543278084714549,6.20902394106814,2.800184162062615,8.952117863720074,11.752302025782688,9.358147729854988,6.488512035010941,5.679978118161926,3.1799781181619258,8.988512035010942,12.168490153172867,7.699963250961241,1.1478676546610243,0.24348958333333334
"or(subset_eq(index(cardinality(A), union(A, B)), difference(B, A)), subset_eq(index(cardinality(B), union(A, B)), index(cardinality(B), A)))",3930.101110995296,6650.942053962499,0.0,0.0,0.4867343671785387,0.4457870770649371,0.4867343671785387,0.0,0.4867343671785387,5290.5215824788975,12,0.40475,5.65348980852378,6.041383570105003,2.805435453983941,8.889437924644842,11.694873378628783,10.361587861256856,6.194036119277614,5.916841663166736,3.088198236035279,9.022679546409071,12.110877782444351,7.8075048494830135,0.622620102122324,0.2734375
"or(subset_eq(index(cardinality(A), union(A, B)), index(cardinality(A), B)), equals(cardinality(B), cardinality(difference(A, B))))",2647.7752654892174,3606.251896803733,0.0,0.0,0.4289228698437229,0.4289228698437229,0.4289228698437229,0.0,0.4289228698437229,3127.013581146475,11,0.20425,5.586291309669523,5.833537331701346,2.8531211750305996,8.566707466340269,11.419828641370868,12.362921336531402,6.075086396481307,6.001570845114672,3.004712535344015,9.071944706251964,12.076657241595978,7.9571658223191015,0.5386425893327017,0.3619791666666667
"or(subset_eq(index(cardinality(A), union(A, B)), index(cardinality(A), B)), greater_than(cardinality(difference(A, B)), cardinality(B)))",1678.6298614029897,2061.1698345194163,0.0,0.0,0.4010835552716525,0.3641255966838993,0.4010835552716525,0.0,0.4010835552716525,1869.899847961203,11,0.2285,5.926695842450766,5.274617067833698,2.5295404814004376,8.671772428884026,11.201312910284464,14.336618801143366,5.989630589760208,6.172391445236552,3.1053143227478937,9.056707712248866,12.16202203499676,7.123352215953165,1.0683983955060916,0.35546875
"or(subset_eq(index(cardinality(A), union(A, B)), index(cardinality(A), B)), subset_eq(index(cardinality(B), union(A, B)), index(cardinality(B), difference(A, B))))",1974.209723435566,1573.976787677122,0.0,0.0,0.3929337319939499,0.4102661961810078,0.4102661961810078,0.0,0.4102661961810078,1774.093255556344,14,0.13375,5.198130841121495,6.514018691588785,3.2149532710280373,8.497196261682243,11.71214953271028,14.203783736570852,6.095238095238095,5.8828282828282825,2.9365079365079363,9.041558441558442,11.978066378066378,7.853610772745003,1.1316954368627132,0.3372395833333333
"or(subset_eq(index(cardinality(A), union(A, B)), index(cardinality(A), difference(B, A))), greater_than(cardinality(intersection(A, B)), cardinality(difference(A, B))))",1463.6066648800042,2109.8993351720273,0.0,0.0,0.347440353948957,0.3790998197520399,0.3790998197520399,0.0,0.3790998197520399,1786.7530000260158,13,0.45225,5.982310668877833,6.933665008291874,4.000552791597568,8.91542288557214,12.915975677169707,7.848736172952545,5.969420356001826,5.169329073482428,2.1259698767685986,9.012779552715655,11.138749429484253,6.639460920686921,2.574317104708477,0.3151041666666667
"or(subset_eq(index(cardinality(A), union(A, B)), index(cardinality(B), A)), equals(cardinality(A), cardinality(difference(B, A))))",6283.4311943307985,10136.19813016057,0.0,0.3558743071922846,0.5841127824783985,0.0536573643374351,0.5841127824783985,0.3558743071922846,0.5841127824783985,8209.814662245684,11,0.1915,5.844647519582246,5.66710182767624,2.8511749347258486,8.660574412532638,11.511749347258485,9.9644860896182,6.0061842918985775,6.038342609771181,3.00278293135436,9.041743970315398,12.044526901669759,8.632100414236618,0.4323179752711569,0.4348958333333333
"or(subset_eq(index(cardinality(A), union(A, B)), index(cardinality(B), A)), greater_than(cardinality(difference(B, A)), cardinality(intersection(A, B))))",3337.6447111594025,3677.351598867215,0.0,0.0,0.6103803429287701,0.5067402222597748,0.6103803429287701,0.0,0.6103803429287701,3507.498155013309,12,0.50625,5.274074074074074,5.876049382716049,2.2128395061728394,8.937283950617283,11.150123456790123,8.84593446121025,6.694177215189874,6.060759493670886,3.7539240506329112,9.001012658227848,12.75493670886076,6.854386156064699,2.1037472114466644,0.3359375
"or(subset_eq(index(cardinality(A), union(A, B)), index(cardinality(B), A)), greater_than(cardinality(intersection(A, B)), cardinality(difference(A, B))))",2978.712341292965,3494.5309312222525,0.0,0.3902927181489514,0.3276030824223337,0.0462764533622609,0.3902927181489514,0.3902927181489514,0.3276030824223337,3236.6216362576088,12,0.494,6.094635627530365,6.7353238866396765,3.895242914979757,8.934716599190283,12.82995951417004,7.913359606779377,5.858695652173913,5.217391304347826,2.074110671936759,9.00197628458498,11.076086956521738,6.976977846865294,2.3825007120681474,0.3372395833333333
"or(subset_eq(index(cardinality(A), union(A, B)), index(cardinality(B), difference(A, B))), equals(cardinality(A), cardinality(difference(B, A))))",2639.6178261604,5136.812280506594,0.0,0.3151322370857863,0.6652989763100166,0.0591890428575874,0.6652989763100166,0.3151322370857863,0.6652989763100166,3888.215053333497,12,0.14125,5.495575221238938,5.6,2.529203539823009,8.56637168141593,11.095575221238938,11.109837888636578,6.05414847161572,6.0276564774381365,3.0468704512372633,9.034934497816593,12.081804949053858,8.4904837393982,0.8734261101572661,0.4453125
"or(subset_eq(index(cardinality(A), union(A, B)), index(cardinality(B), difference(A, B))), subset_eq(index(cardinality(B), union(A, B)), index(cardinality(A), B)))",4880.474725448177,7800.618473013863,0.0,0.0,0.3590652872853875,0.3590652872853875,0.3590652872853875,0.0,0.3590652872853875,6340.54659923102,14,0.1555,5.712218649517685,6.056270096463023,3.257234726688103,8.511254019292604,11.768488745980708,12.138878837067471,6.023682652457075,5.950858496151569,2.9215512137359383,9.052989934872706,11.974541148608644,8.19170784664891,0.4698987672628608,0.3736979166666667
"or(subset_eq(index(cardinality(A), union(A, B)), intersection(A, B)), greater_than(cardinality(intersection(A, B)), cardinality(difference(A, B))))",3446.127182027034,4804.526694796979,0.0,0.4762999706193805,0.2987567585312439,0.0477504640015526,0.4762999706193805,0.4762999706193805,0.2987567585312439,4125.326938412007,11,0.57575,6.081632653061225,6.569257490230134,3.7025618758141556,8.948328267477203,12.65089014329136,8.21374412238441,5.830878020035357,5.150265173836181,1.9846788450206245,8.996464348850914,10.981143193871539,6.889162440981345,2.242217471044542,0.2916666666666667
"or(subset_eq(index(cardinality(A), union(A, B)), intersection(A, B)), greater_than(cardinality(intersection(A, B)), cardinality(difference(B, A))))",4005.535454555764,4578.062801378779,0.0,0.7784476979728258,0.3795560137514326,0.0591890428575874,0.7784476979728258,0.7784476979728258,0.3795560137514326,4291.7991279672715,11,0.562,6.604092526690391,6.0787366548042705,3.7224199288256226,8.96040925266904,12.682829181494663,7.942340601689413,5.16837899543379,5.824200913242009,2.0131278538812785,8.979452054794521,10.992579908675799,7.3026228341777495,2.2467178694783843,0.2994791666666667
"or(subset_eq(index(cardinality(A), union(A, B)), intersection(A, B)), subset_eq(index(cardinality(A), B), index(cardinality(A), difference(B, A))))",4718.080328984186,5042.990334330127,0.0,0.0,0.7677204641611084,0.3327720351996177,0.7677204641611084,0.0,0.7677204641611084,4880.535331657156,12,0.74875,6.364607679465776,5.586644407345576,3.014357262103506,8.936894824707846,11.951252086811353,8.758645377242633,4.8149253731343284,7.101492537313433,2.85273631840796,9.063681592039801,11.91641791044776,5.825376599589092,2.1731087034165846,0.15755208333333334
"or(subset_eq(index(cardinality(A), union(A, B)), union(difference(A, B), difference(B, A))), greater_than(cardinality(A), cardinality(difference(B, A))))",2476.189788892574,3949.9783008741215,0.0,0.0,0.7888689315611414,0.2925921207187997,0.7888689315611414,0.0,0.7888689315611414,3213.084044883348,12,0.95325,6.071072646210333,5.899029635457645,2.996590611067401,8.973511670600576,11.970102281667979,8.829749482236055,4.021390374331551,7.358288770053476,2.5080213903743314,8.871657754010695,11.379679144385026,4.599902771025759,2.563071306258211,0.11328125
"or(subset_eq(index(cardinality(B), A), B), equals(cardinality(intersection(A, B)), cardinality(difference(A, B))))",3129.4619473714847,3929.15730148647,0.7210669409882176,0.0,0.0301328166085534,0.7904920841349818,0.7904920841349818,0.7210669409882176,0.7904920841349818,3529.3096244289773,9,0.77525,5.685907771686553,6.416962270235408,3.139632376652693,8.963237665269268,12.10287004192196,8.12010772237394,6.973303670745272,4.416017797552836,2.4015572858731926,8.987764182424916,11.389321468298109,6.842978417497593,2.491168766523318,0.2421875
"or(subset_eq(index(cardinality(B), A), B), equals(cardinality(intersection(A, B)), cardinality(difference(B, A))))",3501.309157775948,4615.151804145426,0.0,0.0,0.2076185385004159,0.822948810711744,0.822948810711744,0.0,0.822948810711744,4058.2304809606867,9,0.79725,5.704296017560364,6.332392599560991,3.0652242082157417,8.971464408905613,12.036688617121355,8.319467171223323,7.040690505548706,4.531442663378545,2.6140567200986435,8.958076448828606,11.57213316892725,7.1228408398089496,2.287558305813224,0.23567708333333334
"or(subset_eq(index(cardinality(B), A), B), greater_than(cardinality(difference(A, B)), cardinality(intersection(A, B))))",2393.305927690526,2805.6931957448833,0.0,0.0,0.3467720717006236,0.6556549896467583,0.6556549896467583,0.0,0.6556549896467583,2599.4995617177046,9,0.938,5.872068230277185,5.987473347547974,2.890191897654584,8.969349680170575,11.85954157782516,8.938831059824388,7.536290322580645,5.661290322580645,4.237903225806452,8.959677419354838,13.19758064516129,4.221871748178975,2.1661847479650977,0.09114583333333333
"or(subset_eq(index(cardinality(B), A), B), greater_than(cardinality(difference(B, A)), cardinality(intersection(A, B))))",2575.1644827466225,4252.661430025473,0.5550372736693208,0.0,0.0278717745716738,0.8303033030528687,0.8303033030528687,0.5550372736693208,0.8303033030528687,3413.912956386048,9,0.82475,5.67474992421946,6.236132161260988,2.9393755683540466,8.971506517126402,11.910882085480448,8.632814135948959,7.38944365192582,4.7018544935805995,3.1355206847360915,8.955777460770328,12.09129814550642,5.872641691815845,2.3092543056274315,0.22265625
"or(subset_eq(index(cardinality(B), A), B), greater_than(cardinality(intersection(A, B)), cardinality(difference(B, A))))",2235.429693858503,3211.134482730413,0.6837554851811134,0.0,0.0250679649554916,0.6444189793313106,0.6837554851811134,0.6837554851811134,0.6444189793313106,2723.282088294458,9,0.873,5.9155211912943875,6.225085910652921,3.1778350515463916,8.962772050400917,12.140607101947309,8.579796366494495,6.3858267716535435,4.19488188976378,1.5708661417322836,9.009842519685039,10.580708661417322,5.0850254200508385,2.6315897823294083,0.19010416666666666
"or(subset_eq(index(cardinality(B), A), B), subset_eq(index(cardinality(B), difference(A, B)), index(cardinality(A), union(A, B))))",1680.5267008310184,1703.597805108875,1.0,0.0,0.0235372838889561,0.9547151945910092,1.0,1.0,0.9547151945910092,1692.0622529699467,11,0.92275,5.887293416418315,6.195069086968301,3.096992684909239,8.985369818477377,12.082362503386616,8.228847384893633,7.02588996763754,3.2459546925566345,1.5016181229773462,8.770226537216828,10.271844660194175,6.206491343827571,3.54103061419042,0.15625
"or(subset_eq(index(cardinality(B), A), B), subset_eq(index(cardinality(B), union(A, B)), A))",2857.4708837682556,4980.869209033437,0.0,0.0,0.4104491363710788,0.6583920972491271,0.6583920972491271,0.0,0.6583920972491271,3919.1700464008463,8,0.93875,5.9318242343541945,6.055659121171771,3.022103861517976,8.965379494007989,11.987483355525965,8.911007179065368,6.640816326530612,4.612244897959184,2.23265306122449,9.020408163265307,11.253061224489796,5.97354435651812,1.7914650352784212,0.049479166666666664
"or(subset_eq(index(cardinality(B), A), B), subset_eq(index(cardinality(B), union(A, B)), difference(A, B)))",3582.3502791297506,5133.35769870691,0.0,0.0,0.4165344221347405,0.6798518427498681,0.6798518427498681,0.0,0.6798518427498681,4357.85398891833,9,0.88,5.854829545454545,6.1164772727272725,3.0144886363636365,8.956818181818182,11.971306818181818,8.984759975464948,6.858333333333333,4.872916666666667,2.675,9.05625,11.73125,6.035095486111107,1.6336203253672312,0.0625
"or(subset_eq(index(cardinality(B), A), B), subset_eq(index(cardinality(B), union(A, B)), intersection(A, B)))",3738.35563920578,4285.149935934693,0.7400390152236616,0.0,0.0324944849804241,0.8401787476443152,0.8401787476443152,0.7400390152236616,0.8401787476443152,4011.7527875702363,9,0.80625,5.736124031007752,6.364961240310078,3.123720930232558,8.977364341085272,12.10108527131783,8.19807809626839,6.970322580645162,4.312258064516129,2.3496774193548386,8.932903225806452,11.282580645161291,6.873719875130091,2.517137212106951,0.24739583333333334
"or(subset_eq(index(cardinality(B), A), B), subset_eq(index(cardinality(B), union(A, B)), union(difference(A, B), difference(B, A))))",3096.9461039831513,4898.540952885523,0.0,0.0,0.615373322949039,0.7629501736489037,0.7629501736489037,0.0,0.7629501736489037,3997.7435284343373,11,0.94125,5.90597609561753,6.01859229747676,2.9636122177954847,8.960956175298804,11.92456839309429,9.007539845046576,7.085106382978723,5.14468085106383,3.1361702127659576,9.093617021276597,12.229787234042552,5.501928474422819,1.4777840547157959,0.015625
"or(subset_eq(index(cardinality(B), A), index(cardinality(A), union(A, B))), equals(cardinality(intersection(A, B)), cardinality(difference(A, B))))",3902.3149752477184,4102.518450735137,0.8565658106241401,0.0,0.0311311151135468,0.854636806100119,0.8565658106241401,0.8565658106241401,0.854636806100119,4002.4167129914276,12,0.696,5.454741379310345,6.554956896551724,3.0714798850574714,8.938218390804598,12.00969827586207,7.6291124260965315,7.166940789473684,4.621710526315789,2.75,9.038651315789474,11.788651315789474,7.112484580592117,2.602386916792095,0.2604166666666667
"or(subset_eq(index(cardinality(B), A), index(cardinality(A), union(A, B))), greater_than(cardinality(B), cardinality(difference(A, B))))",1395.5166544353706,1487.977604526328,1.0,0.0,0.0318079348199098,1.0,1.0,1.0,1.0,1441.7471294808493,11,0.82625,5.75642965204236,6.440242057488653,3.1881996974281392,9.008472012102875,12.196671709531014,7.81138137100305,7.015827338129497,3.7179856115107914,1.9539568345323741,8.779856115107913,10.733812949640289,5.927316391491157,3.2434731591303154,0.22526041666666666
"or(subset_eq(index(cardinality(B), A), index(cardinality(A), union(A, B))), greater_than(cardinality(difference(A, B)), cardinality(B)))",3082.833481439855,3761.7021016841754,0.0,0.0,0.3060695762252933,0.6930626018330839,0.6930626018330839,0.0,0.6930626018330839,3422.267791562015,11,0.7595,5.598420013166557,6.1724818959842,2.8429888084265964,8.92791310072416,11.770901909150757,9.17701824725296,7.165280665280665,5.3191268191268195,3.3866943866943866,9.097713097713097,12.484407484407484,5.587745990032882,1.865176384737172,0.20703125
"or(subset_eq(index(cardinality(B), A), index(cardinality(A), union(A, B))), greater_than(cardinality(difference(B, A)), cardinality(intersection(A, B))))",2166.3752873419,3185.773724604631,0.8958261237222318,0.0,0.0346185363482574,1.0,1.0,0.8958261237222318,1.0,2676.0745059732653,12,0.7325,5.421501706484642,6.368941979522185,2.830716723549488,8.959726962457339,11.790443686006826,8.191076191918416,7.491588785046729,4.867289719626168,3.3654205607476637,8.993457943925234,12.358878504672898,5.944428334352374,2.612686015577644,0.22265625
"or(subset_eq(index(cardinality(B), union(A, B)), A), greater_than(cardinality(A), cardinality(difference(B, A))))",2129.647949536913,3027.125007688999,0.0,0.0,0.5714021571241101,0.2847075187271918,0.5714021571241101,0.0,0.5714021571241101,2578.386478612956,9,0.89625,6.2175732217573225,5.856624825662482,3.101813110181311,8.972384937238493,12.074198047419804,8.512843340355516,3.8819277108433736,6.9228915662650605,1.8674698795180722,8.937349397590362,10.804819277108434,5.247519233560745,2.848818689536399,0.1484375
"or(subset_eq(index(cardinality(B), union(A, B)), A), subset_eq(index(cardinality(A), union(A, B)), difference(B, A)))",5853.114015166648,8396.640422582626,0.0,0.0,0.4388797076101739,0.4175561023496222,0.4388797076101739,0.0,0.4388797076101739,7124.877218874637,10,0.828,6.034420289855072,5.929951690821256,3.0199275362318843,8.944444444444445,11.96437198067633,9.052824307451589,5.690406976744186,6.146802325581396,2.751453488372093,9.085755813953488,11.837209302325581,8.00921528528934,0.48728602664926207,0.11979166666666667
"or(subset_eq(index(cardinality(B), union(A, B)), B), equals(cardinality(intersection(A, B)), cardinality(difference(B, A))))",4751.433839486912,6741.642626570538,0.0,0.0,0.1814051822456721,0.5710780213786568,0.5710780213786568,0.0,0.5710780213786568,5746.538233028725,10,0.727,5.825653370013755,6.205983493810179,3.0653370013755157,8.966299862448418,12.031636863823934,8.662207513684177,6.373626373626373,5.331501831501831,2.72985347985348,8.975274725274724,11.705128205128204,8.748886339545702,1.0851459734130855,0.2799479166666667
"or(subset_eq(index(cardinality(B), union(A, B)), B), subset_eq(index(cardinality(A), B), difference(B, A)))",3082.7536860514083,3977.5934613333084,0.0,0.0,0.7881327563761032,0.6562334799169578,0.7881327563761032,0.0,0.7881327563761032,3530.1735736923583,9,0.9695,5.996132026817947,5.93527591542032,2.9677668901495617,8.963641052088706,11.931407942238268,9.001451836452786,5.311475409836065,6.983606557377049,3.1639344262295084,9.131147540983607,12.295081967213115,4.836065573770494,1.2673726840413444,0.0078125
"or(subset_eq(index(cardinality(B), union(A, B)), B), subset_eq(index(cardinality(A), union(A, B)), difference(B, A)))",5681.830431474373,7267.057107191533,0.0,0.0,0.3527431347656383,0.4975991398383086,0.4975991398383086,0.0,0.4975991398383086,6474.443769332953,10,0.7675,5.82084690553746,6.173615635179153,3.0429967426710096,8.951465798045602,11.994462540716613,9.082478328682509,6.48494623655914,5.286021505376344,2.7451612903225806,9.025806451612903,11.770967741935484,7.337590472887008,1.1478489523449684,0.171875
"or(subset_eq(index(cardinality(B), union(A, B)), difference(A, B)), equals(cardinality(intersection(A, B)), cardinality(difference(B, A))))",6897.388534085825,7914.172550763935,0.0,0.0,0.2907303291863833,0.5064088542505718,0.5064088542505718,0.0,0.5064088542505718,7405.78054242488,11,0.4655,6.128893662728249,5.616004296455424,2.842642320085929,8.902255639097744,11.744897959183673,8.60896429350192,5.841440598690365,6.273152478952292,3.087932647333957,9.0266604303087,12.114593077642656,8.946071400756537,0.7580503561275787,0.3294270833333333
"or(subset_eq(index(cardinality(B), union(A, B)), difference(A, B)), greater_than(cardinality(difference(A, B)), cardinality(intersection(A, B))))",3290.965210513212,4235.331247627735,0.0,0.0,0.5549006840185801,0.6440106422721175,0.6440106422721175,0.0,0.6440106422721175,3763.1482290704735,11,0.59225,6.059518784297172,5.357112705783031,2.441114394259181,8.975517095821022,11.416631490080203,8.684650351264112,5.852851011649295,6.853464132434089,3.747394236664623,8.958920907418761,12.706315144083385,6.875956756000839,1.9970343479686767,0.2565104166666667
"or(subset_eq(index(cardinality(B), union(A, B)), difference(A, B)), subset_eq(index(cardinality(A), union(A, B)), index(cardinality(B), A)))",4868.526003150037,6595.423017624766,0.0,0.0,0.4838897961883944,0.4331742469912765,0.4838897961883944,0.0,0.4838897961883944,5731.974510387401,12,0.41625,6.338138138138138,5.47927927927928,2.923723723723724,8.893693693693693,11.817417417417417,9.444241358475637,5.716488222698072,6.315203426124197,3.009421841541756,9.022269807280514,12.03169164882227,8.095049268876496,1.0452568890194394,0.26171875
"or(subset_eq(index(cardinality(B), union(A, B)), difference(A, B)), subset_eq(index(cardinality(B), A), index(cardinality(B), union(A, B))))",4607.101090685464,4878.864224141464,0.0,0.0,0.4239103490809467,0.6717121809090647,0.6717121809090647,0.0,0.6717121809090647,4742.982657413464,12,0.815,5.734355828220859,6.157361963190184,2.9650306748466257,8.926687116564418,11.891717791411043,9.047985434152547,7.036486486486487,5.129729729729729,3.0121621621621624,9.154054054054054,12.166216216216217,6.09143535427318,1.6594558251242408,0.0703125
"or(subset_eq(index(cardinality(B), union(A, B)), difference(B, A)), equals(cardinality(A), cardinality(difference(B, A))))",4957.192507752334,6534.834913909435,0.633760652831792,0.0,0.0566430954819435,0.8021487576263914,0.8021487576263914,0.633760652831792,0.8021487576263914,5746.0137108308845,10,0.3875,5.163870967741936,6.42516129032258,2.6374193548387095,8.951612903225806,11.589032258064517,8.218827887617044,6.488571428571428,5.677551020408163,3.1865306122448978,8.979591836734693,12.166122448979593,8.363072386505559,1.617181374989702,0.3177083333333333
"or(subset_eq(index(cardinality(B), union(A, B)), difference(B, A)), greater_than(cardinality(difference(A, B)), cardinality(intersection(A, B))))",2778.0975183041883,4531.577164251357,0.0,0.0,0.4572007743431666,0.6333867068294224,0.6333867068294224,0.0,0.6333867068294224,3654.837341277773,11,0.6285,5.785202863961814,5.624502784407319,2.399761336515513,9.00994431185362,11.409705648369133,8.851041961356804,6.296769851951548,6.5471063257065945,3.9448183041722746,8.899057873485868,12.843876177658142,6.615891886408683,1.8708551817079695,0.30078125
"or(subset_eq(index(cardinality(B), union(A, B)), difference(B, A)), greater_than(cardinality(intersection(A, B)), cardinality(difference(A, B))))",4474.00859108381,5169.380967143923,0.6956882092349328,0.0,0.0508679493459793,0.5456935272537256,0.6956882092349328,0.6956882092349328,0.5456935272537256,4821.694779113866,11,0.6155,5.773761169780666,6.620227457351747,3.4102355808285947,8.983753046303818,12.393988627132412,8.566649465044966,6.29778933680104,4.921976592977893,2.275032509752926,8.944733420026008,11.219765929778934,6.803938710872012,2.1088735217544228,0.3203125
"or(subset_eq(index(cardinality(B), union(A, B)), difference(B, A)), subset_eq(index(cardinality(B), difference(A, B)), index(cardinality(B), union(A, B))))",1635.2917342020664,1537.1439500080887,0.0,0.0,0.2899405620171856,0.8921777420719609,0.8921777420719609,0.0,0.8921777420719609,1586.2178421050776,13,0.9175,5.861852861035422,6.190735694822888,3.0752043596730245,8.977384196185286,12.05258855585831,8.370933780783895,7.236363636363636,3.481818181818182,1.8454545454545455,8.872727272727273,10.718181818181819,5.408209366391186,3.277163189303724,0.09895833333333333
"or(subset_eq(index(cardinality(B), union(A, B)), index(cardinality(A), B)), equals(cardinality(intersection(A, B)), cardinality(difference(B, A))))",3574.471421394119,7292.914759874344,0.0,0.0,0.1201834837506992,0.5949253955660272,0.5949253955660272,0.0,0.5949253955660272,5433.693090634231,12,0.258,5.607558139534884,6.190891472868217,3.005813953488372,8.792635658914728,11.7984496124031,7.7796087224325134,6.103099730458221,5.889487870619946,2.9626010781671157,9.02998652291105,11.992587601078167,9.21048733662205,0.5816123729569348,0.4205729166666667
"or(subset_eq(index(cardinality(B), union(A, B)), index(cardinality(A), difference(B, A))), greater_than(cardinality(A), cardinality(difference(B, A))))",1880.3489418999889,2057.7525727853645,0.0,0.0,0.4851826655965999,0.2759418112855125,0.4851826655965999,0.0,0.4851826655965999,1969.0507573426767,12,0.8375,6.37044776119403,5.807164179104477,3.187462686567164,8.990149253731344,12.177611940298508,8.310232301180696,3.9384615384615387,6.792307692307692,1.8723076923076922,8.858461538461539,10.73076923076923,5.128269822485201,2.935080473869951,0.22395833333333334
"or(subset_eq(index(cardinality(B), union(A, B)), index(cardinality(B), A)), equals(cardinality(A), cardinality(difference(B, A))))",2504.3455238266542,4065.3509850678965,0.0,0.0,0.4289228698437229,0.4289228698437229,0.4289228698437229,0.0,0.4289228698437229,3284.8482544472754,11,0.205,5.734146341463415,5.681707317073171,2.851219512195122,8.564634146341463,11.415853658536586,12.219051160023765,6.037421383647799,6.040880503144654,3.0053459119496857,9.072955974842767,12.078301886792453,7.9992755428977045,0.49470807139765194,0.3619791666666667
"or(subset_eq(index(cardinality(B), union(A, B)), index(cardinality(B), difference(A, B))), greater_than(cardinality(intersection(A, B)), cardinality(difference(B, A))))",1207.0687752027043,2296.8637266545556,0.0,0.0,0.3790998197520399,0.347440353948957,0.3790998197520399,0.0,0.3790998197520399,1751.96625092863,13,0.43475,6.953421506612996,6.010350776308223,4.039102932719954,8.924669350201265,12.96377228292122,7.824766270926334,5.222910216718266,5.934099955771782,2.1543564794338788,9.00265369305617,11.157010172490049,6.78452016296165,2.559834507396922,0.3151041666666667
"or(subset_eq(index(cardinality(B), union(A, B)), intersection(A, B)), equals(cardinality(A), cardinality(difference(B, A))))",5264.066749781545,7661.282443590462,0.4762869985207926,0.0,0.0498023672012678,0.4143187649637848,0.4762869985207926,0.4762869985207926,0.4143187649637848,6462.6745966860035,10,0.41375,5.86404833836858,6.363141993957704,3.3534743202416917,8.873716012084593,12.227190332326284,8.792890900959312,6.053731343283582,5.687846481876333,2.7057569296375266,9.035820895522388,11.741577825159915,8.536146680547972,0.9547468193620207,0.37109375
"or(subset_eq(index(cardinality(B), union(A, B)), intersection(A, B)), equals(cardinality(intersection(A, B)), cardinality(difference(A, B))))",5609.330905388924,7219.166329033673,0.7275198259710136,0.0,0.0462764533622609,0.2886537299904901,0.7275198259710136,0.7275198259710136,0.2886537299904901,6414.248617211299,11,0.4445,6.011248593925759,6.272778402699663,3.4133858267716537,8.870641169853767,12.284026996625421,8.31480816022862,5.946444644464447,5.7227722772277225,2.621962196219622,9.047254725472547,11.669216921692168,8.852814219315713,0.9659490943722651,0.3203125
"or(subset_eq(index(cardinality(B), union(A, B)), intersection(A, B)), equals(cardinality(intersection(A, B)), cardinality(difference(B, A))))",5841.407306892797,8147.941038429737,0.0,0.0,0.1360415040866931,0.3394266692315871,0.3394266692315871,0.0,0.3394266692315871,6994.674172661267,11,0.46325,6.123583378305451,6.13815434430653,3.3842417701025362,8.877495952509443,12.261737722611981,8.285211857261533,5.847228691197019,5.819748486259898,2.6194690265486726,9.047508150908245,11.666977177456916,8.98219176507159,0.8732877834987245,0.3763020833333333
"or(subset_eq(index(cardinality(B), union(A, B)), intersection(A, B)), greater_than(cardinality(A), cardinality(difference(B, A))))",1712.707503521,2304.740283035557,0.0,0.0,0.5234101203509802,0.1963842891052397,0.5234101203509802,0.0,0.5234101203509802,2008.7238932782784,10,0.85825,6.316923973201281,5.832799300903,3.1689484415962714,8.980774832508011,12.149723274104282,8.348864947394297,3.9065255731922397,6.781305114638448,1.7918871252204585,8.89594356261023,10.687830687830688,5.191866595746695,2.933595335848961,0.22265625
"or(subset_eq(index(cardinality(B), union(A, B)), intersection(A, B)), greater_than(cardinality(difference(A, B)), cardinality(intersection(A, B))))",4260.853427857888,5112.956710293889,0.0,0.0,0.5324968139999786,0.5062290799545413,0.5324968139999786,0.0,0.5324968139999786,4686.905069075889,11,0.68225,6.062293880542323,5.577867350677904,2.698790765848296,8.94137046537193,11.640161231220228,9.405835642068256,5.7883556254917385,6.80330448465775,3.5641227380015734,9.027537372147915,12.591660110149489,6.389411931478736,1.5249713961079987,0.24348958333333334
"or(subset_eq(index(cardinality(B), union(A, B)), intersection(A, B)), subset_eq(index(cardinality(A), B), index(cardinality(A), difference(B, A))))",3365.539254531963,4392.396105309948,0.0,0.0,0.7409599636703481,0.5808357140127455,0.7409599636703481,0.0,0.7409599636703481,3878.9676799209556,12,0.75675,6.334324413610836,5.599603567888999,3.023125206475058,8.910802775024777,11.933927981499835,8.953483181702689,4.858170606372045,7.110996916752312,2.820143884892086,9.149023638232272,11.969167523124357,5.294140139364082,2.122390476449941,0.0703125
"or(subset_eq(index(cardinality(B), union(A, B)), intersection(A, B)), subset_eq(index(cardinality(B), A), index(cardinality(B), union(A, B))))",3689.9634771239944,4087.120457722805,0.0,0.0,0.3580065793776528,0.6122275569656457,0.6122275569656457,0.0,0.6122275569656457,3888.5419674234,12,0.76825,5.709404490725675,6.319882850634559,3.0972990562967784,8.931988285063456,12.029287341360234,8.846103318014086,6.856526429341963,4.798274002157497,2.564185544768069,9.090614886731391,11.65480043149946,6.0111086673438985,1.9787350115649522,0.11197916666666667
"or(subset_eq(index(cardinality(B), union(A, B)), union(difference(A, B), difference(B, A))), equals(cardinality(intersection(A, B)), cardinality(difference(A, B))))",4973.219568931498,6478.7499844916165,0.0,0.0,0.5768075888774533,0.8140161958339819,0.8140161958339819,0.0,0.8140161958339819,5725.984776711557,13,0.73275,5.824974411463664,5.861480723302627,2.7243261685431595,8.962128966223132,11.686455134766291,8.767732683984654,6.387277829747427,6.257249766136576,3.657623947614593,8.986903648269411,12.644527595884004,8.389164488462562,1.15925105732062,0.15625
"or(subset_eq(index(cardinality(B), union(A, B)), union(difference(A, B), difference(B, A))), equals(cardinality(intersection(A, B)), cardinality(difference(B, A))))",4802.175422545988,6716.754205964506,0.0,0.0,0.3648908633201914,0.7960570751039721,0.7960570751039721,0.0,0.7960570751039721,5759.464814255247,13,0.72925,5.829962290023997,5.872471717517998,2.7206033596160437,8.981830647925952,11.702434007541996,8.758712917749857,6.3665743305632505,6.22253000923361,3.6555863342566943,8.933518005540167,12.58910433979686,8.352892728979459,1.1334400965725686,0.18489583333333334
"or(subset_eq(intersection(A, B), index(cardinality(A), B)), greater_than(cardinality(difference(A, B)), cardinality(B)))",1267.2238287334967,1625.6138295836572,0.0,0.0,0.7168161409688967,0.653384735177179,0.7168161409688967,0.0,0.7168161409688967,1446.418829158577,9,0.14325,6.401396160558464,3.68935427574171,1.4293193717277486,8.661431064572426,10.090750436300175,8.50002284294107,5.903997665596732,6.348117887365042,3.2319813247738547,9.020134228187919,12.252115552961774,7.644385643488028,3.250541389098521,0.30859375
"or(subset_eq(intersection(A, B), index(cardinality(A), B)), greater_than(cardinality(difference(B, A)), cardinality(intersection(A, B))))",387.8801006069125,437.3386437963927,0.0,0.0,0.5107617929162838,1.0,1.0,0.0,1.0,412.6093722016526,10,0.42025,4.847114812611541,6.060083283759667,1.889946460440214,9.017251635930993,10.907198096371207,6.9407476428473736,6.793014230271669,5.89995687796464,3.759379042690815,8.933592065545493,12.692971108236309,7.150950739536411,2.703135806625891,0.28125
"or(subset_eq(intersection(A, B), index(cardinality(A), B)), subset_eq(index(cardinality(A), union(A, B)), intersection(A, B)))",3848.2222692706855,5790.375789841637,0.0,0.0,0.6062703990931932,0.4187111987109659,0.6062703990931932,0.0,0.6062703990931932,4819.299029556161,10,0.39275,6.078294080203692,5.942075111394017,3.2361553150859326,8.784213876511776,12.020369191597709,10.137632235444924,5.908604363935776,5.983532317826266,2.804034582132565,9.088102099629477,11.892136681762041,7.90903453043801,0.4660918660740687,0.2734375
"or(subset_eq(intersection(A, B), index(cardinality(A), B)), subset_eq(index(cardinality(B), union(A, B)), B))",3675.8407548533287,5831.3698145169765,0.0,0.0,0.3654345110716266,0.765698871085138,0.765698871085138,0.0,0.765698871085138,4753.605284685153,9,0.6835,5.747622531089978,6.237015362106804,3.03474762253109,8.94989027066569,11.984637893196782,9.0989709898221,6.466824644549763,5.384676145339652,2.8420221169036335,9.009478672985782,11.851500789889416,7.642392229384935,1.1317583403552285,0.20572916666666666
"or(subset_eq(intersection(A, B), index(cardinality(A), B)), subset_eq(index(cardinality(B), union(A, B)), difference(A, B)))",3457.328759495169,5865.379018416628,0.0,0.0,0.474185857067655,0.7685582367585535,0.7685582367585535,0.0,0.7685582367585535,4661.353888955899,10,0.38625,6.03042071197411,5.468608414239482,2.650485436893204,8.848543689320389,11.499029126213593,9.813392821608527,5.940529531568228,6.281059063136456,3.1771894093686353,9.044399185336049,12.221588594704684,8.058695293283193,0.9724060652984822,0.26953125
"or(subset_eq(intersection(A, B), index(cardinality(A), union(A, B))), greater_than(cardinality(A), cardinality(difference(B, A))))",1031.1867013919182,1502.7613299426157,0.0,0.0,0.848079377374823,0.305298104995361,0.848079377374823,0.0,0.848079377374823,1266.974015667267,10,0.82275,6.416590701914312,5.7122455180796115,3.1425098754178062,8.986326344576117,12.128836219993923,8.214546435261196,3.926657263751763,7.150916784203103,2.1904090267983074,8.887165021156559,11.077574047954865,4.7966722434307245,3.02919784173819,0.1796875
"or(subset_eq(intersection(A, B), index(cardinality(A), union(A, B))), subset_eq(difference(B, A), index(cardinality(A), B)))",1604.1255198880972,1963.1826307018491,0.0,0.0,0.8149357856360806,0.5705528269294271,0.8149357856360806,0.0,0.8149357856360806,1783.6540752949732,10,0.07975,5.733542319749216,4.031347962382445,1.755485893416928,8.009404388714733,9.764890282131661,14.5845461424318,5.9961966856832385,6.135017658245042,3.0793262700353163,9.051888073892965,12.13121434392828,8.06521915774018,2.499393295982037,0.2916666666666667
"or(subset_eq(intersection(A, B), index(cardinality(A), union(A, B))), subset_eq(difference(B, A), index(cardinality(B), union(A, B))))",2401.9637958856765,3327.1862718634075,0.0,0.0,0.8142281132013226,0.4750807195434753,0.8142281132013226,0.0,0.8142281132013226,2864.575033874542,11,0.093,5.940860215053763,4.032258064516129,1.9381720430107527,8.03494623655914,9.973118279569892,13.636634292981839,5.97877618522602,6.165656008820287,3.079933847850055,9.06449834619625,12.144432194046306,8.012663207516184,2.4200091794340803,0.2877604166666667
"or(subset_eq(intersection(A, B), index(cardinality(A), union(A, B))), subset_eq(index(cardinality(A), B), difference(B, A)))",2708.335790902289,3245.932575183455,0.0,0.0,0.8977478429951038,0.6122275569656457,0.8977478429951038,0.0,0.8977478429951038,2977.134183042872,10,0.83575,6.136404427161232,5.703260544421179,2.876458271014059,8.963206700568351,11.839664971582412,8.834662577537973,5.155251141552512,7.310502283105023,3.468797564687976,8.996955859969558,12.465753424657533,6.134780805700946,1.9740196592887236,0.11067708333333333
"or(subset_eq(intersection(A, B), index(cardinality(A), union(A, B))), subset_eq(index(cardinality(B), union(A, B)), A))",4430.236792789539,6795.607110135257,0.0,0.0,0.6586672671655569,0.5637945818418458,0.6586672671655569,0.0,0.6586672671655569,5612.921951462398,10,0.7065,6.168435951875442,5.777777777777778,3.0573248407643314,8.88888888888889,11.94621372965322,9.280287833778845,5.510221465076661,6.423339011925043,2.7725724020442932,9.16098807495741,11.933560477001704,7.235826496289549,0.9649246442197087,0.10677083333333333
"or(subset_eq(intersection(A, B), index(cardinality(A), union(A, B))), subset_eq(index(cardinality(B), union(A, B)), B))",4506.891752140131,6198.178982136771,0.0,0.0,0.3556842090403443,0.763124024169579,0.763124024169579,0.0,0.763124024169579,5352.535367138451,10,0.689,5.747822931785196,6.215529753265602,3.0185050798258346,8.944847605224965,11.963352685050799,9.15811313381967,6.479099678456592,5.417202572347267,2.87459807073955,9.021704180064308,11.896302250803858,7.553864982785547,1.0921543825299962,0.19791666666666666
"or(subset_eq(intersection(A, B), index(cardinality(A), union(A, B))), subset_eq(index(cardinality(B), union(A, B)), union(difference(A, B), difference(B, A))))",3813.845746854262,5598.323302737437,0.0,0.0,0.376902073352965,0.8008570196217574,0.8008570196217574,0.0,0.8008570196217574,4706.08452479585,13,0.68175,5.81078107810781,5.867620095342867,2.698203153648698,8.98019801980198,11.678401173450679,8.981928800385344,6.327572663000786,6.180675569520817,3.5640219952867245,8.944226237234878,12.508248232521602,7.986510577718788,1.0558027934535823,0.19921875
"or(subset_eq(intersection(A, B), index(cardinality(A), union(A, B))), subset_eq(union(difference(A, B), difference(B, A)), index(cardinality(A), B)))",1382.0210279637122,1790.0940333989274,0.0,0.0,0.5625869169449338,0.7850203500753136,0.7850203500753136,0.0,0.7850203500753136,1586.0575306813198,12,0.0495,4.388888888888889,4.065656565656566,0.398989898989899,8.055555555555555,8.454545454545455,8.676002448729717,6.057864281956864,6.066280904786955,3.1078379800105207,9.016307206733298,12.124145186743819,8.446268900805551,3.758435117843118,0.3359375
"or(subset_eq(intersection(A, B), index(cardinality(B), A)), equals(cardinality(B), cardinality(difference(A, B))))",1581.4273744810307,2596.4074624464847,0.0,0.0,0.7339257114353287,0.503341035428297,0.7339257114353287,0.0,0.7339257114353287,2088.9174184637577,9,0.1145,5.921397379912664,4.126637554585153,1.5786026200873362,8.469432314410481,10.048034934497817,7.6820236074826855,5.982213438735178,6.205251270468662,3.1541501976284585,9.033314511575382,12.187464709203839,8.46864599079013,2.6089621963465577,0.32421875
"or(subset_eq(intersection(A, B), index(cardinality(B), A)), greater_than(cardinality(difference(B, A)), cardinality(intersection(A, B))))",560.4866110031417,491.806845221261,0.0,0.0,0.5435123438840195,0.7268057538227621,0.7268057538227621,0.0,0.7268057538227621,526.1467281122013,10,0.422,4.8524881516587675,6.043246445497631,1.886255924170616,9.009478672985782,10.895734597156398,7.008579518654159,6.794982698961937,5.911764705882353,3.7677335640138407,8.93901384083045,12.706747404844291,7.109426820799547,2.707495267472288,0.3138020833333333
"or(subset_eq(intersection(A, B), index(cardinality(B), A)), subset_eq(difference(A, B), index(cardinality(A), union(A, B))))",2306.9752965254993,2957.4412898554583,0.0,0.0,0.4488813153705374,0.7761731670537612,0.7761731670537612,0.0,0.7761731670537612,2632.208293190479,10,0.08775,4.3931623931623935,5.780626780626781,2.1253561253561255,8.048433048433049,10.173789173789174,14.326994099073877,6.1274321731981365,5.985201425047959,3.0553576322280076,9.057275966018087,12.112633598246095,8.132620303666481,1.9784957058000523,0.3177083333333333
"or(subset_eq(intersection(A, B), index(cardinality(B), A)), subset_eq(difference(B, A), index(cardinality(A), B)))",1325.7830010996377,1328.320828986325,0.0,0.0,0.8824247535826727,0.4999025769475056,0.8824247535826727,0.0,0.8824247535826727,1327.0519150429814,9,0.07325,5.9419795221843,3.825938566552901,1.8225255972696246,7.945392491467577,9.7679180887372,14.517792868874405,5.9778796870785005,6.136498516320475,3.0647423792824386,9.049635824116537,12.114378203398974,8.085857005123591,2.623562203726764,0.3020833333333333
"or(subset_eq(intersection(A, B), index(cardinality(B), A)), subset_eq(difference(B, A), index(cardinality(A), union(A, B))))",1330.254251590928,1512.0292693799129,0.0,0.0,1.0,0.4922337454478636,1.0,0.0,1.0,1421.1417604854205,10,0.088,6.127840909090909,3.9375,2.102272727272727,7.963068181818182,10.065340909090908,13.608099819214896,5.9605263157894735,6.163103070175438,3.0578399122807016,9.06578947368421,12.123629385964913,8.02824531947335,2.427840984119435,0.26171875
"or(subset_eq(intersection(A, B), index(cardinality(B), A)), subset_eq(index(cardinality(A), union(A, B)), index(cardinality(A), B)))",2739.4828272938685,2286.086091343008,0.0,0.0,0.6252585517310527,0.6166457691186131,0.6252585517310527,0.0,0.6252585517310527,2512.784459318438,11,0.16475,4.993930197268589,6.006069802731411,2.6267071320182094,8.37329286798179,11.0,14.793067161584316,6.168811733014068,5.959592936246633,3.0422029332535168,9.086201736007183,12.1284046692607,7.520163844647814,1.2470539214476934,0.28125
"or(subset_eq(intersection(A, B), index(cardinality(B), A)), subset_eq(index(cardinality(A), union(A, B)), index(cardinality(B), A)))",3104.8722022635047,3441.339664953761,0.0,0.0,1.0,0.4894744300392787,1.0,0.0,1.0,3273.1059336086328,11,0.13925,6.412926391382406,4.543985637342908,2.538599640933573,8.418312387791742,10.956912028725315,11.278527892112484,5.904443799012489,6.197502178332849,3.04414754574499,9.057798431600348,12.101945977345338,8.12013329566471,1.802290260232736,0.296875
"or(subset_eq(intersection(A, B), index(cardinality(B), A)), subset_eq(index(cardinality(B), union(A, B)), B))",3443.6283151027746,5245.961173562333,0.0,0.0,0.3605399951063146,0.7644371954049813,0.7644371954049813,0.0,0.7644371954049813,4344.794744332554,9,0.68775,5.749182115594329,6.212286441294075,3.0221737549981826,8.939294801890222,11.961468556888404,9.14506142374978,6.473178542834267,5.427542033626901,2.867093674939952,9.033626901521217,11.900720576461168,7.600004102561463,1.0789089133249228,0.20052083333333334
"or(subset_eq(intersection(A, B), index(cardinality(B), A)), subset_eq(index(cardinality(B), union(A, B)), index(cardinality(A), B)))",3073.068955437542,4584.644628621638,0.0,0.0,0.4777512822330119,0.8178191248169644,0.8178191248169644,0.0,0.8178191248169644,3828.85679202959,11,0.146,4.779109589041096,6.157534246575342,2.481164383561644,8.455479452054794,10.936643835616438,11.422306014261585,6.179742388758783,5.9347189695550355,3.0579625292740045,9.056498829039812,12.114461358313818,8.199377396080921,1.531050289251094,0.3138020833333333
"or(subset_eq(intersection(A, B), index(cardinality(B), A)), subset_eq(index(cardinality(B), union(A, B)), union(difference(A, B), difference(B, A))))",3770.2641568754916,6402.014952743426,0.0,0.0,0.5644906882037993,0.8496022692595475,0.8496022692595475,0.0,0.8496022692595475,5086.139554809459,12,0.68025,5.817346563763322,5.866960676221977,2.7019478133039323,8.982359426681366,11.6843072399853,8.994159112817034,6.311180609851446,6.180609851446443,3.5519937451133696,8.939796716184519,12.491790461297889,7.989897551167868,1.0319040441729694,0.17447916666666666
"or(subset_eq(intersection(A, B), index(cardinality(B), union(A, B))), equals(cardinality(intersection(A, B)), cardinality(difference(A, B))))",2140.1476184922285,3658.260704891407,0.0,0.0,0.8481202506074546,0.3524708766273187,0.8481202506074546,0.0,0.8481202506074546,2899.2041616918177,11,0.19625,5.368152866242038,5.4636942675159235,2.245859872611465,8.585987261146498,10.831847133757961,8.084082924256514,6.12348367029549,6.090202177293935,3.1514774494556765,9.062208398133748,12.213685847589424,8.899906106919893,1.3353576225324912,0.359375
"or(subset_eq(intersection(A, B), index(cardinality(B), union(A, B))), greater_than(cardinality(intersection(A, B)), cardinality(difference(A, B))))",1237.7309049272426,1770.691276639409,0.0,0.0,0.3931257618944654,0.5427332300490011,0.5427332300490011,0.0,0.5427332300490011,1504.2110907833257,11,0.47625,5.778477690288714,6.795800524934383,3.7144356955380577,8.859842519685039,12.574278215223098,8.731131915597178,6.15417661097852,5.2138424821002385,2.3002386634844867,9.067780429594272,11.36801909307876,6.580998741178259,2.154923240805633,0.296875
"or(subset_eq(intersection(A, B), index(cardinality(B), union(A, B))), subset_eq(index(cardinality(A), union(A, B)), A))",3638.192080720095,5587.028171087615,0.0,0.0,0.763124024169579,0.3556842090403443,0.763124024169579,0.0,0.763124024169579,4612.610125903855,10,0.69675,6.2192321492644425,5.73232866881952,3.0365984930032295,8.914962325080731,11.951560818083962,9.05889188475529,5.414674361088211,6.507007419620775,2.829348722176422,9.092333058532564,11.921681780708987,7.631259051944163,1.1359546069125246,0.19791666666666666
"or(subset_eq(intersection(A, B), index(cardinality(B), union(A, B))), subset_eq(index(cardinality(B), A), difference(A, B)))",2500.7235225189215,3919.8384062503465,0.0,0.0,0.6122275569656457,0.8977478429951038,0.8977478429951038,0.0,0.8977478429951038,3210.280964384634,10,0.8335,5.710257948410318,6.113077384523096,2.865626874625075,8.957708458308339,11.823335332933413,8.868389309540563,7.301801801801802,5.237237237237237,3.515015015015015,9.024024024024024,12.53903903903904,6.1490995500004555,1.9292000305165435,0.11067708333333333
"or(subset_eq(intersection(A, B), index(cardinality(B), union(A, B))), subset_eq(index(cardinality(B), union(A, B)), index(cardinality(A), B)))",3681.4596540483763,5127.171757099684,0.0,0.0,0.5197605783297042,0.831150429854175,0.831150429854175,0.0,0.831150429854175,4404.31570557403,12,0.14925,4.701842546063651,6.187604690117253,2.4489112227805694,8.440536013400335,10.889447236180905,11.160593587703994,6.198648251542757,5.928592418454305,3.0658242727005582,9.061416397296503,12.127240669997061,8.183454487661042,1.6395415176165518,0.2890625
"or(subset_eq(intersection(A, B), index(cardinality(B), union(A, B))), subset_eq(index(cardinality(B), union(A, B)), index(cardinality(B), A)))",2298.629784614088,2386.5087207758042,0.0,0.0,0.6423614726388761,0.5985321956697696,0.6423614726388761,0.0,0.6423614726388761,2342.569252694946,12,0.16175,6.0,4.8268933539412675,2.55177743431221,8.275115919629057,10.826893353941268,14.559643963698797,5.9704742022069786,6.187294959737549,3.0551744706233226,9.102594691321205,12.157769161944527,7.516229017659512,1.4508524659506996,0.23958333333333334
"or(subset_eq(intersection(A, B), index(cardinality(B), union(A, B))), subset_eq(index(cardinality(B), union(A, B)), index(cardinality(B), difference(A, B))))",1745.9874736129004,2106.78600725469,0.0,0.0,0.5707932316782679,0.816408732716993,0.816408732716993,0.0,0.816408732716993,1926.3867404337952,13,0.08525,4.504398826979473,5.249266862170088,1.7008797653958945,8.052785923753666,9.75366568914956,15.439375306369895,6.112325772068871,6.034162339437005,3.0923749658376605,9.054113145668216,12.146488111505876,8.02738648822808,2.266660288581211,0.2864583333333333
"or(subset_eq(intersection(A, B), index(cardinality(B), union(A, B))), subset_eq(union(difference(A, B), difference(B, A)), index(cardinality(A), B)))",1358.489275940421,1865.2183147118776,0.0,0.0,0.7073346998447991,0.5273891216490957,0.7073346998447991,0.0,0.7073346998447991,1611.8537953261493,12,0.049,4.244897959183674,4.030612244897959,0.39285714285714285,7.88265306122449,8.275510204081632,8.709391920033315,6.0644058885383805,6.067034700315458,3.1067297581493163,9.024710830704521,12.131440588853838,8.445198949359787,3.850029882214691,0.3463541666666667
"or(subset_eq(union(A, B), index(cardinality(B), A)), greater_than(cardinality(intersection(A, B)), cardinality(difference(A, B))))",341.6232540455776,551.0852054631396,0.4909454621253978,0.2232066433033619,0.0522947107198702,0.0286569897569982,0.4909454621253978,0.4909454621253978,0.0522947107198702,446.3542297543586,10,0.42775,5.953243717124488,7.111046171829339,4.0964348334307426,8.967855055523087,13.064289888953828,6.773157903905695,5.9916994320664045,5.112276103101792,2.1345565749235473,8.969418960244647,11.103975535168196,7.167568943802268,2.800986778058055,0.296875
"or(subset_eq(union(difference(A, B), difference(B, A)), index(cardinality(B), A)), equals(cardinality(A), cardinality(difference(B, A))))",1058.3950533528696,1652.528656810522,0.307731486842444,0.1614190052614008,0.2825353431812606,0.0378707589225885,0.307731486842444,0.307731486842444,0.2825353431812606,1355.4618550816958,11,0.091,4.3708791208791204,6.576923076923077,2.2225274725274726,8.725274725274724,10.947802197802197,5.293337157348151,6.135863586358636,5.906215621562156,3.048954895489549,8.993124312431243,12.042079207920793,8.931124671873036,2.0610679123901936,0.4049479166666667
"or(subset_eq(union(difference(A, B), difference(B, A)), index(cardinality(B), A)), equals(cardinality(intersection(A, B)), cardinality(difference(A, B))))",1526.167485430953,4600.0278899957775,0.2641519146366741,0.0,0.1559507787893101,0.1559507787893101,0.2641519146366741,0.2641519146366741,0.1559507787893101,3063.0976877133653,12,0.14925,5.708542713567839,5.934673366834171,2.85929648241206,8.78391959798995,11.64321608040201,6.079307761588517,6.022039377020276,5.972965030855128,2.9938289744343227,9.001175433441082,11.995004407875404,9.403372367936305,0.3432861793591818,0.4739583333333333
"subset_eq(A, B)",243.2836797584241,238.35346567605166,1.0,0.0,0.1226510324918115,1.0,1.0,1.0,1.0,240.81857271723788,1,0.02825,4.053097345132743,8.20353982300885,4.053097345132743,8.20353982300885,12.256637168141593,6.605685644921295,6.031129405711345,5.902238229997427,2.9423720092616414,8.990995626447132,11.933367635708773,8.62616259471567,3.2314564249606885,0.2109375
"subset_eq(A, difference(A, B))",211.85081276951314,160.91928696540663,0.0,0.0,1.0,1.0,1.0,0.0,1.0,186.38504986745988,2,0.03175,4.181102362204724,3.811023622047244,0.0,7.9921259842519685,7.9921259842519685,8.514105028210054,6.034082106893881,6.037955073586367,3.0712625871417507,9.000774593338498,12.072037180480248,8.53257901982043,4.222015099837882,0.2109375
"subset_eq(B, A)",210.72346830856713,225.4122311844653,0.0,1.0,1.0,0.1226510324918115,1.0,1.0,1.0,218.06784974651623,1,0.03075,7.943089430894309,3.959349593495935,3.959349593495935,7.943089430894309,11.902439024390244,8.628990680150707,5.912819190095434,6.030951766830023,2.9424812999742067,9.00128965695125,11.943770956925459,8.538924521238624,3.073687352611816,0.2109375
"subset_eq(B, difference(difference(B, A), index(cardinality(A), B)))",375.7767162484042,451.608133702106,0.0,0.4743091785548528,1.0,0.2254927171594591,1.0,0.4743091785548528,1.0,413.6924249752551,5,0.021,5.011904761904762,3.0595238095238093,0.0,8.071428571428571,8.071428571428571,6.4197845804988685,5.9959141981613895,6.029622063329929,3.037538304392237,8.987997957099081,12.025536261491318,8.674383973557042,4.3607794209928015,0.19791666666666666
"subset_eq(difference(A, B), difference(index(cardinality(B), union(A, B)), index(cardinality(B), difference(A, B))))",355.17443754271335,295.6662058162947,0.7477059574276123,0.0,0.0745890412563907,1.0,1.0,0.7477059574276123,1.0,325.420321679504,9,0.043,4.238372093023256,7.866279069767442,3.895348837209302,8.209302325581396,12.104651162790697,7.268591130340724,6.053291536050157,5.881922675026123,2.932340647857889,9.00287356321839,11.93521421107628,8.551388110922115,2.856394170765955,0.234375
"subset_eq(difference(A, B), index(cardinality(A), union(A, B)))",1160.5464006373236,1344.6028799774358,0.8182065550375401,0.0,0.0856365585547138,0.7245193611383978,0.8182065550375401,0.8182065550375401,0.7245193611383978,1252.5746403073797,5,0.0455,4.241758241758242,7.7032967032967035,3.8626373626373627,8.082417582417582,11.945054945054945,6.453568409612364,6.057883708748036,5.884494499738083,2.93137768465165,9.011000523834468,11.942378208486119,8.580425466642172,2.7337881694382693,0.27734375
"subset_eq(difference(A, B), index(cardinality(B), A))",307.3372296016332,208.0961566011037,0.4459855607826445,0.0,0.1515402758154096,0.7589763570034376,0.7589763570034376,0.4459855607826445,0.7589763570034376,257.7166931013685,4,0.02825,4.053097345132743,8.20353982300885,4.053097345132743,8.20353982300885,12.256637168141593,6.605685644921295,6.031129405711345,5.902238229997427,2.9423720092616414,8.990995626447132,11.933367635708773,8.62616259471567,3.2314564249606885,0.24739583333333334
"subset_eq(difference(A, B), index(cardinality(B), difference(A, B)))",198.33161233982173,188.6576355535932,0.6111759406728261,0.0,0.1785956867446673,1.0,1.0,0.6111759406728261,1.0,193.49462394670746,5,0.02825,4.053097345132743,8.20353982300885,4.053097345132743,8.20353982300885,12.256637168141593,6.605685644921295,6.031129405711345,5.902238229997427,2.9423720092616414,8.990995626447132,11.933367635708773,8.62616259471567,3.2314564249606885,0.2265625
"subset_eq(difference(A, B), index(cardinality(B), union(A, B)))",307.6431459842479,311.29202056640133,0.6224838732885387,0.0,0.2270032174012577,1.0,1.0,0.6224838732885387,1.0,309.4675832753246,5,0.043,4.238372093023256,7.866279069767442,3.895348837209302,8.209302325581396,12.104651162790697,7.268591130340724,6.053291536050157,5.881922675026123,2.932340647857889,9.00287356321839,11.93521421107628,8.551388110922115,2.856394170765955,0.234375
"subset_eq(difference(A, B), index(cardinality(difference(B, A)), union(difference(A, B), difference(B, A))))",370.7552493786179,329.0051348309926,0.4205344401017595,0.0,0.1691382399062589,0.6301593296705605,0.6301593296705605,0.4205344401017595,0.6301593296705605,349.88019210480525,8,0.05975,4.594142259414226,7.610878661087866,4.066945606694561,8.138075313807532,12.205020920502092,7.800143554909749,6.063015155543738,5.862802446157937,2.904280776389258,9.021536825312417,11.925817601701675,8.430354042217072,2.562254387412871,0.25390625
"subset_eq(difference(A, B), union(index(cardinality(B), A), index(cardinality(A), union(A, B))))",1271.4861009046417,1316.0599473938491,0.6126093521713144,0.0,0.1711375162970944,0.6750627133459559,0.6750627133459559,0.6126093521713144,0.6750627133459559,1293.7730241492454,8,0.0455,4.241758241758242,7.7032967032967035,3.8626373626373627,8.082417582417582,11.945054945054945,6.453568409612364,6.057883708748036,5.884494499738083,2.93137768465165,9.011000523834468,11.942378208486119,8.580425466642172,2.7337881694382693,0.26953125
"subset_eq(difference(A, B), union(index(cardinality(B), A), index(cardinality(B), union(A, B))))",538.0959262534107,394.9201524363234,0.5065181205975828,0.0,0.2108426279169361,0.9416767397532506,0.9416767397532506,0.5065181205975828,0.9416767397532506,466.50803934486703,8,0.044,4.278409090909091,7.801136363636363,3.897727272727273,8.181818181818182,12.079545454545455,7.461324896694217,6.053347280334728,5.882845188284519,2.931223849372385,9.004968619246862,11.936192468619247,8.546505171040355,2.7864628971280125,0.24739583333333334
"subset_eq(difference(A, B), union(index(cardinality(B), union(A, B)), index(cardinality(B), difference(A, B))))",489.50850095335545,294.4904445744196,0.4244044510281001,0.0,0.205823117224939,1.0,1.0,0.4244044510281001,1.0,391.9994727638875,9,0.043,4.238372093023256,7.866279069767442,3.895348837209302,8.209302325581396,12.104651162790697,7.268591130340724,6.053291536050157,5.881922675026123,2.932340647857889,9.00287356321839,11.93521421107628,8.551388110922115,2.856394170765955,0.25
"subset_eq(difference(A, index(cardinality(B), difference(A, B))), difference(B, index(cardinality(A), B)))",843.2883157570031,807.4451327556162,0.4396564980247607,0.0,0.2817071398974051,0.5567845188797884,0.5567845188797884,0.4396564980247607,0.5567845188797884,825.3667242563097,8,0.015,3.6333333333333333,8.1,3.6333333333333333,8.1,11.733333333333333,6.537777777777776,6.010913705583756,5.934771573604061,2.963705583756345,8.981979695431471,11.945685279187817,8.765850575897327,3.28473802425506,0.23697916666666666
"subset_eq(difference(B, A), index(cardinality(A), B))",247.82795761761284,200.69793166741783,0.0,0.4459855607826445,0.7589763570034376,0.1515402758154096,0.7589763570034376,0.4459855607826445,0.7589763570034376,224.26294464251532,4,0.031,7.911290322580645,3.967741935483871,3.9596774193548385,7.919354838709677,11.879032258064516,8.763657648283036,5.913312693498452,6.031217750257998,2.9422084623323013,9.00232198142415,11.94453044375645,8.533304764521583,3.0471445851772736,0.24739583333333334
"subset_eq(difference(B, A), index(cardinality(A), difference(B, A)))",245.8594723405154,167.94589983132937,0.0,0.6111759406728261,1.0,0.1785956867446673,1.0,0.6111759406728261,1.0,206.90268608592237,5,0.03075,7.943089430894309,3.959349593495935,3.959349593495935,7.943089430894309,11.902439024390244,8.628990680150707,5.912819190095434,6.030951766830023,2.9424812999742067,9.00128965695125,11.943770956925459,8.538924521238624,3.073687352611816,0.2265625
"subset_eq(difference(B, A), index(cardinality(A), union(A, B)))",329.13329273692716,198.72532838763794,0.0,0.6224838732885387,1.0,0.2270032174012577,1.0,0.6224838732885387,1.0,263.9293105622826,5,0.046,7.635869565217392,4.119565217391305,3.7880434782608696,7.967391304347826,11.755434782608695,8.201382325141779,5.89517819706499,6.056341719077568,2.9344863731656186,9.01703354297694,11.951519916142558,8.476927529018337,2.7403775995842157,0.234375
"subset_eq(difference(B, A), index(cardinality(B), union(A, B)))",1176.120085462283,1691.2244680073272,0.0,0.8182065550375401,0.7245193611383978,0.0856365585547138,0.8182065550375401,0.8182065550375401,0.7245193611383978,1433.672276734805,5,0.0445,7.691011235955056,3.9719101123595504,3.662921348314607,8.0,11.662921348314606,8.149665446282029,5.895342752485609,6.060177917320774,2.9416535845107274,9.013867085295656,11.955520669806385,8.485181908370949,2.847018601074759,0.27734375
"subset_eq(difference(B, A), index(cardinality(difference(A, A)), B))",298.6174319310544,415.2294184534767,0.0,1.0,1.0,0.3342988953276908,1.0,1.0,1.0,356.92342519226554,5,0.066,7.375,4.011363636363637,3.477272727272727,7.909090909090909,11.386363636363637,8.347021349862255,5.876338329764454,6.105460385438972,2.938169164882227,9.0436295503212,11.981798715203427,8.338802335285205,2.6309429198109213,0.25390625
"subset_eq(difference(B, A), index(cardinality(difference(B, A)), union(difference(A, B), difference(B, A))))",604.2740796202743,871.6447227317112,0.0,0.8023866111250645,0.7187083534240079,0.0773814376711344,0.8023866111250645,0.8023866111250645,0.7187083534240079,737.9594011759928,8,0.066,7.382575757575758,4.4393939393939394,3.9053030303030303,7.916666666666667,11.821969696969697,8.448318411386595,5.875802997858672,6.075214132762313,2.9079229122055676,9.043094218415417,11.951017130620984,8.33002567185879,2.4374246561551995,0.27734375
"subset_eq(difference(B, A), index(cardinality(intersection(A, B)), union(A, B)))",1253.2692799811757,1443.4379911222495,0.0,0.5394626257875772,0.6083656826505321,0.2270032174012577,0.6083656826505321,0.5394626257875772,0.6083656826505321,1348.3536355517126,6,0.05,7.41,4.095,3.71,7.795,11.505,8.60565,5.899736842105263,6.065789473684211,2.935,9.030526315789473,11.965526315789473,8.42702008310225,2.6010634278461326,0.2994791666666667
"subset_eq(difference(B, A), union(index(cardinality(A), B), index(cardinality(A), union(A, B))))",427.7869178830156,353.08357488492584,0.0,0.5065181205975828,0.9416767397532506,0.2108426279169361,0.9416767397532506,0.5065181205975828,0.9416767397532506,390.4352463839707,8,0.046,7.635869565217392,4.119565217391305,3.7880434782608696,7.967391304347826,11.755434782608695,8.201382325141779,5.89517819706499,6.056341719077568,2.9344863731656186,9.01703354297694,11.951519916142558,8.476927529018337,2.7403775995842157,0.24739583333333334
"subset_eq(difference(difference(A, B), index(cardinality(A), union(A, B))), index(cardinality(difference(A, A)), union(A, B)))",1757.2444230176047,2419.6496655748924,0.6664908809894832,0.0,0.2497093693022954,0.7277179272226832,0.7277179272226832,0.6664908809894832,0.7277179272226832,2088.4470442962484,10,0.06775,4.387453874538745,7.369003690036901,3.7047970479704797,8.051660516605166,11.756457564575646,7.043586007815801,6.09064092249933,5.865379458299812,2.9206221507106465,9.035398230088495,11.956020380799142,8.495752130406999,2.403468789083834,0.2916666666666667
"subset_eq(difference(difference(A, B), index(cardinality(A), union(A, B))), index(cardinality(difference(B, A)), union(A, B)))",2907.0588870009524,3247.1509523888817,0.4977710093062747,0.0,0.1749337366319613,0.6583957614808157,0.6583957614808157,0.4977710093062747,0.6583957614808157,3077.104919694917,10,0.0655,4.435114503816794,7.324427480916031,3.763358778625954,7.9961832061068705,11.759541984732824,6.849688246605677,6.0831995719636165,5.8721241305510965,2.9184055644729803,9.036918138041733,11.955323702514713,8.516987479248742,2.353575014193763,0.3138020833333333
"subset_eq(difference(difference(A, B), index(cardinality(B), A)), index(cardinality(A), union(difference(A, B), difference(B, A))))",1139.4679395599087,1222.4382048340995,0.5328890023613638,0.0,0.1942053456048073,0.8042638668717984,0.8042638668717984,0.5328890023613638,0.8042638668717984,1180.953072197004,10,0.04,3.8875,7.89375,3.59375,8.1875,11.78125,6.661015625,6.062239583333334,5.886979166666666,2.9479166666666665,9.001302083333334,11.94921875,8.57946085611972,3.028815300951619,0.2825520833333333
"subset_eq(difference(difference(A, B), index(cardinality(B), A)), index(cardinality(difference(A, A)), difference(A, B)))",668.8155477195942,668.6028218866741,0.6367526950090581,0.0,0.151703866033387,0.7758799564229324,0.7758799564229324,0.6367526950090581,0.7758799564229324,668.7091848031341,9,0.174,4.609195402298851,7.364942528735632,3.7313218390804597,8.242816091954023,11.974137931034482,7.501312921125679,6.263014527845036,5.672820823244552,2.8141646489104115,9.121670702179177,11.935835351089588,7.684422982781153,2.5376309577432665,0.19010416666666666
"subset_eq(difference(difference(A, B), index(cardinality(B), A)), index(cardinality(difference(A, B)), union(difference(A, B), difference(B, A))))",696.7704516938593,813.1267449124134,0.5949334640306649,0.0,0.1554533931624661,0.6704920644024168,0.6704920644024168,0.5949334640306649,0.6704920644024168,754.9485983031364,11,0.0595,4.340336134453781,7.529411764705882,3.8151260504201683,8.054621848739496,11.869747899159664,7.622166513664283,6.0786815523657625,5.868421052631579,2.920520999468368,9.026581605528975,11.947102604997342,8.451690722949209,2.565356336800242,0.26953125
"subset_eq(difference(difference(A, B), index(cardinality(B), A)), index(cardinality(difference(B, A)), difference(A, B)))",530.3591428493664,477.67770266536354,0.2416262847514284,0.0,0.1121243246683822,0.5176195173362215,0.5176195173362215,0.2416262847514284,0.5176195173362215,504.018422757365,9,0.03125,4.384,7.992,4.24,8.136,12.376,8.353663999999995,6.026580645161291,5.901935483870968,2.932903225806452,8.995612903225807,11.928516129032259,8.571550767949885,2.9622529997532867,0.2864583333333333
"subset_eq(difference(difference(A, B), index(cardinality(B), A)), index(cardinality(intersection(A, B)), difference(A, B)))",478.2329714293346,355.59901832845753,0.3208830489397629,0.0,0.3595243191974934,0.8818788593500099,0.8818788593500099,0.3208830489397629,0.8818788593500099,416.9159948788961,9,0.02975,3.899159663865546,8.025210084033613,3.8487394957983194,8.07563025210084,11.92436974789916,7.7528423133959485,6.038907498067508,5.904148415356866,2.9469208966761142,8.99613501674826,11.943055913424375,8.587752713571584,3.1449483591983682,0.328125
"subset_eq(difference(difference(A, B), index(cardinality(B), A)), union(index(cardinality(A), union(A, B)), index(cardinality(B), union(A, B))))",1720.9480806249485,2129.675298627757,0.53770283210992,0.0,0.189519813830302,0.8813587460387471,0.8813587460387471,0.53770283210992,0.8813587460387471,1925.3116896263527,12,0.06675,4.404494382022472,7.47565543071161,3.700374531835206,8.179775280898877,11.880149812734082,7.1368654350601135,6.087597106884544,5.859362443075274,2.921778730243772,9.025180819716047,11.946959549959818,8.50886895851242,2.4599693548043096,0.2591145833333333
"subset_eq(difference(difference(A, B), index(cardinality(B), difference(A, B))), difference(index(cardinality(B), union(A, B)), index(cardinality(B), A)))",377.67514886130266,352.4160604145145,0.5900857128297013,0.0,0.2482656324716539,1.0,1.0,0.5900857128297013,1.0,365.0456046379086,12,0.043,4.238372093023256,7.866279069767442,3.895348837209302,8.209302325581396,12.104651162790697,7.268591130340724,6.053291536050157,5.881922675026123,2.932340647857889,9.00287356321839,11.93521421107628,8.551388110922115,2.856394170765955,0.2604166666666667
"subset_eq(difference(difference(A, B), index(cardinality(B), difference(A, B))), index(cardinality(B), union(difference(A, B), difference(B, A))))",361.1608587550727,248.3340978376591,0.5568583453076951,0.0,0.3010492340851196,1.0,1.0,0.5568583453076951,1.0,304.7474782963659,11,0.0285,4.026315789473684,8.18421052631579,4.017543859649122,8.192982456140351,12.210526315789474,6.741612803939676,6.03242408646423,5.902213072568194,2.943129181677818,8.991507977354606,11.934637159032425,8.62163157979796,3.222786027400051,0.2630208333333333
"subset_eq(difference(difference(A, B), index(cardinality(B), difference(A, B))), index(cardinality(difference(B, A)), difference(A, B)))",373.5652018353112,322.81780656670344,0.1858487275704047,0.0,0.1043567194057697,0.4755842015869728,0.4755842015869728,0.1858487275704047,0.4755842015869728,348.1915042010073,10,0.02975,4.243697478991597,8.134453781512605,4.19327731092437,8.184873949579831,12.378151260504202,7.703975707930237,6.028343210512754,5.900798763205359,2.9363566091213604,8.992785364596754,11.929141973718114,8.588078297662603,3.12314341304827,0.3046875
"subset_eq(difference(difference(A, B), index(cardinality(B), difference(A, B))), index(cardinality(difference(B, A)), union(A, B)))",1093.2025884778222,1248.939055971132,0.2929475766637127,0.0,0.1962784461334628,0.5458732390551928,0.5458732390551928,0.2929475766637127,0.5458732390551928,1171.070822224477,10,0.044,4.232954545454546,7.613636363636363,3.875,7.971590909090909,11.846590909090908,7.116670971074381,6.055439330543933,5.891474895397489,2.9322698744769875,9.014644351464435,11.946914225941423,8.55367703537231,2.678811490967145,0.3411458333333333
"subset_eq(difference(difference(A, B), index(cardinality(B), difference(A, B))), index(cardinality(difference(B, A)), union(difference(A, B), difference(B, A))))",361.78362474229925,360.3077382161282,0.2460017445751237,0.0,0.1419962840373425,0.5677059303670426,0.5677059303670426,0.2460017445751237,0.5677059303670426,361.0456814792137,12,0.05975,4.594142259414226,7.610878661087866,4.066945606694561,8.138075313807532,12.205020920502092,7.800143554909749,6.063015155543738,5.862802446157937,2.904280776389258,9.021536825312417,11.925817601701675,8.430354042217072,2.562254387412871,0.26953125
"subset_eq(difference(difference(A, B), index(cardinality(B), difference(A, B))), index(cardinality(intersection(A, B)), union(difference(A, B), difference(B, A))))",1192.8137516213465,1438.9281120746891,0.4760559005535639,0.0,0.2298712658755739,0.6623713114846694,0.6623713114846694,0.4760559005535639,0.6623713114846694,1315.8709318480178,12,0.0425,3.876470588235294,7.694117647058824,3.541176470588235,8.029411764705882,11.570588235294117,6.593979238754331,6.068407310704961,5.890600522193211,2.9485639686684073,9.010443864229766,11.959007832898171,8.57638991335406,2.8997327794861145,0.3359375
"subset_eq(difference(difference(A, B), index(cardinality(B), union(A, B))), index(cardinality(B), union(difference(A, B), difference(B, A))))",473.78583346807,418.1474849902752,0.5235421488615287,0.0,0.2108426279169361,0.8616657271992396,0.8616657271992396,0.5235421488615287,0.8616657271992396,445.9666592291726,11,0.04325,4.23121387283237,7.855491329479769,3.878612716763006,8.208092485549132,12.086705202312139,7.296869257242143,6.054089365037889,5.8818918212699245,2.9328455709432975,9.003135615364515,11.935981186307814,8.550956514946614,2.8482355192296875,0.24739583333333334
"subset_eq(difference(difference(A, B), index(cardinality(B), union(A, B))), index(cardinality(difference(A, A)), difference(A, B)))",945.6060537033727,1039.849077206396,0.8772149071511536,0.0,0.1711900441992774,1.0,1.0,0.8772149071511536,1.0,992.7275654548844,10,0.21725,4.714614499424626,7.197928653624857,3.613348676639816,8.299194476409665,11.912543153049482,7.388281439322141,6.325135739380389,5.625678696901948,2.7962312360268284,9.154583200255509,11.950814436282338,7.637890880298748,2.394458081177817,0.18489583333333334
"subset_eq(difference(difference(A, B), index(cardinality(B), union(A, B))), index(cardinality(difference(B, A)), difference(A, B)))",698.7105503565617,681.5001377276967,0.2910448604836051,0.0,0.1617904843138045,0.632271625275095,0.632271625275095,0.2910448604836051,0.632271625275095,690.1053440421292,10,0.047,4.48404255319149,7.6861702127659575,4.031914893617022,8.138297872340425,12.170212765957446,8.475045269352643,6.048793284365162,5.882476390346275,2.921563483735572,9.009706190975866,11.931269674711437,8.490204071970126,2.633369801066533,0.2864583333333333
"subset_eq(difference(difference(A, B), index(cardinality(B), union(A, B))), index(cardinality(difference(B, A)), union(difference(A, B), difference(B, A))))",863.0824301042348,692.1189864203261,0.3763848635291199,0.0,0.1565427357110008,0.5714896710487938,0.5714896710487938,0.3763848635291199,0.5714896710487938,777.6007082622805,12,0.07125,4.796491228070176,7.371929824561404,4.031578947368421,8.136842105263158,12.16842105263158,7.96355801785165,6.065679676985195,5.859488559892329,2.8925975773889636,9.03257065948856,11.925168236877523,8.421491570494576,2.279385105482043,0.2578125
"subset_eq(difference(difference(A, B), index(cardinality(B), union(A, B))), index(cardinality(intersection(A, B)), union(A, B)))",2065.573828033208,2702.4325336515612,0.6535834700031316,0.0,0.2497093693022954,0.7162411359156158,0.7162411359156158,0.6535834700031316,0.7162411359156158,2384.0031808423846,10,0.06925,4.296028880866426,7.3140794223826715,3.595667870036101,8.014440433212997,11.610108303249097,7.771924565679186,6.100188020413645,5.867042707493956,2.927477840451249,9.039752887456352,11.967230727907602,8.43725088341305,2.407360249460868,0.296875
"subset_eq(difference(difference(B, A), index(cardinality(A), B)), difference(index(cardinality(A), union(A, B)), index(cardinality(B), union(A, B))))",717.0491397277437,393.4756131889844,0.0,0.4058516903175608,0.6883464074404692,0.1254581343389762,0.6883464074404692,0.4058516903175608,0.6883464074404692,555.2623764583641,12,0.0455,7.664835164835165,4.1098901098901095,3.7857142857142856,7.989010989010989,11.774725274725276,8.130962444149253,5.894709271870089,6.0557883708748035,2.9350445259298064,9.015453116815086,11.950497642744892,8.483264737269026,2.7646889082246573,0.3033854166666667
"subset_eq(difference(difference(B, A), index(cardinality(A), B)), index(cardinality(difference(A, A)), difference(B, A)))",545.5593049619838,726.2050539936681,0.0,0.6367526950090581,0.7758799564229324,0.151703866033387,0.7758799564229324,0.6367526950090581,0.7758799564229324,635.882179477826,9,0.16875,7.245925925925926,4.497777777777777,3.647407407407407,8.096296296296297,11.743703703703703,7.6843105624142165,5.717293233082707,6.2655639097744364,2.8369924812030076,9.145864661654135,11.982857142857142,7.666331121035624,2.473571925520603,0.19010416666666666
"subset_eq(difference(difference(B, A), index(cardinality(A), B)), index(cardinality(intersection(A, B)), union(difference(A, B), difference(B, A))))",1084.755501870768,1739.499645219665,0.0,0.3330829776949794,0.5097549132471926,0.1851902657395825,0.5097549132471926,0.3330829776949794,0.5097549132471926,1412.1275735452164,11,0.04825,7.430051813471502,3.761658031088083,3.393782383419689,7.7979274611398965,11.191709844559586,8.460200273832854,5.901497241922774,6.07906488048332,2.952456002101392,9.028106120304702,11.980562122406093,8.437477200591836,2.810982489926605,0.35546875
"subset_eq(difference(difference(B, A), index(cardinality(A), difference(B, A))), difference(index(cardinality(A), union(A, B)), index(cardinality(B), union(A, B))))",493.50872981657085,411.3255371088853,0.0,0.3424275831838749,0.6655056954321283,0.1222986103342786,0.6655056954321283,0.3424275831838749,0.6655056954321283,452.4171334627281,13,0.0455,7.664835164835165,4.1098901098901095,3.7857142857142856,7.989010989010989,11.774725274725276,8.130962444149253,5.894709271870089,6.0557883708748035,2.9350445259298064,9.015453116815086,11.950497642744892,8.483264737269026,2.7646889082246573,0.3033854166666667
"subset_eq(difference(difference(B, A), index(cardinality(A), difference(B, A))), index(cardinality(difference(A, B)), union(difference(A, B), difference(B, A))))",369.5186858212128,349.7087767494577,0.0,0.2460017445751237,0.5677059303670426,0.1419962840373425,0.5677059303670426,0.2460017445751237,0.5677059303670426,359.61373128533523,12,0.0625,7.452,4.44,3.932,7.96,11.892,8.673312,5.8768,6.069066666666667,2.909866666666667,9.036,11.945866666666667,8.341208604444617,2.4859343908388962,0.26953125
"subset_eq(difference(difference(B, A), index(cardinality(A), difference(B, A))), index(cardinality(difference(B, A)), union(A, B)))",386.82033524624285,1067.3168596203614,0.0,0.5480962016950246,1.0,0.1711375162970944,1.0,0.5480962016950246,1.0,727.0685974333021,10,0.04925,7.598984771573604,4.182741116751269,3.8071065989847717,7.974619289340102,11.781725888324873,8.478239583601745,5.891138574809361,6.059689718643177,2.9305811201682883,9.020247173284249,11.950828293452538,8.444597864771719,2.684766582211672,0.265625
"subset_eq(difference(difference(B, A), index(cardinality(A), difference(B, A))), index(cardinality(intersection(A, B)), union(difference(A, B), difference(B, A))))",1126.133323108499,1360.6596599258482,0.0,0.4760559005535639,0.6623713114846694,0.2298712658755739,0.6623713114846694,0.4760559005535639,0.6623713114846694,1243.3964915171737,12,0.048,7.447916666666667,3.7552083333333335,3.390625,7.8125,11.203125,8.373969184027777,5.900997899159663,6.078781512605042,2.952731092436975,9.027048319327731,11.979779411764707,8.44327993145782,2.8255443841810446,0.3359375
"subset_eq(difference(difference(B, A), index(cardinality(A), union(A, B))), index(cardinality(difference(A, B)), B))",1882.966759167357,2156.2881581726833,0.0,0.313438204778604,0.632271625275095,0.1617904843138045,0.632271625275095,0.313438204778604,0.632271625275095,2019.6274586700201,9,0.06625,7.366037735849057,4.550943396226415,3.909433962264151,8.007547169811321,11.916981132075472,8.032096831612687,5.876572958500669,6.067737617135207,2.907362784471218,9.036947791164659,11.944310575635877,8.411042402541902,2.3501737546205184,0.30859375
"subset_eq(difference(difference(B, A), index(cardinality(A), union(A, B))), index(cardinality(difference(A, B)), union(difference(A, B), difference(B, A))))",748.1057582455278,670.4373275130783,0.0,0.3763848635291199,0.5714896710487938,0.1565427357110008,0.5714896710487938,0.3763848635291199,0.5714896710487938,709.2715428793031,12,0.06925,7.303249097472924,4.555956678700361,3.9025270758122743,7.956678700361011,11.859205776173285,8.689882573733522,5.876443728176202,6.07225355895783,2.9046467902229387,9.044050496911094,11.948697287134031,8.33665790594431,2.308829758838954,0.2578125
"subset_eq(difference(difference(B, A), index(cardinality(A), union(A, B))), index(cardinality(difference(B, A)), B))",1906.915819289803,2606.2951461283956,0.0,0.6546076065335048,0.6583957614808157,0.1749337366319613,0.6583957614808157,0.6546076065335048,0.6583957614808157,2256.6054827090993,9,0.087,7.278735632183908,4.32183908045977,3.557471264367816,8.043103448275861,11.600574712643677,7.933462148236222,5.851040525739321,6.124041621029573,2.9181270536692225,9.056955093099672,11.975082146768894,8.31719314777774,2.3864216588767126,0.25
"subset_eq(difference(difference(B, A), index(cardinality(A), union(A, B))), index(cardinality(intersection(A, B)), B))",758.6948792428846,757.0331192311787,0.0,0.7985375669356665,1.0,0.3078094710122617,1.0,0.7985375669356665,1.0,757.8639992370316,9,0.07175,7.29616724738676,3.975609756097561,3.2578397212543555,8.013937282229966,11.27177700348432,8.785999587223344,5.873148397522219,6.12119579854565,2.951791004578508,9.042553191489361,11.99434419606787,8.327801758389032,2.592718251101879,0.2578125
"subset_eq(difference(difference(B, A), index(cardinality(B), union(A, B))), difference(index(cardinality(A), B), index(cardinality(A), difference(B, A))))",1164.4811845488766,1247.71708628926,0.0,0.7352126766861493,0.6710818047155469,0.0745890412563907,0.7352126766861493,0.7352126766861493,0.6710818047155469,1206.0991354190683,12,0.04475,7.670391061452514,3.977653631284916,3.664804469273743,7.983240223463687,11.64804469273743,8.247557816547555,5.895838785658205,6.060455378173253,2.941376602983512,9.014917560847946,11.956294163831458,8.479433037208572,2.8302732684483147,0.26953125
"subset_eq(difference(difference(B, A), index(cardinality(B), union(A, B))), difference(index(cardinality(A), union(A, B)), index(cardinality(A), B)))",1511.1021821241675,1892.6830146868597,0.0,0.7727435937041173,0.8778894712221496,0.0719415819844513,0.8778894712221496,0.7727435937041173,0.8778894712221496,1701.8925984055136,12,0.064,7.44140625,4.109375,3.51171875,8.0390625,11.55078125,7.780731201171875,5.875,6.094284188034188,2.9369658119658117,9.032318376068377,11.969284188034187,8.432205346218112,2.59303566588671,0.2643229166666667
"subset_eq(difference(difference(B, A), index(cardinality(B), union(A, B))), index(cardinality(difference(A, A)), union(A, B)))",1693.4647246373934,2295.494420860443,0.0,0.6664908809894832,0.7277179272226832,0.2497093693022954,0.7277179272226832,0.6664908809894832,0.7277179272226832,1994.4795727489181,10,0.07125,7.28421052631579,4.224561403508772,3.5228070175438595,7.985964912280702,11.508771929824562,8.41568482610033,5.874831763122477,6.1009421265141315,2.931628532974428,9.044145356662181,11.975773889636608,8.373327440136555,2.420050643359399,0.2916666666666667
"subset_eq(difference(difference(B, A), index(cardinality(B), union(A, B))), index(cardinality(difference(A, B)), difference(B, A)))",1439.8873005362684,2042.012832809749,0.0,0.3761813393062958,0.525973554565373,0.1401170335718286,0.525973554565373,0.3761813393062958,0.525973554565373,1740.9500666730087,10,0.0455,7.637362637362638,4.021978021978022,3.697802197802198,7.961538461538462,11.659340659340659,8.479772974278461,5.8960188580408595,6.059979046621268,2.9392352016762704,9.016762702985856,11.955997904662127,8.465174474745488,2.7858841005758097,0.2955729166666667
"subset_eq(difference(index(cardinality(A), B), A), difference(index(cardinality(A), difference(B, A)), index(cardinality(B), union(A, B))))",2335.996512372163,3882.5067718131468,0.0,0.0,0.7522528924602949,0.2775286582625264,0.7522528924602949,0.0,0.7522528924602949,3109.251642092655,11,0.77375,6.333441033925687,5.638126009693053,3.0261712439418416,8.945395799676898,11.97156704361874,8.772987438700723,4.750276243093922,7.092817679558011,2.794475138121547,9.048618784530387,11.843093922651933,5.762776472024643,2.162457327846303,0.20182291666666666
"subset_eq(difference(index(cardinality(A), B), A), index(cardinality(difference(A, B)), index(cardinality(A), difference(B, A))))",1902.0146695115673,3466.6742680789903,0.0,0.0,0.738141893285661,0.2485326892132194,0.738141893285661,0.0,0.738141893285661,2684.3444687952788,10,0.7535,6.428002654280027,5.6157929661579296,3.0846051758460518,8.959190444591904,12.043795620437956,8.427192455997202,4.5912778904665315,7.04158215010142,2.634888438133874,8.997971602434077,11.632860040567952,6.176061205765111,2.368264723217079,0.234375
"subset_eq(difference(index(cardinality(A), B), A), index(cardinality(difference(A, B)), union(difference(A, B), difference(B, A))))",2266.8379342175613,3946.399673164822,0.0,0.0,0.6860204202495696,0.2849178594838853,0.6860204202495696,0.0,0.6860204202495696,3106.6188036911917,10,0.7725,6.362135922330097,5.642071197411004,3.058252427184466,8.945954692556635,12.0042071197411,8.60580366774554,4.661538461538462,7.071428571428571,2.6868131868131866,9.046153846153846,11.732967032967032,6.006161091655585,2.252345740688349,0.15364583333333334
"subset_eq(difference(index(cardinality(A), B), index(cardinality(A), difference(B, A))), difference(index(cardinality(A), union(A, B)), A))",2386.174359030978,2919.3477540870663,0.0,0.0,0.7817369535097987,0.3416795398232807,0.7817369535097987,0.0,0.7817369535097987,2652.761056559022,11,0.661,6.4568835098335855,5.375945537065053,2.9149016641452343,8.917927382753405,11.832829046898638,8.779262727129186,5.036135693215339,7.120206489675517,3.088495575221239,9.067846607669617,12.156342182890855,5.851074868822971,2.2563478178662395,0.20442708333333334
"subset_eq(difference(index(cardinality(A), B), index(cardinality(A), difference(B, A))), difference(index(cardinality(B), union(A, B)), A))",2588.5262317702873,2951.578652277123,0.0,0.0,0.8491716626774559,0.2888707399152499,0.8491716626774559,0.0,0.8491716626774559,2770.052442023705,11,0.65,6.54576923076923,5.280769230769231,2.894615384615385,8.931923076923077,11.826538461538462,8.14960502958579,4.9157142857142855,7.242142857142857,3.1207142857142856,9.037142857142857,12.157857142857143,6.115850000000025,2.560309813130091,0.23177083333333334
"subset_eq(difference(index(cardinality(A), B), index(cardinality(A), difference(B, A))), index(cardinality(difference(A, A)), A))",1164.0707496058913,2132.078889101773,0.0,0.0,0.8252638875067634,0.3823237619870487,0.8252638875067634,0.0,0.8252638875067634,1648.074819353832,10,0.61575,6.6163215590743,5.199756394640682,2.892407632967925,8.923670320747057,11.816077953714982,8.118041615997939,4.9479505530253745,7.1971372804163956,3.104098893949252,9.040988939492518,12.14508783344177,6.031217815675706,2.6110927610222396,0.22265625
"subset_eq(difference(index(cardinality(A), B), index(cardinality(A), difference(B, A))), intersection(A, index(cardinality(A), union(A, B))))",2328.243308600511,2917.610647882335,0.0,0.0,0.7722101663805233,0.3356912837478437,0.7722101663805233,0.0,0.7722101663805233,2622.926978241423,11,0.6465,6.5297757153905645,5.324825986078887,2.9458623356535187,8.908739365815931,11.85460170146945,8.586925613497373,4.961103253182461,7.142149929278642,3.0247524752475248,9.078500707213578,12.103253182461103,5.800002600785389,2.402004009643261,0.17317708333333334
"subset_eq(difference(index(cardinality(A), B), index(cardinality(A), union(A, B))), index(cardinality(intersection(A, B)), difference(B, A)))",3018.4512464385484,3287.0361879370175,0.0,0.0,0.6238532900684234,0.3385957502479105,0.6238532900684234,0.0,0.6238532900684234,3152.7437171877827,11,0.725,6.315172413793103,5.56,2.9755172413793103,8.899655172413793,11.875172413793104,8.942690606421014,5.079090909090909,7.040909090909091,2.9690909090909092,9.15090909090909,12.12,6.117195041322296,1.9289972834482463,0.08854166666666667
"subset_eq(difference(index(cardinality(A), B), index(cardinality(B), union(A, B))), index(cardinality(difference(A, A)), difference(B, A)))",2141.14106479424,3014.7691722433083,0.0,0.0,0.9591752721872424,0.2847229452777522,0.9591752721872424,0.0,0.9591752721872424,2577.955118518774,11,0.666,6.596471471471472,5.323198198198198,2.9932432432432434,8.926426426426426,11.91966966966967,7.84686178295407,4.736526946107785,7.251497005988024,2.934880239520958,9.053143712574851,11.988023952095809,6.259033579547462,2.6797642004022486,0.203125
"subset_eq(difference(index(cardinality(A), B), index(cardinality(B), union(A, B))), index(cardinality(difference(A, B)), union(difference(A, B), difference(B, A))))",2624.1858777335146,3050.4630896192975,0.0,0.0,0.9557786577082632,0.3161198036727202,0.9557786577082632,0.0,0.9557786577082632,2837.324483676406,13,0.68475,6.516246805403432,5.363271266885724,2.963490324936108,8.916027747353048,11.879518072289157,8.11223146094291,4.8001586042823154,7.2791435368754955,2.9960348929421095,9.083267248215702,12.079302141157811,6.134643841569278,2.572272228565547,0.16666666666666666
"subset_eq(difference(index(cardinality(A), difference(B, A)), index(cardinality(A), B)), index(cardinality(difference(B, A)), B))",1473.1276917797513,2244.552136556711,0.0,0.0,1.0,0.5377368934718156,1.0,0.0,1.0,1858.8399141682312,10,0.94225,6.123640222870788,5.859113823295304,3.021225789334041,8.96152825683205,11.982754046166091,8.565174091668739,3.554112554112554,7.731601731601732,2.1991341991341993,9.086580086580087,11.285714285714286,4.352841963231578,3.2839789874396588,0.015625
"subset_eq(difference(index(cardinality(A), union(A, B)), A), index(cardinality(difference(A, A)), B))",2942.0676522903814,4570.187351472676,0.0,0.0,0.7750735967176239,0.3349926061560259,0.7750735967176239,0.0,0.7750735967176239,3756.1275018815286,8,0.67425,6.307007786429366,5.767890248424175,3.1268075639599555,8.948090470893586,12.074898034853542,8.75281987745347,5.288564850345357,6.379892555640829,2.656945510360706,9.01151189562548,11.668457405986185,8.124822050065706,1.277710134385115,0.2421875
"subset_eq(difference(index(cardinality(A), union(A, B)), A), index(cardinality(difference(A, B)), index(cardinality(A), difference(B, A))))",3044.3564266211615,5033.503344330471,0.0,0.0,0.6418128682346831,0.2380228060015344,0.6418128682346831,0.0,0.6418128682346831,4038.9298854758163,11,0.6745,6.302816901408451,5.779466271312083,3.1300963676797626,8.952186805040771,12.082283172720533,8.764264059641686,5.296466973886329,6.356374807987711,2.6497695852534564,9.003072196620584,11.65284178187404,8.147224758790095,1.255498886590109,0.24869791666666666
"subset_eq(difference(index(cardinality(A), union(A, B)), A), index(cardinality(difference(B, A)), B))",4889.535433135461,5793.78625933826,0.0,0.7002393803883846,0.5183407013390261,0.0328415964230329,0.7002393803883846,0.7002393803883846,0.5183407013390261,5341.66084623686,8,0.732,6.246584699453552,5.787909836065574,3.086407103825137,8.948087431693988,12.034494535519126,8.566338247260383,5.2341417910447765,6.457089552238806,2.666044776119403,9.025186567164178,11.691231343283581,8.629651996547125,1.2843467685477665,0.2643229166666667
"subset_eq(difference(index(cardinality(A), union(A, B)), B), index(cardinality(difference(A, A)), A))",4018.7737596446386,6012.938244154677,0.0,0.0,0.4636998892268685,0.562397155318496,0.562397155318496,0.0,0.562397155318496,5015.856001899658,8,0.6815,5.8066764490095375,6.247615553925165,3.1265590608950844,8.927732942039619,12.054292002934703,9.106094729753902,6.335949764521193,5.36734693877551,2.6467817896389323,9.056514913657772,11.703296703296703,7.552915575117848,1.1336619016903546,0.17447916666666666
"subset_eq(difference(index(cardinality(A), union(A, B)), B), index(cardinality(intersection(A, B)), union(difference(A, B), difference(B, A))))",4744.679830104811,6784.907359248027,0.0,0.0,0.3263373950042183,0.4361636400896674,0.4361636400896674,0.0,0.4361636400896674,5764.793594676419,11,0.7175,5.837282229965157,6.24425087108014,3.1463414634146343,8.935191637630663,12.081533101045297,8.902729667714794,6.32566371681416,5.263716814159292,2.5353982300884956,9.053982300884956,11.589380530973452,7.723608739917037,1.2542787360971628,0.19140625
"subset_eq(difference(index(cardinality(A), union(A, B)), B), union(index(cardinality(B), A), index(cardinality(B), union(A, B))))",6062.8119013328105,7176.352848673239,0.0,0.0,0.4677940867513271,0.4249913900868224,0.4677940867513271,0.0,0.4677940867513271,6619.582375003025,11,0.77325,5.871645651471064,6.162948593598448,3.0973165211768507,8.937277723892661,12.034594245069512,8.766148731912313,6.328555678059537,5.299889746416759,2.5523704520396913,9.076074972436604,11.628445424476295,8.349240076873592,1.118303878363885,0.08072916666666667
"subset_eq(difference(index(cardinality(A), union(A, B)), index(cardinality(A), B)), difference(A, index(cardinality(B), A)))",5288.407441364834,8332.893912956119,0.0,0.0,0.3111196547884138,0.4430615376224571,0.4430615376224571,0.0,0.4430615376224571,6810.650677160476,10,0.66325,6.03656238220882,5.996607614021862,3.094986807387863,8.93818318884282,12.033169996230683,9.454652322705403,5.85449146250928,5.909428359317001,2.7349665924276167,9.028953229398663,11.763919821826281,7.707506962322158,0.41275246508186125,0.2526041666666667
"subset_eq(difference(index(cardinality(A), union(A, B)), index(cardinality(A), B)), difference(difference(A, B), index(cardinality(B), difference(A, B))))",4686.592137115193,5913.978526601568,0.0,0.0,0.3934286792783074,0.4806337676033839,0.4806337676033839,0.0,0.4806337676033839,5300.28533185838,12,0.427,5.92096018735363,5.861241217798595,2.889344262295082,8.892857142857142,11.782201405152225,10.189943042521971,6.015706806282722,6.046247818499127,3.0366492146596857,9.025305410122163,12.06195462478185,7.956473537214194,0.25476089396216,0.2708333333333333
"subset_eq(difference(index(cardinality(A), union(A, B)), index(cardinality(A), B)), difference(union(difference(A, B), difference(B, A)), index(cardinality(B), union(A, B))))",5827.0944134444,7751.402622081339,0.0,0.0,0.3306661954042793,0.3348444754014065,0.3348444754014065,0.0,0.3348444754014065,6789.24851776287,14,0.60875,5.8217659137577,5.890349075975359,2.7564681724845994,8.95564681724846,11.71211498973306,9.899288692872986,6.214057507987221,6.086900958466454,3.311821086261981,8.989137380191693,12.300958466453674,7.115346283007906,0.7077727009817204,0.3658854166666667
"subset_eq(difference(index(cardinality(A), union(A, B)), index(cardinality(A), B)), index(cardinality(B), union(difference(A, B), difference(B, A))))",3317.1248277117847,4899.531819981523,0.0,0.0,0.4451826250562273,0.4451826250562273,0.4451826250562273,0.0,0.4451826250562273,4108.328323846654,12,0.196,5.501275510204081,5.979591836734694,2.8801020408163267,8.60076530612245,11.480867346938776,12.264665113494367,6.090796019900497,5.964241293532338,2.99657960199005,9.058457711442786,12.055037313432836,8.014633571879248,0.6011132112891114,0.3541666666666667
"subset_eq(difference(index(cardinality(A), union(A, B)), index(cardinality(A), B)), index(cardinality(difference(A, A)), difference(B, A)))",1280.8761802494628,1057.4231645630534,0.0,0.0,0.5064088542505718,0.4631904588059181,0.5064088542505718,0.0,0.5064088542505718,1169.149672406258,11,0.1515,5.303630363036303,6.445544554455446,3.3069306930693068,8.442244224422442,11.749174917491748,12.968216623642567,6.095167943429582,5.8818503241013556,2.9142604596346495,9.062757807896288,11.977018267530937,7.899540386185374,1.0480805497360228,0.2682291666666667
"subset_eq(difference(index(cardinality(A), union(A, B)), index(cardinality(A), B)), index(cardinality(difference(A, B)), A))",4485.227257725492,5330.131687329151,0.0,0.0,0.2761066734205748,0.3768313930350312,0.3768313930350312,0.0,0.3768313930350312,4907.679472527321,10,0.24625,5.3472081218274115,6.077157360406091,2.784771573604061,8.639593908629442,11.424365482233503,10.899117215079004,6.180431177446103,5.931343283582089,3.0354892205638473,9.076285240464346,12.111774461028192,8.089756414170179,0.8822594538522309,0.3098958333333333
"subset_eq(difference(index(cardinality(A), union(A, B)), index(cardinality(A), B)), index(cardinality(difference(A, B)), union(difference(A, B), difference(B, A))))",1218.4400491658507,2166.1903294156073,0.0,0.0,0.6552274872752575,0.6125623711640519,0.6552274872752575,0.0,0.6552274872752575,1692.315189290729,13,0.4235,5.912632821723731,5.451003541912633,2.6328217237308147,8.73081463990555,11.363636363636363,10.886798186250829,6.021248915871639,6.3464874241110145,3.2241977450130097,9.143538594969645,12.367736339982654,7.1184357109060015,1.0786169096266713,0.1171875
"subset_eq(difference(index(cardinality(A), union(A, B)), index(cardinality(A), B)), index(cardinality(intersection(A, B)), B))",1367.3158358001538,2348.8110394662945,0.0,0.0,0.3849088335116373,0.4284389938484911,0.4284389938484911,0.0,0.4284389938484911,1858.063437633224,10,0.4125,5.825454545454545,6.362424242424242,3.5327272727272727,8.655151515151514,12.187878787878788,9.797740312213008,6.080425531914893,5.689787234042553,2.581276595744681,9.188936170212767,11.770212765957448,7.181666636487048,1.1927737168934698,0.21744791666666666
"subset_eq(difference(index(cardinality(A), union(A, B)), index(cardinality(A), B)), intersection(intersection(A, B), index(cardinality(B), union(A, B))))",3878.326062936103,5715.544748263434,0.0,0.0,0.3278202794348877,0.3728202737099664,0.3728202737099664,0.0,0.3728202737099664,4796.935405599768,12,0.18775,5.468708388814913,6.59387483355526,3.5019973368841546,8.560585885486018,12.062583222370174,11.245763748645814,6.092336103416436,5.822406894429055,2.8516466605109265,9.063096337334564,11.91474299784549,7.949080338283434,1.1861830844257841,0.30859375
"subset_eq(difference(index(cardinality(A), union(A, B)), index(cardinality(A), difference(B, A))), difference(A, index(cardinality(B), A)))",5419.226437154284,8114.549070358276,0.0,0.0,0.4010056455183745,0.2857081564487402,0.4010056455183745,0.0,0.4010056455183745,6766.88775375628,11,0.614,6.183631921824104,5.857491856677524,3.0916123778501627,8.949511400651465,12.041123778501628,9.158677081454595,5.643782383419689,6.141839378238342,2.7862694300518136,8.999352331606218,11.785621761658032,8.236342754167879,0.6822941835479955,0.30078125
"subset_eq(difference(index(cardinality(A), union(A, B)), index(cardinality(A), difference(B, A))), difference(index(cardinality(B), union(A, B)), intersection(A, B)))",3224.674608465837,5163.973676970229,0.0,0.0,0.5434546780349117,0.2843564848162542,0.5434546780349117,0.0,0.5434546780349117,4194.324142718033,13,0.1465,6.035836177474403,5.546075085324232,2.8890784982935154,8.69283276450512,11.581911262798634,9.733677736490833,5.964850615114235,6.039543057996485,2.988283538371412,9.016110134739309,12.004393673110721,8.737492745849401,0.5083219748286607,0.3984375
"subset_eq(difference(index(cardinality(A), union(A, B)), index(cardinality(A), difference(B, A))), difference(intersection(A, B), index(cardinality(A), B)))",3084.988976507597,5271.04604558181,0.0,0.0,0.5566988666692521,0.2162330897103934,0.5566988666692521,0.0,0.5566988666692521,4178.0175110447035,12,0.32825,6.367098248286367,5.996953541507997,3.4821020563594822,8.881949733434881,12.364051789794365,8.932312587987347,5.7837737253442505,5.952735392631187,2.7253442500930407,9.011164867882396,11.736509117975437,8.545165498633056,0.9565067282047401,0.3580729166666667
"subset_eq(difference(index(cardinality(A), union(A, B)), index(cardinality(A), difference(B, A))), index(cardinality(difference(A, A)), intersection(A, B)))",1810.486050254789,2692.447002035158,0.0,0.0,0.5049287217216117,0.2666746606295316,0.5049287217216117,0.0,0.5049287217216117,2251.4665261449736,12,0.08475,5.56047197640118,5.185840707964601,2.4926253687315634,8.253687315634219,10.746312684365781,14.107517337997402,6.0136574706364385,6.039606664845671,3.018301010652827,9.034963124829282,12.05326413548211,8.355792890221599,1.1002855455851617,0.359375
"subset_eq(difference(index(cardinality(A), union(A, B)), index(cardinality(A), difference(B, A))), index(cardinality(difference(A, A)), union(difference(A, B), difference(B, A))))",863.5425810734632,767.6070789004898,0.0,0.0,0.5730783445126716,0.2856301024561049,0.5730783445126716,0.0,0.5730783445126716,815.5748299869765,14,0.0435,6.367816091954023,4.890804597701149,3.235632183908046,8.022988505747126,11.258620689655173,17.796076099881088,5.95739675901725,6.01620491374804,2.961840041819132,9.011761630946157,11.973601672765291,8.385393607826574,1.228792918793213,0.33984375
"subset_eq(difference(index(cardinality(A), union(A, B)), index(cardinality(A), difference(B, A))), index(cardinality(difference(A, B)), intersection(A, B)))",3091.291790897827,4841.032506863587,0.0,0.0,0.5647906894890703,0.288122997249946,0.5647906894890703,0.0,0.5647906894890703,3966.162148880707,12,0.10775,6.192575406032483,5.865429234338747,3.5475638051044083,8.510440835266822,12.05800464037123,11.050155845414269,5.949005323620062,5.979546091342113,2.9044550294200056,9.024096385542169,11.928551414962174,8.511666846316038,0.6970924898899797,0.3567708333333333
"subset_eq(difference(index(cardinality(A), union(A, B)), index(cardinality(A), difference(B, A))), index(cardinality(difference(A, B)), union(difference(A, B), difference(B, A))))",927.4852521455659,1916.135935864586,0.0,0.0,0.8491716626774559,0.4303959173631303,0.8491716626774559,0.0,0.8491716626774559,1421.810594005076,14,0.35675,6.179397337070778,4.990189208128942,2.437281009110021,8.732305536089699,11.169586545199719,9.756644432211171,5.862028760202099,6.509133307423241,3.271278663039254,9.099883404586086,12.37116206762534,7.520586967807761,1.7616657109463432,0.21354166666666666
"subset_eq(difference(index(cardinality(A), union(A, B)), index(cardinality(A), difference(B, A))), intersection(intersection(A, B), index(cardinality(B), union(A, B))))",3721.408201871149,4869.009414306842,0.0,0.0,0.5992039187293039,0.2299481464603056,0.5992039187293039,0.0,0.5992039187293039,4295.208808088995,13,0.10375,6.354216867469879,5.662650602409639,3.5734939759036144,8.443373493975903,12.016867469879518,11.293192045289596,5.931380753138075,6.002510460251046,2.904323570432357,9.029567642956764,11.93389121338912,8.452123426099442,0.8614430533202799,0.3541666666666667
"subset_eq(difference(index(cardinality(A), union(A, B)), index(cardinality(B), A)), difference(index(cardinality(B), union(A, B)), B))",5250.4779508328065,6491.834588006139,0.0,0.8816355110644712,0.7355311470001198,0.0736910327193792,0.8816355110644712,0.8816355110644712,0.7355311470001198,5871.156269419473,11,0.15575,6.727126805778491,5.219903691813804,3.226324237560193,8.720706260032102,11.947030497592296,8.077391794995975,5.836541308854012,6.105122890139177,2.92715427894581,9.014509920047379,11.94166419899319,8.776038573397374,1.2908362485433114,0.2838541666666667
"subset_eq(difference(index(cardinality(A), union(A, B)), index(cardinality(B), A)), index(cardinality(difference(A, A)), difference(B, A)))",2704.896112599352,3061.992342199548,0.0,0.0,0.8185393790164535,0.2744684014514914,0.8185393790164535,0.0,0.8185393790164535,2883.44422739945,11,0.12825,6.962962962962963,4.892787524366471,3.3508771929824563,8.504873294346979,11.855750487329434,8.620339021693288,5.829939776312016,6.125322626899914,2.918267852021795,9.036994551190135,11.95526240321193,8.486158716931872,1.7291718140058285,0.2916666666666667
"subset_eq(difference(index(cardinality(A), union(A, B)), index(cardinality(B), A)), index(cardinality(difference(A, A)), union(difference(A, B), difference(B, A))))",3062.55628424976,3606.084323040676,0.0,0.0,0.6079923707493052,0.2033767912772067,0.6079923707493052,0.0,0.6079923707493052,3334.320303645218,13,0.1025,7.107317073170732,4.890243902439025,3.421951219512195,8.575609756097561,11.997560975609757,8.684533016061893,5.845961002785515,6.09025069637883,2.9225626740947077,9.013649025069638,11.936211699164346,8.547016705332952,1.81119418094624,0.3515625
"subset_eq(difference(index(cardinality(A), union(A, B)), index(cardinality(B), difference(A, B))), difference(B, index(cardinality(A), difference(B, A))))",4418.957161532831,6941.385730329902,0.0,0.491992103488802,0.5120732176409488,0.033191365670362,0.5120732176409488,0.491992103488802,0.5120732176409488,5680.171445931366,12,0.68775,5.901490367139222,6.1603053435114505,3.123954925481643,8.93784078516903,12.061795710650673,9.036466300678407,6.137710168134507,5.542033626901521,2.642914331465172,9.036829463570857,11.679743795036028,8.133347350418363,0.8182052083883119,0.26953125
"subset_eq(difference(index(cardinality(A), union(A, B)), index(cardinality(B), difference(A, B))), difference(difference(A, B), index(cardinality(B), A)))",4755.894713590154,6644.192532792687,0.0,0.5943002728881457,0.7506428231542954,0.0719415819844513,0.7506428231542954,0.5943002728881457,0.7506428231542954,5700.043623191421,12,0.314,6.409235668789809,5.265127388535032,2.732484076433121,8.941878980891719,11.674363057324841,8.971572122601339,5.776603498542274,6.288629737609329,3.0841836734693877,8.981049562682216,12.065233236151604,8.4122726818758,1.2535841128333525,0.3138020833333333
"subset_eq(difference(index(cardinality(A), union(A, B)), index(cardinality(B), difference(A, B))), difference(index(cardinality(A), B), index(cardinality(A), difference(B, A))))",2822.6392869872616,3361.896920573199,0.0,0.3380768792144433,0.4390978964441687,0.0598491496227178,0.4390978964441687,0.3380768792144433,0.4390978964441687,3092.2681037802304,14,0.1345,5.557620817843866,6.278810408921933,3.295539033457249,8.54089219330855,11.8364312267658,13.495363524550488,6.040150202195263,5.918833044482958,2.9237435008665513,9.035239745811669,11.95898324667822,8.060246579100387,0.7075664122365962,0.3450520833333333
"subset_eq(difference(index(cardinality(A), union(A, B)), index(cardinality(B), difference(A, B))), difference(index(cardinality(B), union(A, B)), A))",4616.580984881846,5867.9609900042415,0.0,0.7261352040316003,0.7563593134873243,0.0823922616937382,0.7563593134873243,0.7261352040316003,0.7563593134873243,5242.270987443044,12,0.10025,6.6633416458852865,4.807980049875312,2.865336658354115,8.605985037406484,11.471321695760599,9.697738198145544,5.898582939705474,6.096415671019728,2.9858293970547374,9.009169213670464,11.994998610725201,8.601157541137281,1.50314361542442,0.3033854166666667
"subset_eq(difference(index(cardinality(A), union(A, B)), index(cardinality(B), difference(A, B))), difference(index(cardinality(B), union(A, B)), B))",4654.347183310427,5656.366701694205,0.0,0.7629680928265327,0.874071128587128,0.0823922616937382,0.874071128587128,0.7629680928265327,0.874071128587128,5155.356942502316,12,0.1055,6.680094786729858,4.9170616113744074,2.9739336492890995,8.623222748815166,11.597156398104266,9.255935401271305,5.8921185019564,6.091112353269983,2.9737283398546674,9.009502515371716,11.983230855226383,8.654576864204298,1.413966694113725,0.2825520833333333
"subset_eq(difference(index(cardinality(A), union(A, B)), index(cardinality(B), difference(A, B))), difference(intersection(A, B), index(cardinality(A), B)))",4117.191003235115,5999.809500230476,0.0,0.8486835033798664,0.7705696749897872,0.0834527065209453,0.8486835033798664,0.8486835033798664,0.7705696749897872,5058.500251732796,12,0.337,6.523738872403561,5.824183976261128,3.4547477744807122,8.893175074183976,12.34792284866469,8.576751798466145,5.696455505279035,6.039969834087481,2.729260935143288,9.007164404223229,11.736425339366516,8.611838243825055,1.1212905332742953,0.2799479166666667
"subset_eq(difference(index(cardinality(A), union(A, B)), index(cardinality(B), difference(A, B))), index(cardinality(B), union(difference(A, B), difference(B, A))))",3096.748977066425,3707.902830144856,0.0,0.787779850035025,0.7619030598876997,0.0755031435572625,0.787779850035025,0.787779850035025,0.7619030598876997,3402.3259036056406,13,0.12075,6.784679089026915,4.271221532091097,2.4761904761904763,8.579710144927537,11.055900621118013,8.020498180368548,5.864088711970429,6.200170599943133,3.042081319306227,9.022177992607336,12.064259311913563,8.490964193657247,2.2110096325024227,0.3203125
"subset_eq(difference(index(cardinality(A), union(A, B)), index(cardinality(B), difference(A, B))), index(cardinality(difference(A, A)), union(difference(A, B), difference(B, A))))",2024.5388790184334,2574.9148466256447,0.0,0.0,0.699241427779059,0.2270032174012577,0.699241427779059,0.0,0.699241427779059,2299.726862822039,14,0.05225,7.37799043062201,3.9617224880382773,3.1004784688995217,8.239234449760765,11.339712918660288,10.477553169570287,5.897916117119493,6.077815879715115,2.9667633869691374,9.008968609865471,11.975731996834607,8.443889479595288,2.5857979307989205,0.3268229166666667
"subset_eq(difference(index(cardinality(A), union(A, B)), index(cardinality(B), difference(A, B))), index(cardinality(difference(B, A)), union(difference(A, B), difference(B, A))))",4071.872154672266,7344.005135413259,0.0,0.6015712309168142,0.6727761095085338,0.0625910861426132,0.6727761095085338,0.6015712309168142,0.6727761095085338,5707.938645042763,14,0.166,6.055722891566265,5.480421686746988,2.8478915662650603,8.688253012048193,11.536144578313253,9.493617542459011,5.959232613908873,6.064148681055156,2.998800959232614,9.024580335731414,12.023381294964029,8.742958870313862,0.6105908797650713,0.36328125
"subset_eq(difference(index(cardinality(A), union(A, B)), index(cardinality(B), difference(A, B))), index(cardinality(intersection(A, B)), A))",4357.881046154449,7520.431434698403,0.0,0.6038228131114936,0.6941911424389917,0.0640265221809279,0.6941911424389917,0.6038228131114936,0.6941911424389917,5939.156240426426,11,0.182,6.15521978021978,5.822802197802198,3.322802197802198,8.655219780219781,11.978021978021978,9.36147883709697,5.93520782396088,5.999388753056235,2.8960880195599024,9.038508557457213,11.934596577017114,8.688843174060578,0.5115398931719332,0.33203125
"subset_eq(difference(index(cardinality(A), union(A, B)), index(cardinality(B), difference(A, B))), index(cardinality(intersection(A, B)), B))",1642.4374805060506,2546.872906467819,0.0,0.0,0.4727648346135273,0.3900522320279785,0.4727648346135273,0.0,0.4727648346135273,2094.655193486935,11,0.36525,6.179329226557153,6.0191649555099245,3.5722108145106093,8.626283367556468,12.198494182067078,9.699662828334798,5.857818038597873,5.937376920047263,2.629381646317448,9.165813312327687,11.795194958645135,7.629813041794148,0.9994926548622742,0.203125
"subset_eq(difference(index(cardinality(A), union(A, B)), index(cardinality(B), difference(A, B))), index(cardinality(intersection(A, B)), index(cardinality(A), B)))",2216.4371994130415,2715.1322967492597,0.0,0.0,0.8555068844394069,0.2285727992563212,0.8555068844394069,0.0,0.8555068844394069,2465.7847480811506,13,0.05375,7.186046511627907,3.944186046511628,2.911627906976744,8.21860465116279,11.130232558139534,11.347106544077882,5.906472919418758,6.08216644649934,2.9772787318361953,9.011360634081901,11.988639365918099,8.420856296756504,2.4925045234493295,0.3229166666666667
"subset_eq(difference(index(cardinality(A), union(A, B)), index(cardinality(B), difference(A, B))), intersection(B, index(cardinality(B), union(A, B))))",3985.4982784132008,5446.43342986051,0.0,0.696193618162251,0.6887671012307996,0.0694277676760071,0.696193618162251,0.696193618162251,0.6887671012307996,4715.965854136855,12,0.16225,6.50693374422188,5.36055469953775,3.221879815100154,8.645608628659476,11.86748844375963,9.103734321618434,5.872276932259028,6.0847508206505525,2.925693822739481,9.0313339301701,11.95702775290958,8.65946544193146,1.0074598914479707,0.3294270833333333
"subset_eq(difference(index(cardinality(A), union(A, B)), index(cardinality(B), union(A, B))), difference(A, index(cardinality(A), B)))",5504.904652829748,6208.8836681731045,0.0,0.7699185840527206,0.6961498385854439,0.0439330563810198,0.7699185840527206,0.7699185840527206,0.6961498385854439,5856.894160501426,11,0.688,6.360101744186046,5.673328488372093,3.062136627906977,8.971293604651162,12.033430232558139,8.248092560590177,5.126602564102564,6.615384615384615,2.7788461538461537,8.963141025641026,11.741987179487179,8.694706402038136,1.5777336487512912,0.30078125
"subset_eq(difference(index(cardinality(A), union(A, B)), index(cardinality(B), union(A, B))), difference(B, index(cardinality(A), difference(B, A))))",5067.851391689503,6900.397701919079,0.0,0.4972419732031473,0.3965614122872348,0.0291530175072753,0.4972419732031473,0.4972419732031473,0.3965614122872348,5984.124546804291,12,0.723,5.875172890733057,6.209197786998617,3.141078838174274,8.9432918395574,12.084370677731673,8.668478073724689,6.236462093862816,5.335740072202166,2.5370036101083033,9.03519855595668,11.572202166064981,8.583166078014823,1.1217687591471461,0.24739583333333334
"subset_eq(difference(index(cardinality(A), union(A, B)), index(cardinality(B), union(A, B))), difference(difference(A, B), index(cardinality(B), A)))",6738.9514398099855,7756.355857081711,0.0,0.5610938403127033,0.4590969863983802,0.0536573643374351,0.5610938403127033,0.5610938403127033,0.4590969863983802,7247.653648445848,12,0.42425,6.316440777843253,5.477902180318209,2.8850913376546847,8.909251620506776,11.794342958161462,8.596642346766764,5.723838471558836,6.32783326096396,3.0390794615718626,9.012592270950934,12.051671732522797,8.70309658586875,1.0475078412922723,0.390625
"subset_eq(difference(index(cardinality(A), union(A, B)), index(cardinality(B), union(A, B))), difference(difference(A, B), index(cardinality(B), difference(A, B))))",7014.417161053047,7399.316085100174,0.0,0.6180704580233564,0.4862024060965585,0.0503317324468566,0.6180704580233564,0.6180704580233564,0.4862024060965585,7206.86662307661,13,0.44375,6.330704225352113,5.52112676056338,2.9290140845070423,8.922816901408451,11.851830985915493,8.340713350525736,5.691685393258427,6.32314606741573,3.009438202247191,9.005393258426967,12.014831460674158,8.916906855195107,1.028614638748926,0.3645833333333333
"subset_eq(difference(index(cardinality(A), union(A, B)), index(cardinality(B), union(A, B))), difference(union(difference(A, B), difference(B, A)), index(cardinality(A), B)))",5063.172898575664,6436.260247733444,0.0,0.8552247393194856,0.8629055295209629,0.0388095020021663,0.8629055295209629,0.8552247393194856,0.8629055295209629,5749.716573154554,14,0.6805,6.09808963997061,5.6689933872152825,2.7939015429831007,8.973181484202792,11.767083027185892,8.471743018623654,5.713615023474178,6.602503912363067,3.356807511737089,8.959311424100157,12.316118935837245,8.957219932357184,1.155909062578297,0.2643229166666667
"subset_eq(difference(index(cardinality(A), union(A, B)), index(cardinality(B), union(A, B))), difference(union(difference(A, B), difference(B, A)), index(cardinality(B), difference(A, B))))",6485.198846576735,8052.65266405046,0.0,0.0,0.4865906492137024,0.3002404081171784,0.4865906492137024,0.0,0.4865906492137024,7268.925755313598,15,0.721,5.8921636615811375,5.886615811373093,2.821775312066574,8.957004160887656,11.77877947295423,8.947519770468297,6.189964157706093,6.17562724014337,3.3664874551971327,8.99910394265233,12.365591397849462,8.545409873973847,0.6847803007724395,0.24088541666666666
"subset_eq(difference(index(cardinality(A), union(A, B)), index(cardinality(B), union(A, B))), index(cardinality(difference(A, A)), difference(A, B)))",3658.699283059119,5227.963536719792,0.0,0.5358978616825534,0.4555933476342507,0.0554237836456543,0.5358978616825534,0.5358978616825534,0.4555933476342507,4443.331409889455,12,0.231,6.058441558441558,5.866883116883117,3.2283549783549783,8.696969696969697,11.925324675324676,8.402121868030953,5.950260078023407,5.99739921976593,2.8972691807542263,9.05039011703511,11.947659297789336,8.961719448864597,0.37196167973341787,0.390625
"subset_eq(difference(index(cardinality(A), union(A, B)), index(cardinality(B), union(A, B))), index(cardinality(difference(A, B)), B))",3898.415023128822,7070.994530791417,0.0,0.0,0.4538616325077809,0.2175672037607567,0.4538616325077809,0.0,0.4538616325077809,5484.7047769601195,11,0.27775,6.041404140414041,5.684068406840684,2.99009900990099,8.735373537353736,11.725472547254725,8.316036104060444,5.949809622706819,6.076150917272413,2.9674627898926964,9.058497750086536,12.025960539979232,9.075121841108137,0.4032749051413063,0.4166666666666667
"subset_eq(difference(index(cardinality(A), union(A, B)), index(cardinality(B), union(A, B))), index(cardinality(difference(A, B)), intersection(A, B)))",4975.56465452339,7572.164755754173,0.0,0.3848523507837988,0.4464618157259548,0.0530844870553202,0.4464618157259548,0.3848523507837988,0.4464618157259548,6273.864705138782,12,0.25125,6.221890547263682,5.879601990049752,3.361194029850746,8.740298507462686,12.101492537313433,7.877125813717509,5.892487479131886,5.996661101836394,2.8437395659432387,9.045409015025042,11.88914858096828,9.070296905527053,0.6244744503698479,0.4088541666666667
"subset_eq(difference(index(cardinality(A), union(A, B)), index(cardinality(B), union(A, B))), index(cardinality(intersection(A, B)), A))",4271.192389639677,6118.487668120302,0.0,0.544081245956428,0.4498021157285664,0.0548268289141079,0.544081245956428,0.544081245956428,0.4498021157285664,5194.840028879989,11,0.27075,5.984302862419206,5.995383194829178,3.1745152354570636,8.80517082179132,11.979686057248385,7.935339149740477,5.971888926979774,5.956804936578677,2.899211518683579,9.029482344874872,11.92869386355845,9.218631950657853,0.2782705954139456,0.3893229166666667
"subset_eq(difference(index(cardinality(A), union(A, B)), index(cardinality(B), union(A, B))), index(cardinality(intersection(A, B)), index(cardinality(A), B)))",2412.10565170311,3511.5809044598136,0.0,0.0,0.4894744300392787,0.2325917142933106,0.4894744300392787,0.0,0.4894744300392787,2961.843278081462,13,0.20075,6.231631382316314,5.679950186799502,3.2141967621419676,8.697384806973847,11.911581569115816,8.505836612082042,5.910853925555208,6.0394119487019085,2.9133562715045356,9.03690960275258,11.950265874257116,8.896097559400705,0.567992901225954,0.4088541666666667
"subset_eq(difference(index(cardinality(A), union(A, B)), intersection(A, B)), difference(A, index(cardinality(B), A)))",5149.146281522,6918.146883081645,0.0,0.4762999706193805,0.3946302478668074,0.0477504640015526,0.4762999706193805,0.4762999706193805,0.3946302478668074,6033.6465823018225,9,0.63375,6.284812623274162,5.817357001972387,3.1522682445759367,8.949901380670612,12.102169625246548,8.862322436578275,5.439590443686007,6.2266211604095565,2.6648464163822525,9.001365187713311,11.666211604095563,8.279018276275735,1.0580537428924435,0.32421875
"subset_eq(difference(index(cardinality(A), union(A, B)), intersection(A, B)), index(cardinality(difference(A, A)), difference(A, B)))",4434.62610187009,7105.64704593271,0.0,0.4409202066429969,0.3830061398535367,0.0503317324468566,0.4409202066429969,0.4409202066429969,0.3830061398535367,5770.1365739014,10,0.38875,6.165273311897106,6.204501607717042,3.535691318327974,8.834083601286174,12.369774919614148,8.828964133952372,5.85439672801636,5.816359918200409,2.616359918200409,9.05439672801636,11.67075664621677,8.378148636046102,1.0452121530132998,0.3190104166666667
"subset_eq(difference(index(cardinality(A), union(A, B)), intersection(A, B)), index(cardinality(intersection(A, B)), index(cardinality(A), B)))",3339.6737574079525,5587.170550890267,0.0,0.0,0.4264648972208892,0.1929598123063411,0.4264648972208892,0.0,0.4264648972208892,4463.42215414911,11,0.35525,6.275862068965517,6.131597466572836,3.5517241379310347,8.855735397607319,12.407459535538353,8.994314200236616,5.809616130283056,5.876696393951144,2.6552927491275686,9.03101977510663,11.6863125242342,8.371939311776618,1.0420887999559776,0.3580729166666667
"subset_eq(difference(index(cardinality(A), union(A, B)), intersection(A, B)), intersection(B, index(cardinality(B), union(A, B))))",5721.582944770344,7439.694569081068,0.0,0.4918172950396065,0.3749481341074265,0.0536573643374351,0.4918172950396065,0.4918172950396065,0.3749481341074265,6580.638756925706,10,0.40175,6.250777846919727,6.093963907902925,3.466085874299938,8.878655880522713,12.344741754822651,8.612454302098449,5.790221479314668,5.882156289176765,2.6431257835353112,9.029251984956122,11.672377768491433,8.64382726537853,0.9665598512680602,0.34765625
"subset_eq(difference(index(cardinality(A), union(A, B)), intersection(A, B)), union(index(cardinality(A), B), index(cardinality(B), difference(A, B))))",5005.697868762421,6748.910484034568,0.0,0.0,0.3519512952487382,0.3202640424183588,0.3519512952487382,0.0,0.3519512952487382,5877.304176398495,12,0.432,6.002893518518518,6.22974537037037,3.3900462962962963,8.842592592592593,12.23263888888889,9.806067949459955,5.954225352112676,5.767605633802817,2.657130281690141,9.064700704225352,11.721830985915492,7.760178257042199,0.8678177291356776,0.3151041666666667
"subset_eq(difference(index(cardinality(A), union(A, B)), intersection(A, B)), union(index(cardinality(B), A), index(cardinality(A), difference(B, A))))",5166.308133027196,8161.378233663738,0.0,0.0,0.4209342815057957,0.2021109815759322,0.4209342815057957,0.0,0.4209342815057957,6663.843183345467,12,0.40225,6.2541951522684895,6.057178371659416,3.444996892479801,8.866376631448105,12.311373523927905,9.082708706966434,5.787536595566708,5.906733584274362,2.656629025512338,9.037641154328734,11.694270179841071,8.344695997695252,0.9284006334881244,0.3372395833333333
"subset_eq(difference(index(cardinality(B), A), B), difference(index(cardinality(B), union(A, B)), index(cardinality(B), difference(A, B))))",1833.5655636832016,4080.1072037462145,0.7626747026069107,0.0,0.0263032840035534,0.738141893285661,0.7626747026069107,0.7626747026069107,0.738141893285661,2956.836383714708,11,0.78975,5.734409623298512,6.333333333333333,3.1225071225071224,8.945235834124723,12.067742956631845,8.534630500934892,6.8799048751486325,4.592152199762188,2.4149821640903686,9.057074910820452,11.47205707491082,6.410521419351008,2.2010140114724166,0.1953125
"subset_eq(difference(index(cardinality(B), A), B), index(cardinality(difference(B, A)), union(A, B)))",1750.271731543255,3549.9198631206527,0.0,0.0,0.2485326892132194,0.8088001411369383,0.8088001411369383,0.0,0.8088001411369383,2650.0957973319537,8,0.7505,5.633910726182545,6.4427048634243835,3.110259826782145,8.966355762824783,12.076615589606929,8.240222041623582,7.002004008016032,4.537074148296593,2.56312625250501,8.975951903807616,11.539078156312625,6.605250581322943,2.4088301721660756,0.23697916666666666
"subset_eq(difference(index(cardinality(B), A), B), index(cardinality(difference(B, A)), union(difference(A, B), difference(B, A))))",2108.216691027803,3748.311261849012,0.0,0.0,0.2849178594838853,0.6860204202495696,0.6860204202495696,0.0,0.6860204202495696,2928.2639764384076,10,0.7645,5.65565729234794,6.395029431000654,3.0981033355134073,8.952583387835187,12.050686723348594,8.351031785309717,7.012738853503185,4.578556263269639,2.570063694267516,9.021231422505307,11.591295116772823,6.567715165366165,2.3281045928912634,0.15364583333333334
"subset_eq(difference(index(cardinality(B), A), index(cardinality(A), union(A, B))), index(cardinality(intersection(A, B)), difference(A, B)))",4075.491619539447,4264.682008046657,0.0,0.0,0.2605371026794981,0.8514184386919448,0.8514184386919448,0.0,0.8514184386919448,4170.086813793052,11,0.69625,5.450269299820467,6.485816876122082,2.9906642728904846,8.945421903052065,11.936086175942549,7.948779722094262,7.178600823045268,4.7786008230452675,2.9349794238683127,9.022222222222222,11.957201646090535,7.02752222730281,2.4299829852215757,0.2565104166666667
"subset_eq(difference(index(cardinality(B), A), index(cardinality(B), difference(A, B))), index(cardinality(difference(B, A)), union(difference(A, B), difference(B, A))))",1408.1850481930232,2400.6199043971137,0.0,0.0,0.3476032722580722,0.8177007716674002,0.8177007716674002,0.0,0.8177007716674002,1904.4024762950685,13,0.627,5.249202551834131,6.541866028708134,2.883572567783094,8.90749601275917,11.791068580542264,8.23541350294694,7.195710455764075,5.001340482573727,3.1253351206434314,9.07171581769437,12.197050938337801,6.205469384528035,2.4941052725015456,0.20442708333333334
"subset_eq(difference(index(cardinality(B), A), index(cardinality(B), difference(A, B))), index(cardinality(intersection(A, B)), union(difference(A, B), difference(B, A))))",2427.4524518873077,2878.8020753101446,0.0,0.0,0.3034473430055866,0.8521120100653274,0.8521120100653274,0.0,0.8521120100653274,2653.127263598726,13,0.64725,5.324835843955195,6.495171881035149,2.903437620702974,8.91657010428737,11.820007724990344,8.313076940635213,7.168674698795181,4.998582565556343,3.1027639971651313,9.064493267186393,12.167257264351523,6.383973045640692,2.3831181897204523,0.25
"subset_eq(difference(index(cardinality(B), A), index(cardinality(B), difference(A, B))), intersection(B, index(cardinality(B), union(A, B))))",2681.886440400791,2930.4025875199586,0.0,0.0,0.3356912837478437,0.7722101663805233,0.7722101663805233,0.0,0.7722101663805233,2806.1445139603748,11,0.6485,5.3508095605242865,6.494988434849653,2.946800308404009,8.898997686969931,11.84579799537394,8.630405021017014,7.127311522048364,4.9935988620199145,3.023470839260313,9.097439544807965,12.120910384068278,5.938450129398722,2.32723188337616,0.17317708333333334
"subset_eq(difference(index(cardinality(B), difference(A, B)), index(cardinality(B), A)), index(cardinality(difference(A, B)), A))",1811.4016209323015,2440.260395609541,0.0,0.0,0.5377368934718156,1.0,1.0,0.0,1.0,2125.8310082709213,10,0.9415,5.870685077004779,6.118959107806692,3.0249601699415827,8.964684014869889,11.989644184811471,8.57303432421732,7.6581196581196584,3.5256410256410255,2.1495726495726495,9.034188034188034,11.183760683760683,4.337095478121115,3.269024987342618,0.015625
"subset_eq(difference(index(cardinality(B), difference(A, B)), index(cardinality(B), union(A, B))), index(cardinality(difference(A, B)), A))",1627.6387469674228,1893.4631116546225,0.0,0.0,0.3018482021114963,0.6870564427588375,0.6870564427588375,0.0,0.6870564427588375,1760.5509293110226,11,0.91975,5.871160641478663,6.191084533840717,3.083174775754281,8.9790703995651,12.062245175319381,8.33724537664863,7.168224299065421,3.4018691588785046,1.719626168224299,8.850467289719626,10.570093457943925,5.503362739103843,3.3647230710498137,0.08333333333333333
"subset_eq(difference(index(cardinality(B), union(A, B)), A), index(cardinality(difference(A, A)), difference(B, A)))",4767.066509644268,6653.663434261456,0.0,0.0,0.6008334152229039,0.3686372305301639,0.6008334152229039,0.0,0.6008334152229039,5710.364971952862,9,0.7175,6.272822299651568,5.753658536585366,3.122648083623693,8.90383275261324,12.026480836236933,8.958467141764546,5.219469026548673,6.509734513274337,2.595575221238938,9.133628318584071,11.72920353982301,7.20781267131334,1.3996463134468018,0.1171875
"subset_eq(difference(index(cardinality(B), union(A, B)), A), index(cardinality(difference(A, B)), union(difference(A, B), difference(B, A))))",4563.06441414298,5817.310854063369,0.0,0.0,0.4349730087897815,0.3526122209162554,0.4349730087897815,0.0,0.4349730087897815,5190.187634103175,11,0.73075,6.23469038658912,5.796442011631885,3.1101607937050977,8.920971604515909,12.031132398221006,8.813980078720274,5.2711234911792015,6.4308263695450325,2.603528319405757,9.098421541318478,11.701949860724234,7.8961470917616605,1.2599925156561282,0.1484375
"subset_eq(difference(index(cardinality(B), union(A, B)), A), index(cardinality(intersection(A, B)), difference(B, A)))",5079.283490883652,6818.949252273887,0.0,0.0,0.5077698410206247,0.4267154130098565,0.5077698410206247,0.0,0.5077698410206247,5949.11637157877,9,0.74725,6.148879223820676,5.845098695215791,3.0756105720976916,8.918367346938776,11.993977919036467,8.90201576629655,5.461918892185954,6.328387734915925,2.6726013847675567,9.117705242334322,11.790306627101879,8.17800436543226,0.9316110766872944,0.171875
"subset_eq(difference(index(cardinality(B), union(A, B)), A), union(index(cardinality(A), B), index(cardinality(A), union(A, B))))",5479.086362072732,7435.894890740514,0.0,0.0,0.4249913900868224,0.4677940867513271,0.4677940867513271,0.0,0.4677940867513271,6457.490626406623,11,0.77425,6.150468195027446,5.864384888601872,3.0920245398773005,8.922828543752019,12.014853083629319,8.76275904822745,5.374307862679956,6.320044296788483,2.568106312292359,9.12624584717608,11.694352159468439,8.426011976811628,1.0414128225514054,0.08072916666666667
"subset_eq(difference(index(cardinality(B), union(A, B)), B), index(cardinality(difference(A, A)), difference(A, B)))",2510.830365112379,5015.185762085952,0.0,0.0,0.3590387321891179,1.0,1.0,0.0,1.0,3763.0080635991653,9,0.69725,5.747938329150233,6.2979562567228395,3.110792398709215,8.935102187163858,12.045894585873073,8.878849333954411,6.498761354252684,5.2056151940545,2.65813377374071,9.046242774566474,11.704376548307184,7.570717364429101,1.4006584319432664,0.10677083333333333
"subset_eq(difference(index(cardinality(B), union(A, B)), B), index(cardinality(difference(A, B)), union(difference(A, B), difference(B, A))))",4821.946149598807,5959.043436035514,0.5867744326730636,0.0,0.0328415964230329,0.6236533669863197,0.6236533669863197,0.5867744326730636,0.6236533669863197,5390.4947928171605,11,0.734,5.824591280653951,6.227179836512262,3.096049046321526,8.955722070844686,12.051771117166213,8.614550696419128,6.390977443609023,5.25,2.636278195488722,9.0046992481203,11.640977443609023,8.63950407032619,1.2194519071077057,0.2643229166666667
"subset_eq(difference(index(cardinality(B), union(A, B)), B), index(cardinality(difference(B, A)), A))",4776.720521130599,6456.802496299148,0.0,0.0,0.2100976684774407,0.5755133156102528,0.5755133156102528,0.0,0.5755133156102528,5616.761508714873,8,0.725,5.787931034482758,6.197241379310345,3.0248275862068965,8.960344827586207,11.985172413793103,8.818171462544628,6.469090909090909,5.360909090909091,2.839090909090909,8.99090909090909,11.83,8.313922314049542,1.0944992392070254,0.2591145833333333
"subset_eq(difference(index(cardinality(B), union(A, B)), B), index(cardinality(difference(B, A)), index(cardinality(B), difference(A, B))))",2902.3431480582512,5262.176482394338,0.0,0.0,0.2380228060015344,0.6418128682346831,0.6418128682346831,0.0,0.6418128682346831,4082.2598152262944,11,0.66925,5.784833769144565,6.283152782966007,3.1049682480388494,8.963018304071722,12.067986552110572,8.900819373489524,6.360544217687075,5.328042328042328,2.708238851095994,8.980347694633409,11.688586545729402,8.014127629719876,1.183669175092507,0.24869791666666666
"subset_eq(difference(index(cardinality(B), union(A, B)), B), union(index(cardinality(A), union(A, B)), index(cardinality(B), difference(A, B))))",4341.996786533389,6455.559565450996,0.0,0.0,0.2892974085333788,0.589653640628293,0.589653640628293,0.0,0.589653640628293,5398.778175992193,12,0.73225,5.807442813246842,6.214749061113008,3.0635029020143394,8.958688972345511,12.02219187435985,8.81397839222363,6.434173669467787,5.290382819794584,2.7282913165266107,8.996265172735761,11.72455648926237,8.197844715228195,1.1660237224318322,0.20182291666666666
"subset_eq(difference(index(cardinality(B), union(A, B)), index(cardinality(A), B)), difference(A, index(cardinality(B), difference(A, B))))",4414.067303918768,7133.307225402445,0.5660356521056602,0.0,0.0311311151135468,0.4729033592221013,0.5660356521056602,0.5660356521056602,0.4729033592221013,5773.687264660606,11,0.713,6.157433380084152,5.92671809256662,3.154978962131837,8.929172510518933,12.084151472650772,8.702867159484473,5.522648083623693,6.06794425087108,2.523519163763066,9.067073170731707,11.590592334494774,8.738618290861805,0.9064428704269,0.25390625
"subset_eq(difference(index(cardinality(B), union(A, B)), index(cardinality(A), B)), difference(index(cardinality(A), union(A, B)), B))",5039.513707571663,6482.83648372069,0.7871765334752387,0.0,0.0736910327193792,0.6487121437202833,0.7871765334752387,0.7871765334752387,0.6487121437202833,5761.1750956461765,11,0.16025,5.207488299531981,6.702028081123245,3.1747269890795633,8.734789391575664,11.909516380655226,7.65589550259077,6.121762429294433,5.827031854718666,2.9353974397142006,9.013396844298898,11.948794284013099,8.862539097948439,1.287941851860778,0.3190104166666667
"subset_eq(difference(index(cardinality(B), union(A, B)), index(cardinality(A), B)), difference(union(difference(A, B), difference(B, A)), index(cardinality(A), union(A, B))))",6109.252371418348,8087.025252573192,0.0,0.0,0.2272620555878413,0.454476354925015,0.454476354925015,0.0,0.454476354925015,7098.13881199577,14,0.61025,5.783695206882426,5.9307660794756245,2.7455960671855797,8.96886521917247,11.71446128635805,9.550351843028484,6.27517639512508,6.024374599101988,3.3309813983322645,8.968569595894804,12.299550994227069,7.572970124020683,0.7700599322551231,0.4127604166666667
"subset_eq(difference(index(cardinality(B), union(A, B)), index(cardinality(A), B)), difference(union(difference(A, B), difference(B, A)), index(cardinality(B), A)))",5091.299062497914,6667.262839652598,0.6736129784857969,0.0,0.0434802888137196,0.9201588079373954,0.9201588079373954,0.6736129784857969,0.9201588079373954,5879.280951075256,13,0.66125,5.653308128544423,6.099054820415879,2.7493383742911153,9.003024574669187,11.752362948960302,8.384086106038723,6.603690036900369,5.709963099630996,3.411808118081181,8.901845018450185,12.313653136531366,8.885470513745727,1.2220819532056377,0.2799479166666667
"subset_eq(difference(index(cardinality(B), union(A, B)), index(cardinality(A), B)), difference(union(difference(A, B), difference(B, A)), index(cardinality(B), difference(A, B))))",4260.642400457058,6363.427478307858,0.4989672554946619,0.0,0.0349827353072786,0.8773396744721317,0.8773396744721317,0.4989672554946619,0.8773396744721317,5312.034939382458,14,0.7035,5.7690120824449185,5.977611940298507,2.771499644633973,8.975124378109452,11.746624022743426,8.754715861246067,6.464586846543002,5.942664418212479,3.45362563237774,8.95362563237774,12.40725126475548,8.625306768965636,0.9748545762858518,0.2591145833333333
"subset_eq(difference(index(cardinality(B), union(A, B)), index(cardinality(A), B)), index(cardinality(difference(A, A)), difference(A, B)))",2586.2000079848804,3090.2309052902274,0.0,0.0,0.2744684014514914,0.8185393790164535,0.8185393790164535,0.0,0.8185393790164535,2838.215456637554,11,0.13675,4.925045703839123,6.8829981718464355,3.2778793418647165,8.530164533820841,11.808043875685557,8.500225594818325,6.141615986099044,5.822183608456415,2.925571966406024,9.038227628149436,11.963799594555459,8.529900801034282,1.6521172102429467,0.2916666666666667
"subset_eq(difference(index(cardinality(B), union(A, B)), index(cardinality(A), B)), index(cardinality(difference(A, A)), union(difference(A, B), difference(B, A))))",2729.2872936506756,2945.419727273751,0.0,0.0,0.2033767912772067,0.6079923707493052,0.6079923707493052,0.0,0.6079923707493052,2837.3535104622133,13,0.107,4.890186915887851,7.046728971962617,3.3294392523364484,8.607476635514018,11.936915887850468,8.26359289020877,6.105263157894737,5.837905935050392,2.931131019036954,9.012038073908174,11.943169092945128,8.616233608669493,1.759634296430209,0.3515625
"subset_eq(difference(index(cardinality(B), union(A, B)), index(cardinality(A), B)), index(cardinality(difference(B, A)), index(cardinality(B), difference(A, B))))",3469.096308455104,4100.534401136218,0.0,0.0,0.2035256242618937,0.7230300871053559,0.7230300871053559,0.0,0.7230300871053559,3784.815354795661,13,0.10875,4.940229885057471,6.942528735632184,3.2850574712643676,8.597701149425287,11.882758620689655,8.918367023384844,6.101542776998597,5.8482468443197755,2.9357643758765777,9.014025245441795,11.949789621318374,8.580451129002732,1.633433854531155,0.3580729166666667
"subset_eq(difference(index(cardinality(B), union(A, B)), index(cardinality(A), B)), index(cardinality(intersection(A, B)), union(difference(A, B), difference(B, A))))",7717.716495098546,8257.590264704078,0.0,0.0,0.1568228467179515,0.5892966518328093,0.5892966518328093,0.0,0.5892966518328093,7987.653379901312,13,0.2025,5.635802469135802,6.2975308641975305,3.2074074074074073,8.725925925925926,11.933333333333334,8.68775186709345,6.061442006269592,5.883385579937304,2.9144200626959247,9.030407523510972,11.944827586206896,8.836257505331027,0.6622136484606279,0.41796875
"subset_eq(difference(index(cardinality(B), union(A, B)), index(cardinality(A), B)), intersection(B, index(cardinality(A), union(A, B))))",5237.770562702324,6590.55414525792,0.878974374714008,0.0,0.0625910861426132,0.6727761095085338,0.878974374714008,0.878974374714008,0.6727761095085338,5914.162353980122,11,0.217,5.4631336405529956,6.566820276497696,3.307603686635945,8.722350230414747,12.02995391705069,7.870548323387662,6.1171775223499365,5.801085568326948,2.8812260536398466,9.037037037037036,11.918263090676884,8.87261698546208,1.093581697237434,0.2838541666666667
"subset_eq(difference(index(cardinality(B), union(A, B)), index(cardinality(A), difference(B, A))), difference(difference(A, B), index(cardinality(A), union(A, B))))",5793.258669923991,7559.766550332308,0.0,0.0,0.2423700220007,0.4950036153682424,0.4950036153682424,0.0,0.4950036153682424,6676.512610128149,13,0.329,6.080547112462006,5.541033434650456,2.734042553191489,8.887537993920972,11.621580547112462,10.24410343585147,5.923621460506706,6.176229508196721,3.0912816691505216,9.008569299552907,12.099850968703429,8.112751004461987,0.7454659603639725,0.40625
"subset_eq(difference(index(cardinality(B), union(A, B)), index(cardinality(A), difference(B, A))), difference(difference(A, B), index(cardinality(B), A)))",4565.01056396123,6767.440836524591,0.6826045506080582,0.0,0.0670374126294164,0.9415826489472614,0.9415826489472614,0.6826045506080582,0.9415826489472614,5666.2257002429105,12,0.33025,5.817562452687358,5.900832702498107,2.7592732778198337,8.959121877365632,11.718395155185465,8.779925514644072,6.053004852556924,6.0,3.0795072788353863,8.973497573721538,12.053004852556924,8.93780013239426,0.4096548449080011,0.29296875
"subset_eq(difference(index(cardinality(B), union(A, B)), index(cardinality(A), difference(B, A))), index(cardinality(difference(A, A)), intersection(A, B)))",3417.95157576364,4406.831684199162,0.5291055791173056,0.0,0.0764337876150129,0.6811665461392675,0.6811665461392675,0.5291055791173056,0.6811665461392675,3912.391629981401,12,0.08975,4.623955431754875,6.3008356545961,2.5097493036211698,8.415041782729805,10.924791086350975,11.171375144513163,6.108486679483659,5.93435869266685,3.019500137324911,9.023345234825598,12.042845372150508,8.488164146604245,1.6118263869194263,0.3333333333333333
"subset_eq(difference(index(cardinality(B), union(A, B)), index(cardinality(A), difference(B, A))), index(cardinality(difference(A, B)), A))",4921.695966571104,6924.68442818895,0.622297862947542,0.0,0.0625910861426132,0.5273891216490957,0.622297862947542,0.622297862947542,0.5273891216490957,5923.190197380027,11,0.161,5.313664596273292,6.107142857142857,2.7593167701863353,8.661490683229813,11.420807453416149,8.771869333744862,6.102205005959475,5.940405244338498,3.0148986889153755,9.0277115613826,12.042610250297974,8.842811018566024,0.8455291398958212,0.3919270833333333
"subset_eq(difference(index(cardinality(B), union(A, B)), index(cardinality(A), difference(B, A))), index(cardinality(difference(B, A)), A))",4370.071987949312,5871.287648528814,0.0,0.0,0.1739030940969144,0.6727761095085338,0.6727761095085338,0.0,0.6727761095085338,5120.679818239063,11,0.153,5.165032679738562,6.140522875816994,2.599673202614379,8.705882352941176,11.305555555555555,9.327358067409948,6.121605667060212,5.93595041322314,3.041322314049587,9.016233766233766,12.057556080283353,8.698307903859382,1.0732826795195605,0.40625
"subset_eq(difference(index(cardinality(B), union(A, B)), index(cardinality(A), difference(B, A))), index(cardinality(difference(B, A)), intersection(A, B)))",3481.0506370978255,7524.227282937616,0.4692790795517602,0.0,0.0845339304647074,0.6718661927140672,0.6718661927140672,0.4692790795517602,0.6718661927140672,5502.638960017721,12,0.108,5.337962962962963,6.62962962962963,3.4212962962962963,8.546296296296296,11.967592592592593,9.445944787379972,6.052410313901345,5.887051569506727,2.9195627802690582,9.019899103139014,11.939461883408072,8.639787177753332,1.146121160150104,0.3255208333333333
"subset_eq(difference(index(cardinality(B), union(A, B)), index(cardinality(A), difference(B, A))), intersection(intersection(A, B), index(cardinality(A), union(A, B))))",4526.4652541372925,5339.888744061813,0.83339122878515,0.0,0.0890794964892917,0.8519213398742377,0.8519213398742377,0.83339122878515,0.8519213398742377,4933.176999099553,13,0.11175,5.205816554809844,6.868008948545861,3.4966442953020134,8.577181208053691,12.073825503355705,8.982948716023795,6.072051787222066,5.853926259499015,2.907965099915564,9.018012946805516,11.925978046721081,8.595753943995854,1.4578307079965003,0.2760416666666667
"subset_eq(difference(index(cardinality(B), union(A, B)), index(cardinality(A), union(A, B))), difference(A, index(cardinality(B), difference(A, B))))",4875.306364177726,7195.723614625633,0.4972419732031473,0.0,0.0291530175072753,0.3965614122872348,0.4972419732031473,0.4972419732031473,0.3965614122872348,6035.5149894016795,12,0.72175,6.201593349497749,5.874956702459301,3.145133356425355,8.931416695531693,12.07655005195705,8.585960810671578,5.388140161725067,6.206648697214735,2.5292003593890384,9.065588499550763,11.594788858939802,8.826208921921648,1.0728928767218637,0.24739583333333334
"subset_eq(difference(index(cardinality(B), union(A, B)), index(cardinality(A), union(A, B))), difference(difference(A, B), index(cardinality(B), A)))",5765.119837494101,8328.267364092171,0.6301467147755528,0.0,0.0503317324468566,0.5708922052294325,0.6301467147755528,0.6301467147755528,0.5708922052294325,7046.693600793136,12,0.4205,5.98692033293698,5.889417360285375,2.941141498216409,8.935196195005945,11.876337693222354,8.200406910407576,5.966781708369284,6.023727351164797,2.9974115616911132,8.993097497842967,11.990509059534082,9.435761020962783,0.1470069994692643,0.3489583333333333
"subset_eq(difference(index(cardinality(B), union(A, B)), index(cardinality(A), union(A, B))), difference(difference(B, A), index(cardinality(A), difference(B, A))))",6581.133176520467,7652.342178300023,0.6180704580233564,0.0,0.0503317324468566,0.4862024060965585,0.6180704580233564,0.6180704580233564,0.4862024060965585,7116.737677410245,13,0.44025,5.567291311754685,6.324815445769449,2.9239068710959684,8.968199886428167,11.892106757524134,8.193655133095447,6.296114336757481,5.68602054488611,3.012952210808397,8.969182670835194,11.98213488164359,9.075774552419524,0.9732271059178751,0.3645833333333333
"subset_eq(difference(index(cardinality(B), union(A, B)), index(cardinality(A), union(A, B))), difference(index(cardinality(A), B), A))",3402.693360677338,4770.844948103651,0.7255708731677717,0.0,0.0519615605647056,0.5949253955660272,0.7255708731677717,0.7255708731677717,0.5949253955660272,4086.769154390495,11,0.236,5.5815677966101696,6.380296610169491,3.170550847457627,8.791313559322035,11.961864406779661,7.608501957052563,6.096858638743456,5.839659685863874,2.912958115183246,9.023560209424083,11.936518324607329,9.137885988596722,0.7900423733127543,0.3385416666666667
"subset_eq(difference(index(cardinality(B), union(A, B)), index(cardinality(A), union(A, B))), difference(index(cardinality(B), A), B))",4420.729385848157,5230.3863292569295,0.0,0.0,0.2522069628594855,0.3813771554491334,0.3813771554491334,0.0,0.3813771554491334,4825.557857552543,11,0.24875,6.106532663316583,5.7537688442211055,3.149748743718593,8.710552763819095,11.860301507537688,9.510002272669906,5.931780366056572,6.037936772046589,2.9154742096505823,9.05424292845258,11.969717138103162,8.61491634851516,0.40764486249070225,0.375
"subset_eq(difference(index(cardinality(B), union(A, B)), index(cardinality(A), union(A, B))), index(cardinality(A), union(difference(A, B), difference(B, A))))",4420.011505724862,5187.058526270557,0.6655056954321283,0.0,0.0548268289141079,0.4226741361726636,0.6655056954321283,0.6655056954321283,0.4226741361726636,4803.53501599771,13,0.25825,5.451113262342691,6.433688286544046,3.073572120038722,8.811229428848016,11.884801548886738,7.232714422133454,6.157735085945399,5.804853387259858,2.9389956184698347,9.023592854735423,11.962588473205258,9.246362044050713,0.9554363227991136,0.359375
"subset_eq(difference(index(cardinality(B), union(A, B)), index(cardinality(A), union(A, B))), index(cardinality(difference(A, A)), A))",1721.198063659016,2571.356827734853,0.0,0.0,0.2611889474223506,0.5668779971247113,0.5668779971247113,0.0,0.5668779971247113,2146.2774456969346,11,0.197,5.708121827411167,6.276649746192893,3.238578680203046,8.746192893401016,11.98477157360406,8.085676002988993,6.040784557907846,5.89134495641345,2.9087795765877957,9.0233499377335,11.932129514321295,9.00204692397282,0.6065407834877298,0.3893229166666667
"subset_eq(difference(index(cardinality(B), union(A, B)), index(cardinality(A), union(A, B))), index(cardinality(difference(A, A)), difference(A, B)))",2552.238250636925,2904.582988961367,0.0,0.0,0.2666117545441131,0.5941159832302373,0.5941159832302373,0.0,0.5941159832302373,2728.410619799146,12,0.22325,5.643896976483763,6.295632698768197,3.2362821948488243,8.703247480403135,11.93952967525196,8.207153059317926,6.0704859993562925,5.8728677180560025,2.898294174444802,9.045059542967493,11.943353717412295,8.942201901102885,0.6891620457400072,0.3203125
"subset_eq(difference(index(cardinality(B), union(A, B)), index(cardinality(A), union(A, B))), index(cardinality(difference(B, A)), union(difference(A, B), difference(B, A))))",2358.8210637659286,3894.0012024096213,0.0,0.0,0.3598691266389313,0.8417270622923491,0.8417270622923491,0.0,0.8417270622923491,3126.411133087775,14,0.469,5.297441364605544,6.245735607675906,2.7356076759061834,8.807569296375267,11.543176972281449,8.780932187978776,6.573917137476459,5.721280602636535,3.184086629001883,9.11111111111111,12.295197740112995,8.141281507016933,1.451060585367497,0.1875
"subset_eq(difference(index(cardinality(B), union(A, B)), index(cardinality(A), union(A, B))), index(cardinality(intersection(A, B)), index(cardinality(B), A)))",2272.273151222482,5723.04229526408,0.0,0.0,0.2325917142933106,0.4894744300392787,0.4894744300392787,0.0,0.4894744300392787,3997.657723243281,13,0.198,5.731060606060606,6.252525252525253,3.2222222222222223,8.761363636363637,11.983585858585858,8.237370548923591,6.035536159600998,5.896820448877805,2.9124064837905235,9.019950124688279,11.932356608478804,8.982136499461943,0.5614419487547896,0.4088541666666667
"subset_eq(difference(index(cardinality(B), union(A, B)), index(cardinality(A), union(A, B))), index(cardinality(intersection(A, B)), union(difference(A, B), difference(B, A))))",5985.539447446819,9805.449646279216,0.0,0.0,0.2135262538887217,0.4229969101915847,0.4229969101915847,0.0,0.4229969101915847,7895.494546863018,14,0.283,5.9628975265017665,6.03356890459364,3.202296819787986,8.79416961130742,11.996466431095406,7.959903981820245,5.9801255230125525,5.941073919107392,2.883542538354254,9.03765690376569,11.921199442119944,9.208085808099394,0.3323498429911043,0.4401041666666667
"subset_eq(difference(index(cardinality(B), union(A, B)), index(cardinality(B), A)), difference(difference(B, A), index(cardinality(A), union(A, B))))",4557.675426774775,5971.105732072145,0.0,0.0,0.3652006683324525,0.3652006683324525,0.3652006683324525,0.0,0.3652006683324525,5264.39057942346,12,0.38425,5.746909564085882,5.972674040338322,2.8295380611581002,8.890045543266103,11.719583604424203,10.926983041176047,6.117742590336987,5.9638652050345105,3.0637434023548518,9.017864393016646,12.081607795371498,7.611633911488022,0.4386876688294869,0.3515625
"subset_eq(difference(index(cardinality(B), union(A, B)), index(cardinality(B), A)), difference(index(cardinality(A), B), A))",3332.720295489911,4012.8380561855156,0.0,0.0,0.3728202737099664,0.3676158842824378,0.3728202737099664,0.0,0.3728202737099664,3672.7791758377134,10,0.1585,6.277602523659306,5.477917981072555,3.2018927444794953,8.553627760252366,11.75552050473186,12.738006149926852,5.9183006535947715,6.05941770647653,2.9307783719548426,9.046939988116458,11.977718360071302,8.035124761296611,0.7353521384113915,0.34765625
"subset_eq(difference(index(cardinality(B), union(A, B)), index(cardinality(B), A)), index(cardinality(difference(A, A)), difference(B, A)))",1445.740360667026,1135.1882973877146,0.0,0.0,0.5269775155704957,0.3855553872966208,0.5269775155704957,0.0,0.5269775155704957,1290.4643290273702,11,0.1515,6.744224422442244,4.910891089108911,3.1996699669966997,8.455445544554456,11.655115511551156,12.006431831301954,5.83794932233353,6.155863288155569,2.9334119033588686,9.06040070713023,11.993812610489098,7.895606444732982,1.5627487609748083,0.2747395833333333
"subset_eq(difference(index(cardinality(B), union(A, B)), index(cardinality(B), A)), intersection(A, index(cardinality(A), union(A, B))))",5183.374029437837,5539.87120557297,0.0,0.0,0.3459026581205586,0.307406553677287,0.3459026581205586,0.0,0.3459026581205586,5361.6226175054035,11,0.2345,6.418976545842217,5.574626865671642,3.368869936034115,8.624733475479744,11.99360341151386,10.256088579339053,5.839320705421294,6.087524493794906,2.8527106466361856,9.074134552580013,11.9268451992162,8.152633512247037,0.9303146146870598,0.2981770833333333
"subset_eq(difference(index(cardinality(B), union(A, B)), index(cardinality(B), A)), union(index(cardinality(A), union(A, B)), index(cardinality(A), difference(B, A))))",4988.554266523453,6963.263190237805,0.0,0.0,0.416126469505683,0.4468814014222655,0.4468814014222655,0.0,0.4468814014222655,5975.908728380629,14,0.30575,6.125102207686018,5.701553556827474,3.144726083401472,8.68192968111202,11.826655764513491,10.067034870621605,5.90925459128556,6.0842635938062655,2.898451566438603,9.095066618653222,11.993518185091826,8.224005278193788,0.5036946531534378,0.21875
"subset_eq(difference(index(cardinality(B), union(A, B)), index(cardinality(B), difference(A, B))), difference(B, index(cardinality(A), B)))",5430.362788582221,7429.0096506252885,0.0,0.0,0.2857081564487402,0.4010056455183745,0.4010056455183745,0.0,0.4010056455183745,6429.686219603755,11,0.60025,5.885047896709704,6.178259058725531,3.0803831736776344,8.9829237817576,12.063306955435236,9.296615095646807,6.110694183864916,5.650406504065041,2.813633520950594,8.947467166979362,11.761100687929956,8.126544068153871,0.6330086441736279,0.30078125
"subset_eq(difference(index(cardinality(B), union(A, B)), index(cardinality(B), difference(A, B))), difference(difference(A, B), index(cardinality(B), A)))",3857.861553804367,5407.374498136342,0.0,0.0,0.321515687862305,0.7254700084688032,0.7254700084688032,0.0,0.7254700084688032,4632.618025970354,12,0.32025,6.012490241998439,5.70647931303669,2.7611241217798597,8.957845433255269,11.718969555035128,9.07249227739113,5.957705038617139,6.090106656859139,3.073924236851784,8.973887458624494,12.047811695476279,8.773023149993781,0.498011314557016,0.34765625
"subset_eq(difference(index(cardinality(B), union(A, B)), index(cardinality(B), difference(A, B))), difference(index(cardinality(A), union(A, B)), B))",3530.843118885139,4894.629864545539,0.0,0.0,0.2810311682999513,0.605962130486928,0.605962130486928,0.0,0.605962130486928,4212.736491715339,12,0.09475,5.519788918205805,6.155672823218997,3.0131926121372032,8.6622691292876,11.675461741424803,11.226237634101704,6.022921844794256,5.947528307097487,2.9696216514774925,9.00082850041425,11.970450151891743,8.637559097293838,0.5462282581684395,0.37109375
"subset_eq(difference(index(cardinality(B), union(A, B)), index(cardinality(B), difference(A, B))), difference(intersection(A, B), index(cardinality(A), B)))",5288.246744986856,7155.330664273351,0.0,0.0,0.2442403765031983,0.4108797735425934,0.4108797735425934,0.0,0.4108797735425934,6221.788704630104,12,0.32475,6.254811393379523,6.139337952270978,3.5057736720554273,8.888375673595073,12.3941493456505,9.462112443930007,5.840799703813403,5.88448722695298,2.7178822658274715,9.007404664938912,11.725286930766384,8.31658547624731,0.9258117731484995,0.3333333333333333
"subset_eq(difference(index(cardinality(B), union(A, B)), index(cardinality(B), difference(A, B))), index(cardinality(difference(B, A)), intersection(A, B)))",2949.8618848940823,4530.362044725101,0.0,0.0,0.288122997249946,0.5647906894890703,0.5647906894890703,0.0,0.5647906894890703,3740.111964809592,12,0.098,5.926020408163265,6.0688775510204085,3.4948979591836733,8.5,11.994897959183673,11.362205851728453,5.98059866962306,5.956208425720621,2.9171286031042127,9.019678492239468,11.936807095343681,8.535969894444898,0.5911772553509375,0.3567708333333333
"subset_eq(difference(index(cardinality(B), union(A, B)), index(cardinality(B), difference(A, B))), index(cardinality(difference(B, A)), union(difference(A, B), difference(B, A))))",912.5772573867953,1629.7987740361714,0.0,0.0,0.4303959173631303,0.8491716626774559,0.8491716626774559,0.0,0.8491716626774559,1271.1880157114833,14,0.35825,5.050244242847174,6.171667829727844,2.471039776692254,8.750872295882763,11.221912072575018,9.63917605597102,6.4916244643552785,5.853135956369303,3.2543825477210753,9.090377873003506,12.344760420724581,7.668545466879185,1.6711269832730151,0.21354166666666666
"subset_eq(difference(index(cardinality(B), union(A, B)), intersection(A, B)), difference(B, index(cardinality(A), B)))",5060.335988495033,6450.678340826184,0.4762999706193805,0.0,0.0477504640015526,0.3946302478668074,0.4762999706193805,0.4762999706193805,0.3946302478668074,5755.507164660608,9,0.62475,5.829131652661064,6.283713485394157,3.140456182472989,8.972388955582232,12.112845138055222,8.911283761203642,6.218520986009327,5.44037308461026,2.6962025316455698,8.962691538974017,11.658894070619587,8.279575552784976,1.02966421264082,0.32421875
"subset_eq(difference(index(cardinality(B), union(A, B)), intersection(A, B)), index(cardinality(difference(A, B)), A))",6205.196035845205,7253.635143890977,0.5790338694466108,0.0,0.0525192763572828,0.3319120380024478,0.5790338694466108,0.5790338694466108,0.3319120380024478,6729.415589868091,9,0.40775,6.1072961373390555,6.187614960147149,3.43408951563458,8.860821581851624,12.294911097486205,8.535749527942086,5.884339383706205,5.815533980582524,2.656817222456733,9.043056141831997,11.69987336428873,8.733764765479863,0.8901158279045599,0.3359375
"subset_eq(difference(index(cardinality(B), union(A, B)), intersection(A, B)), index(cardinality(difference(A, B)), union(difference(A, B), difference(B, A))))",6558.852956897579,8518.390212021768,0.4409282593324051,0.0,0.0421517858294361,0.3423763986338555,0.4409282593324051,0.4409282593324051,0.3423763986338555,7538.621584459674,12,0.46475,6.145239376008607,6.109198493813879,3.3813878429263045,8.87305002689618,12.254437869822485,8.343323742918273,5.827650630546474,5.8439981317141525,2.619803829985988,9.051844932274639,11.671648762260626,8.931648967326973,0.8667202847910699,0.3567708333333333
"subset_eq(difference(index(cardinality(B), union(A, B)), intersection(A, B)), index(cardinality(difference(B, A)), union(difference(A, B), difference(B, A))))",2289.95905250507,4373.629613806959,0.0,0.0,0.4547691943616443,0.9241514364661436,0.9241514364661436,0.0,0.9241514364661436,3331.7943331560145,12,0.67075,5.6224375698844575,6.215803205367126,2.9944092433842715,8.843831531867313,11.838240775251585,9.290997319020688,6.694001518602885,5.460895975702353,2.931662870159453,9.223234624145785,12.154897494305239,6.883033562046224,1.312277154013602,0.06510416666666667
"subset_eq(difference(index(cardinality(B), union(A, B)), intersection(A, B)), index(cardinality(intersection(A, B)), A))",3185.3673156180885,5128.619500741363,0.0,0.0,0.4275717631799092,0.4275717631799092,0.4275717631799092,0.0,0.4275717631799092,4156.9934081797255,9,0.49,6.212755102040816,6.080102040816326,3.492857142857143,8.8,12.292857142857143,8.811125052061655,5.747058823529412,5.858823529411764,2.475,9.130882352941176,11.605882352941176,8.004535755478678,1.1409953403472324,0.19921875
"subset_eq(difference(index(cardinality(B), union(A, B)), intersection(A, B)), index(cardinality(intersection(A, B)), difference(A, B)))",5277.594440148212,7748.637837849557,0.0,0.0,0.3220327324250811,0.4216257044147774,0.4216257044147774,0.0,0.4216257044147774,6513.116138998885,10,0.4255,6.126909518213866,6.010575793184489,3.2673325499412456,8.87015276145711,12.137485311398354,9.25963786296895,5.862924281984334,5.935161009573542,2.756309834638816,9.04177545691906,11.798085291557877,8.439466793314013,0.5801032753650986,0.3229166666666667
"subset_eq(difference(index(cardinality(B), union(A, B)), intersection(A, B)), index(cardinality(intersection(A, B)), difference(B, A)))",5765.56834624894,8238.526440925896,0.4422251824950938,0.0,0.0548268289141079,0.4226741361726636,0.4422251824950938,0.4422251824950938,0.4226741361726636,7002.047393587418,10,0.413,5.964891041162228,6.294794188861985,3.3819612590799033,8.87772397094431,12.259685230024212,8.697560078326138,5.982538330494037,5.73679727427598,2.6865417376490632,9.032793867120954,11.719335604770016,8.65039259190471,0.8917848923901778,0.3372395833333333
"subset_eq(difference(intersection(A, B), index(cardinality(A), B)), index(cardinality(difference(B, A)), union(A, B)))",2425.4326456581475,2849.0031683937414,0.0,0.0,0.6734930450677232,0.863094361798463,0.863094361798463,0.0,0.863094361798463,2637.2179070259444,9,0.05725,4.292576419213974,4.362445414847161,0.4978165938864629,8.157205240174672,8.655021834061136,7.9464922484315705,6.077433041633519,6.064704322460885,3.124105011933174,9.01803235216123,12.142137364094404,8.453241218046667,3.602886260473882,0.3072916666666667
"subset_eq(difference(intersection(A, B), index(cardinality(A), B)), index(cardinality(intersection(A, B)), A))",1906.0744290426098,2672.0381051001605,0.0,0.0,0.7681750885236371,0.624393960349793,0.7681750885236371,0.0,0.7681750885236371,2289.0562670713853,8,0.072,4.138888888888889,4.697916666666667,0.65625,8.180555555555555,8.836805555555555,7.913170331790128,6.117726293103448,6.0657327586206895,3.1535560344827585,9.029903017241379,12.183459051724139,8.386788276372817,3.467456670758986,0.2864583333333333
"subset_eq(difference(intersection(A, B), index(cardinality(A), B)), intersection(index(cardinality(B), A), index(cardinality(B), union(A, B))))",1305.9931043831675,1728.8127052766645,0.0,0.0,0.6992145673383117,0.6992145673383117,0.6992145673383117,0.0,0.6992145673383117,1517.402904829916,11,0.04275,4.116959064327485,4.192982456140351,0.2573099415204678,8.052631578947368,8.309941520467836,8.491980438425498,6.058239749281797,6.046487333507443,3.0950639853747717,9.00966309741447,12.10472708278924,8.480755210285547,3.9060080698344355,0.29296875
"subset_eq(difference(intersection(A, B), index(cardinality(A), union(A, B))), index(cardinality(difference(A, B)), B))",2217.198105360818,2723.1684335615137,0.0,0.0,0.5933890786766589,0.8152416854368231,0.8152416854368231,0.0,0.8152416854368231,2470.1832694611658,9,0.067,4.298507462686567,4.384328358208955,0.6417910447761194,8.041044776119403,8.682835820895523,8.230647137447072,6.095659163987138,6.080921757770632,3.1412111468381565,9.035369774919614,12.17658092175777,8.4093258214637,3.5150084278015026,0.3216145833333333
"subset_eq(difference(intersection(A, B), index(cardinality(A), union(A, B))), index(cardinality(difference(A, B)), union(A, B)))",1734.7312514745718,2337.7546989390976,0.0,0.0,0.7277179272226832,0.83339122878515,0.83339122878515,0.0,0.83339122878515,2036.2429752068347,10,0.0715,4.433566433566433,4.188811188811189,0.6538461538461539,7.968531468531468,8.622377622377622,8.509511467553438,6.093968766828217,6.104200323101777,3.15239633817986,9.045772751750135,12.198169089929994,8.348588162388376,3.5592702156051064,0.29296875
"subset_eq(difference(intersection(A, B), index(cardinality(B), A)), index(cardinality(difference(A, A)), A))",1747.5034870622658,2122.2587631346832,0.0,0.0,0.818311317487645,0.818311317487645,0.818311317487645,0.0,0.818311317487645,1934.8811250984745,8,0.078,4.560897435897436,4.227564102564102,0.6666666666666666,8.121794871794872,8.788461538461538,8.4200567061144,6.094902386117137,6.1144251626898045,3.1689262472885034,9.040401301518438,12.209327548806941,8.306284143684564,3.4892289773431333,0.2877604166666667
"subset_eq(difference(intersection(A, B), index(cardinality(B), A)), index(cardinality(difference(A, B)), intersection(A, B)))",1117.2081391501197,1357.2809805857396,0.0,0.0,0.8989842822057975,0.8128864439351119,0.8989842822057975,0.0,0.8989842822057975,1237.2445598679296,9,0.0435,4.454022988505747,3.7873563218390807,0.27011494252873564,7.971264367816092,8.241379310344827,8.682322631787558,6.044432828018818,6.066387872451647,3.096706743335076,9.01411395713539,12.110820700470466,8.457262043699584,3.9639638589035022,0.30859375
"subset_eq(difference(intersection(A, B), index(cardinality(B), A)), index(cardinality(difference(A, B)), union(A, B)))",2428.7776649467123,2710.428398997756,0.0,0.0,0.863094361798463,0.6734930450677232,0.863094361798463,0.0,0.863094361798463,2569.603031972234,9,0.0595,4.605042016806722,3.907563025210084,0.5252100840336135,7.987394957983193,8.512605042016807,8.36134453781512,6.061935140882509,6.0975544922913345,3.128654970760234,9.03083466241361,12.159489633173843,8.399725874543288,3.7008817164414998,0.3072916666666667
"subset_eq(difference(intersection(A, B), index(cardinality(B), A)), intersection(index(cardinality(A), union(A, B)), index(cardinality(B), union(A, B))))",1443.595442654143,1557.805132306181,0.0,0.0,0.8924205685084997,0.606223921938573,0.8924205685084997,0.0,0.8924205685084997,1500.700287480162,12,0.04525,4.530386740331492,3.74585635359116,0.2983425414364641,7.9779005524861875,8.276243093922652,8.037605689692006,6.0437287247970675,6.072532076459806,3.100549882168107,9.015710919088766,12.116260801256873,8.473191435910358,3.9441082467121573,0.2747395833333333
"subset_eq(difference(intersection(A, B), index(cardinality(B), union(A, B))), index(cardinality(difference(A, A)), A))",1720.782296775069,2973.2114853496314,0.0,0.0,0.8158686392435757,0.8158686392435757,0.8158686392435757,0.0,0.8158686392435757,2346.99689106235,9,0.09575,4.349869451697128,4.605744125326371,0.8511749347258486,8.10443864229765,8.955613577023499,8.399525526794779,6.14735969035112,6.111418302460603,3.1985070500414707,9.060270942770252,12.258777992811723,8.264151964477549,3.317829704089308,0.2630208333333333
"subset_eq(difference(intersection(A, B), index(cardinality(B), union(A, B))), index(cardinality(difference(A, A)), B))",1854.7171716774865,2835.119213837548,0.0,0.0,0.9194510313717068,0.6286985425201691,0.9194510313717068,0.0,0.9194510313717068,2344.9181927575173,9,0.09175,4.591280653950954,4.2888283378746594,0.8174386920980926,8.06267029972752,8.880108991825614,8.299742369458542,6.115056427195156,6.136801541425819,3.1915772089182495,9.060280759702724,12.251857968620975,8.283316168749886,3.3724518180721446,0.265625
"subset_eq(difference(intersection(A, B), index(cardinality(B), union(A, B))), index(cardinality(difference(A, A)), union(A, B)))",1438.2086817946729,2630.166045997379,0.0,0.0,0.83339122878515,0.6730863053606144,0.83339122878515,0.0,0.83339122878515,2034.187363896026,10,0.0745,4.406040268456376,4.315436241610739,0.7013422818791947,8.020134228187919,8.721476510067115,8.31856673122832,6.101566720691518,6.100216099405727,3.15667206915181,9.045110750945435,12.201782820097245,8.365358161999236,3.476908606116642,0.2916666666666667
"subset_eq(difference(intersection(A, B), index(cardinality(B), union(A, B))), index(cardinality(difference(A, B)), B))",2962.0910624028184,3262.510334902443,0.0,0.0,0.7711080535393678,0.5717370660651555,0.7711080535393678,0.0,0.7711080535393678,3112.3006986526307,9,0.07075,4.208480565371024,4.508833922261484,0.6996466431095406,8.017667844522968,8.717314487632509,8.137122451272965,6.109765940274415,6.078288942695722,3.146892655367232,9.041162227602905,12.188054882970137,8.407016775876265,3.473771463769448,0.32421875
"subset_eq(difference(intersection(A, B), index(cardinality(B), union(A, B))), index(cardinality(difference(B, A)), union(A, B)))",2100.004887679588,2192.7314021971833,0.0,0.0,0.83339122878515,0.7277179272226832,0.83339122878515,0.0,0.83339122878515,2146.3681449383857,10,0.07075,4.4522968197879855,4.187279151943463,0.6819787985865724,7.957597173144876,8.639575971731448,7.9564734233165515,6.091202582728006,6.102771051923594,3.148237826203928,9.045735808447672,12.1939736346516,8.410215365578448,3.5266917798400823,0.29296875
"subset_eq(difference(intersection(A, B), index(cardinality(B), union(A, B))), index(cardinality(intersection(A, B)), A))",1432.2016604201763,2441.690806951199,0.0,0.0,0.9662037626357594,0.5107617929162838,0.9662037626357594,0.0,0.9662037626357594,1936.9462336856877,9,0.07825,4.325878594249201,4.498402555910543,0.6805111821086262,8.143769968051119,8.824281150159745,7.823760577325478,6.115269867100624,6.091944670463792,3.1684296175752644,9.038784919989151,12.207214537564415,8.366116327027214,3.4541331386827636,0.2760416666666667
"subset_eq(index(cardinality(A), B), A)",1947.3834552911428,3762.651294691488,0.0,0.7029347822771419,0.8412008007599079,0.033191365670362,0.8412008007599079,0.7029347822771419,0.8412008007599079,2855.0173749913156,3,0.752,6.436835106382978,5.609375,3.0867686170212765,8.959441489361701,12.04621010638298,8.377742023044974,4.575604838709677,7.05241935483871,2.631048387096774,8.996975806451612,11.628024193548388,6.213480017559825,2.398798875958036,0.2552083333333333
"subset_eq(index(cardinality(A), B), difference(B, A))",2657.4178605746565,3908.4097207807936,0.0,0.0,0.7864365925850537,0.3231115605146895,0.7864365925850537,0.0,0.7864365925850537,3282.913790677725,4,0.83525,6.138581263094882,5.703382220891949,2.877581562406465,8.964381921580365,11.84196348398683,8.831702050862104,5.147192716236722,7.305007587253415,3.4613050075872533,8.990895295902883,12.452200303490137,6.149603597670666,1.9720010460108188,0.16927083333333334
"subset_eq(index(cardinality(A), B), difference(B, index(cardinality(A), union(A, B))))",679.2737153671255,738.1598705054494,0.0,1.0,1.0,0.0368520840856003,1.0,1.0,1.0,708.7167929362874,7,0.905,6.166298342541436,5.788674033149171,2.95414364640884,9.000828729281768,11.954972375690607,8.360313329873994,4.155263157894737,7.668421052631579,3.1605263157894736,8.663157894736843,11.823684210526316,7.13436288088643,2.760490024861647,0.23307291666666666
"subset_eq(index(cardinality(A), B), difference(index(cardinality(A), union(A, B)), A))",1642.05529657411,2349.2497789369663,0.0,0.0,0.7165257685382393,0.2814692051798437,0.7165257685382393,0.0,0.7165257685382393,1995.652537755538,7,0.6475,6.527799227799227,5.364478764478765,2.963706563706564,8.928571428571429,11.892277992277993,8.521711662020497,4.960283687943263,7.074468085106383,2.9921985815602836,9.042553191489361,12.034751773049646,6.16480961722244,2.3199095325964363,0.25
"subset_eq(index(cardinality(A), B), index(cardinality(A), difference(B, A)))",953.6698340221719,1474.4102036557451,0.0,0.0,0.8534224462072764,0.3109328163616035,0.8534224462072764,0.0,0.8534224462072764,1214.0400188389585,6,0.61175,6.638332652227217,5.186350633428688,2.897016755210462,8.927666530445443,11.824683285655905,8.05012250724765,4.930457179652286,7.19768190598841,3.0946555054732774,9.033483580167418,12.128139085640695,6.028325626117175,2.6460070282229418,0.2578125
"subset_eq(index(cardinality(A), B), index(cardinality(A), union(A, B)))",936.5313700282684,1755.1801760944654,0.0,0.0,0.6213234515653441,0.3729199044715608,0.6213234515653441,0.0,0.6213234515653441,1345.855773061367,6,0.68225,6.430560644924881,5.486625137412972,3.0065958226456577,8.910589959692196,11.917185782337853,8.936496710749314,4.997639653815893,6.999213217938631,2.903225806451613,9.093627065302911,11.996852871754523,5.86932732300343,2.086113762084182,0.12239583333333333
"subset_eq(index(cardinality(A), B), index(cardinality(A), union(difference(A, B), difference(B, A))))",2258.298216216557,2860.986440833891,0.0,0.0,0.8390725867053394,0.2685164901156591,0.8390725867053394,0.0,0.8390725867053394,2559.642328525224,8,0.646,6.539086687306502,5.277863777089784,2.8928018575851393,8.924148606811146,11.816950464396285,8.027479475984638,4.946327683615819,7.225282485875706,3.121468926553672,9.050141242937853,12.171610169491526,6.4554037393469,2.526184771468196,0.2838541666666667
"subset_eq(index(cardinality(A), B), index(cardinality(B), union(A, B)))",2485.495584301054,2583.541260341648,0.0,1.0,1.0,0.0376238972305325,1.0,1.0,1.0,2534.518422321351,6,0.66425,6.605570191945803,5.3176514866390665,2.9928490779074144,8.930372600677456,11.92322167858487,7.788546711033316,4.728220402084885,7.2524199553239015,2.93596425912137,9.044676098287416,11.980640357408786,6.313743971249424,2.6964805105018312,0.24088541666666666
"subset_eq(index(cardinality(A), B), index(cardinality(difference(A, A)), intersection(A, B)))",1207.8537763332388,1365.197694492177,0.0,0.6001895070546546,0.862407230143185,0.038015294801239,0.862407230143185,0.6001895070546546,0.862407230143185,1286.525735412708,7,0.607,6.6956342668863265,5.17504118616145,2.9382207578253707,8.932454695222406,11.870675453047776,7.631219313934896,4.862595419847328,7.190839694656488,3.0286259541984735,9.024809160305344,12.053435114503817,6.406517685449534,2.7261049394944683,0.2916666666666667
"subset_eq(index(cardinality(A), B), index(cardinality(difference(A, B)), intersection(A, B)))",2090.1331100002863,2085.8021672554314,0.0,0.610817560194097,0.8633532998067581,0.0396195143106893,0.8633532998067581,0.610817560194097,0.8633532998067581,2087.967638627859,7,0.62675,6.682489030714001,5.2616673314718785,2.9920223374551256,8.952134024730753,11.944156362185879,7.601762532002631,4.787675820495647,7.152042866711319,2.943067649028801,8.996651038178165,11.939718687206966,6.640249720845074,2.676982130565818,0.2994791666666667
"subset_eq(index(cardinality(A), B), index(cardinality(difference(B, A)), B))",2265.4208907705106,3524.214691295288,0.0,0.8631646886601565,0.8572944679607832,0.0328415964230329,0.8631646886601565,0.8631646886601565,0.8572944679607832,2894.8177910328995,6,0.67225,6.4949795462997395,5.33915953886203,2.903309780587579,8.93082930457419,11.83413908516177,7.928907504521394,4.909229595728451,7.255530129672006,3.118230358504958,9.0465293668955,12.164759725400458,6.789363718718727,2.496651758229521,0.2734375
"subset_eq(index(cardinality(A), B), union(A, index(cardinality(B), union(A, B))))",3382.4588036225177,4526.1949016191065,0.0,0.7299449285617428,0.8320590000002845,0.0285090669444897,0.8320590000002845,0.7299449285617428,0.8320590000002845,3954.326852620812,7,0.793,6.359079445145019,5.664249684741488,3.066204287515763,8.957124842370744,12.023329129886507,8.407217193634635,4.504830917874396,7.128019323671498,2.619565217391304,9.01328502415459,11.632850241545894,6.262147307988515,2.4042349335495907,0.20963541666666666
"subset_eq(index(cardinality(A), difference(B, A)), A)",308.14047135369583,551.3079312243426,0.0,1.0,1.0,0.027555420506497,1.0,1.0,1.0,429.7242012890192,4,0.891,6.288159371492704,5.8153759820426485,3.1203703703703702,8.983164983164983,12.103535353535353,8.127801427417955,3.4174311926605503,7.208715596330276,1.775229357798165,8.850917431192661,10.626146788990825,5.019579580843365,3.462929381490178,0.1953125
"subset_eq(index(cardinality(A), difference(B, A)), index(cardinality(A), B))",1026.565926152347,1581.287983622111,0.0,0.0,0.9206451709665744,0.3598166705105604,0.9206451709665744,0.0,0.9206451709665744,1303.926954887229,6,0.9155,6.194702348443474,5.832332058984162,3.0600764609503,8.966957946477335,12.027034407427635,8.469272445751134,3.5976331360946747,7.428994082840236,2.0384615384615383,8.988165680473372,11.02662721893491,4.308340044116106,3.2152441838849355,0.0703125
"subset_eq(index(cardinality(A), difference(B, A)), index(cardinality(A), union(A, B)))",763.9422693460947,1097.555562941765,0.0,0.0,0.9045115999101758,0.2402469161522774,0.9045115999101758,0.0,0.9045115999101758,930.7489161439298,7,0.902,6.241685144124168,5.830931263858093,3.0972838137472283,8.975332594235033,12.072616407982261,8.306114215269451,3.5229591836734695,7.221938775510204,1.836734693877551,8.908163265306122,10.744897959183673,4.8813385047896745,3.303839709959518,0.12760416666666666
"subset_eq(index(cardinality(A), difference(B, A)), index(cardinality(B), union(A, B)))",1201.186035840656,1449.2413410037989,0.0,1.0,1.0,0.0250679649554916,1.0,1.0,1.0,1325.2136884222273,7,0.9125,6.227123287671233,5.840547945205479,3.0915068493150684,8.976164383561644,12.067671232876712,8.254891649465094,3.3485714285714288,7.288571428571428,1.7457142857142858,8.891428571428571,10.637142857142857,4.93970612244898,3.4919894670730844,0.17447916666666666
"subset_eq(index(cardinality(A), difference(B, A)), index(cardinality(difference(A, B)), union(A, B)))",562.3048298824069,633.3795827263239,0.0,0.0,0.9491408500219188,0.2400193919196552,0.9491408500219188,0.0,0.9491408500219188,597.8422063043654,8,0.89425,6.2722952194576465,5.814369583449818,3.1090299133351973,8.977634889572267,12.086664802907464,8.19507134428021,3.4633569739952716,7.260047281323877,1.8297872340425532,8.893617021276595,10.72340425531915,4.855445456018883,3.408310418004133,0.16666666666666666
"subset_eq(index(cardinality(A), difference(B, A)), index(cardinality(intersection(A, B)), B))",581.2595486007776,724.293107423262,0.0,0.0,0.8163722628471474,0.2010051971398808,0.8163722628471474,0.0,0.8163722628471474,652.7763280120198,7,0.8925,6.280952380952381,5.820448179271708,3.118487394957983,8.982913165266107,12.10140056022409,8.165684626791851,3.437209302325581,7.186046511627907,1.7720930232558139,8.851162790697675,10.623255813953488,4.991238507301237,3.429943338704466,0.16666666666666666
"subset_eq(index(cardinality(A), union(A, B)), A)",2801.977110739783,5241.597454698756,0.0,0.6063984596444105,0.7066966098983997,0.0412898892990669,0.7066966098983997,0.6063984596444105,0.7066966098983997,4021.7872827192696,4,0.673,6.312407132243685,5.772659732540862,3.1326151560178306,8.952451708766716,12.085066864784547,8.71424743171675,5.281345565749236,6.367737003058104,2.646788990825688,9.002293577981652,11.649082568807339,8.198986009408129,1.2857806868099788,0.2643229166666667
"subset_eq(index(cardinality(A), union(A, B)), B)",3388.519267511234,6046.836144840345,0.0,0.0,0.3747635895159172,0.4218464936697148,0.4218464936697148,0.0,0.4218464936697148,4717.677706175789,4,0.679,5.817746686303387,6.248159057437408,3.1329160530191458,8.93298969072165,12.065905743740796,9.081725106877794,6.308411214953271,5.373052959501558,2.6370716510903427,9.044392523364486,11.68146417445483,7.646532690870635,1.119117524321666,0.22005208333333334
"subset_eq(index(cardinality(A), union(A, B)), difference(A, B))",3654.6854836697457,5523.05905617401,0.0,0.6493353819288192,0.7969465601241502,0.0670374126294164,0.7969465601241502,0.6493353819288192,0.7969465601241502,4588.872269921878,5,0.35175,6.451314854299929,5.249466950959488,2.7526652452025586,8.948116560056858,11.700781805259417,8.57363401289829,5.7169301966833785,6.3567296567682225,3.0937138449672195,8.979946008484381,12.0736598534516,8.454566263051502,1.3717381938325162,0.2981770833333333
"subset_eq(index(cardinality(A), union(A, B)), difference(A, index(cardinality(A), B)))",4070.7603118164843,4984.946571208537,0.0,0.7580486739495901,0.7890420252659278,0.0542380845562755,0.7890420252659278,0.7580486739495901,0.7890420252659278,4527.8534415125105,7,0.63825,6.404622013317666,5.664316490403447,3.0959655307481393,8.972972972972974,12.068938503721112,8.385321202262865,5.217691776088459,6.501727712508639,2.7581202487906014,8.961299239806497,11.719419488597097,8.450890219690452,1.491375330859962,0.2877604166666667
"subset_eq(index(cardinality(A), union(A, B)), difference(B, A))",2651.015799421366,6593.386365201324,0.0,0.0,0.6857972589942175,0.3394266692315871,0.6857972589942175,0.0,0.6857972589942175,4622.201082311345,5,0.35775,5.510132774283718,6.16072676450035,2.7596086652690426,8.911250873515025,11.670859538784066,9.690237288433606,6.23433242506812,5.859478396263137,3.0930323082911637,9.000778513040093,12.093810821331257,8.250813324906876,0.8522834266181502,0.3190104166666667
"subset_eq(index(cardinality(A), union(A, B)), difference(B, index(cardinality(A), B)))",3356.2765550596523,5698.788915358484,0.0,0.7784476979728258,0.6442817375176753,0.0591890428575874,0.7784476979728258,0.7784476979728258,0.6442817375176753,4527.532735209068,7,0.584,6.0881849315068495,6.017123287671233,3.1284246575342465,8.976883561643836,12.105308219178083,8.477527150966397,5.816706730769231,5.897235576923077,2.756610576923077,8.95733173076923,11.713942307692308,9.41915983843374,0.47573016217694,0.2838541666666667
"subset_eq(index(cardinality(A), union(A, B)), difference(B, index(cardinality(B), A)))",5016.330223229132,7365.933577168733,0.0,0.0,0.3900522320279785,0.4291361362302021,0.4291361362302021,0.0,0.4291361362302021,6191.131900198932,7,0.64825,5.764365599691477,6.284998071731585,3.1072117238719628,8.9421519475511,12.049363671423063,9.077812657977981,6.363894811656006,5.381663113006397,2.7277896233120114,9.01776830135039,11.745557924662402,7.735196491903404,1.1486559337099915,0.23177083333333334
"subset_eq(index(cardinality(A), union(A, B)), difference(B, index(cardinality(B), union(A, B))))",5822.868575579021,8145.327437341213,0.0,0.0,0.3347689093032046,0.3784352270757144,0.3784352270757144,0.0,0.3784352270757144,6984.098006460117,8,0.56725,5.77258704275011,6.2877919788453065,3.104451300132217,8.9559277214632,12.060379021595416,9.503161880062411,6.240901213171577,5.5470826112073945,2.802426343154246,8.985557481224726,11.787983824378971,7.659390173613816,0.9269237315775488,0.36328125
"subset_eq(index(cardinality(A), union(A, B)), difference(difference(A, B), index(cardinality(B), A)))",4277.01465623267,6705.212902050465,0.0,0.5319844015308763,0.6298805176190623,0.079329698520826,0.6298805176190623,0.5319844015308763,0.6298805176190623,5491.113779141568,8,0.3125,6.4128,5.2744,2.7448,8.9424,11.6872,8.950455040000017,5.776363636363636,6.282181818181818,3.077818181818182,8.980727272727274,12.058545454545454,8.43620628099185,1.2375688051328766,0.3294270833333333
"subset_eq(index(cardinality(A), union(A, B)), difference(difference(B, A), index(cardinality(A), B)))",2643.457900295867,5435.906437036581,0.0,0.6553551007022911,0.8968590421043081,0.0736910327193792,0.8968590421043081,0.6553551007022911,0.8968590421043081,4039.6821686662242,8,0.2975,5.838655462184874,5.866386554621848,2.753781512605042,8.95126050420168,11.705042016806722,9.093588023444637,6.033096085409253,6.009964412811388,3.0669039145907475,8.976156583629892,12.04306049822064,8.805516900748508,0.3955595984772436,0.27734375
"subset_eq(index(cardinality(A), union(A, B)), difference(index(cardinality(A), B), A))",1995.3180973100825,2246.107650369464,0.0,0.0,0.5410714582635081,0.2834372530893827,0.5410714582635081,0.0,0.5410714582635081,2120.7128738397732,7,0.091,5.258241758241758,6.3791208791208796,3.184065934065934,8.453296703296703,11.637362637362637,14.975335104455958,6.047029702970297,5.926017601760176,2.9526952695269526,9.020352035203521,11.973047304730473,8.181356735783728,0.9386273947170376,0.3528645833333333
"subset_eq(index(cardinality(A), union(A, B)), difference(index(cardinality(A), B), index(cardinality(A), difference(B, A))))",1937.723320928817,1388.4791117835266,0.0,0.376348830471346,0.4261864510085602,0.0655078450172157,0.4261864510085602,0.376348830471346,0.4261864510085602,1663.1012163561718,10,0.11475,5.331154684095861,6.729847494553377,3.559912854030501,8.501089324618736,12.061002178649238,12.735462618840797,6.0587404687941255,5.86839875741316,2.897768991810223,9.029370234397064,11.927139226207286,8.11779995040927,1.3076350771876122,0.3138020833333333
"subset_eq(index(cardinality(A), union(A, B)), difference(index(cardinality(B), union(A, B)), B))",2626.8679202172934,4100.277600316796,0.0,0.6736981809450868,0.7188519644432146,0.0914944399762991,0.7188519644432146,0.6736981809450868,0.7188519644432146,3363.572760267045,8,0.08575,6.635568513119534,5.206997084548105,3.253644314868805,8.588921282798834,11.842565597667638,9.440794226895257,5.913316926442439,6.038556193601313,2.947497949138638,9.004375170905114,11.951873120043752,8.723340054759849,1.1431813082607387,0.2825520833333333
"subset_eq(index(cardinality(A), union(A, B)), difference(intersection(A, B), index(cardinality(B), A)))",4849.101169073489,6030.283862719312,0.0,0.6207801109022757,0.455916414823226,0.0694277676760071,0.6207801109022757,0.6207801109022757,0.455916414823226,5439.6925158964,8,0.32125,6.256031128404669,6.200778210116732,3.575875486381323,8.880933852140078,12.456809338521401,8.922476343320847,5.842357274401473,5.856721915285451,2.6887661141804786,9.010313075506446,11.699079189686925,8.495058284070751,1.0375277489038368,0.3020833333333333
"subset_eq(index(cardinality(A), union(A, B)), index(cardinality(A), B))",1485.5986251742652,1040.984438563828,0.0,0.0,0.3865963068688088,0.4416026626467043,0.4416026626467043,0.0,0.4416026626467043,1263.2915318690466,6,0.12575,5.081510934393638,6.761431411530815,3.355864811133201,8.487077534791252,11.842942345924452,13.118031374378017,6.103803259937089,5.853016871604233,2.9187875321704317,9.03803259937089,11.95682013154132,7.959120645016993,1.4357350462395768,0.3190104166666667
"subset_eq(index(cardinality(A), union(A, B)), index(cardinality(A), difference(B, A)))",813.4388310894246,602.1579045077615,0.0,0.0,0.7554813660708913,0.2760099672567717,0.7554813660708913,0.0,0.7554813660708913,707.7983677985931,7,0.04175,6.502994011976048,4.7844311377245505,3.2395209580838324,8.047904191616766,11.2874251497006,17.34045681092902,5.952256717975476,6.018784242108009,2.962170623532481,9.008870336551004,11.971040960083485,8.413658039480246,1.379805189648126,0.3203125
"subset_eq(index(cardinality(A), union(A, B)), index(cardinality(B), A))",2116.30957751142,3093.1525494417583,0.0,0.9207241937365612,0.7943045570031844,0.0953119061371087,0.9207241937365612,0.9207241937365612,0.7943045570031844,2604.731063476589,6,0.10075,7.176178660049628,4.846153846153846,3.4267990074441688,8.595533498759306,12.022332506203474,8.241883146869954,5.84070058381985,6.09285515707534,2.922991381706978,9.010564359188212,11.93355574089519,8.575513573577718,1.895148536261658,0.2669270833333333
"subset_eq(index(cardinality(A), union(A, B)), index(cardinality(B), difference(A, B)))",1497.9729324329564,2013.5992157012226,0.0,0.9200584770735712,1.0,0.108404117721588,1.0,0.9200584770735712,1.0,1755.7860740670894,7,0.0505,7.524752475247524,3.8415841584158414,3.099009900990099,8.267326732673267,11.366336633663366,9.364278011959613,5.892838335966298,6.08030542390732,2.9670879410215902,9.006055818852028,11.973143759873619,8.471333544635973,2.7735212395205644,0.2421875
"subset_eq(index(cardinality(A), union(A, B)), index(cardinality(difference(B, A)), union(difference(A, B), difference(B, A))))",2651.7100797316525,5316.956628760323,0.0,0.5359883939385715,0.5527998454131349,0.0686177387632865,0.5527998454131349,0.5359883939385715,0.5527998454131349,3984.3333542459877,10,0.14625,5.9452991452991455,5.726495726495727,2.994871794871795,8.676923076923076,11.671794871794871,9.390342610855416,5.980380673499268,6.008491947291362,2.9701317715959004,9.01874084919473,11.98887262079063,8.808893157180743,0.28524489638829403,0.3736979166666667
"subset_eq(index(cardinality(A), union(A, B)), index(cardinality(intersection(A, B)), A))",3099.0029897553904,4628.957538886461,0.0,0.5383341890429358,0.5134168946805362,0.0702515062982658,0.5383341890429358,0.5383341890429358,0.5134168946805362,3863.980264320926,7,0.16225,6.067796610169491,6.086286594761171,3.5130970724191064,8.640986132511557,12.154083204930663,8.897642693155952,5.957326171292151,5.944195762458968,2.8692927484333035,9.032229185317815,11.90152193375112,8.746194853934801,0.6684889902406036,0.3450520833333333
"subset_eq(index(cardinality(A), union(A, B)), intersection(A, B))",2957.5798845265817,6443.170087369159,0.0,0.6493353819288192,0.4377105822126396,0.0670374126294164,0.6493353819288192,0.6493353819288192,0.4377105822126396,4700.37498594787,5,0.352,6.316051136363637,6.137073863636363,3.5845170454545454,8.868607954545455,12.453125,8.80771706321022,5.790123456790123,5.875,2.6419753086419755,9.023148148148149,11.665123456790123,8.437009411674985,1.1107058835607773,0.2981770833333333
"subset_eq(index(cardinality(A), union(A, B)), intersection(A, index(cardinality(B), union(A, B))))",2988.500747642247,3856.52074740408,0.0,0.6572439235041553,0.5691875863096023,0.0764337876150129,0.6572439235041553,0.6572439235041553,0.5691875863096023,3422.5107475231634,8,0.14775,6.4754653130287645,5.646362098138748,3.482233502538071,8.639593908629442,12.121827411167512,8.478594598618287,5.8885303608096216,6.022880610149604,2.88559694925198,9.025814021707246,11.911410970959226,8.782878582834321,0.917733079244975,0.3190104166666667
"subset_eq(index(cardinality(A), union(A, B)), intersection(intersection(A, B), index(cardinality(B), union(A, B))))",3461.445803605792,4048.9015651522204,0.0,0.8824247535826727,0.7110616807202523,0.0993843794255608,0.8824247535826727,0.8824247535826727,0.7110616807202523,3755.1736843790063,9,0.09275,6.814016172506738,5.493261455525606,3.8517520215633425,8.455525606469003,12.307277628032345,9.077237160439113,5.889501240011023,6.015706806282722,2.8839900799118214,9.021217966381924,11.905208046293744,8.582103946493286,1.436746387030225,0.2552083333333333
"subset_eq(index(cardinality(A), union(A, B)), union(A, index(cardinality(A), B)))",3204.952214110366,5558.283570483327,0.0,0.0,0.4897357438647622,0.4137638387204637,0.4897357438647622,0.0,0.4897357438647622,4381.617892296847,7,0.73325,6.113194681213774,5.923968632799181,3.104330037504262,8.932833276508694,12.037163314012956,9.26259853398242,5.5960637300843485,6.08622305529522,2.6148078725398314,9.067478912839738,11.682286785379569,7.480160106948796,0.7303306567761008,0.1640625
"subset_eq(index(cardinality(A), union(A, B)), union(B, index(cardinality(B), A)))",4425.184531384439,7350.761451702565,0.0,0.0,0.3866543668187433,0.344792362433605,0.3866543668187433,0.0,0.3866543668187433,5887.972991543502,7,0.71825,5.8691263487643575,6.182735816219979,3.115558649495301,8.936303515489035,12.051862164984337,9.008889248035747,6.245785270629991,5.417923691215616,2.6122448979591835,9.051464063886424,11.663708961845607,7.899433837035483,0.9900173041215142,0.19661458333333334
"subset_eq(index(cardinality(A), union(A, B)), union(B, index(cardinality(B), difference(A, B))))",3968.109804438951,6766.7766313403845,0.0,0.0,0.4236340804629557,0.376902073352965,0.4236340804629557,0.0,0.4236340804629557,5367.443217889668,8,0.69875,5.847584973166368,6.1749552772808585,3.0940966010733453,8.928443649373882,12.022540250447227,9.198146959335071,6.271369294605809,5.485477178423237,2.694605809128631,9.062240663900415,11.756846473029047,7.621075394707443,0.9025331532696309,0.21223958333333334
"subset_eq(index(cardinality(A), union(A, B)), union(index(cardinality(A), B), index(cardinality(B), A)))",4171.9821207579225,4914.586953558028,0.0,0.0,0.3548784261951262,0.3598687139040928,0.3598687139040928,0.0,0.3598687139040928,4543.284537157975,9,0.19575,5.7100893997445725,6.215836526181354,3.29757343550447,8.628352490421456,11.925925925925926,12.001330964998608,6.039788622940628,5.906745414982903,2.8949331675474044,9.051600870376127,11.94653403792353,7.9975039348873445,0.6052752086270452,0.3567708333333333
"subset_eq(index(cardinality(A), union(A, B)), union(intersection(A, B), index(cardinality(A), difference(B, A))))",4172.5554799603415,5279.286852409132,0.0,0.0,0.3960702816351875,0.2360721199805808,0.3960702816351875,0.0,0.3960702816351875,4725.921166184737,9,0.363,6.199724517906336,6.165977961432507,3.513085399449036,8.852617079889807,12.365702479338843,9.258051021105125,5.8473312401883835,5.854003139717426,2.6664050235478807,9.034929356357928,11.70133437990581,8.263836998390769,0.9686985963141891,0.3294270833333333
"subset_eq(index(cardinality(A), union(A, B)), union(intersection(A, B), index(cardinality(B), difference(A, B))))",4565.4464154819725,6980.006067086011,0.0,0.6095526608710172,0.5131004062947826,0.0611993225492779,0.6095526608710172,0.6095526608710172,0.5131004062947826,5772.726241283992,9,0.37175,6.345662407531943,6.005379959650303,3.4875588433086753,8.86348352387357,12.351042367182247,9.036411961274705,5.756068444090729,5.944687624353363,2.669717469160366,9.031038599283725,11.700756068444091,8.360804596044876,1.0100342145486514,0.31640625
"subset_eq(index(cardinality(A), union(difference(A, B), difference(B, A))), difference(index(cardinality(A), union(A, B)), index(cardinality(A), B)))",1310.5203709524085,1638.3519474917557,0.0,0.8350872860262137,0.8457421106579619,0.0272404821690073,0.8457421106579619,0.8350872860262137,0.8457421106579619,1474.436159222082,12,0.65725,6.515024724229745,5.7866108786610875,3.420311905667554,8.881323697223278,12.301635602890833,8.492658400515948,4.9401896425966445,6.313639679066375,2.1174325309992708,9.136396790663749,11.25382932166302,6.333871202000811,2.110772265246772,0.203125
"subset_eq(index(cardinality(A), union(difference(A, B), difference(B, A))), difference(index(cardinality(A), union(A, B)), index(cardinality(B), union(A, B))))",1621.6635437689456,1897.0451518706686,0.0,0.0,0.4777864744265676,0.2326157921973276,0.4777864744265676,0.0,0.4777864744265676,1759.3543478198071,13,0.656,6.484756097560975,5.8323170731707314,3.434832317073171,8.882240853658537,12.317073170731707,8.65485980722034,5.003633720930233,6.224563953488372,2.0944767441860463,9.133720930232558,11.228197674418604,6.225633999797212,2.0357146586505666,0.2513020833333333
"subset_eq(index(cardinality(A), union(difference(A, B), difference(B, A))), difference(index(cardinality(B), union(A, B)), index(cardinality(A), union(A, B))))",2079.600121574018,2703.846557933837,0.0,1.0,0.2521301711307924,0.0408657653977713,1.0,1.0,0.2521301711307924,2391.7233397539276,13,0.64325,6.58181111542946,5.984842596191217,3.6303925378935094,8.936261173727166,12.566653711620676,7.477154685212804,4.881569726699369,5.93552908199019,1.7897687456201823,9.027330063069376,10.817098808689558,7.26245316940433,2.506221966888872,0.26171875
"subset_eq(index(cardinality(A), union(difference(A, B), difference(B, A))), difference(union(A, B), index(cardinality(A), union(A, B))))",739.9705670080402,602.374077445198,0.0,1.0,0.2255870796681887,0.0368520840856003,1.0,1.0,0.2255870796681887,671.1723222266191,11,0.91175,6.149712092130518,6.039484507814642,3.1716479298053195,9.01754867013984,12.189196599945161,8.350964531022566,4.172804532577904,5.220963172804533,0.9291784702549575,8.464589235127479,9.393767705382436,8.031249749215547,3.099485433406503,0.23307291666666666
"subset_eq(index(cardinality(A), union(difference(A, B), difference(B, A))), index(cardinality(A), B))",2744.747600317467,2850.938351813471,0.0,0.0,0.240642306248888,0.1839262452169108,0.240642306248888,0.0,0.240642306248888,2797.842976065469,8,0.63875,6.532681017612524,5.972994129158513,3.596477495107632,8.909197651663405,12.505675146771036,7.890526154541358,4.989619377162629,5.957093425605536,1.8726643598615917,9.074048442906575,10.946712802768166,6.942962847667091,2.3136170348284053,0.2838541666666667
"subset_eq(index(cardinality(A), union(difference(A, B), difference(B, A))), index(cardinality(A), difference(B, A)))",1278.9919386792653,1570.7972025066556,0.0,0.0,0.2297016428539742,0.291847998530204,0.291847998530204,0.0,0.291847998530204,1424.8945705929605,9,0.61175,6.595014303228443,5.990192071924806,3.6706170821413977,8.91458929301185,12.585206375153248,8.051807263725262,4.998712169993561,5.931101094655506,1.875724404378622,9.054088860270443,10.929813264649066,6.43993450559317,2.4027717263300947,0.2578125
"subset_eq(index(cardinality(A), union(difference(A, B), difference(B, A))), index(cardinality(A), union(A, B)))",1104.036521016853,1692.4077527320478,0.0,0.0,0.7762651462074432,0.441034477291873,0.7762651462074432,0.0,0.7762651462074432,1398.2221368744504,9,0.66825,6.448559670781893,5.808080808080808,3.3842124953236064,8.872427983539094,12.256640478862701,8.775009800657154,5.021853805576488,6.287867370007536,2.146948003014318,9.162773172569706,11.309721175584023,6.140971044261336,1.9484630339696805,0.12239583333333333
"subset_eq(index(cardinality(A), union(difference(A, B), difference(B, A))), index(cardinality(B), A))",1143.2373244017253,1436.5954709489597,0.0,0.9068600861951648,0.4065981981730886,0.0412898892990669,0.9068600861951648,0.9068600861951648,0.4065981981730886,1289.9163976753425,8,0.59675,6.768328445747801,5.860075408462505,3.6945957268537915,8.933808127356514,12.628403854210307,7.2796650759271495,4.801611903285803,6.125852448853069,1.90700557966522,9.020458772473651,10.927464352138871,6.902793445536459,2.6709717197900282,0.2734375
"subset_eq(index(cardinality(A), union(difference(A, B), difference(B, A))), index(cardinality(B), union(difference(A, B), difference(B, A))))",2535.883070975921,3018.6817324636504,0.0,0.6415214210483886,0.3240023557818209,0.0372361885784711,0.6415214210483886,0.6415214210483886,0.3240023557818209,2777.2824017197854,11,0.641,6.658736349453978,5.846723868954758,3.56201248049922,8.943447737909516,12.505460218408736,7.500824143730261,4.754874651810585,6.1824512534818945,1.9233983286908078,9.013927576601672,10.937325905292479,7.188123152365403,2.534257007286715,0.3046875
"subset_eq(index(cardinality(A), union(difference(A, B), difference(B, A))), index(cardinality(difference(A, B)), B))",2022.5280438619666,2301.5232200573664,0.0,0.0,0.2698834575404107,0.1829642301044018,0.2698834575404107,0.0,0.2698834575404107,2162.0256319596665,9,0.61775,6.651153379198705,5.888709024686362,3.612302711452853,8.927559692432213,12.539862403885067,7.7074479993828255,4.882930019620667,6.094179202092871,1.9417920209287116,9.035317200784826,10.977109221713539,6.970640005030306,2.4411959794978264,0.3203125
"subset_eq(index(cardinality(A), union(difference(A, B), difference(B, A))), index(cardinality(difference(A, B)), difference(B, A)))",2691.5878880931996,2484.964622042142,0.0,0.0,0.2519900349356246,0.1712386772028139,0.2519900349356246,0.0,0.2519900349356246,2588.2762550676707,10,0.6305,6.588818398096748,5.932593180015861,3.5995241871530532,8.921887390959556,12.521411578112609,7.758153939228473,4.928281461434371,6.02638700947226,1.90595399188092,9.04871447902571,10.95466847090663,7.071208578318733,2.373680729748266,0.3098958333333333
"subset_eq(index(cardinality(A), union(difference(A, B), difference(B, A))), index(cardinality(intersection(A, B)), index(cardinality(A), B)))",554.568773048959,668.6295649312669,0.0,0.0,0.2761066734205748,0.187026626470116,0.2761066734205748,0.0,0.2761066734205748,611.599168990113,11,0.58325,6.767681097299614,5.895413630518646,3.7368195456493787,8.926275182168881,12.66309472781826,7.334258332293739,4.8662267546490705,6.067786442711458,1.9058188362327535,9.028194361127774,10.934013197360528,6.835959262856444,2.6453363872014566,0.3229166666666667
"subset_eq(index(cardinality(A), union(difference(A, B), difference(B, A))), union(B, index(cardinality(B), union(A, B))))",3017.9693397188385,4032.6844849549234,0.0,0.0,0.3092356039173455,0.4175561023496222,0.4175561023496222,0.0,0.4175561023496222,3525.326912336881,10,0.85925,6.0709921443119,6.057026476578411,3.1830084375909222,8.94501018329939,12.12801862089031,8.793953492978849,5.390763765541741,5.4191829484902305,1.6962699822380107,9.11367673179396,10.809946714031971,6.593275683110977,1.7549775634558458,0.11458333333333333
"subset_eq(index(cardinality(A), union(difference(A, B), difference(B, A))), union(index(cardinality(A), B), index(cardinality(B), A)))",3167.8016920303926,3574.227499370463,0.0,0.0,0.3308312171599182,0.167819490404503,0.3308312171599182,0.0,0.3308312171599182,3371.014595700428,11,0.6555,6.515255530129672,5.937070938215103,3.5430968726163234,8.909229595728451,12.452326468344776,7.938985152331332,4.947750362844703,6.0246734397677795,1.8904208998548622,9.082002902757619,10.972423802612482,6.988985109148388,2.279492162453385,0.2734375
"subset_eq(index(cardinality(A), union(difference(A, B), difference(B, A))), union(index(cardinality(B), A), index(cardinality(B), union(A, B))))",3058.064619838726,3482.6597940083593,0.0,0.7530341636715028,0.4284992718741403,0.0311311151135468,0.7530341636715028,0.7530341636715028,0.4284992718741403,3270.3622069235425,12,0.67225,6.525846039419859,5.922647824470063,3.5236147266641873,8.924879137225734,12.448493863889922,7.697434045650573,4.845919145690313,6.058733790999237,1.8459191456903128,9.058733790999238,10.90465293668955,7.314247047659292,2.3780950824097107,0.25
"subset_eq(index(cardinality(B), A), B)",3066.106078462035,3757.1149120740592,0.7029347822771419,0.0,0.033191365670362,0.8412008007599079,0.8412008007599079,0.7029347822771419,0.8412008007599079,3411.610495268047,3,0.7475,5.63010033444816,6.460869565217391,3.122742474916388,8.968227424749164,12.090969899665552,8.128570821355474,6.9970297029702975,4.505940594059406,2.5326732673267327,8.970297029702971,11.502970297029703,6.750520537202235,2.457320664981807,0.2552083333333333
"subset_eq(index(cardinality(B), A), difference(A, B))",2458.0358084418476,3873.8886057592463,0.0,0.0,0.3231115605146895,0.7864365925850537,0.7864365925850537,0.0,0.7864365925850537,3165.962207100547,4,0.83225,5.709221988585161,6.118654250525683,2.868428957644938,8.959447281465906,11.827876239110845,8.85493538716584,7.295081967213115,5.216095380029806,3.496274217585693,9.014903129657228,12.51117734724292,6.2038108479680645,1.9297031007268248,0.16927083333333334
"subset_eq(index(cardinality(B), A), difference(index(cardinality(B), difference(A, B)), index(cardinality(B), union(A, B))))",1025.1253666263792,2083.6525620257016,0.8371050553880834,0.0,0.04044605909619,1.0,1.0,0.8371050553880834,1.0,1554.3889643260404,10,0.6015,5.173732335827099,6.6853699085619285,2.9260182876142977,8.93308395677473,11.859102244389028,7.605604650054007,7.185069008782936,4.8833124215809285,3.045796737766625,9.02258469259724,12.068381430363864,6.518721397209438,2.7031894634823925,0.2630208333333333
"subset_eq(index(cardinality(B), A), index(cardinality(A), union(A, B)))",1946.1556533677212,2983.640825335402,1.0,0.0,0.0376238972305325,1.0,1.0,1.0,1.0,2464.8982393515616,6,0.64975,5.330511735282801,6.650250096190843,3.033859176606387,8.946902654867257,11.980761831473643,7.478459246985942,7.1713062098501075,4.700214132762313,2.862241256245539,9.009279086366881,11.87152034261242,6.888427303633881,2.6871206275214257,0.24088541666666666
"subset_eq(index(cardinality(B), A), index(cardinality(B), difference(A, B)))",918.135589199198,2223.5585710061714,0.0,0.0,0.3109328163616035,0.8534224462072764,0.8534224462072764,0.0,0.8534224462072764,1570.8470801026847,6,0.613,5.213295269168026,6.603588907014682,2.893556280587276,8.923327895595433,11.816884176182707,8.050963158217037,7.182170542635659,4.959302325581396,3.10077519379845,9.040697674418604,12.141472868217054,6.259997896761002,2.573536065872447,0.2578125
"subset_eq(index(cardinality(B), A), index(cardinality(B), union(A, B)))",1144.491501161684,1396.4772685637,0.0,0.0,0.3729199044715608,0.6213234515653441,0.6213234515653441,0.0,0.6213234515653441,1270.484384862692,6,0.669,5.475336322869955,6.453662182361734,3.0351270553064276,8.893871449925262,11.92899850523169,8.776992409973339,6.985649546827794,4.984138972809668,2.849697885196375,9.120090634441087,11.969788519637461,6.127336597876996,2.115402674433837,0.12239583333333333
"subset_eq(index(cardinality(B), A), index(cardinality(difference(A, A)), A))",402.788148356929,454.80938702790445,0.0,0.0,0.2748740283375283,1.0,1.0,0.0,1.0,428.79876769241673,6,0.58,5.150862068965517,6.8181034482758625,3.013362068965517,8.955603448275863,11.96896551724138,7.076163049940614,7.1136904761904765,4.792261904761904,2.919047619047619,8.986904761904762,11.905952380952382,6.844076672335564,2.822343801010005,0.3072916666666667
"subset_eq(index(cardinality(B), A), index(cardinality(difference(A, A)), B))",822.5144450865337,999.7440474372124,0.6082633343869166,0.0,0.0392124876291127,0.8631356081504552,0.8631356081504552,0.6082633343869166,0.8631356081504552,911.129246261873,6,0.585,5.1692307692307695,6.785897435897436,3.005982905982906,8.949145299145298,11.955128205128204,7.195794798743476,7.11144578313253,4.813253012048193,2.9283132530120484,8.996385542168674,11.924698795180722,6.86011975613299,2.7693966415379254,0.296875
"subset_eq(index(cardinality(B), A), index(cardinality(difference(A, A)), intersection(A, B)))",1215.8052032354535,1664.7128889005398,0.6001895070546546,0.0,0.038015294801239,0.862407230143185,0.862407230143185,0.6001895070546546,0.862407230143185,1440.2590460679967,7,0.6005,5.191090757701915,6.704412989175687,2.9646128226477937,8.930890924229809,11.895503746877601,7.418689046943241,7.153942428035044,4.859198998748435,2.9874843554443054,9.025657071339173,12.013141426783479,6.817347560545759,2.6940906549725594,0.2916666666666667
"subset_eq(index(cardinality(B), A), index(cardinality(difference(B, A)), difference(A, B)))",812.3377701879463,1197.4017309170304,0.0,0.0,0.3357713437650348,1.0,1.0,0.0,1.0,1004.8697505524883,7,0.729,5.428326474622771,6.3717421124828535,2.8556241426611795,8.944444444444445,11.800068587105624,8.10186808131099,7.446494464944649,4.879151291512915,3.291512915129151,9.034132841328413,12.325645756457565,6.44304101251347,2.5477104266315664,0.1640625
"subset_eq(index(cardinality(B), A), index(cardinality(difference(B, A)), union(A, B)))",661.2199830208738,932.40539250453,0.0,0.0,0.2840359603660214,0.9652618479923812,0.9652618479923812,0.0,0.9652618479923812,796.8126877627019,7,0.58275,5.155727155727155,6.7957957957957955,2.999141999141999,8.952380952380953,11.951522951522952,7.203420372017597,7.11983223487118,4.810065907729179,2.938286399041342,8.991611743559018,11.92989814260036,6.767572492578658,2.793659849434792,0.2890625
"subset_eq(index(cardinality(B), A), intersection(index(cardinality(B), union(A, B)), index(cardinality(B), difference(A, B))))",741.0269853762693,1240.6166615416878,0.0,0.0,0.2879599785747468,0.8421437223220755,0.8421437223220755,0.0,0.8421437223220755,990.8218234589785,10,0.59125,5.1898520084566595,6.733615221987315,2.9792811839323465,8.944186046511629,11.923467230443975,7.534046994354787,7.11131498470948,4.858715596330275,2.9657492354740063,9.004281345565749,11.970030581039754,6.662187432782501,2.6846697541836195,0.296875
"subset_eq(index(cardinality(B), difference(A, B)), B)",336.7680544555851,733.7438602044858,1.0,0.0,0.027555420506497,1.0,1.0,1.0,1.0,535.2559573300355,4,0.883,5.825028312570781,6.311721404303511,3.146942242355606,8.989807474518686,12.136749716874291,7.936424811687612,7.108974358974359,3.3675213675213675,1.6666666666666667,8.80982905982906,10.476495726495726,5.747087077215284,3.536671752742198,0.1953125
"subset_eq(index(cardinality(B), difference(A, B)), index(cardinality(A), union(A, B)))",1340.3808929011284,1366.8522165981703,1.0,0.0,0.0250679649554916,1.0,1.0,1.0,1.0,1353.6165547496494,7,0.90275,5.847964552755469,6.253669343672113,3.11658820271393,8.985045693713653,12.101633896427582,8.057515571554848,7.156812339331619,3.308483290488432,1.647814910025707,8.817480719794345,10.465295629820051,6.0288393547491825,3.541821339594526,0.17447916666666666
"subset_eq(index(cardinality(B), difference(A, B)), index(cardinality(B), A))",915.8776524294626,1653.3191913946066,0.0,0.0,0.3598166705105604,0.9206451709665744,0.9206451709665744,0.0,0.9206451709665744,1284.5984219120346,6,0.91625,5.843929058663028,6.184720327421555,3.061118690313779,8.967530695770805,12.028649386084584,8.434807933905182,7.411940298507463,3.5880597014925373,2.017910447761194,8.982089552238806,11.0,4.781715304076622,3.2077389376098258,0.0703125
"subset_eq(index(cardinality(B), difference(A, B)), index(cardinality(B), union(A, B)))",593.3058500653688,945.5052957170119,0.0,0.0,0.2402469161522774,0.9045115999101758,0.9045115999101758,0.0,0.9045115999101758,769.4055728911903,7,0.8945,5.84376746785914,6.26048071548351,3.121855785354947,8.982392397987702,12.10424818334265,8.175602503467422,7.090047393364929,3.481042654028436,1.7180094786729858,8.85308056872038,10.571090047393366,5.486321061970751,3.35399374521904,0.12760416666666666
"subset_eq(index(cardinality(B), union(A, B)), A)",2697.4768381419904,5554.285175271332,0.0,0.0,0.4218464936697148,0.3747635895159172,0.4218464936697148,0.0,0.4218464936697148,4125.8810067066615,4,0.6835,6.249817117776153,5.821506949524506,3.1499634235552305,8.921360643745428,12.071324067300658,8.977100790982327,5.3823064770932065,6.281990521327014,2.5932069510268563,9.071090047393366,11.664296998420221,7.798715462615657,1.1289807798631333,0.22005208333333334
"subset_eq(index(cardinality(B), union(A, B)), B)",2593.8471739744127,5836.570972448215,0.6063984596444105,0.0,0.0412898892990669,0.7066966098983997,0.7066966098983997,0.6063984596444105,0.7066966098983997,4215.209073211314,4,0.66575,5.7739391663537365,6.3075478783327075,3.112654900488171,8.968832144198272,12.081487044686444,8.772416654198892,6.3762154076290205,5.289454001495886,2.6970830216903514,8.968586387434556,11.665669409124906,8.169924629482852,1.2537750194133166,0.2643229166666667
"subset_eq(index(cardinality(B), union(A, B)), difference(A, B))",2929.3511771355124,5094.208379944786,0.0,0.0,0.3394266692315871,0.6857972589942175,0.6857972589942175,0.0,0.6857972589942175,4011.7797785401494,5,0.3625,6.195172413793103,5.516551724137931,2.802758620689655,8.908965517241379,11.711724137931034,9.369319381688472,5.850196078431373,6.223529411764706,3.0709803921568626,9.002745098039215,12.073725490196079,8.430388312187517,0.8311251659351425,0.3190104166666667
"subset_eq(index(cardinality(B), union(A, B)), difference(A, index(cardinality(A), B)))",5137.027636072366,7112.036108337343,0.0,0.0,0.4291361362302021,0.3900522320279785,0.4291361362302021,0.0,0.4291361362302021,6124.531872204854,7,0.6475,6.2992277992278,5.768339768339768,3.129343629343629,8.938223938223938,12.067567567567568,8.970848675481864,5.380141843971631,6.332624113475178,2.6879432624113475,9.02482269503546,11.712765957446809,7.895195412705605,1.1653197412049598,0.23177083333333334
"subset_eq(index(cardinality(B), union(A, B)), difference(A, index(cardinality(B), difference(A, B))))",4411.280406148173,6066.355053961277,0.4830026608339466,0.0,0.0360943543132602,0.4398730738853582,0.4830026608339466,0.4830026608339466,0.4398730738853582,5238.817730054725,8,0.672,6.232142857142857,5.881324404761905,3.183407738095238,8.930059523809524,12.113467261904763,8.745072622147784,5.4489329268292686,6.1432926829268295,2.544207317073171,9.048018292682928,11.592225609756097,8.437210691180868,1.0443286608828175,0.2669270833333333
"subset_eq(index(cardinality(B), union(A, B)), difference(B, A))",3257.4621978774812,5897.673081671819,0.6493353819288192,0.0,0.0670374126294164,0.7969465601241502,0.7969465601241502,0.6493353819288192,0.7969465601241502,4577.56763977465,5,0.34475,5.273386511965192,6.439448875997099,2.7128353879622917,9.0,11.712835387962292,8.519151616945557,6.344524990461656,5.718809614650897,3.111026325829836,8.952308279282716,12.063334605112553,8.488985086702506,1.35100503630044,0.2981770833333333
"subset_eq(index(cardinality(B), union(A, B)), difference(B, index(cardinality(A), B)))",5417.303550219454,8119.385881736875,0.4545347938270551,0.0,0.0492797028963089,0.3912948828538869,0.4545347938270551,0.4545347938270551,0.3912948828538869,6768.3447159781645,7,0.58875,5.857749469214437,6.2535031847133755,3.1171974522292993,8.994055201698513,12.111252653927814,8.974646886734211,6.143465045592706,5.5574468085106385,2.7683890577507597,8.932522796352584,11.700911854103344,8.461791742500488,0.8293341699799598,0.3372395833333333
"subset_eq(index(cardinality(B), union(A, B)), difference(B, index(cardinality(A), difference(B, A))))",3983.2275126388995,6527.163788298145,0.5254838655390537,0.0,0.0448541549902774,0.4739710146459872,0.5254838655390537,0.5254838655390537,0.4739710146459872,5255.195650468522,8,0.64425,5.843228560341482,6.288319751649205,3.153279006596818,8.97826930539387,12.131548311990686,8.707610938168404,6.214335910049192,5.385804638088545,2.6486296556570625,8.951510892480675,11.600140548137738,8.546225571365705,1.098601457588878,0.30078125
"subset_eq(index(cardinality(B), union(A, B)), difference(B, index(cardinality(A), union(A, B))))",5358.599496077979,7664.856398150325,0.4402922357239738,0.0,0.0591890428575874,0.5248718833478918,0.5248718833478918,0.4402922357239738,0.5248718833478918,6511.727947114152,8,0.554,5.718862815884476,6.360108303249097,3.07942238267148,8.999548736462094,12.078971119133573,9.121546693557837,6.29372197309417,5.479260089686099,2.842488789237668,8.9304932735426,11.772982062780269,8.04288430794905,1.0781902214648513,0.3736979166666667
"subset_eq(index(cardinality(B), union(A, B)), difference(difference(A, B), index(cardinality(A), union(A, B))))",4736.263792374637,6543.409394804388,0.0,0.0,0.2656000853484408,0.4877541917172902,0.4877541917172902,0.0,0.4877541917172902,5639.836593589513,9,0.3075,6.247154471544715,5.4471544715447155,2.792682926829268,8.901626016260163,11.69430894308943,10.019781875867492,5.854512635379061,6.198194945848376,3.0541516245487363,8.9985559566787,12.052707581227438,8.203609326330419,0.8869020720671014,0.390625
"subset_eq(index(cardinality(B), union(A, B)), index(cardinality(A), B))",2892.5174372072797,2855.6234448479954,0.9207241937365612,0.0,0.0953119061371087,0.7943045570031844,0.9207241937365612,0.9207241937365612,0.7943045570031844,2874.0704410276376,6,0.10525,4.843230403800475,7.118764845605701,3.339667458432304,8.622327790973872,11.961995249406176,7.689022291681944,6.10841017043867,5.8317965912266,2.9307069013690974,9.009499860296172,11.94020676166527,8.656177364451045,1.8504636897069116,0.2669270833333333
"subset_eq(index(cardinality(B), union(A, B)), index(cardinality(A), difference(B, A)))",1539.2767210986167,1576.9091017222672,0.9200584770735712,0.0,0.108404117721588,1.0,1.0,0.9200584770735712,1.0,1558.092911410442,7,0.04975,3.899497487437186,7.633165829145729,3.120603015075377,8.412060301507537,11.532663316582914,8.08696750082068,6.08392528282031,5.880031570639305,2.9660615627466456,8.99789529071297,11.963956853459615,8.546874598765509,2.8051894021757455,0.2421875
"subset_eq(index(cardinality(B), union(A, B)), index(cardinality(B), A))",1064.4907090703896,1146.008244041168,0.0,0.0,0.4416026626467043,0.3865963068688088,0.4416026626467043,0.0,0.4416026626467043,1105.2494765557788,6,0.1175,6.746808510638298,5.061702127659575,3.380851063829787,8.427659574468086,11.808510638297872,13.342661837935717,5.872521246458923,6.087818696883852,2.9195467422096315,9.040793201133145,11.960339943342776,7.98286608511416,1.4248140619352014,0.3190104166666667
"subset_eq(index(cardinality(B), union(A, B)), index(cardinality(B), difference(A, B)))",886.4539089520858,676.5106446829814,0.0,0.0,0.2760099672567717,0.7554813660708913,0.7554813660708913,0.0,0.7554813660708913,781.4822768175336,7,0.03975,4.987421383647798,6.50314465408805,3.2264150943396226,8.264150943396226,11.49056603773585,17.871049404691277,6.0161416297839105,5.945066388961208,2.963290809684978,8.997917209060141,11.961208018745118,8.456340254076338,1.1995628720464584,0.3203125
"subset_eq(index(cardinality(B), union(A, B)), index(cardinality(difference(A, A)), A))",472.32047489768934,398.81491478455337,0.0,0.0,0.3715341915443652,1.0,1.0,0.0,1.0,435.56769484112135,7,0.03025,4.099173553719008,7.801652892561983,3.7851239669421486,8.115702479338843,11.900826446280991,9.940714432074309,6.033771590616138,5.9100283578241815,2.948440319670018,8.995359628770302,11.94379994844032,8.578405904680158,2.832128611204094,0.2955729166666667
"subset_eq(index(cardinality(B), union(A, B)), index(cardinality(difference(A, A)), difference(A, B)))",514.3868092807475,391.3178399509443,0.0,0.0,0.3342988953276908,1.0,1.0,0.0,1.0,452.8523246158459,8,0.05975,4.656903765690377,7.092050209205021,3.5355648535564854,8.213389121338912,11.748953974895397,10.234449677001459,6.059026854559957,5.895772400957192,2.9380483913852697,9.016750864131879,11.95479925551715,8.517081331435866,1.9375385604970574,0.25390625
"subset_eq(index(cardinality(B), union(A, B)), index(cardinality(difference(A, A)), difference(B, A)))",1679.8117391095711,2381.8033883989665,0.498011859912329,0.0,0.0845339304647074,0.6468067403933556,0.6468067403933556,0.498011859912329,0.6468067403933556,2030.8075637542688,8,0.06225,5.518072289156627,6.120481927710843,3.244979919678715,8.393574297188755,11.63855421686747,12.690988855018471,6.005598507064783,5.957078112503332,2.955745134630765,9.00693148493735,11.962676619568116,8.603344235725181,0.589948625605599,0.3151041666666667
"subset_eq(index(cardinality(B), union(A, B)), index(cardinality(difference(B, A)), union(difference(A, B), difference(B, A))))",690.4743381863213,1325.562806172209,0.0,0.0,0.4331742469912765,1.0,1.0,0.0,1.0,1008.0185721792652,10,0.34975,4.98999285203717,6.261615439599714,2.4917798427448177,8.759828448892065,11.251608291636883,9.238449193516702,6.505190311418685,5.808919646289889,3.232987312572088,9.081122645136485,12.314109957708574,7.813620319632827,1.7464665286012082,0.1953125
"subset_eq(index(cardinality(B), union(A, B)), index(cardinality(intersection(A, B)), B))",2708.560942247521,4406.866941778921,0.5383341890429358,0.0,0.0702515062982658,0.5134168946805362,0.5383341890429358,0.5383341890429358,0.5134168946805362,3557.7139420132207,7,0.15425,6.072933549432739,5.975688816855754,3.413290113452188,8.635332252836305,12.048622366288493,9.30135097152796,5.957434229973396,5.965710907478569,2.893585574933491,9.029559562518475,11.923145137451966,8.720468507270105,0.5324776604028029,0.3450520833333333
"subset_eq(index(cardinality(B), union(A, B)), intersection(A, B))",3011.2894421024102,5668.233893967234,0.6493353819288192,0.0,0.0670374126294164,0.4377105822126396,0.6493353819288192,0.6493353819288192,0.4377105822126396,4339.761668034822,5,0.34925,6.128847530422334,6.330708661417323,3.583392984967788,8.876163206871869,12.459556191839656,8.721028648668845,5.892815981559739,5.772185939300806,2.6465616596235115,9.018440261237034,11.665001920860545,8.492901818862302,1.1159352379619676,0.2981770833333333
"subset_eq(index(cardinality(B), union(A, B)), union(A, index(cardinality(A), B)))",4938.638447744306,7292.547011777759,0.0,0.0,0.344792362433605,0.3866543668187433,0.3866543668187433,0.0,0.3866543668187433,6115.592729761032,7,0.7245,6.175293305728088,5.869565217391305,3.1238785369220152,8.920979986197377,12.044858523119393,8.929034611814364,5.4491833030853,6.224137931034483,2.5789473684210527,9.09437386569873,11.673321234119783,8.05220503226277,0.9746319939351581,0.19661458333333334
"subset_eq(index(cardinality(B), union(A, B)), union(intersection(A, B), index(cardinality(A), difference(B, A))))",4060.2074019951106,6385.8218087516725,0.6095526608710172,0.0,0.0611993225492779,0.5131004062947826,0.6095526608710172,0.6095526608710172,0.5131004062947826,5223.0146053733915,9,0.37075,5.9878624409979775,6.362778152393797,3.485502360080917,8.865138233310857,12.350640593391773,8.968221093271447,5.967818831942789,5.734207389749702,2.67222884386174,9.02979737783075,11.70202622169249,8.391643380436205,1.0280645709771539,0.31640625
"subset_eq(index(cardinality(B), union(difference(A, B), difference(B, A))), difference(B, index(cardinality(A), B)))",3319.5271292530233,4466.926257410087,0.7031938224997536,0.0,0.0360943543132602,0.3671319634705596,0.7031938224997536,0.7031938224997536,0.3671319634705596,3893.226693331555,9,0.7275,5.858419243986254,6.4673539518900345,3.3608247422680413,8.964948453608248,12.32577319587629,8.114095487771687,6.2871559633027525,4.632110091743119,1.9403669724770642,8.978899082568807,10.919266055045872,6.993557781331566,2.360007516186502,0.2916666666666667
"subset_eq(index(cardinality(B), union(difference(A, B), difference(B, A))), difference(index(cardinality(A), union(A, B)), index(cardinality(B), A)))",2454.477379100681,2767.215762561187,0.6334328120713837,0.0,0.0360943543132602,0.3129205831433795,0.6334328120713837,0.6334328120713837,0.3129205831433795,2610.846570830934,12,0.638,5.922805642633229,6.593652037617555,3.6057993730407523,8.910658307210031,12.516457680250785,7.585513175479793,6.06767955801105,4.863259668508287,1.8598066298342542,9.071132596685082,10.930939226519337,7.0315104087176525,2.4624656062081836,0.296875
"subset_eq(index(cardinality(B), union(difference(A, B), difference(B, A))), difference(index(cardinality(B), union(A, B)), index(cardinality(B), A)))",1238.2488643709512,1857.5566506448376,0.8350872860262137,0.0,0.0272404821690073,0.8457421106579619,0.8457421106579619,0.8350872860262137,0.8457421106579619,1547.9027575078944,12,0.65725,5.792316470140738,6.485736021300875,3.419931532902244,8.858120958539368,12.278052491441613,8.500770511662845,6.326039387308534,4.973012399708242,2.1181619256017505,9.180889861415025,11.299051787016776,6.30041374922126,2.0658647143812963,0.203125
"subset_eq(index(cardinality(B), union(difference(A, B), difference(B, A))), difference(union(A, B), index(cardinality(A), union(A, B))))",1924.7795886903477,2845.017748835031,0.0,0.0,0.3060737142785301,0.4070051305692388,0.4070051305692388,0.0,0.4070051305692388,2384.8986687626893,11,0.92975,5.954288787308416,6.0720623823608495,3.0451734337187415,8.981177735950524,12.026351169669265,8.999646517693343,6.252669039145908,4.580071174377224,2.0284697508896796,8.804270462633452,10.832740213523131,5.068983422195769,1.8299603596977778,0.19921875
"subset_eq(index(cardinality(B), union(difference(A, B), difference(B, A))), difference(union(A, B), index(cardinality(B), A)))",3410.5586540712684,5416.38405143097,0.7177059374374843,0.0,0.0232317290012123,0.895040135528909,0.895040135528909,0.7177059374374843,0.895040135528909,4413.471352751119,10,0.94025,5.921563413985642,6.091465035894709,3.0382876894442967,8.974740760436054,12.01302844988035,8.76474595021129,6.820083682008368,4.01255230125523,1.9581589958158996,8.874476987447698,10.832635983263598,5.650846448766655,2.509162175925107,0.16666666666666666
"subset_eq(index(cardinality(B), union(difference(A, B), difference(B, A))), index(cardinality(A), union(difference(A, B), difference(B, A))))",2761.6567305461504,3207.249346076045,0.6415214210483886,0.0,0.0372361885784711,0.3240023557818209,0.6415214210483886,0.6415214210483886,0.3240023557818209,2984.4530383110978,11,0.63775,5.839670717365739,6.669149353194825,3.57702861622893,8.931791454331634,12.508820070560564,7.415965115255247,6.213940648723257,4.731538992408558,1.911663216011042,9.033816425120772,10.945479641131815,7.094289819827704,2.5822187761666395,0.3046875
"subset_eq(index(cardinality(B), union(difference(A, B), difference(B, A))), index(cardinality(B), difference(A, B)))",993.9823623756984,1819.8892189775652,0.0,0.0,0.291847998530204,0.2297016428539742,0.291847998530204,0.0,0.291847998530204,1406.9357906766318,9,0.61,5.99016393442623,6.592213114754099,3.684016393442623,8.898360655737704,12.582377049180328,8.06963685837147,5.951923076923077,4.98974358974359,1.8628205128205129,9.078846153846154,10.941666666666666,6.24065992767911,2.4261338333581115,0.2578125
"subset_eq(index(cardinality(B), union(difference(A, B), difference(B, A))), index(cardinality(difference(A, A)), A))",510.49804152206343,672.9979572276643,0.0,0.0,0.2434391884810038,0.4186157643534409,0.4186157643534409,0.0,0.4186157643534409,591.7479993748639,9,0.57875,5.885961123110151,6.790928725701944,3.762419006479482,8.914470842332614,12.676889848812095,7.1927347704192215,6.097922848664688,4.835608308605341,1.8902077151335313,9.043323442136499,10.93353115727003,6.738755118033996,2.7153969923490306,0.2708333333333333
"subset_eq(index(cardinality(B), union(difference(A, B), difference(B, A))), index(cardinality(difference(B, A)), B))",1956.5535362763476,2307.1841093106195,1.0,0.0,0.0434802888137196,0.2696702683110055,1.0,1.0,0.2696702683110055,2131.8688227934836,9,0.62075,5.838501812323802,6.692710430930326,3.6206202174788564,8.910592025775271,12.531212243254128,7.4780497718760355,6.199077125906395,4.779828609096902,1.9149637442320369,9.063941990771259,10.978905735003297,6.7848862094243865,2.588125852000772,0.26953125
"subset_eq(index(cardinality(B), union(difference(A, B), difference(B, A))), index(cardinality(difference(B, A)), difference(A, B)))",2593.105697617051,2895.9654635176994,0.0,0.0,0.1712386772028139,0.2519900349356246,0.2519900349356246,0.0,0.2519900349356246,2744.5355805673753,10,0.63575,5.945733385764845,6.577664176169878,3.597325992921746,8.926071569012977,12.523397561934722,7.797912399067798,6.026767330130405,4.901853122855182,1.8853809196980096,9.043239533287577,10.928620452985587,6.964045016861792,2.3970117063306504,0.3098958333333333
"subset_eq(index(cardinality(B), union(difference(A, B), difference(B, A))), intersection(A, index(cardinality(B), union(A, B))))",1535.4573236902397,2040.331493459351,0.0,0.0,0.2954813444881659,0.3409922991219603,0.3409922991219603,0.0,0.3409922991219603,1787.8944085747953,10,0.63075,5.888624653190646,6.531510107015458,3.5410225921521996,8.879112168053904,12.420134760206103,8.340292534995902,6.123222748815166,5.003385240352065,2.004739336492891,9.12186865267434,11.126607989167232,6.408458471099845,2.1795339217834684,0.25
"subset_eq(index(cardinality(B), union(difference(A, B), difference(B, A))), union(index(cardinality(B), A), index(cardinality(A), union(A, B))))",3514.940983692184,4037.1710923798382,0.0,0.0,0.2159524096538062,0.2864121830042601,0.2864121830042601,0.0,0.2864121830042601,3776.056038036011,12,0.69775,5.999641705481906,6.372626298817628,3.4647079899677533,8.90756001433178,12.372268004299535,8.207847792483378,5.918941273779984,5.031430934656741,1.8403639371381306,9.110008271298593,10.950372208436725,6.978459732321895,2.108034906372875,0.234375
"subset_eq(index(cardinality(difference(A, A)), A), difference(A, index(cardinality(A), B)))",1070.3861148928409,1102.3077548510628,0.0,0.0,0.7694981854422881,0.2710386665608565,0.7694981854422881,0.0,0.7694981854422881,1086.3469348719518,7,0.996,5.986194779116466,5.962098393574297,2.9769076305220885,8.971385542168674,11.948293172690763,8.908482952895946,3.25,7.25,2.1875,8.3125,10.5,2.859375,3.1254786552182066,0.09244791666666667
"subset_eq(index(cardinality(difference(A, A)), A), index(cardinality(difference(B, A)), B))",689.7686142015727,598.5995757635428,0.4256553117891548,0.0,0.1226510324918115,0.2540633339054605,0.4256553117891548,0.4256553117891548,0.2540633339054605,644.1840949825578,7,0.03075,7.073170731707317,5.048780487804878,4.130081300813008,7.991869918699187,12.121951219512194,8.558529975543657,5.9404178488522055,5.996388960536497,2.9370647407789527,8.99974206860975,11.936806809388703,8.716263961276557,1.8985203248121438,0.2760416666666667
"subset_eq(index(cardinality(difference(A, A)), A), union(index(cardinality(A), union(A, B)), index(cardinality(B), union(A, B))))",983.6860297616768,1643.7077610779088,0.0,0.0,0.5680005867811427,0.8949918381767452,0.8949918381767452,0.0,0.8949918381767452,1313.6968954197928,11,0.0085,3.4705882352941178,5.705882352941177,1.4411764705882353,7.735294117647059,9.176470588235293,11.664359861591691,5.9967221381744835,5.969490670700958,2.9868885526979323,8.97932425617751,11.966212808875442,8.841663850240845,2.9732251312764104,0.25
"subset_eq(index(cardinality(difference(A, A)), B), difference(B, index(cardinality(B), A)))",935.7171746088061,1052.1686028070399,0.0,0.0,0.2710386665608565,0.7694981854422881,0.7694981854422881,0.0,0.7694981854422881,993.942888707923,7,0.99475,5.967328474491078,5.983412917818548,2.978637848705705,8.97210354360392,11.950741392309626,8.882253848285263,7.476190476190476,2.9047619047619047,2.0476190476190474,8.333333333333334,10.380952380952381,4.444444444444446,3.5526824525059717,0.09244791666666667
"subset_eq(index(cardinality(difference(A, A)), B), index(cardinality(difference(A, A)), A))",703.7094770109688,331.5442496505784,0.0,0.5483204103904731,0.1875885223926821,0.0914944399762991,0.5483204103904731,0.5483204103904731,0.1875885223926821,517.6268633307736,7,0.338,6.2233727810650885,6.295857988165681,3.6042899408284024,8.914940828402367,12.51923076923077,8.317843825496311,5.84856495468278,5.799471299093655,2.651812688821752,8.996223564954683,11.648036253776436,8.736665818585147,1.1375823343369298,0.22786458333333334
"subset_eq(index(cardinality(difference(A, A)), B), index(cardinality(difference(B, A)), union(difference(A, B), difference(B, A))))",1262.5857799215046,1736.9576159460123,0.0,0.538797461264943,0.6603212241429078,0.3497282237539753,0.6603212241429078,0.538797461264943,0.6603212241429078,1499.7716979337583,10,0.0235,6.5212765957446805,4.0638297872340425,2.3404255319148937,8.24468085106383,10.585106382978724,9.395880488909015,5.962109575012801,6.013056835637481,2.9889912954429083,8.986175115207374,11.975166410650282,8.81251800832101,2.1290353197921403,0.171875
"subset_eq(index(cardinality(difference(A, A)), B), union(index(cardinality(A), B), index(cardinality(B), union(A, B))))",1207.851500207733,1499.0407583458,0.0,0.0,0.8551096264243119,0.5069801947382631,0.8551096264243119,0.0,0.8551096264243119,1353.4461292767664,10,0.0105,6.738095238095238,2.7142857142857144,1.3571428571428572,8.095238095238095,9.452380952380953,6.162131519274372,5.967155128852956,6.001768569984841,2.9909044972208187,8.978019201616979,11.968923698837797,8.824421585822398,3.7511423960101027,0.24869791666666666
"subset_eq(index(cardinality(difference(A, A)), difference(A, B)), difference(index(cardinality(B), A), index(cardinality(B), difference(A, B))))",645.151851363873,329.46598170682864,0.52705229988357,0.0,0.0953119061371087,0.6725367620511213,0.6725367620511213,0.52705229988357,0.6725367620511213,487.3089165353508,11,0.02975,4.2100840336134455,7.949579831932773,4.008403361344538,8.15126050420168,12.159663865546218,8.336275686745294,6.029373872713219,5.90646740530791,2.9420252512239116,8.993816026797218,11.935841278021128,8.6076498584765,2.9362026803722276,0.2591145833333333
"subset_eq(index(cardinality(difference(A, A)), difference(A, B)), difference(index(cardinality(B), union(A, B)), index(cardinality(B), A)))",713.7343067629035,389.11328055488775,0.6578304709744609,0.0,0.0773814376711344,1.0,1.0,0.6578304709744609,1.0,551.4237936588956,11,0.058,4.564655172413793,7.224137931034483,3.560344827586207,8.22844827586207,11.788793103448276,9.184564506539834,6.062101910828026,5.889861995753716,2.9376326963906583,9.014331210191083,11.95196390658174,8.556155788380039,2.1000974749270314,0.25390625
"subset_eq(index(cardinality(difference(A, A)), difference(A, B)), index(cardinality(difference(B, A)), A))",1354.4743481136175,2175.137638326036,0.0,0.0,0.245454417284647,0.4602592679076955,0.4602592679076955,0.0,0.4602592679076955,1764.8059932198266,8,0.12975,6.310211946050097,6.005780346820809,3.8439306358381504,8.472061657032755,12.315992292870906,10.449456305849749,5.925308819304798,5.96150531456478,2.8440103418557885,9.042803792013789,11.886814133869578,8.353305641385184,1.072357817977448,0.3736979166666667
"subset_eq(index(cardinality(difference(A, A)), difference(A, B)), intersection(index(cardinality(A), union(A, B)), index(cardinality(B), union(A, B))))",763.6620097011614,654.6148561546361,0.7170381407352913,0.0,0.0940122959265935,0.7464938156577956,0.7464938156577956,0.7170381407352913,0.7464938156577956,709.1384329278987,12,0.0315,4.23015873015873,7.9523809523809526,4.023809523809524,8.158730158730158,12.182539682539682,7.323381204333587,6.0320082601961795,5.902684563758389,2.9395973154362416,8.995095508518327,11.934692823954569,8.621943971285564,2.9365682568628,0.2669270833333333
"subset_eq(index(cardinality(difference(A, A)), difference(B, A)), difference(B, index(cardinality(A), union(A, B))))",457.7321781881428,402.87224464672727,0.0,0.6116601986218826,0.6802701923572448,0.033543868213163,0.6802701923572448,0.6116601986218826,0.6802701923572448,430.30221141743505,9,0.9725,5.969408740359897,5.99280205655527,2.9709511568123395,8.991259640102827,11.962210796915167,8.864923837405303,6.181818181818182,5.0636363636363635,3.0727272727272728,8.172727272727272,11.245454545454546,9.189256198347113,0.9585536153438794,0.19921875
"subset_eq(index(cardinality(difference(A, A)), difference(B, A)), index(cardinality(difference(A, B)), B))",1788.9498017737678,2496.453887071373,0.0,0.0,0.4602592679076955,0.245454417284647,0.4602592679076955,0.0,0.4602592679076955,2142.7018444225705,8,0.127,6.05511811023622,6.318897637795276,3.874015748031496,8.5,12.374015748031496,10.794748589497164,5.963631156930126,5.916093928980527,2.8427835051546393,9.036941580756015,11.879725085910653,8.314191724760594,1.110882815246046,0.3736979166666667
"subset_eq(index(cardinality(difference(A, A)), difference(B, A)), index(cardinality(difference(A, B)), union(A, B)))",1647.7449798880807,2355.8250220319314,0.0,0.0,0.4894744300392787,0.381972438920697,0.4894744300392787,0.0,0.4894744300392787,2001.785000960006,9,0.16225,5.979969183359014,6.0,3.406779661016949,8.573189522342064,11.979969183359014,10.919518234762052,5.974336019098777,5.96090719188302,2.889883616830797,9.045359594151,11.935243210981797,8.374714639091426,0.5184028362975518,0.3515625
"subset_eq(index(cardinality(difference(A, A)), difference(B, A)), index(cardinality(difference(A, B)), union(difference(A, B), difference(B, A))))",458.29252792027955,439.5832051501611,0.0,0.0,0.4998205192122095,0.4998205192122095,0.4998205192122095,0.0,0.4998205192122095,448.93786653522034,11,0.15125,6.039669421487603,6.0578512396694215,3.7735537190082646,8.323966942148761,12.097520661157025,11.543364524281124,5.963770250368189,5.951104565537555,2.8312223858615613,9.083652430044182,11.914874815905744,8.012693534848392,0.9513904971382005,0.2109375
"subset_eq(index(cardinality(difference(A, A)), intersection(A, B)), difference(A, index(cardinality(A), union(A, B))))",1953.5928408783875,2000.1026170477273,0.0,0.0,0.5401332649642925,0.3486445654155161,0.5401332649642925,0.0,0.5401332649642925,1976.8477289630573,9,0.957,6.035005224660397,5.984848484848484,3.027951933124347,8.991901776384536,12.019853709508881,8.884392787457337,4.645348837209302,5.575581395348837,1.7674418604651163,8.453488372093023,10.220930232558139,7.223431584640338,1.9202942662536173,0.17057291666666666
"subset_eq(index(cardinality(difference(A, A)), intersection(A, B)), difference(index(cardinality(A), union(A, B)), index(cardinality(B), union(A, B))))",1550.7863981845749,1840.4620224293903,0.0,0.0,0.660572815425368,0.8693765918631892,0.8693765918631892,0.0,0.8693765918631892,1695.6242103069826,12,0.069,4.416666666666667,4.826086956521739,0.9637681159420289,8.278985507246377,9.242753623188406,9.290984036967007,6.0907626208378085,6.051825993555317,3.122717508055854,9.019871106337272,12.142588614393127,8.457553610510782,2.994343989655972,0.2734375
"subset_eq(index(cardinality(difference(A, A)), intersection(A, B)), index(cardinality(B), A))",1113.6277247919352,1266.1732530903246,0.0,0.0,0.8682751574826024,0.684919879279652,0.8682751574826024,0.0,0.8682751574826024,1189.9004889411299,7,0.0525,5.052380952380952,3.6666666666666665,0.6190476190476191,8.1,8.719047619047618,8.778639455782315,6.0263852242744065,6.0947229551451185,3.104221635883905,9.01688654353562,12.121108179419526,8.440223752271377,3.608355796709168,0.2669270833333333
"subset_eq(index(cardinality(difference(A, A)), intersection(A, B)), index(cardinality(B), union(A, B)))",1620.2058583841567,1684.4479652224109,0.0,0.0,0.9388741716300888,0.5773247959787644,0.9388741716300888,0.0,0.9388741716300888,1652.3269118032838,8,0.07175,4.930313588850174,4.275261324041812,0.975609756097561,8.229965156794425,9.205574912891986,9.018441403926236,6.056019391327768,6.098033934823593,3.1281982224616214,9.02585510368974,12.15405332615136,8.451864591757287,3.036996978903919,0.2838541666666667
"subset_eq(index(cardinality(difference(A, A)), intersection(A, B)), index(cardinality(difference(A, A)), union(A, B)))",761.2943181926921,341.91690517587085,0.0,0.0,0.4823298042653022,0.4823298042653022,0.4823298042653022,0.0,0.4823298042653022,551.6056116842815,9,0.3695,6.044654939106901,6.086603518267929,3.29702300405954,8.83423545331529,12.13125845737483,9.655900432321777,5.934575733544806,5.897303727200635,2.7842981760507532,9.047581284694687,11.83187946074544,8.277472909294293,0.5575290052113373,0.23828125
"subset_eq(index(cardinality(difference(A, A)), intersection(A, B)), index(cardinality(intersection(A, B)), union(A, B)))",1439.6509280097516,2087.8194899414084,0.0,0.0,0.6407172630174631,0.6407172630174631,0.6407172630174631,0.0,0.6407172630174631,1763.73520897558,9,0.12625,5.297029702970297,5.18019801980198,1.7603960396039604,8.716831683168317,10.477227722772277,8.814037839427527,6.073247496423462,6.080972818311874,3.1490701001430614,9.005150214592275,12.154220314735337,8.604847390815728,1.8282026547727126,0.2916666666666667
"subset_eq(index(cardinality(difference(A, A)), union(A, B)), A)",695.5508757729895,277.2167634036505,0.0,1.0,1.0,0.0412898892990669,1.0,1.0,1.0,486.38381958831997,5,0.6745,6.274277242401779,5.7950333580429945,3.1041512231282433,8.96515937731653,12.069310600444775,8.874561284448095,5.3556067588325655,6.324116743471582,2.7035330261136714,8.976190476190476,11.679723502304148,8.14422688950713,1.1333047365545927,0.18359375
"subset_eq(index(cardinality(difference(A, A)), union(A, B)), difference(A, B))",557.3951985287749,258.33691810348137,0.0,1.0,1.0,0.1134162981189799,1.0,1.0,1.0,407.86605831612815,6,0.33675,6.328878990348923,5.288047512991834,2.59985152190052,9.017074981440238,11.616926503340757,8.360107340737395,5.795702977761025,6.312099509988692,3.163588390501319,8.944214097248398,12.107802487749717,8.620119404825797,1.284818434632777,0.18619791666666666
"subset_eq(index(cardinality(difference(A, A)), union(A, B)), difference(A, index(cardinality(B), A)))",733.3283118621766,303.2732340397524,0.1971509545853386,0.7032409656261487,0.0028993708197979,0.0028993708197979,0.7032409656261487,0.7032409656261487,0.0028993708197979,518.3007729509645,8,0.67425,6.272525027808676,5.797182054134224,3.1053021876158695,8.96440489432703,12.0697070819429,8.847316172310737,5.3599386032233305,6.319263238679969,2.7014581734458942,8.977743668457405,11.6792018419033,8.21021681473006,1.1262649481250284,0.23046875
"subset_eq(index(cardinality(difference(A, A)), union(A, B)), index(cardinality(intersection(A, B)), A))",496.31628729029217,346.73070004771307,0.0,0.471526797269461,1.0,0.2879329446865852,1.0,0.471526797269461,1.0,421.5234936690026,8,0.019,4.565789473684211,3.460526315789474,0.0,8.026315789473685,8.026315789473685,7.440789473684212,6.002548419979613,6.0158002038735985,3.0313455657492354,8.987003058103976,12.01834862385321,8.704709303473525,4.216960617775792,0.15885416666666666
"subset_eq(index(cardinality(difference(A, A)), union(A, B)), union(difference(A, B), difference(B, A)))",526.221085160365,284.6653060337785,0.0,0.0,0.5548277496834864,0.5548277496834864,0.5548277496834864,0.0,0.5548277496834864,405.44319559707174,8,0.66225,5.850509626274066,5.797281993204983,2.6508116270290674,8.996979992449981,11.64779161947905,8.764252869484704,6.219837157660992,6.300518134715026,3.606957809030348,8.913397483345669,12.520355292376017,8.25376164049879,1.141869064699584,0.18359375
"subset_eq(index(cardinality(difference(A, A)), union(difference(A, B), difference(B, A))), A)",791.6680642384672,383.2974372286799,0.0,1.0,1.0,0.0598491496227178,1.0,1.0,1.0,587.4827507335735,7,0.50575,6.46465645081562,5.446861097380128,2.938704893722195,8.972812654473554,11.911517548195748,8.587200726005838,5.474456246838645,6.499747091552858,3.009610520991401,8.964592817400101,11.974203338391503,8.202429609707323,1.4470981199143276,0.234375
"subset_eq(index(cardinality(difference(A, A)), union(difference(A, B), difference(B, A))), index(cardinality(difference(B, A)), A))",1353.3569560367605,2083.2272469008167,0.0,0.6241687207972342,0.556407395425685,0.1657514623506952,0.6241687207972342,0.6241687207972342,0.556407395425685,1718.2921014687886,10,0.05975,7.376569037656904,4.7196652719665275,3.6778242677824267,8.418410041841005,12.096234309623432,7.908965179181028,5.886200478596118,6.046530178144111,2.9290082424887,9.003722414251529,11.932730656740228,8.64082859383089,2.131312825659168,0.25390625
"subset_eq(index(cardinality(difference(A, A)), union(difference(A, B), difference(B, A))), index(cardinality(intersection(A, B)), difference(A, B)))",560.7771438419895,511.68585955094295,0.0,0.3563674489867002,0.6787550598786267,0.1959185404817346,0.6787550598786267,0.3563674489867002,0.6787550598786267,536.2315016964662,11,0.01925,4.584415584415584,3.4935064935064934,0.07792207792207792,8.0,8.077922077922079,8.27896778546129,6.0025490695896,6.015804231455519,3.0305888350751977,8.98776446596992,12.018353301045119,8.697884311227025,4.134166111736645,0.22916666666666666
"subset_eq(index(cardinality(difference(A, A)), union(difference(A, B), difference(B, A))), union(A, index(cardinality(A), difference(B, A))))",675.3694991698358,292.68766730623975,0.0,0.0,1.0,0.232341890009151,1.0,0.0,1.0,484.02858323803775,11,0.50575,6.46465645081562,5.446861097380128,2.938704893722195,8.972812654473554,11.911517548195748,8.587200726005838,5.474456246838645,6.499747091552858,3.009610520991401,8.964592817400101,11.974203338391503,8.202429609707323,1.4470981199143276,0.2708333333333333
"subset_eq(index(cardinality(difference(A, B)), A), difference(A, index(cardinality(B), union(A, B))))",2949.327107252262,3971.244116365444,0.0,0.0,0.4624172736757891,0.4459805052403734,0.4624172736757891,0.0,0.4624172736757891,3460.285611808853,8,0.88875,5.9789029535864975,6.035161744022504,3.020815752461322,8.993248945147679,12.014064697609001,9.235814615020942,5.9460674157303375,5.424719101123595,2.5977528089887643,8.773033707865169,11.370786516853933,6.0354197702310355,0.7434383948622588,0.2955729166666667
"subset_eq(index(cardinality(difference(A, B)), A), difference(difference(A, B), index(cardinality(B), difference(A, B))))",3699.4289376980746,5407.830887096003,0.0,0.0,0.681089015876885,0.4261864510085602,0.681089015876885,0.0,0.681089015876885,4553.629912397038,9,0.47625,5.967454068241469,5.558530183727034,2.525984251968504,9.0,11.525984251968504,8.476992029539566,5.982338902147971,6.3389021479713605,3.38090692124105,8.940334128878282,12.321241050119331,8.63583643292078,1.157624607243241,0.3125
"subset_eq(index(cardinality(difference(A, B)), A), difference(difference(A, B), index(cardinality(B), union(A, B))))",4606.694427515729,6029.708810616285,0.0,0.0,0.705526957789248,0.5183633763468172,0.705526957789248,0.0,0.705526957789248,5318.201619066007,9,0.443,6.015801354401806,5.484198645598194,2.4774266365688487,9.022573363431151,11.5,8.877823581266703,5.942998204667863,6.3514362657091565,3.368491921005386,8.925942549371634,12.29443447037702,8.187267726890289,1.245551576400944,0.30078125
"subset_eq(index(cardinality(difference(A, B)), A), difference(index(cardinality(A), union(A, B)), index(cardinality(B), union(A, B))))",3483.5915600103326,4136.968796464615,0.0,0.0,0.5866848294128083,0.7688742848022364,0.7688742848022364,0.0,0.7688742848022364,3810.2801782374736,11,0.1365,5.21978021978022,5.108058608058608,1.6923076923076923,8.635531135531135,10.327838827838828,8.775624253646216,6.094672843080486,6.103068905616676,3.1763173132599882,9.021424435437174,12.197741748697164,8.539514117046389,1.9894137703431118,0.2942708333333333
"subset_eq(index(cardinality(difference(A, B)), A), difference(index(cardinality(B), union(A, B)), index(cardinality(A), union(A, B))))",3383.7554831373272,4807.361226605251,0.0,0.0,0.712731715714571,0.5682205978520747,0.712731715714571,0.0,0.712731715714571,4095.5583548712893,11,0.11925,5.576519916142558,4.9916142557651995,1.9622641509433962,8.60587002096436,10.568134171907756,8.97240351779332,6.029236446210616,6.099347147317627,3.11070110701107,9.017882486517173,12.128583593528242,8.678360901384632,1.6585933370437582,0.3359375
"subset_eq(index(cardinality(difference(A, B)), A), index(cardinality(A), union(A, B)))",3510.5938984561362,4759.319179250393,0.0,0.0,0.4622475070235399,0.8103386349822639,0.8103386349822639,0.0,0.8103386349822639,4134.956538853265,7,0.16025,5.252730109204368,5.157566302652106,1.7847113884555381,8.625585023400935,10.410296411856475,8.099707701256566,6.1131289074129205,6.121762429294433,3.2006549568323908,9.034236379874963,12.234891336707353,8.647270674927633,1.9169915105233417,0.3098958333333333
"subset_eq(index(cardinality(difference(A, B)), A), index(cardinality(B), union(difference(A, B), difference(B, A))))",3008.6107294727117,3508.4359875696246,0.0,0.0,1.0,0.7110616807202523,1.0,0.0,1.0,3258.523358521168,9,0.08375,5.137313432835821,4.540298507462687,1.1611940298507464,8.51641791044776,9.677611940298508,8.416769881933618,6.051841746248295,6.097680763983629,3.139427012278308,9.010095497953616,12.149522510231924,8.509107016894038,2.678657735083669,0.2578125
"subset_eq(index(cardinality(difference(A, B)), A), index(cardinality(difference(A, B)), index(cardinality(A), B)))",573.910163560733,581.4463955344709,0.0,0.0,0.739274159625422,0.9636558893456736,0.9636558893456736,0.0,0.9636558893456736,577.678279547602,9,0.03275,4.137404580152672,3.954198473282443,0.08396946564885496,8.007633587786259,8.091603053435115,9.148767554338326,6.037477384337038,6.035409666580512,3.071594727319721,9.001292323597829,12.072887050917549,8.522768777755635,4.107020988074462,0.25390625
"subset_eq(index(cardinality(difference(A, B)), A), index(cardinality(difference(A, B)), intersection(A, B)))",985.6102574269535,997.2377860161614,0.0,0.0,0.4894744300392787,0.8043451831752955,0.8043451831752955,0.0,0.8043451831752955,991.4240217215574,8,0.16625,5.11578947368421,6.852631578947369,3.433082706766917,8.53533834586466,11.968421052631578,11.703291310984216,6.1466266866566714,5.790704647676162,2.88215892053973,9.055172413793104,11.937331334332834,7.811209178019631,1.579186874704451,0.3203125
"subset_eq(index(cardinality(difference(A, B)), A), index(cardinality(difference(B, A)), difference(A, B)))",2517.0867934339767,3412.353936799336,0.0,0.0,0.7188519644432146,0.6378023244010078,0.7188519644432146,0.0,0.7188519644432146,2964.7203651166565,8,0.101,5.8316831683168315,4.574257425742574,1.8415841584158417,8.564356435643564,10.405940594059405,8.777913930006875,5.991379310344827,6.123748609566185,3.100945494994438,9.014182424916575,12.115127919911012,8.625582466490279,2.003101785380551,0.3020833333333333
"subset_eq(index(cardinality(difference(A, B)), A), intersection(B, index(cardinality(B), union(A, B))))",3102.529393849123,3891.685296799988,0.0,0.0,0.8916260492232804,0.6269516829303248,0.8916260492232804,0.0,0.8916260492232804,3497.1073453245554,8,0.0845,5.260355029585799,4.881656804733728,1.6597633136094674,8.482248520710058,10.142011834319527,9.318651307727313,6.041234298197706,6.067449481157837,3.095030038230475,9.013653741125069,12.108683779355543,8.64469237099636,2.0188777264641944,0.28515625
"subset_eq(index(cardinality(difference(A, B)), A), union(difference(A, B), index(cardinality(A), union(A, B))))",4298.013042115141,5652.5095038712025,0.0,0.0,0.5437965038455141,0.4660527335549029,0.5437965038455141,0.0,0.5437965038455141,4975.261272993172,9,0.55675,5.919173776380782,5.519083969465649,2.478221823080377,8.960035922766053,11.43825774584643,8.443378393391889,6.0456852791878175,6.530174844895657,3.596164692611393,8.97969543147208,12.575860124083475,8.27080329146002,1.5126487293008766,0.3125
"subset_eq(index(cardinality(difference(A, B)), A), union(difference(A, B), index(cardinality(B), union(A, B))))",4570.145962338429,6066.350065724924,0.0,0.0,0.764599316062181,0.2987567585312439,0.764599316062181,0.0,0.764599316062181,5318.248014031677,9,0.55425,6.001804239963915,5.472259810554804,2.5015787099684257,8.972485340550293,11.474064050518718,8.330586485819442,5.942232192933258,6.582725743129557,3.5608524957936063,8.96410544026921,12.524957936062815,8.337441952710346,1.5358204222932281,0.3046875
"subset_eq(index(cardinality(difference(A, B)), A), union(index(cardinality(B), A), index(cardinality(B), union(A, B))))",5054.170529539231,6021.637764714658,0.0,0.0,0.696193618162251,0.3993003863187627,0.696193618162251,0.0,0.696193618162251,5537.904147126945,10,0.2065,5.848668280871671,4.8607748184019375,2.049636803874092,8.659806295399516,10.709443099273608,7.2464252003588125,6.008191556395715,6.255198487712666,3.2142407057340896,9.04914933837429,12.26339004410838,8.825635906739127,1.8237783015474898,0.3489583333333333
"subset_eq(index(cardinality(difference(A, B)), A), union(index(cardinality(B), union(A, B)), index(cardinality(B), difference(A, B))))",5313.413404556806,5759.622654738836,0.0,0.0,0.8459594923175189,0.4044713949241914,0.8459594923175189,0.0,0.8459594923175189,5536.518029647821,11,0.16825,5.74739970282318,4.866270430906389,1.974739970282318,8.63893016344725,10.613670133729569,8.191871132120031,6.021340547039375,6.189960925758942,3.175834084761046,9.03546738803727,12.211301472798317,8.651902094592925,1.8082663476734606,0.3489583333333333
"subset_eq(index(cardinality(difference(A, B)), B), difference(B, index(cardinality(B), A)))",2259.4889274495363,3122.0814464450814,0.0,0.0,0.5708840741550897,0.7566930973369748,0.7566930973369748,0.0,0.7566930973369748,2690.785186947309,7,0.97125,5.948005148005148,5.9904761904761905,2.9642213642213644,8.974259974259974,11.938481338481338,8.982948044569662,6.895652173913043,5.182608695652174,3.2956521739130435,8.782608695652174,12.078260869565218,5.04907372400756,1.2886159848916174,0.0625
"subset_eq(index(cardinality(difference(A, B)), B), difference(B, index(cardinality(B), union(A, B))))",2239.356245248011,5111.329402494244,0.0,0.0,0.3973119701048049,0.6407947801275917,0.6407947801275917,0.0,0.6407947801275917,3675.3428238711276,8,0.93225,5.970769643336015,5.999731831590239,2.9873960847412175,8.983105390185036,11.970501474926253,9.151714929429442,6.03690036900369,5.520295202952029,2.7859778597785976,8.771217712177123,11.55719557195572,5.524761373074977,0.524215657057664,0.20833333333333334
"subset_eq(index(cardinality(difference(A, B)), B), difference(difference(B, A), index(cardinality(A), B)))",3908.7541636788483,7282.98499430716,0.0,0.2583049408021806,0.5575408676018322,0.0542380845562755,0.5575408676018322,0.2583049408021806,0.5575408676018322,5595.869578993004,8,0.581,5.879948364888124,5.626075731497418,2.5335628227194493,8.972461273666093,11.506024096385541,9.01372159402306,6.107398568019093,6.440334128878281,3.5841288782816227,8.963603818615752,12.547732696897375,7.72455585238182,1.3484952242069803,0.39453125
"subset_eq(index(cardinality(difference(A, B)), B), index(cardinality(A), union(A, B)))",2641.33905277391,4048.144581142813,0.0,0.0,0.967328830058447,0.282961707134581,0.967328830058447,0.0,0.967328830058447,3344.7418169583616,7,0.299,6.36371237458194,4.3938127090301,2.012541806020067,8.744983277591974,10.75752508361204,7.552408530105966,5.809557774607703,6.638373751783167,3.383737517831669,9.064194008559202,12.447931526390871,7.575358007004512,2.687995400927589,0.3359375
"subset_eq(index(cardinality(difference(A, B)), B), index(cardinality(difference(A, A)), A))",1737.6260209139741,3307.2522077608155,0.0,0.4508684103307324,0.6006830553535394,0.0548268289141079,0.6006830553535394,0.4508684103307324,0.6006830553535394,2522.439114337395,7,0.25025,6.371628371628372,4.501498501498501,2.201798201798202,8.671328671328672,10.873126873126873,9.899423254068598,5.842947649216406,6.456485495165055,3.231410470156719,9.068022674224741,12.29943314438146,7.467502394095712,2.2719108421788476,0.38671875
"subset_eq(index(cardinality(difference(A, B)), B), index(cardinality(difference(A, A)), union(difference(A, B), difference(B, A))))",2070.2604792548436,2941.331148225465,0.0,0.0,0.6006830553535394,0.3659585865387669,0.6006830553535394,0.0,0.6006830553535394,2505.7958137401542,10,0.25225,6.413280475718533,4.574826560951437,2.263627353815659,8.72447968285431,10.98810703666997,10.162503769346479,5.827482447342026,6.436977599465062,3.2133065864259445,9.051153460381144,12.264460046807088,7.442730509594048,2.1708653724122176,0.38671875
"subset_eq(index(cardinality(difference(A, B)), B), index(cardinality(difference(A, B)), A))",4012.4227857585065,5726.337538056076,0.0,0.4992142974286807,0.6073989180086159,0.0482538928909098,0.6073989180086159,0.4992142974286807,0.6073989180086159,4869.380161907291,7,0.3405,6.433920704845815,4.999265785609398,2.6879588839941264,8.745227606461087,11.433186490455213,9.961149169507538,5.7384382107657315,6.467020470053071,3.1213040181956027,9.084154662623199,12.205458680818802,7.4823777518867445,1.6810079472192552,0.3619791666666667
"subset_eq(index(cardinality(difference(A, B)), B), index(cardinality(difference(A, B)), difference(B, A)))",1122.1807877737497,1868.443366740947,0.0,0.0,0.5986053993224484,0.4688411175711487,0.5986053993224484,0.0,0.5986053993224484,1495.3120772573484,8,0.29375,5.900425531914894,4.839148936170213,2.010212765957447,8.72936170212766,10.739574468085106,10.826611136260746,6.00637168141593,6.43646017699115,3.3745132743362833,9.068318584070797,12.44283185840708,7.066503187407049,2.1033172998408416,0.3255208333333333
"subset_eq(index(cardinality(difference(A, B)), B), index(cardinality(difference(A, B)), intersection(A, B)))",1353.872173770692,1913.82657568279,0.0,0.636172803326347,0.7057463687244261,0.0482538928909098,0.7057463687244261,0.636172803326347,0.7057463687244261,1633.849374726741,8,0.291,6.635738831615121,4.780927835051546,2.7560137457044673,8.6606529209622,11.416666666666666,10.954557397763313,5.704160789844852,6.454160789844852,3.06311706629055,9.095204513399153,12.158321579689703,7.0140732890243305,1.9395511383899788,0.3255208333333333
"subset_eq(index(cardinality(difference(A, B)), B), index(cardinality(intersection(A, B)), A))",3013.518558301672,4187.905113104731,0.0,0.9005361470469693,0.9403852835191312,0.0755031435572625,0.9403852835191312,0.9005361470469693,0.9403852835191312,3600.7118357032014,7,0.251,6.703187250996016,4.22808764940239,2.1284860557768925,8.802788844621514,10.931274900398407,7.082484801828546,5.731308411214953,6.550066755674233,3.2570093457943927,9.024365821094793,12.281375166889186,7.740000240641116,2.7585685174178822,0.2942708333333333
"subset_eq(index(cardinality(difference(A, B)), B), intersection(A, index(cardinality(B), union(A, B))))",2160.6739584494962,3080.9536218014546,0.0,1.0,1.0,0.079329698520826,1.0,1.0,1.0,2620.8137901254754,8,0.23675,6.761351636747624,4.038014783526927,2.0570221752903906,8.74234424498416,10.799366420274552,6.53740540070404,5.731411726170979,6.56567310841795,3.2581067802161807,9.038978054372748,12.29708483458893,7.702667225559504,2.982018956173696,0.2864583333333333
"subset_eq(index(cardinality(difference(A, B)), B), union(A, index(cardinality(A), union(A, B))))",5553.428510318976,7709.827601984143,0.0,0.0,0.7189540835628886,0.2452960918380839,0.7189540835628886,0.0,0.7189540835628886,6631.62805615156,8,0.66175,6.286361919153759,5.599546656592369,2.9916887041934266,8.894219871552702,11.885908575746127,9.132342335643251,5.366592756836659,6.686622320768662,2.9386548410938653,9.114560236511457,12.053215077605321,7.115618900595363,1.424963649441308,0.2552083333333333
"subset_eq(index(cardinality(difference(A, B)), B), union(difference(B, A), index(cardinality(B), union(A, B))))",4613.177518350072,7822.175083249807,0.0,0.0,0.6156366412909056,0.3512452370350333,0.6156366412909056,0.0,0.6156366412909056,6217.67630079994,9,0.62925,5.853396901072705,5.613825983313468,2.5260230433055226,8.941199841080651,11.467222884386175,8.983981946206354,6.182063385030344,6.567093728927849,3.7336480107889414,9.01550910316925,12.749157113958193,7.365542227510819,1.5732447726260297,0.2552083333333333
"subset_eq(index(cardinality(difference(A, B)), B), union(index(cardinality(A), B), index(cardinality(A), union(A, B))))",3035.600491377634,3918.480188627378,0.0,0.0,1.0,0.3279966071543954,1.0,0.0,1.0,3477.040340002506,10,0.3065,6.277324632952691,4.412724306688418,1.963295269168026,8.726753670473084,10.690048939641109,7.841985368670663,5.841744772891132,6.654289834174477,3.4203316510454216,9.075702956020187,12.49603460706561,7.423044294819215,2.7087452531789467,0.28125
"subset_eq(index(cardinality(difference(A, B)), B), union(index(cardinality(A), B), index(cardinality(B), A)))",2290.361605647173,2767.5674515694263,0.0,0.0,1.0,0.3892459204055787,1.0,0.0,1.0,2528.9645286082996,9,0.23875,6.647120418848168,3.998952879581152,1.9445026178010472,8.701570680628272,10.64607329842932,7.2552024341438095,5.764532019704434,6.584564860426929,3.296551724137931,9.052545155993432,12.349096880131363,7.421788875677013,3.0483419072903697,0.2994791666666667
"subset_eq(index(cardinality(difference(A, B)), B), union(index(cardinality(A), B), index(cardinality(B), union(A, B))))",2741.1659071362374,4014.0887591009955,0.0,0.0,1.0,0.3203484623850793,1.0,0.0,1.0,3377.6273331186167,10,0.276,6.496376811594203,4.247282608695652,2.022644927536232,8.721014492753623,10.743659420289855,7.362350018378508,5.776588397790055,6.62292817679558,3.3363259668508287,9.063190607734807,12.399516574585636,7.553743160694076,2.8084773630802506,0.2786458333333333
"subset_eq(index(cardinality(difference(A, B)), difference(B, A)), difference(B, index(cardinality(A), B)))",860.2425154982011,2245.3831449337886,0.0,0.7010515894809826,0.7277720929717846,0.0304634257505616,0.7277720929717846,0.7010515894809826,0.7277720929717846,1552.8128302159948,8,0.85375,6.190336749633968,5.862664714494875,3.081112737920937,8.971888726207906,12.053001464128844,8.929174321366844,4.71965811965812,6.5777777777777775,2.347008547008547,8.95042735042735,11.297435897435898,6.155090948937094,1.7925376674035687,0.234375
"subset_eq(index(cardinality(difference(A, B)), difference(B, A)), difference(index(cardinality(A), B), index(cardinality(A), difference(B, A))))",830.280569679767,1237.1319211441732,0.0,0.7744493880634549,0.8769816131135542,0.0346185363482574,0.8769816131135542,0.7744493880634549,0.8769816131135542,1033.70624541197,11,0.72275,6.441023867173988,5.423728813559322,2.897613282601176,8.967139398132135,11.86475268073331,7.95837150588777,4.761045987376014,7.384129846708746,3.1722272317403064,8.972948602344454,12.14517583408476,6.55996149220945,2.596326387118079,0.24348958333333334
"subset_eq(index(cardinality(difference(A, B)), difference(B, A)), index(cardinality(difference(A, A)), B))",708.5665688547488,1471.0903754959581,0.0,0.0,0.7369611097128899,0.288671317987255,0.7369611097128899,0.0,0.7369611097128899,1089.8284721753535,8,0.6005,6.7352206494587845,5.208992506244796,3.0024979184013323,8.941715237302247,11.944213155703581,7.766782607610442,4.832916145181477,7.107008760951189,2.930538172715895,9.00938673341677,11.939924906132665,6.307356191484712,2.688197599716682,0.2682291666666667
"subset_eq(index(cardinality(difference(A, B)), difference(B, A)), index(cardinality(difference(B, A)), B))",2760.4567331012804,3204.2131355688907,0.0,0.9278320479030322,0.965383134621524,0.0364715001612325,0.965383134621524,0.9278320479030322,0.965383134621524,2982.3349343350856,8,0.658,6.598404255319149,5.297872340425532,2.9589665653495443,8.937310030395137,11.89627659574468,7.66441753817859,4.776315789473684,7.255116959064328,3.0021929824561404,9.029239766081872,12.03143274853801,6.631225206046329,2.6744497373653293,0.2578125
"subset_eq(index(cardinality(difference(A, B)), difference(B, A)), index(cardinality(difference(B, A)), union(A, B)))",2173.530336288619,2639.414650823921,0.0,0.925690555647578,0.9648692894516624,0.0349827353072786,0.9648692894516624,0.925690555647578,0.9648692894516624,2406.47249355627,9,0.641,6.622854914196568,5.279641185647426,2.9711388455538223,8.931357254290171,11.902496099843994,7.804500877382947,4.818941504178273,7.194986072423398,2.9784122562674096,9.035515320334262,12.013927576601672,6.470505737851177,2.631102911070964,0.2526041666666667
"subset_eq(index(cardinality(difference(A, B)), difference(B, A)), index(cardinality(intersection(A, B)), union(A, B)))",2249.3165153258014,2452.464078132296,0.0,0.0,0.8552100792001622,0.2583357679526753,0.8552100792001622,0.0,0.8552100792001622,2350.8902967290487,9,0.6345,6.615839243498818,5.297084318360914,2.988967691095351,8.923955870764381,11.912923561859731,8.014466011037326,4.863201094391245,7.130642954856361,2.9473324213406293,9.046511627906977,11.993844049247606,6.394874438815625,2.536811236742263,0.2682291666666667
"subset_eq(index(cardinality(difference(A, B)), difference(B, A)), index(cardinality(intersection(A, B)), union(difference(A, B), difference(B, A))))",3005.8635176522657,3132.28777613258,0.0,0.0,1.0,0.2627298385014895,1.0,0.0,1.0,3069.075646892423,11,0.64575,6.607046070460704,5.315137437088657,2.9682539682539684,8.953929539295393,11.922183507549361,7.772396393285174,4.823570924488355,7.155963302752293,2.9837685250529287,8.99576570218772,11.979534227240649,6.771503803248082,2.563135611993645,0.3020833333333333
"subset_eq(index(cardinality(difference(A, B)), index(cardinality(A), B)), index(cardinality(difference(A, A)), A))",291.17728267789425,311.72523765885853,0.0,0.5816581155071262,0.8514184386919448,0.0294776893647559,0.8514184386919448,0.5816581155071262,0.8514184386919448,301.4512601683764,9,0.973,6.027749229188078,5.904933196300103,2.942959917780062,8.98972250770812,11.932682425488181,8.643709551519004,4.083333333333333,8.212962962962964,4.083333333333333,8.212962962962964,12.296296296296296,6.467935528120713,3.2261751512828725,0.21875
"subset_eq(index(cardinality(difference(A, B)), index(cardinality(A), B)), index(cardinality(difference(A, A)), difference(B, A)))",288.755477391569,270.50100300909617,0.0,0.0,1.0,0.3169939350216351,1.0,0.0,1.0,279.6282402003326,10,0.97375,6.025930680359435,5.905006418485238,2.9435173299101414,8.987419768934531,11.930937098844673,8.662060605661274,4.095238095238095,8.276190476190477,4.095238095238095,8.276190476190477,12.371428571428572,6.034285714285715,3.2674988010779153,0.1484375
"subset_eq(index(cardinality(difference(A, B)), index(cardinality(A), B)), union(A, index(cardinality(A), difference(B, A))))",1117.143110403209,970.9152723685256,0.0,0.0,0.7576079060589174,0.3147039670275439,0.7576079060589174,0.0,0.7576079060589174,1044.0291913858673,10,0.98675,6.004813782619711,5.9391943248036485,2.9630098809222196,8.980998226501141,11.94400810742336,8.801124399175778,3.7735849056603774,8.056603773584905,3.7735849056603774,8.056603773584905,11.830188679245284,5.525809896760412,3.1810119374020935,0.10416666666666667
"subset_eq(index(cardinality(difference(A, B)), intersection(A, B)), index(cardinality(A), union(A, B)))",1927.3074214146473,2815.030756455846,0.0,0.0,0.70487194906638,0.3657297845325318,0.70487194906638,0.0,0.70487194906638,2371.1690889352467,8,0.63825,5.992166079122601,5.260869565217392,2.3008225616921267,8.952213082647866,11.253035644339992,7.503267432353503,5.945404284727021,7.213545266067726,4.161022805805114,8.997926744989634,13.158949550794748,6.885425556963423,2.697308659813418,0.2604166666666667
"subset_eq(index(cardinality(difference(A, B)), intersection(A, B)), index(cardinality(difference(A, A)), B))",702.3145408297778,1150.440099851301,0.0,0.0,0.8184554382805795,0.4165598349618609,0.8184554382805795,0.0,0.8184554382805795,926.3773203405394,8,0.58725,5.945083014048532,5.18348233290762,2.186462324393359,8.942103022562792,11.128565346956151,7.670316127747271,6.01817080557238,7.082374318594791,4.093882495457299,9.006662628709872,13.100545124167171,6.584913572193985,2.692468069923651,0.2682291666666667
"subset_eq(index(cardinality(difference(A, B)), intersection(A, B)), index(cardinality(intersection(A, B)), B))",2608.164438492531,3304.9743878296576,0.0,0.0,0.6836250486557003,0.3571641081177239,0.6836250486557003,0.0,0.6836250486557003,2956.5694131610944,8,0.64675,6.010823347506765,5.2787011982991885,2.335910320834944,8.953614224971009,11.289524545805953,7.588968899685573,5.910120311394197,7.227883934890304,4.141542816702052,8.996461429582448,13.1380042462845,6.885679382981504,2.6589026218044167,0.2578125
"subset_eq(index(cardinality(difference(A, B)), union(A, B)), A)",3380.7508323738803,6496.987283183262,0.0,0.7447823031401973,0.4235263447307853,0.0412898892990669,0.7447823031401973,0.7447823031401973,0.4235263447307853,4938.869057778571,5,0.663,6.296003016591252,5.783559577677225,3.141025641025641,8.938536953242835,12.079562594268477,8.786826698425068,5.344213649851632,6.328635014836795,2.644658753709199,9.02818991097923,11.672848664688427,8.159060791237074,1.203906274448936,0.30859375
"subset_eq(index(cardinality(difference(A, B)), union(A, B)), difference(A, index(cardinality(A), union(A, B))))",4502.115436292021,6856.693062298,0.0,0.7876281234309455,0.3399339058690419,0.0536573643374351,0.7876281234309455,0.7876281234309455,0.3399339058690419,5679.40424929501,9,0.64775,6.333461983790042,5.841373986877653,3.2149749131609417,8.959861057506755,12.174835970667695,8.503305015833499,5.31653655074521,6.198722498225692,2.5301632363378284,8.985095812633073,11.5152590489709,8.609347492873763,1.2770287105814668,0.2994791666666667
"subset_eq(index(cardinality(difference(A, B)), union(A, B)), difference(A, index(cardinality(B), difference(A, B))))",4830.8388673039735,7332.640094581991,0.0,0.5549944490603211,0.2441214509506019,0.0487635925727353,0.5549944490603211,0.5549944490603211,0.2441214509506019,6081.7394809429825,9,0.64525,6.281286323130569,5.853932584269663,3.184037194885703,8.95118171251453,12.135218907400233,8.650434935595426,5.4186046511627906,6.173361522198731,2.591261451726568,9.000704721634953,11.591966173361522,8.600292715244354,1.094366298463855,0.3763020833333333
"subset_eq(index(cardinality(difference(A, B)), union(A, B)), difference(B, index(cardinality(A), union(A, B))))",3996.6183644128614,6331.099277101457,0.0,0.4038064174402309,0.1086495674400599,0.0536573643374351,0.4038064174402309,0.4038064174402309,0.1086495674400599,5163.858820757159,9,0.6455,5.843532145623548,6.3601859024012395,3.2099147947327653,8.993803253292022,12.203718048024786,8.374602578417813,6.21509167842031,5.251763046544429,2.5437235543018337,8.923131170662906,11.466854724964739,8.804228725573497,1.3455365036389089,0.3411458333333333
"subset_eq(index(cardinality(difference(A, B)), union(A, B)), difference(difference(B, A), index(cardinality(B), union(A, B))))",4470.1193222518195,7348.212081424892,0.0,0.0,0.2654877929953022,0.7177093157913992,0.7177093157913992,0.0,0.7177093157913992,5909.165701838356,10,0.31525,5.315622521808089,6.469468675654243,2.716891356066614,9.068199841395717,11.785091197462332,8.082337130319004,6.278933917488135,5.736035049288061,3.092004381161008,8.922964585615189,12.014968966776197,8.759321797129097,1.2675186432266603,0.34765625
"subset_eq(index(cardinality(difference(A, B)), union(A, B)), difference(index(cardinality(B), union(A, B)), A))",2916.1401911049616,2897.239645899739,0.0,0.5169972962918454,0.6842495605771775,0.4608792909880117,0.6842495605771775,0.5169972962918454,0.6842495605771775,2906.6899185023503,9,0.02225,5.876404494382022,4.191011235955056,1.5617977528089888,8.50561797752809,10.067415730337078,5.686655725287211,5.977499360777295,6.007670672462286,3.0058808488877524,8.979289184351828,11.98517003323958,8.899776090632422,2.32289639645049,0.15755208333333334
"subset_eq(index(cardinality(difference(A, B)), union(A, B)), difference(index(cardinality(B), union(A, B)), index(cardinality(B), A)))",1080.4068542764726,1862.8650290521327,0.0,0.4302627408249256,0.5226484951181439,0.2715607319994432,0.5226484951181439,0.4302627408249256,0.5226484951181439,1471.6359416643027,11,0.0695,6.31294964028777,4.341726618705036,1.9316546762589928,8.723021582733812,10.654676258992806,5.173412349257285,5.950026867275659,6.088662009672219,3.0515851692638365,8.98710370768404,12.038688876947878,8.928525250763798,2.1065945287469385,0.2513020833333333
"subset_eq(index(cardinality(difference(A, B)), union(A, B)), difference(union(A, B), index(cardinality(B), union(A, B))))",1656.2015914182666,1928.474032813363,0.0,0.0,0.1730395120824743,0.5641816754095323,0.5641816754095323,0.0,0.5641816754095323,1792.3378121158148,10,0.91775,5.933805502587851,6.115227458458186,3.050122582402615,8.998910378643421,12.049032961046036,8.913523734103421,6.437689969604863,4.316109422492401,2.121580547112462,8.632218844984802,10.753799392097264,5.508541125821075,2.0863641999275155,0.328125
"subset_eq(index(cardinality(difference(A, B)), union(A, B)), difference(union(difference(A, B), difference(B, A)), index(cardinality(B), A)))",5353.667222661083,7881.1994058564305,0.0,0.0,0.3271445675187203,0.5229989387695978,0.5229989387695978,0.0,0.5229989387695978,6617.433314258757,11,0.64925,5.8001540238737,5.886407393145937,2.673469387755102,9.013092029264536,11.686561417019638,8.691267982116802,6.29935851746258,6.116892373485388,3.5295794725588028,8.886671418389167,12.41625089094797,8.52259159554743,1.0174737981314341,0.37890625
"subset_eq(index(cardinality(difference(A, B)), union(A, B)), index(cardinality(B), difference(A, B)))",1314.8626232177194,1855.8194693767002,0.0,0.8281635547823495,1.0,0.3905517906348064,1.0,0.8281635547823495,1.0,1585.3410462972097,8,0.018,6.888888888888889,3.1805555555555554,1.5555555555555556,8.51388888888889,10.069444444444445,6.008873456790124,5.958503054989817,6.018329938900203,2.999745417515275,8.977087576374746,11.97683299389002,8.796308476196879,3.317267792638153,0.15625
"subset_eq(index(cardinality(difference(A, B)), union(A, B)), index(cardinality(B), union(difference(A, B), difference(B, A))))",1575.9270568906359,1927.5412717363797,0.0,0.4425094158307523,0.684255984626652,0.2567882728680404,0.684255984626652,0.4425094158307523,0.684255984626652,1751.7341643135078,10,0.0415,6.156626506024097,3.86144578313253,1.4578313253012047,8.560240963855422,10.018072289156626,6.018072289156628,5.967396974439228,6.058424621804903,3.0393844548774127,8.98643714136672,12.025821596244132,8.789277308784067,2.7136385416761635,0.25390625
"subset_eq(index(cardinality(difference(A, B)), union(A, B)), index(cardinality(difference(A, A)), A))",1209.0205113894153,1876.0865646917373,0.0,0.2221796698282504,0.2014936219954904,0.1188148357911291,0.2221796698282504,0.2221796698282504,0.2014936219954904,1542.5535380405763,8,0.0765,4.529411764705882,7.186274509803922,3.2679738562091503,8.447712418300654,11.715686274509803,7.829189627920891,6.095018949648078,5.866269626421223,2.94937736870601,9.011911207363292,11.961288576069302,8.630790532592213,2.072448424339225,0.3763020833333333
"subset_eq(index(cardinality(difference(A, B)), union(A, B)), index(cardinality(difference(B, A)), difference(A, B)))",2789.2106633980584,3781.8629513762426,0.0,0.6869393210703392,0.6308708277163703,0.2968018462059295,0.6869393210703392,0.6869393210703392,0.6308708277163703,3285.5368073871505,9,0.04825,7.082901554404145,4.694300518134715,2.906735751295337,8.870466321243523,11.77720207253886,6.406131708233779,5.919096401365905,6.031783556606252,2.9771473601260836,8.973732597846073,11.950879957972157,8.89655673479433,1.7743339897255959,0.22395833333333334
"subset_eq(index(cardinality(difference(A, B)), union(A, B)), index(cardinality(intersection(A, B)), difference(A, B)))",3586.986000596371,3565.303917887155,0.0,0.4427536752951375,0.6308708277163703,0.2968018462059295,0.6308708277163703,0.4427536752951375,0.6308708277163703,3576.144959241763,9,0.04925,6.025380710659898,4.624365482233503,1.8274111675126903,8.82233502538071,10.649746192893401,6.112035867968769,5.972653168551144,6.036813042334999,3.0331317381014986,8.976334472784643,12.009466210886142,8.913419377937002,1.8578348683546935,0.22395833333333334
"subset_eq(index(cardinality(difference(A, B)), union(A, B)), intersection(B, index(cardinality(B), A)))",2230.4447891821037,3033.682627392933,0.0,0.7322533281305481,0.7593041275644418,0.5056968691637627,0.7593041275644418,0.7322533281305481,0.7593041275644418,2632.0637082875182,8,0.00975,6.897435897435898,3.58974358974359,2.3333333333333335,8.153846153846153,10.487179487179487,5.968441814595662,5.966170159050745,5.990658924514012,2.9800555415299166,8.97677354203484,11.956829083564756,8.884897378320254,2.6551647660362767,0.14453125
"subset_eq(index(cardinality(difference(A, B)), union(A, B)), intersection(B, index(cardinality(B), union(A, B))))",2354.346000161604,2879.5051962547004,0.0,0.6365553926309926,0.5762799434597807,0.2968018462059295,0.6365553926309926,0.6365553926309926,0.5762799434597807,2616.925598208152,9,0.0395,6.291139240506329,4.227848101265823,1.9936708860759493,8.525316455696203,10.518987341772151,5.795866047107836,5.962259239979177,6.03878188443519,3.0140551795939614,8.986985944820406,12.001041124414368,8.903158221915685,2.1044779229607298,0.21614583333333334
"subset_eq(index(cardinality(difference(A, B)), union(A, B)), union(A, index(cardinality(B), union(A, B))))",4237.947688189044,7690.33038687706,0.0,0.6874374916313883,0.5067402222597748,0.0364715001612325,0.6874374916313883,0.6874374916313883,0.5067402222597748,5964.139037533052,9,0.685,6.2806569343065695,5.733941605839416,3.0908759124087593,8.923722627737225,12.014598540145986,8.786008045180878,5.311111111111111,6.474603174603175,2.719047619047619,9.066666666666666,11.785714285714286,8.012678256487739,1.2754822391798366,0.2877604166666667
"subset_eq(index(cardinality(difference(A, B)), union(A, B)), union(difference(A, B), index(cardinality(A), B)))",3588.2706020239857,6305.118422249332,0.0,0.0,0.5048044588199924,0.3395305073051399,0.5048044588199924,0.0,0.5048044588199924,4946.694512136659,9,0.34175,6.302852962692026,5.294806144842721,2.638624725676664,8.959034381858084,11.597659107534747,8.548992368446495,5.805165210786176,6.316369160653247,3.1477402202810483,8.973794151158375,12.121534371439422,8.5890037761682,1.2451837938695085,0.3216145833333333
"subset_eq(index(cardinality(difference(A, B)), union(A, B)), union(difference(B, A), index(cardinality(A), union(A, B))))",4460.96548145634,7025.62243655324,0.0,0.0,0.4377105822126396,0.7969465601241502,0.7969465601241502,0.0,0.7969465601241502,5743.29395900479,10,0.3525,5.320567375886525,6.1943262411347515,2.528368794326241,8.986524822695035,11.514893617021277,8.668006639505041,6.331660231660232,5.843629343629344,3.2162162162162162,8.95907335907336,12.175289575289575,8.474330734485175,1.272175755435244,0.2994791666666667
"subset_eq(index(cardinality(difference(A, B)), union(A, B)), union(difference(B, A), index(cardinality(B), difference(A, B))))",4883.806736353261,7518.8274289779365,0.0,0.0,0.3738238442781197,0.5823748701493879,0.5823748701493879,0.0,0.5823748701493879,6201.317082665599,10,0.355,5.422535211267606,6.169014084507042,2.58943661971831,9.002112676056338,11.591549295774648,8.657807974608223,6.279457364341085,5.856201550387597,3.185271317829457,8.950387596899224,12.135658914728682,8.62124902349613,1.0895807658927896,0.37890625
"subset_eq(index(cardinality(difference(A, B)), union(A, B)), union(intersection(A, B), index(cardinality(A), B)))",3940.361141475092,7264.556790754199,0.0,0.0,0.2241874074249369,0.2594938145322624,0.2594938145322624,0.0,0.2594938145322624,5602.458966114646,9,0.328,6.2057926829268295,6.283536585365853,3.5998475609756095,8.889481707317072,12.489329268292684,8.401600145002952,5.862723214285714,5.812872023809524,2.668154761904762,9.007440476190476,11.675595238095237,8.70155912299807,1.0987598744307967,0.40625
"subset_eq(index(cardinality(difference(A, B)), union(A, B)), union(intersection(A, B), index(cardinality(A), union(A, B))))",4029.2300961354777,8134.3496554121375,0.0,0.0,0.432032209462468,0.432032209462468,0.432032209462468,0.0,0.432032209462468,6081.789875773808,10,0.35625,6.0610526315789475,6.074385964912281,3.314385964912281,8.821052631578947,12.135438596491229,9.615431702062246,5.927766990291262,5.907961165048544,2.785242718446602,9.050485436893204,11.835728155339806,8.315180846451089,0.5704865041904083,0.36328125
"subset_eq(index(cardinality(difference(A, B)), union(difference(A, B), difference(B, A))), A)",2828.038992785023,4119.054052873282,0.0,0.7790522479901814,0.7865160529135605,0.0598491496227178,0.7865160529135605,0.7790522479901814,0.7865160529135605,3473.5465228291523,7,0.498,6.474899598393574,5.415160642570281,2.946285140562249,8.943775100401606,11.890060240963855,8.56194506943442,5.479581673306773,6.514940239043825,3.000996015936255,8.993525896414342,11.994521912350598,8.181076986873196,1.4843066437575485,0.28125
"subset_eq(index(cardinality(difference(A, B)), union(difference(A, B), difference(B, A))), difference(B, index(cardinality(A), B)))",3166.6294827962556,4772.909765143879,0.0,0.4252979266987516,0.4660527335549029,0.0457967746819572,0.4660527335549029,0.4252979266987516,0.4660527335549029,3969.769623970067,10,0.51225,5.701805758906784,6.348462664714495,3.0980966325036605,8.952171791117618,12.05026842362128,8.988467275993866,6.262429523321374,5.566888774987186,2.8431573552024605,8.9861609431061,11.829318298308559,8.333039004561007,0.9950632067565954,0.3111979166666667
"subset_eq(index(cardinality(difference(A, B)), union(difference(A, B), difference(B, A))), difference(B, index(cardinality(B), union(A, B))))",4257.05774704949,6252.703269332647,0.0,0.0,0.3233134806375397,0.4006025685620679,0.4006025685620679,0.0,0.4006025685620679,5254.880508191069,11,0.4855,5.583419155509784,6.458290422245108,3.107106076210093,8.9346035015448,12.041709577754892,9.28595224433385,6.344995140913508,5.503887269193392,2.847910592808552,9.000971817298348,11.8488824101069,7.800927145813227,1.2482250032403894,0.33203125
"subset_eq(index(cardinality(difference(A, B)), union(difference(A, B), difference(B, A))), difference(index(cardinality(A), B), index(cardinality(A), difference(B, A))))",1299.1220854588964,1222.086131899181,0.0,0.5258054340692109,0.6490023803726399,0.0927400945848538,0.6490023803726399,0.5258054340692109,0.6490023803726399,1260.6041086790387,13,0.048,6.505208333333333,5.083333333333333,3.3958333333333335,8.192708333333334,11.588541666666666,15.040310329861107,5.948529411764706,6.011817226890757,2.952468487394958,9.007878151260504,11.960346638655462,8.479960228576513,1.169848771819812,0.2721354166666667
"subset_eq(index(cardinality(difference(A, B)), union(difference(A, B), difference(B, A))), difference(index(cardinality(A), union(A, B)), index(cardinality(A), difference(B, A))))",810.6675694903679,1202.1259940896853,0.0,0.4633401792585234,1.0,0.038015294801239,1.0,0.4633401792585234,1.0,1006.3967817900266,14,0.34575,6.297180043383948,4.923355025307303,2.475777295733912,8.744757772957339,11.220535068691252,9.283205999511681,5.80512036683225,6.518914787925105,3.2369124952235384,9.087122659533817,12.324035154757356,7.704702900073295,1.8350096657171189,0.24479166666666666
"subset_eq(index(cardinality(difference(A, B)), union(difference(A, B), difference(B, A))), index(cardinality(B), union(A, B)))",3061.60562092904,4126.501654610038,0.0,0.6198909329649126,0.5527998454131349,0.0686177387632865,0.6198909329649126,0.6198909329649126,0.5527998454131349,3594.053637769539,10,0.14625,6.562393162393162,5.128205128205129,3.0205128205128204,8.67008547008547,11.69059829059829,8.257298560888296,5.874670571010249,6.1109809663250365,2.965739385065886,9.0199121522694,11.985651537335286,8.80008060211489,1.2007542795765402,0.3619791666666667
"subset_eq(index(cardinality(difference(A, B)), union(difference(A, B), difference(B, A))), index(cardinality(difference(A, A)), A))",1706.1595723497976,1694.8019044782925,0.0,0.5986053993224484,0.732406310373676,0.0927400945848538,0.732406310373676,0.5986053993224484,0.732406310373676,1700.480738414045,10,0.056,6.334821428571429,5.25,3.3973214285714284,8.1875,11.584821428571429,14.129583864795915,5.953919491525424,6.00979872881356,2.948622881355932,9.01509533898305,11.963718220338983,8.48012045860563,0.9610987359399641,0.28515625
"subset_eq(index(cardinality(difference(A, B)), union(difference(A, B), difference(B, A))), index(cardinality(difference(A, B)), difference(B, A)))",1459.5481957236007,992.040787593789,0.0,0.0,0.381972438920697,0.4425372790339114,0.4425372790339114,0.0,0.4425372790339114,1225.7944916586948,11,0.17325,5.053391053391054,6.956709956709957,3.4155844155844157,8.594516594516595,12.01010101010101,11.067154746808384,6.1684306017538555,5.759903235560931,2.881161173268824,9.047172664045963,11.928333837314787,7.8386474192384945,1.7208334388103086,0.3203125
"subset_eq(index(cardinality(difference(A, B)), union(difference(A, B), difference(B, A))), index(cardinality(difference(B, A)), difference(A, B)))",2068.3124989704665,2802.009469271172,0.0,0.9206758317420948,0.810943382133462,0.0966398244109594,0.9206758317420948,0.9206758317420948,0.810943382133462,2435.160984120819,11,0.0975,7.133333333333334,4.871794871794871,3.453846153846154,8.551282051282051,12.005128205128205,8.279368836291924,5.850138504155125,6.085595567867036,2.9218836565096953,9.013850415512465,11.93573407202216,8.589457877087922,1.8446910847042668,0.2630208333333333
"subset_eq(index(cardinality(difference(A, B)), union(difference(A, B), difference(B, A))), intersection(A, index(cardinality(B), union(A, B))))",2896.6531909267655,4638.345899136737,0.0,0.6941474999882746,0.6931892959346269,0.0890794964892917,0.6941474999882746,0.6941474999882746,0.6931892959346269,3767.499545031751,11,0.099,6.8232323232323235,4.982323232323233,3.2525252525252526,8.553030303030303,11.805555555555555,8.721571778389965,5.882075471698113,6.0754716981132075,2.943118756936737,9.014428412874583,11.95754716981132,8.677865480579577,1.4752905364575244,0.2877604166666667
"subset_eq(index(cardinality(difference(A, B)), union(difference(A, B), difference(B, A))), intersection(B, index(cardinality(A), union(A, B))))",1956.2362389002883,2744.3465532208793,0.0,0.0,0.8043451831752955,0.33799363574665,0.8043451831752955,0.0,0.8043451831752955,2350.291396060584,11,0.16125,5.924031007751938,5.190697674418605,2.517829457364341,8.5968992248062,11.114728682170542,11.035332011297406,5.985096870342772,6.116542473919523,3.0614008941877793,9.040238450074515,12.101639344262296,8.373825395732425,1.0753546109387153,0.29296875
"subset_eq(index(cardinality(difference(A, B)), union(difference(A, B), difference(B, A))), union(A, index(cardinality(A), B)))",2947.8870962481305,4813.674966113642,0.0,0.0,0.5865226482702108,0.2688078071329154,0.5865226482702108,0.0,0.5865226482702108,3880.781031180886,10,0.5185,6.362102217936354,5.471552555448409,2.909353905496625,8.924300867888139,11.833654773384763,8.912449122115305,5.558670820353063,6.501038421599169,3.043094496365524,9.016614745586708,12.059709241952232,8.044661294479317,1.3127184408214825,0.2955729166666667
"subset_eq(index(cardinality(difference(A, B)), union(difference(A, B), difference(B, A))), union(index(cardinality(A), difference(B, A)), index(cardinality(B), union(A, B))))",2677.370725571236,4711.343115975149,0.0,0.0,0.566018561188988,0.2636746684880966,0.566018561188988,0.0,0.566018561188988,3694.3569207731925,14,0.1495,6.461538461538462,5.137123745819398,2.9548494983277593,8.643812709030101,11.59866220735786,8.718258185031498,5.889770723104056,6.113168724279835,2.9770723104056436,9.025867136978247,12.002939447383891,8.74573607322307,1.1314044370024712,0.3880208333333333
"subset_eq(index(cardinality(difference(A, B)), union(difference(A, B), difference(B, A))), union(index(cardinality(B), union(A, B)), index(cardinality(B), difference(A, B))))",4102.232384978328,6004.859096694738,0.0,0.7017069551242433,0.6727761095085338,0.0625910861426132,0.7017069551242433,0.7017069551242433,0.6727761095085338,5053.545740836533,14,0.172,6.600290697674419,4.90406976744186,2.8357558139534884,8.668604651162791,11.50436046511628,8.186811283126024,5.845410628019324,6.188103864734299,3.002415458937198,9.031099033816425,12.033514492753623,8.685065396800427,1.4987871496107066,0.3489583333333333
"subset_eq(index(cardinality(difference(B, A)), A), B)",3556.768566230412,6559.168758895248,0.5937647067303562,0.0,0.0392124876291127,0.665517020445592,0.665517020445592,0.5937647067303562,0.665517020445592,5057.96866256283,4,0.6015,5.611803823773899,6.4397339983374895,3.1217788861180384,8.92975893599335,12.051537822111388,8.831867408231979,6.523839397741531,5.254077791718946,2.7503136762860727,9.027603513174403,11.777917189460476,7.576618876621758,1.5412903459734797,0.3125
"subset_eq(index(cardinality(difference(B, A)), A), difference(A, index(cardinality(A), B)))",2103.4989296759304,3310.0196897829883,0.0,0.0,0.7566930973369748,0.5708840741550897,0.7566930973369748,0.0,0.7566930973369748,2706.7593097294593,7,0.97375,5.997946084724005,5.941463414634146,2.96405648267009,8.97535301668806,11.93940949935815,8.963835732918525,5.133333333333334,6.923809523809524,3.3333333333333335,8.723809523809523,12.057142857142857,5.28108843537415,1.359751624567926,0.0625
"subset_eq(index(cardinality(difference(B, A)), A), difference(B, index(cardinality(A), B)))",5373.477950049564,7226.150066792965,0.5120444010239394,0.0,0.042589761259402,0.5775620747051425,0.5775620747051425,0.5120444010239394,0.5775620747051425,6299.814008421265,7,0.57525,5.6336375488917865,6.4176445023902655,3.1121251629726205,8.93915688830943,12.051282051282051,8.963476190179385,6.437904649793997,5.357268981753973,2.786344908769865,9.008828722778105,11.79517363154797,7.754112882244518,1.3701731964925994,0.35546875
"subset_eq(index(cardinality(difference(B, A)), A), difference(B, index(cardinality(A), union(A, B))))",4976.838346211007,7031.156554244459,0.532820831320311,0.0,0.0462764533622609,0.574995168878684,0.574995168878684,0.532820831320311,0.574995168878684,6003.997450227733,8,0.5595,5.618856121537086,6.446827524575514,3.1201966041108133,8.945487042001787,12.0656836461126,9.099081907198716,6.427922814982974,5.358115777525539,2.7877412031782067,8.998297389330306,11.786038592508513,7.581872188888617,1.39657036207179,0.359375
"subset_eq(index(cardinality(difference(B, A)), A), difference(difference(A, B), index(cardinality(B), A)))",4376.191914340219,7363.0555344596505,0.2583049408021806,0.0,0.0542380845562755,0.5575408676018322,0.5575408676018322,0.2583049408021806,0.5575408676018322,5869.623724399935,8,0.583,5.635934819897084,5.8915094339622645,2.5561749571183534,8.971269296740996,11.527444253859349,8.91151339113654,6.4496402877697845,6.0731414868105515,3.5575539568345325,8.965227817745804,12.522781774580336,7.936827516404131,1.303022138008556,0.39453125
"subset_eq(index(cardinality(difference(B, A)), A), difference(index(cardinality(B), union(A, B)), index(cardinality(A), union(A, B))))",2675.2035398223998,4298.394411320332,0.0,0.0,0.3451959917762965,0.8432040365733432,0.8432040365733432,0.0,0.8432040365733432,3486.798975571366,11,0.27925,4.425246195165622,6.493285586392122,2.08325872873769,8.835273052820053,10.918531781557745,7.391688153057395,6.575789108567465,5.763440860215054,3.318765175164759,9.020464793617759,12.339229968782519,7.764938750716124,2.5853402727444235,0.3307291666666667
"subset_eq(index(cardinality(difference(B, A)), A), index(cardinality(A), B))",1730.254863380258,2357.8407335568627,1.0,0.0,0.0879086521926741,1.0,1.0,1.0,1.0,2044.0477984685604,6,0.226,3.997787610619469,6.922566371681416,2.131637168141593,8.788716814159292,10.920353982300885,5.847643707416383,6.552648578811369,5.6883074935400515,3.2196382428940566,9.021317829457365,12.240956072351421,7.833290141818371,3.03882475370393,0.2864583333333333
"subset_eq(index(cardinality(difference(B, A)), A), index(cardinality(difference(A, A)), intersection(A, B)))",2782.8617868687143,5065.412058359012,0.4209303784077749,0.0,0.0482538928909098,0.5731364810101328,0.5731364810101328,0.4209303784077749,0.5731364810101328,3924.136922613863,8,0.2995,4.868113522537563,6.202003338898163,2.3747913188647747,8.695325542570952,11.070116861435727,9.820694479669807,6.4486081370449675,5.866880799428979,3.2298358315488938,9.085653104925054,12.315488936473947,7.68957754759659,1.8279418649449461,0.3932291666666667
"subset_eq(index(cardinality(difference(B, A)), A), index(cardinality(difference(A, A)), union(difference(A, B), difference(B, A))))",1920.0831543077875,3215.4045394242276,0.0,0.0,0.3659585865387669,0.6006830553535394,0.6006830553535394,0.0,0.6006830553535394,2567.7438468660075,10,0.25925,4.659594985535198,6.415621986499517,2.3625843780135005,8.712632594021215,11.075216972034715,9.852108439056792,6.4357070536618295,5.8103273709078636,3.1876476544043197,9.058386770165374,12.246034424569693,7.622476968447339,2.049801224572291,0.38671875
"subset_eq(index(cardinality(difference(B, A)), A), intersection(B, index(cardinality(B), union(A, B))))",2589.622584780158,3122.854010267998,0.7510580999102668,0.0,0.0856365585547138,0.9386782535949606,0.9386782535949606,0.7510580999102668,0.9386782535949606,2856.238297524078,8,0.24375,4.154871794871795,6.764102564102564,2.116923076923077,8.802051282051282,10.918974358974358,6.126863905325418,6.56198347107438,5.710413223140496,3.2499173553719007,9.022479338842976,12.272396694214876,7.935362885048855,2.8614898014785353,0.2916666666666667
"subset_eq(index(cardinality(difference(B, A)), A), intersection(index(cardinality(A), union(A, B)), index(cardinality(B), union(A, B))))",1757.9607116861662,2589.4069430573145,0.8324696192768842,0.0,0.079329698520826,1.0,1.0,0.8324696192768842,1.0,2173.6838273717403,11,0.2235,4.017897091722595,6.76510067114094,2.01006711409396,8.772930648769576,10.782997762863534,5.778648609421981,6.538634900193174,5.737604636188023,3.251126851255634,9.025112685125563,12.276239536381198,7.950531115855171,2.991671183820312,0.296875
"subset_eq(index(cardinality(difference(B, A)), A), union(index(cardinality(B), A), index(cardinality(A), union(A, B))))",2801.942169142101,4300.279579137918,0.0,0.0,0.3203484623850793,1.0,1.0,0.0,1.0,3551.1108741400094,10,0.29325,4.374254049445866,6.468883205456096,2.0988917306052857,8.744245524296675,10.843137254901961,7.271341762547368,6.6395472232048105,5.759108595684471,3.336752741422002,9.06190307746728,12.398655818889281,7.70431318896851,2.677243552958064,0.2786458333333333
"subset_eq(index(cardinality(difference(B, A)), B), A)",2405.261971728134,4206.4752092093695,0.0,0.0,0.7635681881742503,0.4275717631799092,0.7635681881742503,0.0,0.7635681881742503,3305.868590468752,4,0.54125,6.279907621247113,5.821247113163972,3.2267898383371825,8.874364896073903,12.101154734411086,9.333163225575916,5.615803814713897,6.139509536784741,2.6752043596730246,9.080108991825613,11.755313351498637,7.83029052112647,0.9200931346412936,0.23828125
"subset_eq(index(cardinality(difference(B, A)), B), difference(B, index(cardinality(B), A)))",2994.6658438424347,4172.956968336832,0.0,0.0,0.2714532795446165,0.7397926311235918,0.7397926311235918,0.0,0.7397926311235918,3583.8114060896332,7,0.97425,5.9576597382602,6.018988965871183,2.995894277649474,8.980754426481909,11.976648704131383,8.901902854021007,6.640776699029126,4.009708737864078,2.1359223300970873,8.514563106796116,10.650485436893204,5.096427561504378,2.2898488088359685,0.10807291666666667
"subset_eq(index(cardinality(difference(B, A)), B), difference(B, index(cardinality(B), union(A, B))))",2281.0862742155223,3980.5745730688795,0.0,0.0,0.4037147444319667,0.5275347816882379,0.5275347816882379,0.0,0.5275347816882379,3130.830423642201,8,0.87775,6.0313301053830815,6.019082882369696,3.073768157220165,8.976644830532612,12.050412987752777,9.082357186239875,5.572597137014315,5.595092024539877,2.2556237218813906,8.912065439672801,11.167689161554192,6.919802108555915,1.0293514952956972,0.2552083333333333
"subset_eq(index(cardinality(difference(B, A)), B), index(cardinality(A), difference(B, A)))",1301.351475349631,1948.4929928309284,0.0,0.0,0.8034910301169751,1.0,1.0,0.0,1.0,1624.9222340902797,7,0.0585,3.9572649572649574,5.166666666666667,0.7735042735042735,8.350427350427351,9.123931623931623,8.688837752940325,6.100637280934679,6.016994158258099,3.110462028677642,9.007169410515136,12.117631439192778,8.458998942095757,3.2830585298307535,0.2421875
"subset_eq(index(cardinality(difference(B, A)), B), index(cardinality(A), union(A, B)))",2698.0967335203895,3753.695420484524,0.0,0.0,0.4497195766567773,0.8112443864810812,0.8112443864810812,0.0,0.8112443864810812,3225.896077002457,7,0.14575,5.176672384219554,5.497427101200686,2.058319039451115,8.615780445969126,10.674099485420241,8.453471574543453,6.111501316944688,6.047410008779631,3.1299385425812116,9.028972783143107,12.15891132572432,8.76587778455243,1.5247146262752906,0.3619791666666667
"subset_eq(index(cardinality(difference(B, A)), B), index(cardinality(difference(A, A)), A))",810.3396207437181,761.4911781331757,0.0,0.0,0.5583388559161546,0.5583388559161546,0.5583388559161546,0.0,0.5583388559161546,785.9153994384469,7,0.0625,5.604,4.42,2.032,7.992,10.024,15.273183999999983,6.0,6.0704,3.0365333333333333,9.033866666666666,12.0704,8.317170062221944,1.9722381645678035,0.3177083333333333
"subset_eq(index(cardinality(difference(B, A)), B), index(cardinality(difference(A, A)), difference(B, A)))",1231.6077458426034,2506.9260783969075,0.0,0.0,0.5107617929162838,0.7910083191187903,0.7910083191187903,0.0,0.7910083191187903,1869.2669121197555,8,0.11425,6.12253829321663,4.962800875273523,2.6170678336980306,8.468271334792123,11.085339168490153,11.464742469439631,5.956251764041773,6.096810612475303,3.0197572678521025,9.033305108664972,12.053062376517076,8.439560453567008,1.214820181851124,0.3203125
"subset_eq(index(cardinality(difference(B, A)), B), index(cardinality(difference(A, B)), union(difference(A, B), difference(B, A))))",4316.914429913362,6113.051710753236,0.0,0.0,0.5682205978520747,0.7861441661583036,0.7861441661583036,0.0,0.7861441661583036,5214.983070333299,10,0.115,5.528260869565218,5.415217391304348,2.2978260869565217,8.645652173913044,10.943478260869565,9.740595463138,6.033333333333333,6.038983050847458,3.0615819209039548,9.010734463276837,12.072316384180791,8.721902390756227,1.1079281409779174,0.31640625
"subset_eq(index(cardinality(difference(B, A)), B), index(cardinality(difference(B, A)), union(difference(A, B), difference(B, A))))",3378.583762696311,4335.940068306401,0.0,0.0,0.660572815425368,0.660572815425368,0.660572815425368,0.0,0.660572815425368,3857.2619155013563,10,0.14475,5.191709844559585,5.66321243523316,2.174438687392055,8.680483592400691,10.854922279792746,9.44002672704114,6.107863197895353,6.018707980122771,3.1090324466530253,9.017538731365098,12.126571178018123,8.641439238925333,1.3561635388529971,0.265625
"subset_eq(index(cardinality(difference(B, A)), B), index(cardinality(intersection(A, B)), A))",3783.884392180771,6692.410096812993,0.0,0.0,0.9155172696113286,0.5682205978520747,0.9155172696113286,0.0,0.9155172696113286,5238.147244496882,7,0.1135,5.319383259911894,5.290748898678414,2.0286343612334803,8.581497797356828,10.610132158590309,9.476964427797931,6.05922165820643,6.053863508178229,3.0947546531302876,9.018330513254371,12.113085166384659,8.676414151102085,1.5054292542717553,0.296875
"subset_eq(index(cardinality(difference(B, A)), B), index(cardinality(intersection(A, B)), union(difference(A, B), difference(B, A))))",3285.5375318259175,4377.637523745187,0.0,0.0,0.6378023244010078,0.7802991144970092,0.7802991144970092,0.0,0.7802991144970092,3831.587527785552,10,0.0835,5.119760479041916,5.320359281437126,1.841317365269461,8.598802395209582,10.440119760479043,10.015830614220658,6.053191489361702,6.026186579378069,3.076923076923077,9.002454991816695,12.079378068739771,8.648877239694588,1.7018246385031184,0.2708333333333333
"subset_eq(index(cardinality(difference(B, A)), B), union(A, index(cardinality(A), difference(B, A))))",3937.2379760917975,6412.888648178428,0.0,0.0,0.665389054608714,0.4662010588100891,0.665389054608714,0.0,0.665389054608714,5175.063312135113,8,0.568,6.158010563380282,5.866197183098592,3.1544894366197185,8.869718309859154,12.024207746478874,9.494872901582056,5.734953703703703,6.1001157407407405,2.736111111111111,9.098958333333334,11.835069444444445,7.795013637045688,0.639324191145758,0.23828125
"subset_eq(index(cardinality(difference(B, A)), B), union(difference(B, A), index(cardinality(A), B)))",3457.547430902923,5275.523956245277,0.0,0.0,0.3279966071543954,0.7267313753038109,0.7267313753038109,0.0,0.7267313753038109,4366.5356935741,8,0.5225,5.451196172248804,6.042105263157895,2.5023923444976077,8.99090909090909,11.493301435406698,8.388536434605403,6.548691099476439,5.885340314136125,3.4895287958115184,8.944502617801048,12.434031413612566,8.302873824730693,1.484422021544012,0.2994791666666667
"subset_eq(index(cardinality(difference(B, A)), B), union(index(cardinality(A), B), index(cardinality(B), union(A, B))))",4291.814139603288,7323.0282068140805,0.0,0.0,0.5818850187676003,0.5474682367484676,0.5818850187676003,0.0,0.5818850187676003,5807.421173208684,10,0.22275,5.019079685746353,5.739618406285073,1.998877665544332,8.759820426487094,10.758698092031425,8.025081844760141,6.249276294628498,6.032486330009649,3.253136056609842,9.028626568028304,12.281762624638148,8.60496047902912,1.7811006228762358,0.3658854166666667
"subset_eq(index(cardinality(difference(B, A)), difference(A, B)), difference(index(cardinality(A), union(A, B)), index(cardinality(B), difference(A, B))))",1944.9841489460814,1936.7826358671882,1.0,0.0,0.0421517858294361,1.0,1.0,1.0,1.0,1940.8833924066348,12,0.6265,5.2601755786113324,6.706703910614525,3.011173184357542,8.955706304868317,11.966879489225859,7.206337989145349,7.174698795180723,4.7269076305220885,2.9109772423025433,8.990629183400268,11.901606425702811,7.033134770227749,2.7559085043330716,0.265625
"subset_eq(index(cardinality(difference(B, A)), difference(A, B)), difference(index(cardinality(B), A), index(cardinality(A), union(A, B))))",1727.6647563812367,2482.4327461898506,0.0,0.0,0.2852498745763865,0.8015842664451569,0.8015842664451569,0.0,0.8015842664451569,2105.0487512855434,11,0.69975,5.381922115041086,6.430153626295105,2.859592711682744,8.952483029653447,11.81207574133619,8.052400432400638,7.358034970857618,4.88842631140716,3.2398001665278935,9.006661115736886,12.246461282264779,6.474450586210055,2.5350548004165097,0.24348958333333334
"subset_eq(index(cardinality(difference(B, A)), difference(A, B)), index(cardinality(B), union(difference(A, B), difference(B, A))))",2320.8481822667054,2677.331207374111,0.0,0.0,0.2591454540440404,0.9641099314169628,0.9641099314169628,0.0,0.9641099314169628,2499.089694820408,10,0.63875,5.272407045009785,6.591389432485323,2.9076320939334637,8.956164383561644,11.863796477495107,7.675067420850819,7.217993079584775,4.863667820069204,3.0906574394463666,8.991003460207612,12.08166089965398,6.784861292369612,2.6084143200502306,0.2760416666666667
"subset_eq(index(cardinality(difference(B, A)), difference(A, B)), index(cardinality(difference(A, B)), union(A, B)))",2230.928082808452,2414.64433026826,0.925690555647578,0.0,0.0349827353072786,0.9648692894516624,0.9648692894516624,0.925690555647578,0.9648692894516624,2322.786206538356,9,0.62775,5.294703305455994,6.660294703305456,3.0075667064914375,8.947431302270012,11.95499800876145,7.533680003920564,7.122901276024177,4.798522498321021,2.916722632639355,9.004701141705842,11.921423774345199,6.972156233241226,2.610891841612033,0.2526041666666667
"subset_eq(index(cardinality(difference(B, A)), difference(A, B)), index(cardinality(intersection(A, B)), union(A, B)))",2039.475384976191,2117.348907820182,0.0,0.0,0.2583357679526753,0.8552100792001622,0.8552100792001622,0.0,0.8552100792001622,2078.4121463981865,9,0.623,5.29975922953451,6.648876404494382,3.0176565008025684,8.930979133226325,11.948635634028893,7.676614926995932,7.091511936339523,4.840848806366048,2.901193633952255,9.031167108753316,11.932360742705571,6.9109418204588415,2.5481179637708684,0.2682291666666667
"subset_eq(index(cardinality(difference(B, A)), index(cardinality(B), A)), difference(difference(A, B), index(cardinality(B), difference(A, B))))",702.5416028955951,754.9789093337604,0.7155512988794046,0.0,0.0272404821690073,0.93103706631967,0.93103706631967,0.7155512988794046,0.93103706631967,728.7602561146778,11,0.98275,5.93843805647418,6.0,2.9539557364538287,8.984482320020351,11.93843805647418,8.680600055873558,8.072463768115941,4.101449275362318,4.101449275362318,8.072463768115941,12.173913043478262,10.418399495904223,3.0781978516344792,0.1875
"subset_eq(index(cardinality(difference(B, A)), intersection(A, B)), difference(A, index(cardinality(B), union(A, B))))",2488.5978914982697,3811.2348338500597,0.0,0.0,0.2985164946301656,0.736163226547881,0.736163226547881,0.0,0.736163226547881,3149.9163626741647,9,0.94175,5.938677993097956,5.97929386779931,2.930183169631006,8.98778869126626,11.917971860897266,9.027799081470405,6.5665236051502145,5.772532188841201,3.6781115879828326,8.660944206008583,12.339055793991417,5.691392363093815,0.9981670318324061,0.13020833333333334
"subset_eq(index(cardinality(difference(B, A)), intersection(A, B)), index(cardinality(difference(B, A)), B))",886.9308693805715,1448.0475430029328,0.0,0.0,0.7928094437622925,0.736163226547881,0.7928094437622925,0.0,0.7928094437622925,1167.4892061917521,8,0.717,5.612622036262204,5.825662482566249,2.5251046025104604,8.913179916317992,11.438284518828452,8.973684274512918,6.893992932862191,6.325971731448763,4.110424028268551,9.109540636042404,13.219964664310954,6.046815105694892,2.0989183883269025,0.11458333333333333
"subset_eq(index(cardinality(difference(B, A)), union(A, B)), A)",3584.0892134239257,5478.868270277977,0.0,0.0,0.8963858172182586,0.212381852253386,0.8963858172182586,0.0,0.8963858172182586,4531.478741850951,5,0.675,6.295185185185185,5.784814814814815,3.120740740740741,8.959259259259259,12.08,8.71159588477372,5.310769230769231,6.346153846153846,2.6684615384615387,8.988461538461538,11.656923076923077,8.331969230769216,1.2201363678817332,0.2903645833333333
"subset_eq(index(cardinality(difference(B, A)), union(A, B)), difference(A, index(cardinality(B), A)))",4093.384125528799,5693.433561434038,0.2827444816932575,0.0,0.0439330563810198,0.2065906358345303,0.2827444816932575,0.2827444816932575,0.2065906358345303,4893.408843481418,8,0.672,6.293898809523809,5.802083333333333,3.134672619047619,8.961309523809524,12.095982142857142,8.617463196216063,5.322408536585366,6.305640243902439,2.6440548780487805,8.983993902439025,11.628048780487806,8.560553846296827,1.199195013489765,0.3372395833333333
"subset_eq(index(cardinality(difference(B, A)), union(A, B)), difference(B, A))",3514.6449492160027,6179.200944128446,0.8998577590086448,0.0,0.1134162981189799,0.4597451331889053,0.8998577590086448,0.8998577590086448,0.4597451331889053,4846.9229466722245,6,0.325,5.310769230769231,6.346153846153846,2.6684615384615387,8.988461538461538,11.656923076923077,8.331969230769216,6.295185185185185,5.784814814814815,3.120740740740741,8.959259259259259,12.08,8.71159588477372,1.2201363678817332,0.28515625
"subset_eq(index(cardinality(difference(B, A)), union(A, B)), difference(B, index(cardinality(A), B)))",5732.011993428459,8554.724514238536,0.4551426557282414,0.0,0.0560291402085666,0.2942906172834121,0.4551426557282414,0.4551426557282414,0.2942906172834121,7143.368253833498,8,0.61125,5.907566462167689,6.274437627811861,3.189366053169734,8.992638036809815,12.18200408997955,8.691344047574223,6.081672025723472,5.484244372990354,2.634726688102894,8.931189710610932,11.565916398713826,8.732683078131954,0.9809908014391533,0.4466145833333333
"subset_eq(index(cardinality(difference(B, A)), union(A, B)), difference(B, index(cardinality(A), difference(B, A))))",5341.758098080638,8207.449179850519,0.5549944490603211,0.0,0.0487635925727353,0.2441214509506019,0.5549944490603211,0.5549944490603211,0.2441214509506019,6774.603638965578,9,0.636,5.849056603773585,6.30935534591195,3.175314465408805,8.98309748427673,12.158411949685535,8.629945351746368,6.195741758241758,5.3695054945054945,2.621565934065934,8.94368131868132,11.565247252747254,8.622491433703681,1.144615994769313,0.3763020833333333
"subset_eq(index(cardinality(difference(B, A)), union(A, B)), difference(index(cardinality(A), union(A, B)), A))",1960.2579734178723,2546.0212422790937,0.6365553926309926,0.0,0.2968018462059295,0.5762799434597807,0.6365553926309926,0.6365553926309926,0.5762799434597807,2253.139607848483,9,0.043,4.372093023255814,6.5,2.127906976744186,8.744186046511627,10.872093023255815,5.173607355327207,6.047283176593521,5.943312434691745,3.011755485893417,8.97884012539185,11.990595611285267,8.937041067905538,1.9741710367477694,0.21614583333333334
"subset_eq(index(cardinality(difference(B, A)), union(A, B)), difference(index(cardinality(A), union(A, B)), index(cardinality(A), B)))",1712.0713188841478,2174.278196884552,0.4302627408249256,0.0,0.2715607319994432,0.5226484951181439,0.5226484951181439,0.4302627408249256,0.5226484951181439,1943.17475788435,11,0.075,4.386666666666667,6.3966666666666665,2.01,8.773333333333333,10.783333333333333,4.943800000000005,6.104054054054054,5.9324324324324325,3.051891891891892,8.984594594594595,12.036486486486487,8.954132505478233,2.0616671838544622,0.2513020833333333
"subset_eq(index(cardinality(difference(B, A)), union(A, B)), difference(union(A, B), index(cardinality(A), B)))",1498.5375236088876,2010.2735016340157,0.0,0.0,0.6437627397957426,0.3231115605146895,0.6437627397957426,0.0,0.6437627397957426,1754.4055126214516,9,0.96,6.059635416666667,5.921614583333334,2.9973958333333335,8.983854166666667,11.98125,8.851053466796827,3.95,7.0625,2.40625,8.60625,11.0125,5.028593749999999,2.4701486840844975,0.22265625
"subset_eq(index(cardinality(difference(B, A)), union(A, B)), difference(union(A, B), index(cardinality(A), difference(B, A))))",1353.9208305419452,1668.6224219902651,0.0,0.0,0.7846146290501931,0.2653884762553142,0.7846146290501931,0.0,0.7846146290501931,1511.2716262661052,10,0.98475,6.018024879411018,5.953033764914953,2.993145468392993,8.977913175932978,11.971058644325971,8.838567540625627,3.2131147540983607,6.885245901639344,1.721311475409836,8.37704918032787,10.098360655737705,5.1835528083848414,3.2177790453424864,0.11458333333333333
"subset_eq(index(cardinality(difference(B, A)), union(A, B)), difference(union(A, B), index(cardinality(A), union(A, B))))",812.1235571777042,1237.4257407577243,0.0,0.0,0.5641816754095323,0.1730395120824743,0.5641816754095323,0.0,0.5641816754095323,1024.7746489677143,10,0.90925,6.135826230409679,5.906241407753643,3.049766290899093,8.99230134726423,12.04206763816332,8.938388778939311,4.366391184573002,6.578512396694215,2.212121212121212,8.732782369146005,10.944903581267218,5.1828578800780285,2.0699028822645227,0.328125
"subset_eq(index(cardinality(difference(B, A)), union(A, B)), index(cardinality(difference(A, A)), union(difference(A, B), difference(B, A))))",1271.0798382204848,1499.4575020927587,0.0,0.0,0.5092054335755523,0.3020323872168423,0.5092054335755523,0.0,0.5092054335755523,1385.2686701566217,11,0.07975,7.1880877742946705,5.072100313479623,3.843260188087774,8.41692789968652,12.260188087774294,8.037853401597854,5.8701439826134205,6.044824775876121,2.898397174680793,9.016571583808748,11.914968758489541,8.593079833658997,1.8910142336535243,0.3763020833333333
"subset_eq(index(cardinality(difference(B, A)), union(A, B)), index(cardinality(difference(A, B)), A))",2290.62003622012,4111.001537825447,0.5539582924947869,0.0,0.1594376926441884,0.3344164498898738,0.5539582924947869,0.5539582924947869,0.3344164498898738,3200.810787022783,8,0.11475,5.379084967320262,6.816993464052287,3.440087145969499,8.75599128540305,12.196078431372548,6.849369425814375,6.052527534594748,5.85710251341429,2.91330132730867,8.996328720700367,11.909630048009037,8.96399709028387,1.2854644403001305,0.3072916666666667
"subset_eq(index(cardinality(difference(B, A)), union(A, B)), index(cardinality(difference(A, B)), B))",2408.689491071156,3315.349186266307,0.4132113471319956,0.0,0.1835677040084006,0.3440930560971785,0.4132113471319956,0.4132113471319956,0.3440930560971785,2862.0193386687315,8,0.095,5.628947368421053,6.523684210526316,3.3394736842105264,8.813157894736841,12.152631578947368,6.732119113573413,6.011602209944751,5.9088397790055245,2.9353591160220995,8.985082872928176,11.920441988950277,9.069193248069363,0.82931718114107,0.3333333333333333
"subset_eq(index(cardinality(difference(B, A)), union(A, B)), index(cardinality(difference(A, B)), intersection(A, B)))",2220.447098866396,3422.9826528267004,0.558795418369129,0.0,0.2254927171594591,0.4847742479453838,0.558795418369129,0.558795418369129,0.4847742479453838,2821.7148758465482,9,0.04475,5.441340782122905,7.418994413407821,4.139664804469274,8.720670391061452,12.860335195530727,6.577010705034175,6.000261711593824,5.899241036377911,2.9191311175085057,8.98037163046323,11.899502747971734,8.81519949156316,2.0277439220474807,0.203125
"subset_eq(index(cardinality(difference(B, A)), union(A, B)), index(cardinality(difference(A, B)), union(difference(A, B), difference(B, A))))",2458.6337604474393,3902.8149989955127,0.4345909038751017,0.0,0.1725056177751173,0.4063717601677771,0.4345909038751017,0.4345909038751017,0.4063717601677771,3180.724379721476,11,0.10525,5.235154394299287,6.294536817102138,2.7695961995249405,8.760095011876485,11.529691211401426,6.216530035375568,6.062307907236658,5.928751047778709,2.9977647387538418,8.993294216261525,11.991058955015367,9.152798358622505,0.9327609797252545,0.34765625
"subset_eq(index(cardinality(difference(B, A)), union(A, B)), index(cardinality(intersection(A, B)), A))",2514.715745035035,3857.3500289884396,0.0,0.0,0.580828623519037,0.580828623519037,0.580828623519037,0.0,0.580828623519037,3186.0328870117373,8,0.11375,5.542857142857143,5.252747252747253,1.9516483516483516,8.843956043956045,10.795604395604396,6.941915227629531,6.030747531734838,6.058956276445699,3.1049365303244008,8.984767277856136,12.089703808180536,8.957160664516842,1.4893232169431687,0.3072916666666667
"subset_eq(index(cardinality(difference(B, A)), union(A, B)), index(cardinality(intersection(A, B)), difference(B, A)))",2509.8127586904448,3712.755977783352,0.4427536752951375,0.0,0.2968018462059295,0.6308708277163703,0.6308708277163703,0.4427536752951375,0.6308708277163703,3111.2843682368984,9,0.0485,4.690721649484536,5.963917525773196,1.8917525773195876,8.762886597938145,10.654639175257731,5.93798490806674,6.0407251707829746,5.96741986337362,3.0289017341040463,8.979243300052548,12.008145034156595,8.943316399776776,1.7651147211052474,0.22395833333333334
"subset_eq(index(cardinality(difference(B, A)), union(A, B)), intersection(A, index(cardinality(A), union(A, B))))",2105.294875504216,2385.3590211924165,0.6365553926309926,0.0,0.2968018462059295,0.5762799434597807,0.6365553926309926,0.6365553926309926,0.5762799434597807,2245.3269483483164,9,0.04775,4.361256544502618,6.649214659685864,2.287958115183246,8.722513089005236,11.010471204188482,5.164935171733232,6.056182725124705,5.933053294828039,3.0081386190601207,8.981097400892622,11.989236019952743,8.937285440150543,1.9759356812501632,0.21614583333333334
"subset_eq(index(cardinality(difference(B, A)), union(A, B)), union(A, index(cardinality(A), B)))",4868.150128970854,5960.149361800402,0.0,0.0,0.6412185035149995,0.3035520008588896,0.6412185035149995,0.0,0.6412185035149995,5414.149745385628,8,0.70075,6.20656439529076,5.825544059935783,3.084909026043525,8.947199429183017,12.032108455226544,8.841931628985748,5.4335839598997495,6.299081035923141,2.7134502923976607,9.019214703425229,11.73266499582289,8.391803792410592,0.9796517809539863,0.2721354166666667
"subset_eq(index(cardinality(difference(B, A)), union(A, B)), union(difference(A, B), index(cardinality(A), union(A, B))))",5993.670602952712,8847.458344124258,0.0,0.0,0.4927679105964485,0.31830031344164,0.4927679105964485,0.0,0.4927679105964485,7420.564473538485,10,0.417,6.005395683453237,5.5329736211031175,2.6085131894484412,8.929856115107913,11.538369304556355,8.519123550080796,5.95368782161235,6.2778730703259,3.234991423670669,8.996569468267582,12.231560891938251,8.844928785574117,0.9746916796519616,0.4283854166666667
"subset_eq(index(cardinality(difference(B, A)), union(A, B)), union(difference(B, A), index(cardinality(A), B)))",5185.018036333378,6293.647774206474,0.8334691584360069,0.0,0.0979969890136388,0.510682868695567,0.8334691584360069,0.8334691584360069,0.510682868695567,5739.332905269926,9,0.33925,5.258658806190125,6.389093588798821,2.67722918201916,8.970523212969786,11.647752394988947,8.28595307282474,6.343170639424896,5.750662126371547,3.125993189557321,8.967839576239122,12.093832765796444,8.640303579626691,1.3360949753310887,0.30859375
"subset_eq(index(cardinality(difference(B, A)), union(A, B)), union(index(cardinality(A), union(A, B)), index(cardinality(A), difference(B, A))))",2032.549460418657,2439.350506887713,0.7279598132452101,0.0,0.1246459502612861,0.579548590549625,0.7279598132452101,0.7279598132452101,0.579548590549625,2235.949983653185,12,0.106,4.2004716981132075,6.622641509433962,2.141509433962264,8.681603773584905,10.82311320754717,5.360615432538276,6.185682326621924,5.889541387024608,3.072427293064877,9.002796420581655,12.075223713646533,8.828785709102203,2.311948331908993,0.3385416666666667
"subset_eq(index(cardinality(difference(B, A)), union(A, B)), union(intersection(A, B), index(cardinality(A), union(A, B))))",6332.67700920254,8351.514481425285,0.4086733236563321,0.0,0.0591890428575874,0.2625883353616353,0.4086733236563321,0.4086733236563321,0.2625883353616353,7342.095745313913,10,0.39175,5.9457562220804085,6.3152520740268026,3.3465220165922145,8.914486279514996,12.261008296107212,8.472984403513975,5.994245787094123,5.743115495273325,2.7336621454993835,9.003699136868065,11.737361282367448,8.886951221634174,0.8398146963818119,0.4283854166666667
"subset_eq(index(cardinality(difference(B, A)), union(difference(A, B), difference(B, A))), difference(A, index(cardinality(B), difference(A, B))))",2737.340384925439,4604.966850397643,0.3634993751572383,0.0,0.0376238972305325,0.4623914265674175,0.4623914265674175,0.3634993751572383,0.4623914265674175,3671.153617661541,11,0.51375,6.363503649635036,5.603406326034063,3.0384428223844284,8.928467153284672,11.9669099756691,8.968556899378985,5.565038560411311,6.351670951156812,2.9053984575835474,9.011311053984576,11.916709511568124,8.231188532986154,1.1023371766045131,0.2721354166666667
"subset_eq(index(cardinality(difference(B, A)), union(difference(A, B), difference(B, A))), difference(index(cardinality(B), union(A, B)), index(cardinality(B), difference(A, B))))",689.0884814854217,1338.681575433453,0.4633401792585234,0.0,0.038015294801239,1.0,1.0,0.4633401792585234,1.0,1013.8850284594373,14,0.34675,4.976207642393655,6.299206921413122,2.5133381398702235,8.762076423936554,11.275414563806777,9.022515697050896,6.505549177190968,5.791044776119403,3.2181400688863375,9.078453884424034,12.29659395331037,7.913928253870374,1.7589371947601058,0.24479166666666666
"subset_eq(index(cardinality(difference(B, A)), union(difference(A, B), difference(B, A))), difference(union(A, B), index(cardinality(A), union(A, B))))",2060.3704583879917,4072.9441851684824,0.0,0.0,0.3320804773316302,0.298476584481818,0.3320804773316302,0.0,0.3320804773316302,3066.657321778237,12,0.8845,6.048615036743923,5.937252685132844,3.0045223289994345,8.981345392877332,11.985867721876767,9.215886885533717,5.413419913419913,6.196969696969697,2.738095238095238,8.872294372294371,11.61038961038961,6.2224939562601955,0.7361447994109186,0.2955729166666667
"subset_eq(index(cardinality(difference(B, A)), union(difference(A, B), difference(B, A))), index(cardinality(A), union(A, B)))",3011.986882846497,5472.689299969003,0.6198909329649126,0.0,0.0686177387632865,0.5527998454131349,0.6198909329649126,0.6198909329649126,0.5527998454131349,4242.33809140775,10,0.14375,5.1460869565217395,6.591304347826087,2.9965217391304346,8.740869565217391,11.737391304347826,7.8471379962192955,6.114452554744526,5.862481751824817,2.9699270072992703,9.007007299270073,11.976934306569342,8.877563301188328,1.2122795007854321,0.3619791666666667
"subset_eq(index(cardinality(difference(B, A)), union(difference(A, B), difference(B, A))), index(cardinality(difference(B, A)), difference(A, B)))",1227.6002029493357,874.823848228978,0.0,0.0,0.4425372790339114,0.381972438920697,0.4425372790339114,0.0,0.4425372790339114,1051.2120255891568,11,0.1595,6.945141065830721,4.998432601880878,3.3683385579937304,8.575235109717868,11.943573667711599,11.37110975717611,5.791195716835217,6.151100535395598,2.8988697204045213,9.043426531826293,11.942296252230815,7.891256903892629,1.6972431242720687,0.3203125
"subset_eq(index(cardinality(difference(B, A)), union(difference(A, B), difference(B, A))), union(A, index(cardinality(B), union(A, B))))",2534.957677804865,4307.571967729367,0.0,0.0,0.6491730225703994,0.6639680097365789,0.6639680097365789,0.0,0.6639680097365789,3421.264822767116,11,0.7085,5.932251235003529,5.838743824982357,2.865561044460127,8.905434015525758,11.770995059985886,9.467463838887543,6.07975986277873,6.27958833619211,3.236706689536878,9.122641509433961,12.35934819897084,7.422183418704317,0.5948544092392076,0.06640625
"subset_eq(index(cardinality(difference(B, A)), union(difference(A, B), difference(B, A))), union(B, index(cardinality(A), union(A, B))))",4888.456267482834,5349.470099977218,0.7784277351801476,0.0,0.0477504640015526,0.6951165022724481,0.7784277351801476,0.7784277351801476,0.6951165022724481,5118.963183730026,11,0.56125,5.478396436525612,6.44988864142539,2.9679287305122495,8.960356347438752,11.928285077951003,8.264002658717018,6.610826210826211,5.34985754985755,2.9811965811965813,8.97948717948718,11.96068376068376,8.362037970471015,1.5788101950520272,0.3046875
"subset_eq(index(cardinality(difference(B, A)), union(difference(A, B), difference(B, A))), union(index(cardinality(B), A), index(cardinality(A), union(A, B))))",4955.605207644636,6965.223832204938,0.0,0.0,0.2803080982702558,0.4812083852470047,0.4812083852470047,0.0,0.4812083852470047,5960.414519924787,13,0.16075,5.318818040435459,6.264385692068429,2.8926905132192844,8.690513219284604,11.583203732503888,9.055075716714759,6.100983020554066,5.910336610068514,2.9892761394101877,9.022043491212392,12.01131963062258,8.767701420007343,0.8639800876036514,0.3463541666666667
"subset_eq(index(cardinality(intersection(A, B)), A), difference(A, index(cardinality(B), union(A, B))))",758.4751947192931,1384.9535530414214,0.6498114552231786,0.0,0.0591890428575874,0.7868534844253535,0.7868534844253535,0.6498114552231786,0.7868534844253535,1071.7143738803572,8,0.66625,5.7981238273921205,5.9609756097560975,2.6367729831144464,9.122326454033772,11.759099437148217,8.287814593314074,6.328838951310861,5.979775280898877,3.646441947565543,8.662172284644194,12.308614232209738,8.557126064329754,1.140808217084235,0.2734375
"subset_eq(index(cardinality(intersection(A, B)), A), difference(B, index(cardinality(A), B)))",4677.6274167581,6372.546207839623,0.7391804165668883,0.0,0.0618898783861338,0.3993003863187627,0.7391804165668883,0.7391804165668883,0.3993003863187627,5525.086812298861,7,0.44675,6.029099048684947,6.451035254616676,3.473419138220481,9.006715165081141,12.480134303301623,8.347913441885385,5.9317668323542705,5.576592860370538,2.570266606416629,8.938093086308179,11.508359692724808,8.726413713159033,1.2608757103277342,0.28515625
"subset_eq(index(cardinality(intersection(A, B)), A), difference(B, index(cardinality(B), A)))",3007.527613213315,4453.156371517107,0.9008788221810818,0.0,0.0803313259883358,0.5423296556504842,0.9008788221810818,0.9008788221810818,0.5423296556504842,3730.341992365211,7,0.48525,5.875837197320968,6.568263781555899,3.4477073673364247,8.996393611540443,12.444100978876868,7.950505390737149,6.068965517241379,5.4006799417192815,2.5269548324429336,8.942690626517727,11.469645458960661,8.791052017923946,1.499445164557774,0.28125
"subset_eq(index(cardinality(intersection(A, B)), A), difference(B, index(cardinality(B), union(A, B))))",2648.2280674437134,4119.414238597499,0.9203391728167928,0.0,0.1037383676414142,0.7542653456910728,0.9203391728167928,0.9203391728167928,0.7542653456910728,3383.8211530206063,8,0.306,5.733660130718954,6.616830065359477,3.2058823529411766,9.144607843137255,12.35049019607843,7.721299767183553,6.081772334293948,5.680835734870317,2.8713976945244957,8.891210374639769,11.762608069164266,9.142495837105093,1.0531607093420325,0.2421875
"subset_eq(index(cardinality(intersection(A, B)), A), difference(difference(A, B), index(cardinality(B), union(A, B))))",3397.6180184970726,5386.495784269646,0.551248748927968,0.0,0.0670374126294164,0.7823242526165177,0.7823242526165177,0.551248748927968,0.7823242526165177,4392.056901383359,9,0.3885,5.722007722007722,5.607464607464608,2.2915057915057915,9.037966537966538,11.32947232947233,8.818897220441604,6.136140637775961,6.195829926410466,3.4071954210956665,8.924775143090761,12.331970564186427,8.197713288971435,1.3275704011597118,0.29296875
"subset_eq(index(cardinality(intersection(A, B)), A), difference(index(cardinality(B), A), index(cardinality(B), difference(A, B))))",757.4240292205177,459.4315056482392,0.3687451782099863,0.0,0.0678210673308643,0.4436524182228284,0.4436524182228284,0.3687451782099863,0.4436524182228284,608.4277674343784,10,0.05525,5.968325791855204,6.266968325791855,4.144796380090498,8.09049773755656,12.235294117647058,14.694007084212032,5.975654935168034,5.949722148716591,2.9052659433712624,9.020111140513363,11.925377083884625,8.31764081681207,1.279505590751345,0.2994791666666667
"subset_eq(index(cardinality(intersection(A, B)), A), difference(index(cardinality(B), union(A, B)), index(cardinality(B), difference(A, B))))",738.8919117400328,1178.3994644716295,0.4633401792585234,0.0,0.038015294801239,0.4682314561601781,0.4682314561601781,0.4633401792585234,0.4682314561601781,958.6456881058311,11,0.3585,6.134588563458856,6.197350069735007,3.698047419804742,8.633891213389122,12.331938633193863,8.961138051971552,5.886204208885425,5.838659392049883,2.568978955572876,9.155884645362432,11.724863600935308,7.852726675167651,1.2104335532270982,0.24479166666666666
"subset_eq(index(cardinality(intersection(A, B)), A), index(cardinality(B), difference(A, B)))",598.9045154867099,416.968053945061,0.0,0.0,0.2550105531864377,0.8513511603973047,0.8513511603973047,0.0,0.8513511603973047,507.93628471588545,7,0.03175,4.47244094488189,7.480314960629921,3.7874015748031495,8.165354330708661,11.952755905511811,12.73395746791493,6.024528789052414,5.917634908339788,2.9470694552026853,8.995094242189516,11.942163697392202,8.55317910932627,2.357350990641743,0.3020833333333333
"subset_eq(index(cardinality(intersection(A, B)), A), index(cardinality(difference(B, A)), B))",4606.228125651367,6791.662217302248,0.5767941234527911,0.0,0.0834527065209453,0.5682205978520747,0.5767941234527911,0.5767941234527911,0.5682205978520747,5698.945171476807,7,0.11,5.322727272727272,6.465909090909091,3.1340909090909093,8.654545454545454,11.788636363636364,9.039721074380182,6.055898876404495,5.90561797752809,2.953932584269663,9.007584269662921,11.961516853932585,8.781156261835546,0.940172193895751,0.31640625
"subset_eq(index(cardinality(intersection(A, B)), A), index(cardinality(difference(B, A)), difference(A, B)))",2116.962606660585,2693.003074383829,0.0,0.0,0.2388042866069074,0.6475850145803697,0.6475850145803697,0.0,0.6475850145803697,2404.982840522207,8,0.10125,6.338271604938272,5.5851851851851855,3.3580246913580245,8.565432098765433,11.923456790123456,11.15937204694405,5.934353268428373,6.01029207232267,2.9304589707927677,9.014186369958276,11.944645340751043,8.556029100841313,0.7257260732970351,0.3268229166666667
"subset_eq(index(cardinality(intersection(A, B)), A), index(cardinality(difference(B, A)), union(difference(A, B), difference(B, A))))",4097.093755270675,6820.420402806252,0.0,0.0,0.3264302463906167,0.9426510389115448,0.9426510389115448,0.0,0.9426510389115448,5458.757079038463,10,0.16025,5.7566302652106085,5.8829953198127924,2.950078003120125,8.689547581903277,11.639625585023401,9.980889844018114,6.016969336111938,5.983328371539149,2.978267341470676,9.022030366180411,12.000297707651086,8.691177723136333,0.2804243069049703,0.26953125
"subset_eq(index(cardinality(intersection(A, B)), A), index(cardinality(intersection(A, B)), B))",3085.222264347336,4367.460719615221,0.8826083761501926,0.0,0.0940122959265935,0.660572815425368,0.8826083761501926,0.8826083761501926,0.660572815425368,3726.3414919812785,7,0.13325,5.7242026266416515,6.621013133208256,3.6604127579737336,8.684803001876173,12.345215759849907,8.826614194847423,6.01384482261321,5.866743582347851,2.8681857513700604,9.012402653591002,11.880588404961061,8.681183309042046,1.131564751587199,0.265625
"subset_eq(index(cardinality(intersection(A, B)), A), union(index(cardinality(A), B), index(cardinality(A), union(A, B))))",4187.6762596347835,4565.617223043926,0.8139747540600596,0.0,0.0678210673308643,0.6027112649920282,0.8139747540600596,0.8139747540600596,0.6027112649920282,4376.646741339355,10,0.212,5.303066037735849,6.923349056603773,3.5330188679245285,8.693396226415095,12.226415094339623,7.145422637059459,6.156091370558376,5.71002538071066,2.8232868020304567,9.042829949238579,11.866116751269036,8.69423933559202,1.6442403006489121,0.3020833333333333
"subset_eq(index(cardinality(intersection(A, B)), B), A)",2437.7121943573547,4385.157334371936,0.0,0.7790522479901814,0.3843567532857513,0.0598491496227178,0.7790522479901814,0.7790522479901814,0.3843567532857513,3411.434764364645,4,0.501,6.434630738522954,5.951596806387226,3.4491017964071857,8.937125748502995,12.386227544910179,8.56160383823175,5.514028056112225,5.982965931863728,2.496492985971944,9.000501002004007,11.496993987975952,8.339176348689318,1.3251252267668279,0.28125
"subset_eq(index(cardinality(intersection(A, B)), B), difference(difference(B, A), index(cardinality(A), difference(B, A))))",2625.5669961484673,4290.620493791997,0.0,0.3522089746463915,0.8621384846687281,0.0376238972305325,0.8621384846687281,0.3522089746463915,0.8621384846687281,3458.0937449702324,9,0.52825,5.665404637955514,5.857075248461903,2.5830572645527687,8.939422621864647,11.522479886417416,9.205837524852846,6.322204557498675,6.090620031796503,3.4112347641759406,9.001589825119236,12.412824589295177,8.034948630478453,1.0825004716011892,0.2721354166666667
"subset_eq(index(cardinality(intersection(A, B)), B), difference(index(cardinality(A), union(A, B)), index(cardinality(A), B)))",695.2670994961272,1172.2489788507955,0.0,0.7652660819404359,0.6639505470173683,0.060519162466723,0.7652660819404359,0.7652660819404359,0.6639505470173683,933.7580391734614,10,0.3175,6.3251968503937,5.971653543307086,3.6440944881889763,8.65275590551181,12.296850393700787,8.79100626201249,5.812454212454212,5.965201465201465,2.6619047619047618,9.115750915750915,11.777655677655678,8.234562385111795,1.1079906590270905,0.2734375
"subset_eq(index(cardinality(intersection(A, B)), B), difference(index(cardinality(A), union(A, B)), index(cardinality(B), union(A, B))))",1864.686493931913,2899.3875494636595,0.0,0.0,0.3719828076382525,0.3719828076382525,0.3719828076382525,0.0,0.3719828076382525,2382.0370216977863,11,0.295,6.147457627118644,6.164406779661017,3.639830508474576,8.672033898305084,12.31186440677966,9.892562482045356,5.903191489361702,5.884751773049645,2.6950354609929077,9.09290780141844,11.787943262411348,7.923298878326056,1.0151406555366542,0.3411458333333333
"subset_eq(index(cardinality(intersection(A, B)), B), index(cardinality(A), difference(B, A)))",714.5382680507964,527.8243307998064,0.0,0.0,0.8513511603973047,0.2550105531864377,0.8513511603973047,0.0,0.8513511603973047,621.1812994253014,7,0.03225,7.666666666666667,4.186046511627907,3.868217054263566,7.984496124031008,11.852713178294573,11.313622979388251,5.918884009299923,6.02660811159907,2.9439421338155514,9.001549987083441,11.945492120898992,8.51173918681132,2.7012395949359154,0.3020833333333333
"subset_eq(index(cardinality(intersection(A, B)), B), index(cardinality(B), A))",2365.658508072069,2924.2754131061665,0.0,1.0,0.9063461026734508,0.1169696839666371,1.0,1.0,0.9063461026734508,2644.9669605891177,6,0.07875,7.466666666666667,4.720634920634921,3.7587301587301587,8.428571428571429,12.187301587301587,7.858664651045611,5.847761194029851,6.0738127544097695,2.9066485753052915,9.014925373134329,11.92157394843962,8.498050072813522,2.2755193262121183,0.22265625
"subset_eq(index(cardinality(intersection(A, B)), B), index(cardinality(difference(A, A)), A))",1605.7995618449609,2087.195755840381,0.0,0.5258054340692109,0.6490023803726399,0.0927400945848538,0.6490023803726399,0.5258054340692109,0.6490023803726399,1846.497658842671,7,0.05525,6.4434389140271495,4.904977375565611,3.0361990950226243,8.312217194570136,11.34841628959276,13.528101390225435,5.947869806827203,6.029372849960307,2.970097909499868,9.007144747287642,11.97724265678751,8.535931042156168,1.2305378050176836,0.28515625
"subset_eq(index(cardinality(intersection(A, B)), B), index(cardinality(difference(A, A)), difference(B, A)))",473.0562053081949,354.6316780743259,0.0,0.0,1.0,0.4998205192122095,1.0,0.0,1.0,413.8439416912604,8,0.15275,6.050736497545008,4.5204582651391165,2.2405891980360066,8.330605564648117,10.571194762684124,11.806825761208183,5.961640601947477,6.228090882266155,3.1059309530835053,9.083800531130127,12.189731484213633,7.951914796286403,1.916445560593139,0.2109375
"subset_eq(index(cardinality(intersection(A, B)), B), index(cardinality(difference(B, A)), union(A, B)))",2678.7519063937943,5446.165699522011,0.0,0.4659595429081409,0.6254017729482757,0.0662664449183437,0.6254017729482757,0.4659595429081409,0.6254017729482757,4062.4588029579027,8,0.13,5.890384615384615,5.619230769230769,2.8423076923076924,8.667307692307693,11.509615384615385,10.023912721893485,5.9879310344827585,6.019252873563218,2.993390804597701,9.013793103448275,12.007183908045977,8.728952470603527,0.43858761342822583,0.3932291666666667
"subset_eq(index(cardinality(intersection(A, B)), B), index(cardinality(intersection(A, B)), index(cardinality(B), union(A, B))))",714.5907663586831,480.54565020346854,0.0,0.8333264463637613,0.9636558893456736,0.1022539755441747,0.9636558893456736,0.8333264463637613,0.9636558893456736,597.5682082810758,10,0.033,7.742424242424242,3.8484848484848486,3.6893939393939394,7.901515151515151,11.590909090909092,9.805096418732779,5.914943123061014,6.039555325749742,2.949327817993795,9.00517063081696,11.954498448810755,8.509798933577438,2.947571024083243,0.25390625
"subset_eq(index(cardinality(intersection(A, B)), B), intersection(A, index(cardinality(A), union(A, B))))",2083.4963785334767,3016.641345881042,0.0,0.6501687755838095,0.4436524182228284,0.0678210673308643,0.6501687755838095,0.6501687755838095,0.4436524182228284,2550.0688622072594,8,0.21775,6.551090700344432,5.943742824339839,3.9196326061997704,8.5752009184845,12.494833524684271,9.18988559806286,5.8149568552253115,5.9737935442633425,2.710450623202301,9.078299776286354,11.788750399488654,8.089267086802627,1.4159509707978852,0.2916666666666667
"subset_eq(index(cardinality(intersection(A, B)), B), union(A, index(cardinality(A), B)))",3254.690889777936,5595.917607005686,0.0,0.0,0.3024851202698031,0.3024851202698031,0.3024851202698031,0.0,0.3024851202698031,4425.304248391811,7,0.51575,6.353368880271449,6.014057198254968,3.4532234609791566,8.91420261754726,12.367426078526417,8.873773751641464,5.572534847702633,5.917398038203407,2.4630872483221475,9.026845637583893,11.48993288590604,8.02437706708131,1.2646796033993426,0.2734375
"subset_eq(index(cardinality(intersection(A, B)), B), union(A, index(cardinality(B), union(A, B))))",4588.498051634961,6023.703004004434,0.0,0.6678132902900386,0.3761589694760994,0.0457967746819572,0.6678132902900386,0.6678132902900386,0.3761589694760994,5306.100527819697,8,0.554,6.430054151624549,5.873646209386282,3.375451263537906,8.928249097472925,12.303700361010831,8.436643495288683,5.410313901345291,6.083520179372197,2.4747757847533634,9.019058295964125,11.49383408071749,8.377078138510843,1.3766385071619263,0.3125
"subset_eq(index(cardinality(intersection(A, B)), B), union(difference(B, A), index(cardinality(A), B)))",2880.5803498917667,4344.136830232106,0.0,0.0,0.6361650478971701,0.5818591097502981,0.6361650478971701,0.0,0.6361650478971701,3612.3585900619364,8,0.543,5.627532228360957,5.925414364640884,2.628913443830571,8.92403314917127,11.552946593001842,9.500653300502943,6.388402625820569,6.016958424507659,3.3834792122538295,9.021881838074398,12.405361050328228,7.678715842546434,1.0754875989538057,0.171875
"subset_eq(index(cardinality(intersection(A, B)), B), union(difference(B, A), index(cardinality(A), union(A, B))))",2704.5121801862115,5560.73326660227,0.0,0.0,0.6352581104393749,0.6491730225703994,0.6491730225703994,0.0,0.6491730225703994,4132.622723394241,9,0.71675,5.829089640739449,5.971049877921172,2.9288454830833626,8.87129403557726,11.800139518660622,9.548083388556531,6.345101500441306,5.957634598411297,3.087378640776699,9.215357458075905,12.302736098852604,7.117806571529384,0.539982380421359,0.06640625
"subset_eq(index(cardinality(intersection(A, B)), difference(A, B)), difference(A, index(cardinality(B), union(A, B))))",2498.571020091098,3948.544853413012,0.8615227765978993,0.0,0.0259931190122294,0.4242288589057847,0.8615227765978993,0.8615227765978993,0.4242288589057847,3223.557936752055,9,0.92375,5.963464140730717,6.084709066305819,3.0690121786197566,8.97916102841678,12.048173207036536,8.83104821092747,6.118032786885246,4.5442622950819676,1.819672131147541,8.842622950819672,10.662295081967214,6.649975812953514,1.9894014867708103,0.19270833333333334
"subset_eq(index(cardinality(intersection(A, B)), difference(A, B)), difference(index(cardinality(B), union(A, B)), index(cardinality(B), A)))",2461.6181561923586,2741.1926504494622,0.7448017445408581,0.0,0.0368520840856003,0.4066282816891891,0.7448017445408581,0.7448017445408581,0.4066282816891891,2601.4054033209104,11,0.64,5.884375,6.6125,3.5765625,8.9203125,12.496875,7.630029296875005,6.136805555555555,4.820138888888889,1.9020833333333333,9.05486111111111,10.956944444444444,7.024204282407398,2.465798048827648,0.2604166666666667
"subset_eq(index(cardinality(intersection(A, B)), difference(A, B)), index(cardinality(B), A))",2506.3317599687725,2595.072788335849,0.0,0.0,0.1399416728120444,0.2519900349356246,0.2519900349356246,0.0,0.2519900349356246,2550.7022741523106,7,0.633,5.992101105845181,6.585703001579779,3.655608214849921,8.92219589257504,12.57780410742496,7.664809553044828,5.9461852861035425,4.900544959128065,1.797683923705722,9.049046321525886,10.846730245231608,6.794601823459971,2.508734454294817,0.2760416666666667
"subset_eq(index(cardinality(intersection(A, B)), difference(A, B)), index(cardinality(B), union(A, B)))",2708.0795103151468,3133.954014725052,0.0,0.0,0.2413115373931429,0.368643843627183,0.368643843627183,0.0,0.368643843627183,2921.0167625200993,8,0.653,5.916539050535988,6.542879019908116,3.5470903522205206,8.912327718223583,12.459418070444103,7.921733007511563,6.085734870317003,4.88400576368876,1.8948126801152738,9.07492795389049,10.969740634005763,6.8343614264714425,2.347447382023442,0.23958333333333334
"subset_eq(index(cardinality(intersection(A, B)), difference(A, B)), index(cardinality(difference(A, A)), A))",634.9553019013763,1008.2827188240044,0.0,0.0,0.4611816279485955,0.8207145467010369,0.8207145467010369,0.0,0.8207145467010369,821.6190103626903,8,0.6085,5.800739523418241,6.650780608052588,3.5784716516023005,8.87304847986853,12.45152013147083,8.138582826555329,6.246487867177522,4.90485312899106,2.033844189016603,9.11749680715198,11.151340996168582,6.213103644006039,2.373358031625278,0.171875
"subset_eq(index(cardinality(intersection(A, B)), difference(A, B)), index(cardinality(difference(A, A)), union(A, B)))",772.0301699415777,944.1169669211376,0.0,0.0,0.3111575350639745,0.3782117334865919,0.3782117334865919,0.0,0.3782117334865919,858.0735684313577,9,0.59575,5.847671002937473,6.700377675199329,3.6550566512798994,8.892992026856904,12.548048678136801,7.742284883007336,6.163265306122449,4.88682745825603,1.9696969696969697,9.08039579468151,11.050092764378478,6.549395358300763,2.4957967485120283,0.2682291666666667
"subset_eq(index(cardinality(intersection(A, B)), difference(A, B)), index(cardinality(difference(A, B)), union(difference(A, B), difference(B, A))))",2445.663333857141,3200.249707492534,0.8261493023249831,0.0,0.0364715001612325,0.3715370301817513,0.8261493023249831,0.8261493023249831,0.3715370301817513,2822.9565206748375,11,0.6495,5.935334872979214,6.598152424942263,3.6108545034642034,8.922632794457275,12.533487297921479,7.453836402846852,6.0492154065620545,4.7981455064194005,1.7931526390870185,9.054208273894437,10.847360912981456,7.058440052014538,2.560670566554702,0.2578125
"subset_eq(index(cardinality(intersection(A, B)), difference(A, B)), index(cardinality(intersection(A, B)), A))",893.2956867290636,1137.684006933414,0.0,0.0,0.4373225836066694,0.7928094437622925,0.7928094437622925,0.0,0.7928094437622925,1015.4898468312388,8,0.7115,5.8025298664792695,6.326423049894589,3.267392832044975,8.861560084328882,12.128952916373859,9.050962033730602,6.401213171577123,5.081455805892547,2.249566724436742,9.233102253032929,11.48266897746967,5.868517011134519,1.7159065020477822,0.11458333333333333
"subset_eq(index(cardinality(intersection(A, B)), difference(A, B)), index(cardinality(intersection(A, B)), union(A, B)))",1054.157627920198,1843.5130816666642,0.0,0.0,0.3137721399892964,0.3747635895159172,0.3747635895159172,0.0,0.3747635895159172,1448.8353547934312,9,0.634,5.875394321766562,6.524447949526814,3.521293375394322,8.878548895899053,12.399842271293375,8.390944531242269,6.148224043715847,5.002049180327869,2.025273224043716,9.125,11.150273224043715,6.397041752515744,2.1517923605414344,0.2265625
"subset_eq(index(cardinality(intersection(A, B)), difference(A, B)), union(index(cardinality(B), A), index(cardinality(A), union(A, B))))",3235.2319066810887,3970.6263895714656,0.0,0.0,0.1520895622471804,0.3473104426026876,0.3473104426026876,0.0,0.3473104426026876,3602.929148126277,11,0.683,5.995607613469986,6.47510980966325,3.554904831625183,8.915812591508052,12.470717423133236,7.772840302772385,5.931388012618297,4.8730283911671926,1.721608832807571,9.082807570977918,10.804416403785488,6.905488411666946,2.435521145033349,0.2552083333333333
"subset_eq(index(cardinality(intersection(A, B)), difference(B, A)), difference(index(cardinality(A), B), index(cardinality(A), difference(B, A))))",2139.156505005436,2481.0084123250563,0.0,1.0,0.2549619231840931,0.0412898892990669,1.0,1.0,0.2549619231840931,2310.082458665246,11,0.63475,6.581725088617566,5.984639621898385,3.6447420244190627,8.921622686096889,12.566364710515952,7.574062971329836,4.921286789869952,5.9370294318959616,1.8076659822039698,9.050650239561945,10.858316221765914,7.056054262291122,2.476725753695917,0.2630208333333333
"subset_eq(index(cardinality(intersection(A, B)), difference(B, A)), difference(index(cardinality(A), union(A, B)), index(cardinality(A), difference(B, A))))",2714.1209220340825,3027.465751792304,0.0,0.7410180443618115,0.3968783382512189,0.0360943543132602,0.7410180443618115,0.7410180443618115,0.3968783382512189,2870.7933369131933,12,0.64425,6.571206829646877,5.914629414047342,3.56499805975941,8.920838183934809,12.485836243694218,7.831236563438716,4.895994378074491,6.0625439212930425,1.9030217849613493,9.055516514406184,10.958538299367534,6.992234295622238,2.3643985699007137,0.2578125
"subset_eq(index(cardinality(intersection(A, B)), difference(B, A)), index(cardinality(difference(A, A)), B))",604.2070653542669,1343.3233613951015,0.0,0.0,0.8207145467010369,0.4611816279485955,0.8207145467010369,0.0,0.8207145467010369,973.7652133746842,8,0.6115,6.657399836467702,5.791496320523303,3.5641864268192966,8.884709730171709,12.448896156991006,8.163235452411548,4.901544401544402,6.243886743886744,2.0444015444015444,9.101029601029602,11.145431145431145,6.259665346537936,2.365889154699811,0.171875
"subset_eq(index(cardinality(intersection(A, B)), difference(B, A)), index(cardinality(difference(A, A)), union(A, B)))",653.9733610792646,1230.154194379371,0.0,0.0,0.3782117334865919,0.3111575350639745,0.3782117334865919,0.0,0.3782117334865919,942.0637777293177,9,0.59275,6.726275832981864,5.863770560944749,3.6769295655841416,8.91311682834247,12.590046393926613,7.652503601706377,4.8821362799263355,6.1178637200736645,1.9502762430939227,9.049723756906078,11.0,6.65477583441012,2.539044253400572,0.2682291666666667
"subset_eq(index(cardinality(intersection(A, B)), difference(B, A)), index(cardinality(difference(A, B)), difference(B, A)))",2797.8905854038458,3462.2244906923734,0.0,0.0,0.2578318588438401,0.1237901217185722,0.2578318588438401,0.0,0.2578318588438401,3130.0575380481096,9,0.643,6.559097978227061,5.9720062208398135,3.604587869362364,8.92651632970451,12.531104199066874,7.634309793952898,4.923669467787115,5.958683473389356,1.8375350140056022,9.044817927170868,10.882352941176471,7.232413553656789,2.4077540783858997,0.2916666666666667
"subset_eq(index(cardinality(intersection(A, B)), difference(B, A)), intersection(index(cardinality(A), B), index(cardinality(A), union(A, B))))",951.9725032881761,1372.138268323848,0.0,0.0,0.2698834575404107,0.1494027902130754,0.2698834575404107,0.0,0.2698834575404107,1162.055385806012,11,0.5935,6.721988205560236,5.938079191238416,3.724515585509688,8.935551811288963,12.660067396798652,7.453108975428097,4.8849938499385,6.009840098400984,1.8776137761377614,9.017220172201721,10.894833948339484,6.850335643577886,2.605905636020654,0.2864583333333333
"subset_eq(index(cardinality(intersection(A, B)), difference(B, A)), intersection(index(cardinality(A), B), index(cardinality(B), union(A, B))))",867.2820804409785,993.2566348497057,0.0,1.0,0.2607326837368442,0.0421517858294361,1.0,1.0,0.2607326837368442,930.2693576453421,11,0.591,6.753807106598985,5.906937394247039,3.733925549915398,8.926818950930626,12.660744500846024,7.206549311299538,4.850244498777506,6.05440097799511,1.8753056234718826,9.029339853300733,10.904645476772616,6.9704471816882965,2.664538260449797,0.265625
"subset_eq(index(cardinality(intersection(A, B)), difference(B, A)), union(index(cardinality(A), difference(B, A)), index(cardinality(B), union(A, B))))",2459.6298651772668,3059.3856800845824,0.0,0.0,0.3134245732162023,0.2332475302753702,0.3134245732162023,0.0,0.3134245732162023,2759.5077726309246,12,0.65625,6.552,5.963047619047619,3.596952380952381,8.918095238095239,12.51504761904762,7.825845405895698,4.874181818181818,5.975272727272727,1.784,9.065454545454546,10.849454545454545,6.64179623140496,2.470226637398215,0.20572916666666666
"subset_eq(index(cardinality(intersection(A, B)), index(cardinality(A), B)), A)",335.6490849338961,371.96324361004736,0.0,1.0,0.6810015939076157,0.0226200626800823,1.0,1.0,0.6810015939076157,353.80616427197174,6,0.98925,6.012383118524134,5.974728329542582,3.0060652009097804,8.981046247156938,11.987111448066717,8.789079904908924,2.558139534883721,5.27906976744186,0.0,7.837209302325581,7.837209302325581,5.328285559762033,4.631648471361548,0.1484375
"subset_eq(index(cardinality(intersection(A, B)), index(cardinality(A), union(A, B))), A)",846.2754847375909,741.8394936085679,0.0,0.9425184024721648,0.3798616432962063,0.0253755619969213,0.9425184024721648,0.9425184024721648,0.3798616432962063,794.0574891730794,7,0.98375,6.014739517153749,5.994409148665819,3.0228716645489198,8.986277001270649,12.009148665819568,8.734371658897974,3.5846153846153848,4.323076923076923,0.0,7.907692307692308,7.907692307692308,7.929940828402366,4.2233408349516415,0.17708333333333334
"subset_eq(index(cardinality(intersection(A, B)), index(cardinality(A), union(A, B))), difference(A, index(cardinality(B), union(A, B))))",670.5767396476003,812.2499124055612,0.0,0.8742017640583484,0.3549914819406951,0.0281896290575307,0.8742017640583484,0.8742017640583484,0.3549914819406951,741.4133260265808,11,0.98125,6.019872611464968,5.999490445859872,3.0305732484076433,8.988789808917197,12.01936305732484,8.71327297659144,3.64,4.28,0.0,7.92,7.92,7.5456,4.21957524570525,0.20572916666666666
"subset_eq(index(cardinality(intersection(A, B)), index(cardinality(A), union(A, B))), index(cardinality(intersection(A, B)), B))",402.95275247301106,255.39024724705087,0.0,0.0,0.3169939350216351,0.3169939350216351,0.3169939350216351,0.0,0.3169939350216351,329.17149986003096,10,0.96975,6.031967001804589,6.032740397009539,3.0665119876256766,8.998195411188451,12.064707398814127,8.57947258793515,4.1570247933884295,3.8677685950413223,0.0,8.024793388429751,8.024793388429751,7.659722696537122,4.195951257875853,0.1484375
"subset_eq(index(cardinality(intersection(A, B)), index(cardinality(B), union(A, B))), difference(A, index(cardinality(B), A)))",827.8797868326074,685.3837328954833,0.7434889802543105,0.0,0.0272404821690073,0.3178623816015357,0.7434889802543105,0.7434889802543105,0.3178623816015357,756.6317598640453,10,0.981,6.01401630988787,6.0071355759429155,3.0313455657492354,8.989806320081549,12.021151885830784,8.67590683225949,3.973684210526316,3.9078947368421053,0.0,7.881578947368421,7.881578947368421,9.52943213296399,4.2141218676281005,0.1875
"subset_eq(index(cardinality(intersection(A, B)), index(cardinality(B), union(A, B))), index(cardinality(intersection(A, B)), A))",252.8717007132473,289.0807989169334,0.0,0.0,0.3169939350216351,0.3169939350216351,0.3169939350216351,0.0,0.3169939350216351,270.97624981509034,10,0.97025,6.0314351971141456,6.02988920381345,3.0649317186292193,8.996392682298376,12.061324400927596,8.582959643041992,4.142857142857143,3.9243697478991595,0.0,8.067226890756302,8.067226890756302,7.7508650519031175,4.17058097704795,0.1484375
"subset_eq(index(cardinality(intersection(A, B)), index(cardinality(B), union(A, B))), index(cardinality(intersection(A, B)), B))",324.73102680564625,416.63560366191086,0.6024015698137225,0.0,0.0294776893647559,0.2125946097262696,0.6024015698137225,0.6024015698137225,0.2125946097262696,370.68331523377856,10,0.9705,6.031684698608965,6.02936630602782,3.064142194744977,8.996908809891808,12.061051004636786,8.562907550164088,4.11864406779661,3.9237288135593222,0.0,8.042372881355933,8.042372881355933,8.520683711577135,4.181196132023051,0.21875
"subset_eq(index(cardinality(intersection(A, B)), index(cardinality(B), union(A, B))), intersection(B, index(cardinality(A), union(A, B))))",285.11354216180916,359.7192120999098,0.6787550598786267,0.0,0.0304634257505616,0.2202026908114926,0.6787550598786267,0.6787550598786267,0.2202026908114926,322.4163771308595,11,0.9715,6.026762738033968,6.030622748327329,3.0609881626351005,8.996397323726196,12.057385486361296,8.56442621400616,4.219298245614035,3.807017543859649,0.0,8.026315789473685,8.026315789473685,8.843798091720528,4.19296989358221,0.21875
"subset_eq(index(cardinality(intersection(A, B)), index(cardinality(B), union(A, B))), union(A, index(cardinality(A), union(A, B))))",884.8602140161674,1088.6824905498652,0.0,0.0,0.4292101633323379,0.3028605478680897,0.4292101633323379,0.0,0.4292101633323379,986.7713522830163,11,0.98725,6.008609774626488,5.987591795391238,3.0121549759432766,8.98404659407445,11.996201570017726,8.773355086160894,3.392156862745098,4.392156862745098,0.0,7.784313725490196,7.784313725490196,7.82237600922722,4.297012457917715,0.10677083333333333
"subset_eq(index(cardinality(intersection(A, B)), union(A, B)), index(cardinality(difference(A, B)), B))",3379.190599085996,3564.7682656822726,0.4448719116270738,0.0,0.1835677040084006,0.2344820030001855,0.4448719116270738,0.4448719116270738,0.2344820030001855,3471.9794323841343,8,0.10175,5.476658476658477,6.6339066339066335,3.1867321867321867,8.923832923832924,12.11056511056511,6.444349196191955,6.031728360701364,5.891733927080434,2.949624269412747,8.973838018369051,11.923462287781797,9.105527656096475,0.9566311030824131,0.3333333333333333
"subset_eq(index(cardinality(intersection(A, B)), union(A, B)), index(cardinality(difference(A, B)), union(difference(A, B), difference(B, A))))",2734.0409024760593,4605.619441457093,0.5687267591975629,0.0,0.1594376926441884,0.3344164498898738,0.5687267591975629,0.5687267591975629,0.3344164498898738,3669.830171966576,11,0.12275,5.262729124236253,6.765784114052953,3.3523421588594706,8.676171079429736,12.028513238289205,6.5757318079815485,6.074950128241665,5.855514391564548,2.920775149615275,9.009689370190937,11.930464519806213,8.994383777707789,1.2940417344485673,0.3072916666666667
"subset_eq(index(cardinality(intersection(A, B)), union(A, B)), index(cardinality(difference(B, A)), A))",2407.364834876673,3456.787758824881,0.0,0.4448719116270738,0.2344820030001855,0.1835677040084006,0.4448719116270738,0.4448719116270738,0.2344820030001855,2932.076296850777,8,0.101,6.603960396039604,5.534653465346534,3.2252475247524752,8.913366336633663,12.138613861386139,6.77686011175374,5.9046162402669635,6.015850945494995,2.9454949944382647,8.974972191323692,11.920467185761957,9.077101024373825,0.8938091190694901,0.3333333333333333
"subset_eq(index(cardinality(intersection(A, B)), union(A, B)), index(cardinality(difference(B, A)), difference(A, B)))",2556.9356864615693,3483.716577905696,0.0,0.558795418369129,0.4847742479453838,0.2254927171594591,0.558795418369129,0.558795418369129,0.4847742479453838,3020.3261321836326,9,0.0435,7.32183908045977,4.350574712643678,3.074712643678161,8.597701149425287,11.672413793103448,6.178160919540232,5.914009409304757,6.0407736539466805,2.9691583899634084,8.98562467328803,11.954783063251437,8.824440938263656,2.20224852018193,0.203125
"subset_eq(index(cardinality(intersection(A, B)), union(A, B)), index(cardinality(intersection(A, B)), B))",694.3491999988651,745.4420681213887,0.7846093197464546,0.0,0.0678210673308643,1.0,1.0,0.7846093197464546,1.0,719.8956340601269,8,0.21575,4.696407879490151,6.769409038238702,2.719582850521437,8.746234067207416,11.465816917728853,8.484308557418483,6.327064073956009,5.746573159069174,3.043672298374243,9.029964934650941,12.073637233025183,8.241112051304135,1.9519904790945868,0.25390625
"subset_eq(index(cardinality(intersection(A, B)), union(A, B)), union(difference(B, A), index(cardinality(A), B)))",4521.546697845362,7180.34245724231,0.6601905503162724,0.0,0.0670374126294164,0.7823242526165177,0.7823242526165177,0.6601905503162724,0.7823242526165177,5850.944577543836,9,0.34325,5.266569555717407,6.4085943190094685,2.7734887108521487,8.901675163874726,11.675163874726875,8.594066506854409,6.345641416063951,5.73658165207461,3.0784164446136275,9.003806623524934,12.08222306813856,8.522744032172184,1.3072788635672057,0.2994791666666667
"subset_eq(index(cardinality(intersection(A, B)), union(A, B)), union(intersection(A, B), index(cardinality(A), difference(B, A))))",3907.350006970577,6670.583683412522,0.4486840696036355,0.0,0.0845339304647074,0.2516659007471924,0.4486840696036355,0.4486840696036355,0.2516659007471924,5288.9668451915495,10,0.3315,6.287330316742081,6.370286576168929,3.625188536953243,9.032428355957768,12.65761689291101,8.255510511432885,5.8204936424831715,5.7673896783844425,2.6507105459985043,8.93717277486911,11.587883320867615,8.801691571066725,1.2373473662017713,0.3216145833333333
"subset_eq(index(cardinality(intersection(A, B)), union(A, B)), union(union(difference(A, B), difference(B, A)), index(cardinality(B), A)))",4162.7328172446,7439.769830271602,0.0,0.0,0.6531574585031319,0.3882677600095031,0.6531574585031319,0.0,0.6531574585031319,5801.251323758101,11,0.684,5.858552631578948,5.753289473684211,2.6922514619883042,8.919590643274853,11.611842105263158,9.120367431431825,6.227848101265823,6.430379746835443,3.5830696202531644,9.075158227848101,12.658227848101266,7.712163014741243,1.1782985076039336,0.21875
"subset_eq(index(cardinality(intersection(A, B)), union(difference(A, B), difference(B, A))), A)",2932.1684184468395,6848.764610122889,0.0,0.6082633343869166,0.4492663450041172,0.0392124876291127,0.6082633343869166,0.6082633343869166,0.4492663450041172,4890.466514284864,7,0.5945,6.435660218671152,5.746846089150547,3.2598822539949537,8.922624053826745,12.182506307821699,9.169796586455206,5.300246609124538,6.290382244143033,2.554254007398274,9.036374845869297,11.590628853267571,7.214544616942475,1.4430893385105412,0.3125
"subset_eq(index(cardinality(intersection(A, B)), union(difference(A, B), difference(B, A))), difference(B, index(cardinality(B), union(A, B))))",5901.176720125601,7734.256032951176,0.5293666922312645,0.0,0.0434802888137196,0.4823298042653022,0.5293666922312645,0.5293666922312645,0.4823298042653022,6817.716376538388,11,0.5475,5.759817351598174,6.477625570776255,3.3050228310502283,8.9324200913242,12.237442922374429,9.155261983695045,6.235911602209945,5.349723756906077,2.57292817679558,9.012707182320442,11.585635359116022,7.455152773114395,1.426460942327358,0.3255208333333333
"subset_eq(index(cardinality(intersection(A, B)), union(difference(A, B), difference(B, A))), difference(index(cardinality(A), union(A, B)), index(cardinality(A), B)))",2416.723325690051,3611.202753808815,0.4447117457321279,0.4171621720625021,0.0045029421372272,0.0045029421372272,0.4447117457321279,0.4447117457321279,0.0045029421372272,3013.963039749433,13,0.27275,6.522456461961503,6.667277726856096,4.428047662694776,8.761686526122823,13.1897341888176,6.59851245210163,5.770024063251976,5.704709522172568,2.428325885183912,9.046407700240632,11.474733585424545,7.961217076105191,2.343411882436942,0.3020833333333333
"subset_eq(index(cardinality(intersection(A, B)), union(difference(A, B), difference(B, A))), difference(index(cardinality(A), union(A, B)), index(cardinality(A), difference(B, A))))",2321.686331226392,3689.6998012261465,0.4563641414858678,0.4142032009688496,0.0043969800063049,0.0043969800063049,0.4563641414858678,0.4563641414858678,0.0043969800063049,3005.6930662262694,14,0.28475,6.4073748902546095,6.704126426690079,4.3397717295873575,8.771729587357331,13.111501316944688,7.007678130547474,5.803215658860538,5.673890248164978,2.4299196085284867,9.04718629849703,11.477105907025516,7.9164128077565845,2.2525385867358074,0.3046875
"subset_eq(index(cardinality(intersection(A, B)), union(difference(A, B), difference(B, A))), difference(index(cardinality(B), union(A, B)), index(cardinality(A), union(A, B))))",2929.861958723821,3737.871408885345,0.0,0.4875753629425144,0.2157850730683641,0.0694277676760071,0.4875753629425144,0.4875753629425144,0.2157850730683641,3333.866683804583,14,0.27675,6.71093044263776,6.355916892502258,4.327009936766034,8.739837398373984,13.066847335140018,7.520871125603756,5.693743518838576,5.818527480124438,2.455928102315935,9.05634289664708,11.512270998963015,7.765801309022891,2.196452560310141,0.3307291666666667
"subset_eq(index(cardinality(intersection(A, B)), union(difference(A, B), difference(B, A))), difference(union(A, B), index(cardinality(A), B)))",2727.3986024351907,3363.7753361740615,0.0,0.8510241217660736,0.9099082776922796,0.0201384260719299,0.9099082776922796,0.8510241217660736,0.9099082776922796,3045.586969304626,11,0.9615,6.032241289651586,5.905096203848154,2.9700988039521583,8.967238689547582,11.93733749349974,8.936903466778325,4.5519480519480515,7.51948051948052,3.064935064935065,9.006493506493506,12.071428571428571,3.902597402597399,2.1923728479772353,0.12239583333333333
"subset_eq(index(cardinality(intersection(A, B)), union(difference(A, B), difference(B, A))), difference(union(A, B), index(cardinality(A), union(A, B))))",2239.8315449831134,4024.819079138804,0.0,0.3696468790388254,0.6504795118992324,0.0263032840035534,0.6504795118992324,0.3696468790388254,0.6504795118992324,3132.325312060959,12,0.9025,6.019390581717452,5.904432132963989,2.95207756232687,8.97174515235457,11.92382271468144,9.140796494809042,5.566666666666666,6.5487179487179485,3.174358974358974,8.941025641025641,12.115384615384615,6.2669428007889465,0.8182127973673118,0.2630208333333333
"subset_eq(index(cardinality(intersection(A, B)), union(difference(A, B), difference(B, A))), difference(union(A, B), index(cardinality(B), union(A, B))))",2364.31785719411,3785.7833016272634,0.3696468790388254,0.0,0.0263032840035534,0.6504795118992324,0.6504795118992324,0.3696468790388254,0.6504795118992324,3075.0505794106866,12,0.8975,5.921727019498607,6.02116991643454,2.9604456824512533,8.982451253481894,11.942896935933147,9.11216098571546,6.443902439024391,5.495121951219512,3.0902439024390245,8.848780487804879,11.939024390243903,6.6897441998810265,0.7524900054989392,0.2630208333333333
"subset_eq(index(cardinality(intersection(A, B)), union(difference(A, B), difference(B, A))), index(cardinality(B), A))",1879.061257250045,2782.3807291672565,0.0,0.4623608205072176,0.2268420863545207,0.0728086854917968,0.4623608205072176,0.4623608205072176,0.2268420863545207,2330.7209932086507,9,0.2265,6.900662251655629,6.381898454746137,4.593818984547461,8.688741721854305,13.282560706401766,7.159778567216841,5.704266321913381,5.845830639948287,2.4993535875888817,9.050743374272786,11.550096961861668,7.680411740052797,2.4709344835148546,0.3151041666666667
"subset_eq(index(cardinality(intersection(A, B)), union(difference(A, B), difference(B, A))), index(cardinality(B), union(A, B)))",2380.687928125757,4124.316715717781,0.0,0.6140712558712365,0.1784778213256568,0.0578976180345512,0.6140712558712365,0.6140712558712365,0.1784778213256568,3252.502321921769,10,0.29125,6.678969957081545,6.341630901287553,4.278111587982832,8.742489270386265,13.020600858369098,7.359431192322502,5.686067019400353,5.813403880070546,2.437742504409171,9.061728395061728,11.4994708994709,7.835647005029667,2.156812090418053,0.3359375
"subset_eq(index(cardinality(intersection(A, B)), union(difference(A, B), difference(B, A))), index(cardinality(difference(A, A)), B))",1964.4272284753488,3692.8101352709346,0.3767292276343716,0.0,0.0548268289141079,0.2821847040515853,0.3767292276343716,0.3767292276343716,0.2821847040515853,2828.6186818731417,10,0.23925,6.367816091954023,6.338557993730408,4.099268547544409,8.60710553814002,12.70637408568443,9.732525776629167,5.8517909957279,5.850476503450542,2.619783108774236,9.082484390404206,11.702267499178442,7.630509741573619,1.641152827929796,0.38671875
"subset_eq(index(cardinality(intersection(A, B)), union(difference(A, B), difference(B, A))), index(cardinality(difference(A, A)), difference(B, A)))",2240.579250230745,4552.800614616135,0.4302681328269413,0.0,0.0482538928909098,0.2640010710398186,0.4302681328269413,0.4302681328269413,0.2640010710398186,3396.68993242344,11,0.28575,6.381452318460193,6.097112860892389,3.819772528433946,8.658792650918635,12.47856517935258,9.988002593289151,5.812740637031852,5.915295764788239,2.6352817640882042,9.092754637731886,11.728036401820091,7.643472443135577,1.326464776708811,0.3932291666666667
"subset_eq(index(cardinality(intersection(A, B)), union(difference(A, B), difference(B, A))), index(cardinality(difference(A, B)), union(difference(A, B), difference(B, A))))",1496.6375728440953,2639.6859516206896,0.7003333162608008,0.0,0.0530844870553202,0.1346324328661373,0.7003333162608008,0.7003333162608008,0.1346324328661373,2068.1617622323924,13,0.334,6.31062874251497,6.449850299401198,4.014221556886228,8.74625748502994,12.760479041916168,7.400297832478721,5.807057057057057,5.725225225225225,2.451951951951952,9.08033033033033,11.532282282282281,8.222142187232215,1.7942553494474955,0.3619791666666667
"subset_eq(index(cardinality(intersection(A, B)), union(difference(A, B), difference(B, A))), index(cardinality(difference(B, A)), A))",3128.5842400415568,5088.424999795854,0.0,0.4875753629425144,0.1775578396465419,0.0694277676760071,0.4875753629425144,0.4875753629425144,0.1775578396465419,4108.504619918705,10,0.23925,6.719958202716823,6.411703239289446,4.401253918495298,8.730407523510971,13.13166144200627,7.51520829307017,5.7410450213605,5.8274728885967795,2.5248110417351297,9.043706868222149,11.56851790995728,7.904709245258685,2.195594222311493,0.3359375
"subset_eq(index(cardinality(intersection(A, B)), union(difference(A, B), difference(B, A))), index(cardinality(difference(B, A)), union(A, B)))",2586.157656037569,5144.374284798279,0.0,0.4612156595006611,0.1472006546454464,0.0578976180345512,0.4612156595006611,0.4612156595006611,0.1472006546454464,3865.265970417924,11,0.29,6.430172413793104,6.344827586206897,4.0120689655172415,8.762931034482758,12.775,8.644320749108232,5.78943661971831,5.813028169014085,2.549647887323944,9.05281690140845,11.602464788732394,7.942173427891283,1.682863151857369,0.3645833333333333
"subset_eq(index(cardinality(intersection(A, B)), union(difference(A, B), difference(B, A))), index(cardinality(difference(B, A)), union(difference(A, B), difference(B, A))))",1436.4670182997015,3358.7559525338,0.0,0.7003333162608008,0.1346324328661373,0.0530844870553202,0.7003333162608008,0.7003333162608008,0.1346324328661373,2397.611485416751,13,0.353,6.468130311614731,6.2627478753541075,3.9454674220963173,8.785410764872521,12.73087818696884,7.582799998395039,5.706336939721793,5.806027820710974,2.443585780525502,9.068778979907265,11.512364760432767,8.247248625805952,1.744869856195781,0.3619791666666667
"subset_eq(index(cardinality(intersection(A, B)), union(difference(A, B), difference(B, A))), intersection(A, index(cardinality(A), union(A, B))))",2636.3306415277475,3657.148057137383,0.3924244324970523,0.3804521528336058,0.0050937923258745,0.0050937923258745,0.3924244324970523,0.3924244324970523,0.0050937923258745,3146.7393493325653,11,0.22725,6.700770077007701,6.695269526952695,4.662266226622663,8.733773377337734,13.396039603960396,6.237129983625426,5.761889356195406,5.753154318990618,2.477191847298609,9.037851827887415,11.515043675186025,7.899962331022191,2.5580516249999414,0.2916666666666667
"subset_eq(index(cardinality(intersection(A, B)), union(difference(A, B), difference(B, A))), union(A, index(cardinality(A), difference(B, A))))",3954.5421690690855,6424.219600502402,0.0,0.0,0.3905574142754081,0.3034283395287888,0.3905574142754081,0.0,0.3905574142754081,5189.380884785744,11,0.607,6.362026359143328,5.799835255354201,3.2516474464579903,8.91021416803954,12.161861614497528,9.443760534022303,5.377862595419847,6.225826972010178,2.544529262086514,9.05916030534351,11.603689567430026,6.970130107673062,1.2845479294890816,0.2591145833333333
"subset_eq(index(cardinality(intersection(A, B)), union(difference(A, B), difference(B, A))), union(A, index(cardinality(A), union(A, B))))",5437.090196868172,8226.533252082765,0.0,0.0,0.4388423638049703,0.1978749953484658,0.4388423638049703,0.0,0.4388423638049703,6831.8117244754685,11,0.6535,6.320964039785769,5.84123947972456,3.2398622800306045,8.922341239479724,12.16220351951033,9.121378382191232,5.3232323232323235,6.204906204906205,2.4718614718614718,9.056277056277056,11.528138528138529,7.273897499005752,1.3105522906658356,0.2552083333333333
"subset_eq(index(cardinality(intersection(A, B)), union(difference(A, B), difference(B, A))), union(B, index(cardinality(B), A)))",4484.0302426028065,7243.791927170008,0.0,0.0,0.2072261162491181,0.4128088914602104,0.4128088914602104,0.0,0.4128088914602104,5863.9110848864075,10,0.632,5.873813291139241,6.3231803797468356,3.2852056962025316,8.911787974683545,12.196993670886076,9.096203220136948,6.149456521739131,5.355978260869565,2.438858695652174,9.066576086956522,11.505434782608695,7.346858754725915,1.31444375105092,0.2994791666666667
"subset_eq(index(cardinality(intersection(A, B)), union(difference(A, B), difference(B, A))), union(B, index(cardinality(B), difference(A, B))))",4222.987415918615,6920.65911462903,0.0,0.0,0.3034283395287888,0.3905574142754081,0.3905574142754081,0.0,0.3905574142754081,5571.8232652738225,11,0.6085,5.834839769926048,6.365653245686113,3.293344289235826,8.907148726376334,12.20049301561216,9.245337045916813,6.193486590038314,5.3480204342273305,2.4770114942528734,9.06449553001277,11.541507024265645,7.1310454110252035,1.3529978982610527,0.2591145833333333
"subset_eq(index(cardinality(intersection(A, B)), union(difference(A, B), difference(B, A))), union(index(cardinality(A), B), index(cardinality(B), A)))",4434.250896669109,5466.111894397065,0.0,0.0,0.2426136012756347,0.2426136012756347,0.2426136012756347,0.0,0.2426136012756347,4950.181395533087,12,0.265,6.559433962264151,6.547169811320755,4.371698113207547,8.734905660377358,13.106603773584906,7.955719117123543,5.764625850340136,5.7581632653061225,2.4697278911564626,9.053061224489795,11.522789115646258,7.630189967143469,2.2072022992927516,0.3489583333333333
"subset_eq(index(cardinality(intersection(A, B)), union(difference(A, B), difference(B, A))), union(index(cardinality(A), B), index(cardinality(B), union(A, B))))",4041.8616129334696,5713.827602162957,0.0,0.0,0.1937646054564203,0.1937646054564203,0.1937646054564203,0.0,0.1937646054564203,4877.844607548213,13,0.3245,6.445300462249615,6.469183359013868,4.145608628659476,8.768875192604007,12.914483821263483,7.841803556971591,5.749444855662472,5.726128793486306,2.4108068097705404,9.064766839378239,11.475573649148778,7.764678794280707,2.0114379094047306,0.359375
"subset_eq(index(cardinality(intersection(A, B)), union(difference(A, B), difference(B, A))), union(index(cardinality(A), union(A, B)), index(cardinality(B), difference(A, B))))",2675.232686474781,4544.594079116359,0.0,0.0,0.3240563686673889,0.1776072468161043,0.3240563686673889,0.0,0.3240563686673889,3609.91338279557,14,0.3005,6.469217970049916,6.526622296173045,4.252079866888519,8.743760399334443,12.995840266222961,7.962916769333393,5.763045032165833,5.726947819871337,2.4245889921372408,9.065403859899929,11.489992852037169,7.602325208294856,2.1161007498574924,0.3229166666666667
"subset_eq(index(cardinality(intersection(A, B)), union(difference(A, B), difference(B, A))), union(index(cardinality(A), union(A, B)), index(cardinality(B), union(A, B))))",5291.667614815291,6501.689366810024,0.0,0.0,0.1854873465181014,0.1854873465181014,0.1854873465181014,0.0,0.1854873465181014,5896.678490812657,14,0.37425,6.412825651302605,6.406145624582498,4.026720106880427,8.792251169004675,12.818971275885103,7.806705818673675,5.713543747502996,5.704754294846184,2.34398721534159,9.07431082700759,11.41829804234918,7.775226819307036,1.9525713719804294,0.3541666666666667
"subset_eq(index(cardinality(intersection(A, B)), union(difference(A, B), difference(B, A))), union(index(cardinality(B), A), index(cardinality(B), difference(A, B))))",2007.0055922606243,2549.33834265545,0.0,0.5295861769470054,0.4205964067492933,0.064761303878577,0.5295861769470054,0.5295861769470054,0.4205964067492933,2278.171967458037,13,0.23725,6.963119072708114,6.232876712328767,4.52581664910432,8.67017913593256,13.195995785036882,7.621144102660384,5.6679777122254995,5.884627990822681,2.490986561783022,9.061619141265158,11.552605703048181,7.501664750696637,2.4370477631616874,0.2916666666666667
"subset_eq(intersection(A, B), difference(A, index(cardinality(A), union(A, B))))",3074.2279024894015,5107.018484981731,0.0,0.0,0.766911378429355,0.4218464936697148,0.766911378429355,0.0,0.766911378429355,4090.623193735566,6,0.67875,5.887661141804788,5.788213627992634,2.701657458563536,8.974217311233886,11.675874769797423,9.0535046752745,6.160311284046693,6.345525291828793,3.5486381322957197,8.957198443579767,12.505836575875486,7.872426834622797,1.049909830598887,0.22005208333333334
"subset_eq(intersection(A, B), difference(index(cardinality(B), union(A, B)), index(cardinality(A), B)))",1245.514330545393,1470.7774645927857,0.0,0.0,0.9650283892324276,0.6164313669225203,0.9650283892324276,0.0,0.9650283892324276,1358.1458975690894,8,0.04575,4.300546448087432,3.9726775956284155,0.30601092896174864,7.967213114754099,8.273224043715848,8.253157753292127,6.055541000785958,6.062876604663348,3.101650510872413,9.016767094576894,12.118417605449306,8.472526249890953,3.9069858522034284,0.2734375
"subset_eq(intersection(A, B), difference(index(cardinality(B), union(A, B)), index(cardinality(A), union(A, B))))",1134.7582721908639,1261.1166903618287,0.0,0.0,0.8898998060290871,0.6725367620511213,0.8898998060290871,0.0,0.8898998060290871,1197.9374812763463,9,0.04575,4.224043715846994,3.989071038251366,0.30601092896174864,7.907103825136612,8.21311475409836,8.41350891337453,6.059208802724653,6.062090647105056,3.101650510872413,9.019648938957296,12.12129944982971,8.464824950277727,3.9345700993542136,0.2669270833333333
"subset_eq(intersection(A, B), index(cardinality(A), B))",1091.220928270588,1136.9392045831337,0.0,0.0,0.6977507979032342,0.8889638326703768,0.8889638326703768,0.0,0.8889638326703768,1114.0800664268609,4,0.0415,4.048192771084337,4.246987951807229,0.23493975903614459,8.060240963855422,8.295180722891565,8.363986064740889,6.05868544600939,6.041731872717788,3.092331768388106,9.008085550339072,12.100417318727178,8.492151055446833,3.927833452767714,0.26171875
"subset_eq(intersection(A, B), index(cardinality(A), union(A, B)))",1039.6772490071126,1352.3583818794505,0.0,0.0,0.5866848294128083,0.9653664609369276,0.9653664609369276,0.0,0.9653664609369276,1196.0178154432815,5,0.049,4.38265306122449,4.051020408163265,0.3520408163265306,8.081632653061224,8.433673469387756,8.196220324864637,6.0573080967402735,6.065983175604627,3.108832807570978,9.014458464773922,12.1232912723449,8.458744655302329,3.803215287772025,0.27734375
"subset_eq(intersection(A, B), index(cardinality(B), A))",981.8989202048069,1245.6944745896471,0.0,0.0,0.8889638326703768,0.6977507979032342,0.8889638326703768,0.0,0.8889638326703768,1113.796697397227,4,0.0425,4.535294117647059,3.7,0.2529411764705882,7.982352941176471,8.235294117647058,8.173771626297583,6.039164490861618,6.067885117493472,3.0945169712793734,9.012532637075719,12.10704960835509,8.480086714068479,3.9928760344797523,0.26171875
"subset_eq(intersection(A, B), index(cardinality(B), union(A, B)))",917.0779360785721,1477.7561502338212,0.0,0.0,0.9653664609369276,0.5866848294128083,0.9653664609369276,0.0,0.9653664609369276,1197.4170431561965,5,0.0485,4.237113402061856,4.015463917525773,0.34536082474226804,7.907216494845361,8.25257731958763,8.246413008821353,6.063846558066211,6.066736731476616,3.1077246452968996,9.022858644245927,12.130583289542827,8.457730540792396,3.895552343071342,0.27734375
"subset_eq(intersection(A, B), index(cardinality(difference(A, A)), A))",292.5560052310966,483.334001349398,0.0,0.0,1.0,1.0,1.0,0.0,1.0,387.9450032902473,5,0.0615,4.223577235772358,4.382113821138211,0.483739837398374,8.121951219512194,8.605691056910569,8.477989292088042,6.090037293553543,6.0711241342567925,3.136920618007459,9.024240809802876,12.161161427810336,8.371580631875606,3.6572937043265896,0.25390625
"subset_eq(intersection(A, B), index(cardinality(difference(A, B)), A))",380.62212570491647,362.8203815855086,0.0,0.0,1.0,1.0,1.0,0.0,1.0,371.7212536452125,5,0.05775,4.134199134199134,4.264069264069264,0.45021645021645024,7.9480519480519485,8.398268398268398,8.811603980435148,6.08808702573627,6.071637039002388,3.128416025470947,9.03130803926771,12.159724064738658,8.371417241701739,3.7759412228695357,0.25390625
"subset_eq(intersection(A, B), index(cardinality(difference(B, A)), B))",396.04874111178924,306.2237804114993,0.0,0.0,1.0,1.0,1.0,0.0,1.0,351.1362607616443,5,0.0635,4.637795275590551,3.8661417322834644,0.5,8.003937007874017,8.503937007874017,8.518197036394081,6.065936999466097,6.109717031500267,3.141484249866524,9.03416978109984,12.175654030966363,8.334084208419945,3.748420727322761,0.25390625
"subset_eq(intersection(A, B), index(cardinality(difference(B, A)), intersection(A, B)))",274.8565669549962,323.42012497247833,0.0,0.0,1.0,1.0,1.0,0.0,1.0,299.13834596373727,6,0.033,4.3106060606060606,3.7045454545454546,0.03787878787878788,7.9772727272727275,8.015151515151516,9.054981634527088,6.0320579110651495,6.044467425025853,3.073940020682523,9.00258531540848,12.076525336091002,8.50431295844571,4.20193992231203,0.2734375
"subset_eq(intersection(A, B), index(cardinality(difference(B, A)), union(A, B)))",1179.887449430324,1477.8509161065886,0.0,0.0,0.8258291604359329,0.8258291604359329,0.8258291604359329,0.0,0.8258291604359329,1328.8691827684563,6,0.04475,4.418994413407821,3.9608938547486034,0.2905027932960894,8.089385474860336,8.379888268156424,7.849505321307082,6.048154933263543,6.061240512954724,3.0994504056529704,9.009945040565297,12.109395446218267,8.495210253176822,3.867273816664603,0.2994791666666667
"subset_eq(intersection(A, B), index(cardinality(intersection(A, B)), A))",612.423902622093,1171.4296768828426,0.0,0.0,1.0,0.5183633763468172,1.0,0.0,1.0,891.9267897524678,5,0.0585,4.183760683760684,4.3760683760683765,0.45726495726495725,8.102564102564102,8.55982905982906,8.220359412667102,6.08656399362719,6.066117896972916,3.130111524163569,9.022570366436538,12.152681890600107,8.405672494118994,3.690668853924758,0.27734375
"subset_eq(intersection(A, index(cardinality(A), B)), index(cardinality(A), union(A, B)))",2285.0766188685957,3430.852733458858,0.0,0.0,0.7451984570885329,0.5865701643149835,0.7451984570885329,0.0,0.7451984570885329,2857.964676163727,7,0.87,6.0778735632183905,5.785632183908046,2.9146551724137932,8.948850574712644,11.863505747126437,9.051985235830166,5.288461538461538,7.1826923076923075,3.3692307692307693,9.101923076923077,12.471153846153847,5.723498520710063,1.6678091340199332,0.0234375
"subset_eq(intersection(A, index(cardinality(A), B)), index(cardinality(difference(A, B)), A))",2921.5403956739465,3879.3063650708646,0.0,0.0,0.8540954748691862,0.5960995570269776,0.8540954748691862,0.0,0.8540954748691862,3400.4233803724055,7,0.864,6.070891203703703,5.73900462962963,2.855613425925926,8.954282407407407,11.809895833333334,8.871981397087204,5.367647058823529,7.417279411764706,3.724264705882353,9.060661764705882,12.784926470588236,5.8679917279411775,2.016361479950637,0.09375
"subset_eq(intersection(A, index(cardinality(A), B)), index(cardinality(difference(B, A)), B))",2747.2559326411865,4314.030761776492,0.0,0.0,0.7846146290501931,0.4828290426658332,0.7846146290501931,0.0,0.7846146290501931,3530.6433472088393,7,0.86725,6.072643413087345,5.746036321706543,2.8639377342173535,8.954742000576536,11.81867973479389,8.84789521920511,5.338983050847458,7.4124293785310735,3.6911487758945385,9.060263653483993,12.751412429378531,6.070272129833567,1.999850358008723,0.10677083333333333
"subset_eq(intersection(A, index(cardinality(A), union(A, B))), difference(index(cardinality(B), union(A, B)), B))",5233.873813465238,6645.324364982545,0.0,0.0,0.6013459138087915,0.3402095005881652,0.6013459138087915,0.0,0.6013459138087915,5939.5990892238915,9,0.41275,5.5626892792247125,6.126589945487583,2.7728649303452455,8.91641429436705,11.689279224712296,9.151897735748182,6.265219242230737,5.855257556406982,3.1149425287356323,9.005534269902085,12.120476798637718,8.497845065452713,0.8271557879903687,0.3125
"subset_eq(intersection(A, index(cardinality(A), union(A, B))), index(cardinality(B), difference(A, B)))",4264.638273755321,6533.940785294399,0.0,0.0,0.7063679234631907,0.3094907517183755,0.7063679234631907,0.0,0.7063679234631907,5399.28952952486,8,0.3775,5.581456953642384,6.029801324503311,2.7072847682119203,8.903973509933774,11.611258278145696,9.840876277356257,6.214056224899599,5.929317269076305,3.1353413654618474,9.008032128514056,12.143373493975904,8.168317607780553,0.7703968677502545,0.32421875
"subset_eq(intersection(A, index(cardinality(A), union(A, B))), index(cardinality(difference(A, B)), intersection(A, B)))",5524.294380149804,6781.941305734217,0.0,0.0,0.5338207041810232,0.3867435157965357,0.5338207041810232,0.0,0.5338207041810232,6153.117842942011,9,0.42375,5.585840707964602,6.221238938053097,2.9126843657817107,8.894395280235988,11.8070796460177,9.28243576021796,6.261605206073753,5.780477223427332,3.018655097613883,9.023427331887202,12.042082429501084,8.378794377967392,0.8137311238914262,0.3151041666666667
"subset_eq(intersection(A, index(cardinality(A), union(A, B))), index(cardinality(difference(B, A)), intersection(A, B)))",5235.547613751143,6875.232525020838,0.0,0.0,0.5631216522215531,0.3101443031379024,0.5631216522215531,0.0,0.5631216522215531,6055.3900693859905,9,0.40175,5.6160547604231486,6.147479775980087,2.8668326073428747,8.896701929060361,11.763534536403236,9.559875141774326,6.216464688675303,5.846218136230672,3.0455495194316757,9.0171333054743,12.062682824905975,8.308962500146261,0.6951189770066843,0.32421875
"subset_eq(intersection(A, index(cardinality(A), union(A, B))), index(cardinality(intersection(A, B)), union(difference(A, B), difference(B, A))))",5134.21563038649,6864.7371331863105,0.0,0.0,0.5946191608894944,0.3247897565587004,0.5946191608894944,0.0,0.5946191608894944,5999.4763817864,11,0.39625,5.575394321766561,6.162145110410095,2.8201892744479493,8.917350157728707,11.737539432176655,9.3574803212292,6.23768115942029,5.839337474120083,3.0745341614906834,9.002484472049689,12.077018633540373,8.40774215672415,0.7794356592697707,0.32421875
"subset_eq(intersection(A, index(cardinality(A), union(A, B))), union(index(cardinality(A), B), index(cardinality(B), union(A, B))))",5550.466776404064,7442.210615687072,0.0,0.0,0.3895028471679195,0.4433891115975872,0.4433891115975872,0.0,0.4433891115975872,6496.338696045568,11,0.5095,5.58243375858685,6.253680078508341,2.9681059862610404,8.868007850834152,11.83611383709519,9.160489945211687,6.383282364933741,5.669724770642202,2.979612640163099,9.073394495412844,12.053007135575942,8.152139373893933,0.9912087040360457,0.18098958333333334
"subset_eq(intersection(A, index(cardinality(B), union(A, B))), difference(B, index(cardinality(A), union(A, B))))",5303.084526537103,7095.555373128504,0.4762999706193805,0.0,0.0477504640015526,0.5819584415030552,0.5819584415030552,0.4762999706193805,0.5819584415030552,6199.319949832803,9,0.60375,5.72463768115942,6.3130434782608695,3.0422360248447204,8.995445134575569,12.03768115942029,8.896453754784782,6.3570977917981075,5.440378548895899,2.8694006309148263,8.92807570977918,11.797476340694006,8.24986854282561,1.0915227637972427,0.3216145833333333
"subset_eq(intersection(A, index(cardinality(B), union(A, B))), difference(index(cardinality(B), A), index(cardinality(B), difference(A, B))))",3696.058563488521,7096.784927867353,0.3938006358981083,0.0,0.04044605909619,0.4540531555677257,0.4540531555677257,0.3938006358981083,0.4540531555677257,5396.421745677937,11,0.4225,5.710059171597633,6.050295857988166,2.850295857988166,8.910059171597632,11.7603550295858,9.991489793774758,6.169264069264069,5.906493506493507,3.064069264069264,9.011688311688312,12.075757575757576,8.03432132081484,0.5265428030879823,0.3098958333333333
"subset_eq(intersection(A, index(cardinality(B), union(A, B))), index(cardinality(A), B))",4436.178737998358,7628.199231568724,0.668855609038558,0.0,0.064761303878577,0.7982404950692772,0.7982404950692772,0.668855609038558,0.7982404950692772,6032.188984783541,7,0.38075,5.281680892974393,6.471437951411687,2.789231779382797,8.963887065003282,11.75311884438608,8.489302785177513,6.401695599515543,5.657246669358094,3.087202260799354,8.971740008074283,12.058942268873638,8.424018206091047,1.4163780549119458,0.2981770833333333
"subset_eq(intersection(A, index(cardinality(B), union(A, B))), index(cardinality(A), union(difference(A, B), difference(B, A))))",4815.185192910198,7047.272592999041,0.6046250269735032,0.0,0.0585386080871768,0.8013556222223233,0.8013556222223233,0.6046250269735032,0.8013556222223233,5931.228892954619,10,0.37075,5.226567768037762,6.414025623735671,2.6567768037761295,8.983816587997303,11.640593391773432,8.289984626849881,6.416368692888359,5.704012713547875,3.1605085419149783,8.959872864521255,12.120381406436234,8.47747877010821,1.474276174065452,0.3190104166666667
"subset_eq(intersection(A, index(cardinality(B), union(A, B))), index(cardinality(B), union(difference(A, B), difference(B, A))))",3230.570048492111,5639.1461244001985,0.0,0.0,0.4425343445618087,0.789434571403417,0.789434571403417,0.0,0.789434571403417,4434.858086446155,10,0.39875,5.354858934169279,6.053291536050157,2.4858934169278997,8.922257053291537,11.408150470219436,9.556057035602988,6.386694386694387,5.910187110187111,3.2972972972972974,8.9995841995842,12.296881496881497,7.851896905701509,1.3204315714446555,0.3072916666666667
"subset_eq(intersection(A, index(cardinality(B), union(A, B))), index(cardinality(difference(A, A)), intersection(A, B)))",5026.054630958271,6904.238013964146,0.4983126637233799,0.0,0.0503317324468566,0.7159976945553064,0.7159976945553064,0.4983126637233799,0.7159976945553064,5965.146322461209,9,0.38475,5.299545159194282,6.252761533463288,2.6127355425601038,8.939571150097466,11.55230669265757,8.736963700131806,6.39780577001219,5.788703778951645,3.1995123933360423,8.986997155627794,12.186509548963835,8.376890957696677,1.3288465078416847,0.3190104166666667
"subset_eq(intersection(A, index(cardinality(B), union(A, B))), index(cardinality(difference(B, A)), B))",5175.254987001885,7558.645669862628,0.5005250859413728,0.0,0.0508679493459793,0.715736574561179,0.715736574561179,0.5005250859413728,0.715736574561179,6366.950328432256,8,0.4,5.3625,6.276875,2.67125,8.968125,11.639375,8.463799218750001,6.38375,5.760833333333333,3.1754166666666666,8.969166666666666,12.144583333333333,8.60049618055558,1.2503737809206852,0.3216145833333333
"subset_eq(intersection(A, index(cardinality(B), union(A, B))), index(cardinality(difference(B, A)), difference(A, B)))",5360.280233830563,7617.687745466828,0.0,0.0,0.2942665586827006,0.5775620747051425,0.5775620747051425,0.0,0.5775620747051425,6488.983989648696,9,0.42375,5.594690265486726,6.0926253687315635,2.7315634218289087,8.955752212389381,11.687315634218288,9.169214329843921,6.255097613882864,5.875054229934924,3.1518438177874186,8.97830802603037,12.130151843817787,8.466205598505592,0.812471954888245,0.3229166666666667
"subset_eq(intersection(A, index(cardinality(B), union(A, B))), index(cardinality(difference(B, A)), intersection(A, B)))",5964.90494023799,7578.44687911123,0.4422251824950938,0.0,0.0548268289141079,0.6589399420324111,0.6589399420324111,0.4422251824950938,0.6589399420324111,6771.67590967461,9,0.403,5.460297766749379,6.343052109181142,2.8523573200992556,8.950992555831265,11.803349875930522,8.582548534871794,6.32286432160804,5.71356783919598,3.0556951423785597,8.98073701842546,12.03643216080402,8.677443260411483,1.08702243660781,0.3372395833333333
"subset_eq(intersection(A, index(cardinality(B), union(A, B))), union(index(cardinality(A), B), index(cardinality(A), union(A, B))))",6666.509112022817,7558.6887259967625,0.7554878873314756,0.0,0.0448541549902774,0.7177002338342118,0.7554878873314756,0.7554878873314756,0.7177002338342118,7112.59891900979,11,0.49775,5.471622300351582,6.381717729784028,2.9226519337016574,8.930688096433952,11.85334003013561,8.213918938588751,6.474365355898457,5.556495769039323,3.024390243902439,9.00647088103534,12.03086112493778,8.781544275251091,1.3026264252291713,0.3033854166666667
"subset_eq(intersection(A, index(cardinality(B), union(A, B))), union(index(cardinality(A), B), index(cardinality(B), A)))",5011.322076583281,7608.924431245774,0.0,0.0,0.4704728480115103,0.4425844744783034,0.4704728480115103,0.0,0.4704728480115103,6310.123253914528,10,0.47,5.721808510638298,6.014893617021277,2.8611702127659573,8.875531914893617,11.736702127659575,10.222181416930907,6.2,5.925,3.0735849056603772,9.051415094339623,12.125,7.654826895692418,0.5309123888520229,0.23697916666666666
"subset_eq(intersection(B, index(cardinality(A), union(A, B))), index(cardinality(A), difference(B, A)))",3749.2376278397646,6869.063687324524,0.0,0.0,0.7162411359156158,0.2927126109829365,0.7162411359156158,0.0,0.7162411359156158,5309.150657582144,8,0.36275,6.330806340454859,5.305306685044797,2.7064093728463128,8.929703652653343,11.636113025499656,9.061760681219416,5.772852098862299,6.344056492742252,3.1259317379364457,8.990976853668105,12.11690859160455,8.289650584903164,1.251524315989684,0.3294270833333333
"subset_eq(intersection(B, index(cardinality(A), union(A, B))), index(cardinality(B), union(A, B)))",5640.593326448929,8089.2066840827465,0.0,0.7124412218247083,0.6550434745684246,0.0462764533622609,0.7124412218247083,0.7124412218247083,0.6550434745684246,6864.9000052658375,8,0.4635,6.353829557713053,5.441747572815534,2.879180151024811,8.916396979503775,11.795577130528587,8.358969032815152,5.648182665424045,6.421248835041938,3.055452003727866,9.013979496738118,12.069431500465983,8.72780890605554,1.2200131250751447,0.3203125
"subset_eq(intersection(B, index(cardinality(A), union(A, B))), index(cardinality(difference(A, B)), intersection(A, B)))",5388.0699651459,7364.956046149135,0.0,0.4422251824950938,0.6589399420324111,0.0548268289141079,0.6589399420324111,0.4422251824950938,0.6589399420324111,6376.513005647517,9,0.41775,6.379413524835428,5.454817474566128,2.9090365050867746,8.925194494314782,11.834230999401555,8.54958364983534,5.685272649205667,6.334907685702018,3.020180334907686,9.0,12.020180334907685,8.661712486595016,1.1263850522199441,0.3372395833333333
"subset_eq(intersection(B, index(cardinality(A), union(A, B))), index(cardinality(difference(B, A)), A))",4984.8379064904875,6475.539507880807,0.0,0.6440316919535007,0.8169701416210526,0.0560291402085666,0.8169701416210526,0.6440316919535007,0.8169701416210526,5730.188707185647,8,0.39375,6.351746031746032,5.366349206349207,2.7942857142857145,8.923809523809524,11.718095238095238,8.4471913328294,5.730721649484536,6.357525773195876,3.0903092783505155,8.997938144329897,12.088247422680412,8.67030732277611,1.2065372851722609,0.3111979166666667
"subset_eq(intersection(B, index(cardinality(A), union(A, B))), index(cardinality(difference(B, A)), B))",6500.248951250454,8449.282185196877,0.0,0.6987035504754323,0.5620366116856759,0.0421517858294361,0.6987035504754323,0.6987035504754323,0.5620366116856759,7474.7655682236655,8,0.46575,6.207192699946323,5.42512077294686,2.7230273752012883,8.909286097691895,11.632313472893182,8.305795055793094,5.773046326626111,6.439868975198877,3.1923256902199344,9.020589611605054,12.212915301824989,8.829865929281716,1.1993489466873823,0.3567708333333333
"subset_eq(intersection(B, index(cardinality(A), union(A, B))), index(cardinality(intersection(A, B)), A))",5688.294484821963,7651.69437289983,0.0,0.7187083534240079,0.7125847970678554,0.0560291402085666,0.7187083534240079,0.7187083534240079,0.7125847970678554,6669.994428860897,8,0.43375,6.322766570605188,5.522766570605187,2.9262247838616715,8.919308357348703,11.845533141210375,8.737762791817893,5.709050772626932,6.3077262693156735,3.0101545253863136,9.006622516556291,12.016777041942605,8.630353639460264,0.9999265026991426,0.3033854166666667
"subset_eq(intersection(B, index(cardinality(A), union(A, B))), index(cardinality(intersection(A, B)), difference(B, A)))",5238.021866603405,6966.579144671559,0.0,0.0,0.764607008182421,0.4158590475312197,0.764607008182421,0.0,0.764607008182421,6102.300505637482,9,0.4175,6.14311377245509,5.388622754491018,2.607185628742515,8.924550898203593,11.531736526946109,8.92777008856538,5.854935622317597,6.381974248927039,3.236480686695279,9.000429184549356,12.236909871244634,8.341280185673,1.2107047979085224,0.3489583333333333
"subset_eq(intersection(B, index(cardinality(A), union(A, B))), index(cardinality(intersection(A, B)), index(cardinality(B), union(A, B))))",3433.235892817029,6101.948232172057,0.0,0.5777344858684901,0.8466766258324956,0.060519162466723,0.8466766258324956,0.5777344858684901,0.8466766258324956,4767.592062494543,11,0.355,6.427464788732395,5.236619718309859,2.7274647887323944,8.93661971830986,11.664084507042254,8.64429974211469,5.7263565891472865,6.36937984496124,3.109302325581395,8.986434108527131,12.095736434108527,8.40381377321075,1.3858203767457156,0.3138020833333333
"subset_eq(intersection(B, index(cardinality(A), union(A, B))), intersection(A, index(cardinality(A), B)))",3766.1345935792488,6167.548633240163,0.0,0.4409202066429969,0.5966421940051554,0.0503317324468566,0.5966421940051554,0.4409202066429969,0.5966421940051554,4966.841613409706,8,0.3865,6.286545924967658,5.47542043984476,2.847347994825356,8.914618369987064,11.76196636481242,9.3354657263497,5.779136104319479,6.277098614506928,3.0533822330888345,9.002852485737572,12.056234718826406,8.30627507009168,0.9708772987132278,0.3190104166666667
"subset_eq(intersection(B, index(cardinality(A), union(A, B))), intersection(A, index(cardinality(B), union(A, B))))",6168.050207267515,7431.753835719079,0.0,0.7205054809400434,0.7356290150818567,0.0572658519733149,0.7356290150818567,0.7205054809400434,0.7356290150818567,6799.902021493297,9,0.41375,6.421752265861027,5.4,2.909365558912387,8.91238670694864,11.821752265861027,8.579940672319523,5.660127931769723,6.367590618336887,3.0191897654584223,9.008528784648188,12.02771855010661,8.53389864566895,1.2362704345397282,0.30078125
"subset_eq(intersection(B, index(cardinality(A), union(A, B))), union(index(cardinality(B), A), index(cardinality(A), difference(B, A))))",5287.60673691635,7406.98152012378,0.0,0.0,0.7168654254665421,0.2827813611217858,0.7168654254665421,0.0,0.7168654254665421,6347.294128520065,11,0.3935,6.378653113087675,5.318297331639136,2.782083862770013,8.914866581956797,11.696950444726811,8.998160224357385,5.713520197856554,6.388293487221764,3.098103874690849,9.00370981038747,12.101813685078318,8.225683360190338,1.298908085978334,0.3294270833333333
"subset_eq(intersection(B, index(cardinality(B), A)), index(cardinality(difference(A, A)), B))",2137.471871095251,3337.777353937272,0.0,0.0,0.607219956791442,0.8615373073346557,0.8615373073346557,0.0,0.8615373073346557,2737.6246125162615,7,0.8375,5.720298507462687,6.098507462686567,2.863283582089552,8.955522388059702,11.818805970149254,8.911316551570433,7.28923076923077,5.2907692307692304,3.543076923076923,9.036923076923078,12.58,6.061760946745583,1.8910601470520259,0.109375
"subset_eq(intersection(B, index(cardinality(B), A)), index(cardinality(difference(A, B)), union(A, B)))",2534.7011430039565,3636.498137069517,0.0,0.0,0.4957133431595242,0.7964717252049964,0.7964717252049964,0.0,0.7964717252049964,3085.5996400367367,8,0.84175,5.721413721413722,6.091179091179091,2.863082863082863,8.949509949509949,11.812592812592813,8.887895398735932,7.325434439178515,5.308056872037914,3.5624012638230647,9.071090047393366,12.63349131121643,6.13284617246792,1.9170834876825575,0.13020833333333334
"subset_eq(intersection(B, index(cardinality(B), union(A, B))), difference(index(cardinality(A), union(A, B)), A))",5007.904862049501,7085.271540150046,0.0,0.0,0.3402095005881652,0.6013459138087915,0.6013459138087915,0.0,0.6013459138087915,6046.588201099774,9,0.41225,6.146149181322014,5.5494238932686475,2.7816858702243783,8.913887204366283,11.69557307459066,8.9855549479424,5.855380689068482,6.260314759676733,3.108464483198639,9.007230965546576,12.115695448745214,8.609707879268477,0.8346834141919994,0.3125
"subset_eq(intersection(B, index(cardinality(B), union(A, B))), index(cardinality(difference(A, A)), B))",2881.7263223997725,5434.26379741868,0.0,0.0,0.4929256156189497,0.769735732173473,0.769735732173473,0.0,0.769735732173473,4157.995059909226,8,0.37275,6.207243460764587,5.44131455399061,2.7639168343393696,8.884641180415828,11.648558014755197,9.468039176260378,5.837385412514946,6.27979274611399,3.098445595854922,9.018732562774014,12.117178158628937,8.267555254650444,0.9755768277294489,0.2864583333333333
"subset_eq(intersection(B, index(cardinality(B), union(A, B))), index(cardinality(difference(A, B)), intersection(A, B)))",5225.540683778934,6773.946229726076,0.0,0.0,0.3101443031379024,0.5631216522215531,0.5631216522215531,0.0,0.5631216522215531,5999.743456752505,9,0.41275,6.143549364021805,5.632949727437916,2.898849182313749,8.877649909145973,11.776499091459721,9.268809425192785,5.856960408684547,6.202213707960834,3.0263942103022563,9.032779906343125,12.059174116645382,8.508212601360533,0.6499711093630912,0.32421875
"subset_eq(intersection(B, index(cardinality(B), union(A, B))), index(cardinality(intersection(A, B)), B))",4724.8069793310715,7779.3618532978,0.0,0.0,0.3109246233035866,0.4853472801256011,0.4853472801256011,0.0,0.4853472801256011,6252.084416314436,8,0.4885,6.280450358239508,5.506141248720573,2.9232343909928353,8.863357215967246,11.786591606960082,8.886762476572198,5.68377321603128,6.407624633431085,3.0219941348973607,9.069403714565006,12.091397849462366,8.376756401399259,1.0855640892913623,0.2799479166666667
"subset_eq(intersection(B, index(cardinality(B), union(A, B))), union(index(cardinality(B), A), index(cardinality(A), difference(B, A))))",4559.407535069971,6039.149592661299,0.0,0.0,0.4075590922110301,0.4899477362337873,0.4899477362337873,0.0,0.4899477362337873,5299.278563865635,11,0.4195,6.196662693682956,5.51072705601907,2.8462455303933254,8.8611442193087,11.707389749702026,9.83613573114032,5.815245478036176,6.297157622739018,3.065891472868217,9.046511627906977,12.112403100775193,7.938341712904531,0.901219434271634,0.28125
"subset_eq(intersection(index(cardinality(A), B), index(cardinality(A), union(A, B))), index(cardinality(difference(B, A)), B))",1268.3548448199872,1339.8404676167993,0.0,0.8487520757126762,0.8514184386919448,0.0294776893647559,0.8514184386919448,0.8487520757126762,0.8514184386919448,1304.0976562183932,10,0.92075,6.133858267716535,5.816997013304372,2.9579147434156936,8.992940537605213,11.950855281020907,8.396455480188012,4.132492113564669,7.712933753943218,3.1577287066246056,8.68769716088328,11.845425867507887,7.780055528465804,2.7640492447462175,0.24479166666666666
"subset_eq(intersection(index(cardinality(A), B), index(cardinality(A), union(A, B))), union(A, index(cardinality(A), difference(B, A))))",1807.0304093790473,1976.3347089653835,0.0,0.0,0.7648137252964364,0.3195544042897718,0.7648137252964364,0.0,0.7648137252964364,1891.6825591722154,11,0.95075,6.067052327110177,5.875887457270576,2.965290560084144,8.977649224296607,11.942939784380751,8.71357866926122,4.2030456852791875,7.730964467005077,3.1370558375634516,8.796954314720812,11.934010152284264,6.227576077713937,2.635400307995558,0.11458333333333333
"subset_eq(intersection(index(cardinality(A), union(A, B)), index(cardinality(B), union(A, B))), index(cardinality(difference(A, A)), intersection(A, B)))",1820.439761238711,3338.9323653487954,0.0,0.0,0.3216881031687688,0.3216881031687688,0.3216881031687688,0.0,0.3216881031687688,2579.6860632937533,12,0.839,5.962455303933254,5.952920143027414,2.9317640047675804,8.983611442193087,11.915375446960667,9.391778693915926,6.041925465838509,6.041925465838509,3.1925465838509317,8.891304347826088,12.083850931677018,6.34983700474517,0.28678390414268223,0.3177083333333333
"subset_eq(intersection(index(cardinality(A), union(A, B)), index(cardinality(B), union(A, B))), index(cardinality(difference(A, B)), intersection(A, B)))",1752.8954896608484,6026.247491537826,0.0,0.0,0.3222383001155595,0.3222383001155595,0.3222383001155595,0.0,0.3222383001155595,3889.5714905993373,12,0.8455,5.975162625665287,5.965700768775872,2.9544648137196923,8.986398580721467,11.940863394441159,9.366790686841469,5.975728155339806,5.975728155339806,3.0792880258899675,8.872168284789645,11.951456310679612,6.431651323299938,0.1252266050071664,0.328125
"subset_eq(intersection(index(cardinality(A), union(A, B)), index(cardinality(B), union(A, B))), index(cardinality(intersection(A, B)), A))",1303.0373616258457,2771.1903281402774,0.0,0.0,0.4191465844878788,0.3904388668212708,0.4191465844878788,0.0,0.4191465844878788,2037.1138448830616,11,0.8915,5.9893438025799215,5.980370162647223,3.0109366236679755,8.95877734155917,11.969713965227145,9.313662184355213,5.859447004608295,5.859447004608295,2.6682027649769586,9.050691244239632,11.71889400921659,5.496219923973757,0.38595606766395446,0.15364583333333334
"subset_eq(intersection(index(cardinality(B), A), index(cardinality(A), union(A, B))), B)",2307.3404428180947,2981.865399474511,0.0,0.0,0.3548628366826426,0.6069269490373927,0.6069269490373927,0.0,0.6069269490373927,2644.602921146303,7,0.96075,5.943273484257091,6.004683840749414,2.980223783502472,8.967733541504034,11.947957325006506,9.000507358526715,6.75796178343949,5.050955414012739,2.8152866242038215,8.993630573248408,11.80891719745223,5.4229380502251665,1.2651162805480896,0.1015625
"subset_eq(intersection(index(cardinality(B), A), index(cardinality(B), difference(A, B))), index(cardinality(difference(B, A)), union(A, B)))",614.0846957499743,883.380411772363,0.0,0.0,0.2539833173505172,0.69508562789292,0.69508562789292,0.0,0.69508562789292,748.7325537611687,11,0.96975,5.964423820572312,6.062902810002578,3.0397009538540862,8.987625676720805,12.02732663057489,8.620578240685287,6.322314049586777,2.9008264462809916,0.859504132231405,8.363636363636363,9.223140495867769,6.375930605832931,3.8574694460286265,0.11197916666666667
"subset_eq(intersection(index(cardinality(B), A), index(cardinality(B), union(A, B))), index(cardinality(difference(A, A)), B))",882.0994010338909,881.3639579034643,0.5970202848997153,0.0,0.0321499561239004,0.8562926338069723,0.8562926338069723,0.5970202848997153,0.8562926338069723,881.7316794686776,10,0.916,5.825600436681222,6.134825327510917,2.9495087336244543,9.010917030567686,11.96042576419214,8.345015857106386,7.607142857142857,4.1398809523809526,3.238095238095238,8.508928571428571,11.74702380952381,8.074174461451243,2.6901633084869867,0.2421875
"subset_eq(intersection(index(cardinality(B), A), index(cardinality(B), union(A, B))), index(cardinality(difference(A, A)), difference(A, B)))",789.0710461591952,720.0974103308981,0.0,0.0,0.291084031382086,1.0,1.0,0.0,1.0,754.5842282450467,11,0.9125,5.819726027397261,6.1468493150684935,2.9542465753424656,9.012328767123288,11.966575342465754,8.336535635203514,7.597142857142857,4.094285714285714,3.177142857142857,8.514285714285714,11.691428571428572,7.812293877551007,2.7243183871129477,0.18880208333333334
"subset_eq(intersection(intersection(A, B), index(cardinality(A), union(A, B))), index(cardinality(B), A))",4481.0509744151495,6418.3704804852605,0.0,0.0,0.763124024169579,0.4046336442755165,0.763124024169579,0.0,0.763124024169579,5449.710727450205,8,0.7095,5.9334038054968286,5.774489076814659,2.7438336856941508,8.964059196617336,11.707892882311487,9.059705914049784,6.077452667814113,6.438037865748709,3.5352839931153186,8.980206540447504,12.515490533562822,7.827919990757179,1.042804228581669,0.21223958333333334
"subset_eq(intersection(intersection(A, B), index(cardinality(A), union(A, B))), index(cardinality(difference(B, A)), B))",4735.614425740205,7145.065897669643,0.0,0.0,0.811522295157959,0.5737048810226745,0.811522295157959,0.0,0.811522295157959,5940.340161704924,9,0.73375,5.851788756388416,5.802044293015332,2.70221465076661,8.951618398637137,11.653833049403747,8.897428381543309,6.3154929577464785,6.422535211267606,3.7220657276995306,9.015962441314555,12.738028169014084,7.874989530296025,1.2806743477995903,0.1484375
"subset_eq(intersection(intersection(A, B), index(cardinality(A), union(A, B))), index(cardinality(difference(B, A)), intersection(A, B)))",4790.293649820844,6932.515825914219,0.0,0.0,0.5926075921530718,0.3735178450634944,0.5926075921530718,0.0,0.5926075921530718,5861.404737867531,10,0.72275,5.923555863023175,5.803528190937392,2.7647872708405394,8.962296783120028,11.727084053960567,9.011667909605352,6.110009017132552,6.39404869251578,3.5184851217312896,8.985572587917042,12.504057709648333,8.021125621096687,0.9754689599874825,0.19661458333333334
"subset_eq(intersection(intersection(A, B), index(cardinality(A), union(A, B))), index(cardinality(intersection(A, B)), A))",4895.616440481739,7222.219654586166,0.0,0.0,0.7000202822570851,0.3342726374675149,0.7000202822570851,0.0,0.7000202822570851,6058.918047533953,9,0.76075,5.875123233651002,5.885967794939205,2.806112389089714,8.954978639500492,11.761091028590206,8.979145988233716,6.2936259143155695,6.225705329153605,3.5067920585161962,9.012539184952978,12.519331243469175,8.199537259963146,0.8840351152669866,0.17057291666666666
"subset_eq(intersection(intersection(A, B), index(cardinality(B), union(A, B))), index(cardinality(A), B))",4780.544077790575,6466.03426865302,0.0,0.0,0.4046336442755165,0.763124024169579,0.763124024169579,0.0,0.763124024169579,5623.289173221798,8,0.715,5.793356643356644,5.918881118881119,2.746153846153846,8.966083916083916,11.712237762237763,8.988363000635724,6.431578947368421,6.088596491228071,3.544736842105263,8.975438596491228,12.52017543859649,7.994070483225609,1.0362749723754343,0.21223958333333334
"subset_eq(intersection(intersection(A, B), index(cardinality(B), union(A, B))), index(cardinality(difference(A, A)), intersection(A, B)))",4201.2311849557445,6057.7338795801625,0.0,0.0,0.6943399511051178,0.870547365436355,0.870547365436355,0.0,0.870547365436355,5129.4825322679535,10,0.719,5.800069541029207,5.804937413073714,2.6519471488178024,8.953059805285118,11.60500695410292,8.993340164925366,6.423487544483986,6.382562277580071,3.797153024911032,9.008896797153024,12.806049822064058,7.362565063765661,1.4261125445651166,0.1171875
"subset_eq(intersection(intersection(A, B), index(cardinality(B), union(A, B))), index(cardinality(difference(A, B)), A))",5345.164728994481,6095.327696500346,0.0,0.0,0.5737048810226745,0.811522295157959,0.811522295157959,0.0,0.811522295157959,5720.246212747414,9,0.73175,5.823026990092244,5.848308848650495,2.7017423983600954,8.969593440382644,11.67133583874274,8.795689064818337,6.39049394221808,6.291705498602051,3.715750232991612,8.966449207828518,12.682199440820131,8.125481074480064,1.243716695890726,0.1484375
"subset_eq(intersection(intersection(A, B), index(cardinality(B), union(A, B))), index(cardinality(difference(A, B)), intersection(A, B)))",5080.195990944514,7518.9412971921265,0.0,0.0,0.3735178450634944,0.5926075921530718,0.5926075921530718,0.0,0.5926075921530718,6299.56864406832,10,0.72925,5.813164209804594,5.914638327048337,2.7661981487829963,8.961604388069935,11.72780253685293,8.937791526014715,6.411819021237304,6.108956602031395,3.5327793167128347,8.987996306555864,12.520775623268698,8.18656496906356,0.9918638325236988,0.19661458333333334
"subset_eq(intersection(intersection(A, B), index(cardinality(B), union(A, B))), index(cardinality(difference(A, B)), union(A, B)))",3876.238209597068,6080.62762889266,0.0,0.0,0.4770886563225448,0.7485017127154908,0.7485017127154908,0.0,0.7485017127154908,4978.432919244864,10,0.69625,5.84129263913824,5.83375224416517,2.7012567324955117,8.9737881508079,11.67504488330341,8.96948915226168,6.282304526748971,6.273251028806585,3.5983539094650205,8.957201646090535,12.555555555555555,7.958018594726441,1.0919862689804862,0.1875
"subset_eq(intersection(intersection(A, B), index(cardinality(B), union(A, B))), index(cardinality(difference(B, A)), intersection(A, B)))",5288.936390117044,6662.395726021379,0.0,0.0,0.5077698410206247,0.7209171430648903,0.7209171430648903,0.0,0.7209171430648903,5975.666058069211,10,0.73725,5.875551034248898,5.865378094269244,2.78195998643608,8.958969142082061,11.740929128518141,8.885887946336856,6.25499524262607,6.253092293054234,3.511893434823977,8.996194100856327,12.508087535680305,8.44798257470342,0.9094520582669066,0.171875
"subset_eq(union(A, index(cardinality(A), B)), difference(B, index(cardinality(A), difference(B, A))))",359.1350205716499,302.1091982837497,0.667455960264052,0.1751696420981426,0.0104542111811408,0.0104542111811408,0.667455960264052,0.667455960264052,0.0104542111811408,330.6221094276998,8,0.02675,4.168224299065421,8.16822429906542,4.168224299065421,8.16822429906542,12.336448598130842,6.1490086470434075,6.024916516825071,5.906755715386591,2.94091959928076,8.990752632930901,11.931672232211662,8.65555299615346,3.1729832921982255,0.20833333333333334
"subset_eq(union(A, index(cardinality(A), difference(B, A))), difference(A, index(cardinality(B), union(A, B))))",3972.823902080767,6395.434415888041,0.3751516275520984,0.1985832392679067,0.0069032562600489,0.0069032562600489,0.3751516275520984,0.3751516275520984,0.0069032562600489,5184.129158984404,9,0.27325,5.779505946935041,6.214089661482159,2.950594693504117,9.043000914913083,11.9935956084172,7.668280808840088,6.048847609219126,5.874441004471964,2.982456140350877,8.940832473340214,11.92328861369109,9.33546547726689,0.4346507713624264,0.3515625
"subset_eq(union(A, index(cardinality(A), union(A, B))), difference(A, index(cardinality(A), B)))",4002.6793239029357,6150.438358133659,0.0,0.7588609393432452,0.7888174770579369,0.0548268289141079,0.7888174770579369,0.7588609393432452,0.7888174770579369,5076.558841018297,8,0.5725,6.506986899563318,5.475545851528384,3.0262008733624453,8.956331877729257,11.982532751091703,8.281371064625038,5.2631578947368425,6.625730994152047,2.9035087719298245,8.985380116959064,11.88888888888889,8.120809821825594,1.6985552117354883,0.2890625
"subset_eq(union(A, index(cardinality(A), union(A, B))), union(difference(A, B), index(cardinality(A), B)))",1583.5139746241039,1714.114585022442,0.0,0.0,0.5646260684788418,0.7659848870458418,0.7659848870458418,0.0,0.7659848870458418,1648.814279823273,9,0.02025,4.2592592592592595,3.802469135802469,0.07407407407407407,7.987654320987654,8.061728395061728,9.071483005639385,6.01071701964787,6.011992855320234,3.0336820617504467,8.989027813217657,12.022709874968104,8.679043564042106,4.087649543962263,0.2591145833333333
"subset_eq(union(A, index(cardinality(B), union(A, B))), union(difference(A, B), index(cardinality(A), B)))",1560.5361887804465,1766.5569256769957,0.0,0.0,0.5353208615099259,0.7533955505357303,0.7533955505357303,0.0,0.7533955505357303,1663.5465572287212,9,0.02225,4.404494382022472,3.7865168539325844,0.21348314606741572,7.977528089887641,8.191011235955056,8.701426587552074,6.010994630529276,6.0168754794170285,3.036563538736896,8.99130657120941,12.027870109946305,8.684838395804752,3.9401935929850134,0.2955729166666667
"subset_eq(union(B, index(cardinality(B), A)), difference(A, index(cardinality(B), difference(A, B))))",398.0048692549517,331.917696442084,0.1751696420981426,0.667455960264052,0.0104542111811408,0.0104542111811408,0.667455960264052,0.667455960264052,0.0104542111811408,364.96128284851784,8,0.02725,7.954128440366972,4.256880733944954,4.256880733944954,7.954128440366972,12.211009174311927,7.308139045534892,5.919814957594449,6.015163197121563,2.937805191467489,8.997172963248522,11.934978154716012,8.616904056247186,2.9949872876636214,0.20833333333333334
"subset_eq(union(B, index(cardinality(B), difference(A, B))), difference(A, index(cardinality(B), A)))",1123.8762534611742,905.3275783780846,0.2348628143008657,0.4576190133366496,0.0196045571263109,0.0196045571263109,0.4576190133366496,0.4576190133366496,0.0196045571263109,1014.6019159196294,8,0.0135,7.777777777777778,3.7777777777777777,3.7777777777777777,7.777777777777778,11.555555555555555,6.234567901234566,5.9505828687278255,5.997212366953877,2.962747085656361,8.985048150025342,11.947795235681703,8.790767993353782,2.9881108012236193,0.15885416666666666
"subset_eq(union(difference(A, B), index(cardinality(A), B)), index(cardinality(difference(A, A)), difference(A, B)))",546.7958675726259,883.7242086897022,0.2266127748209303,0.3806699202269782,0.131063930858849,0.0294492277505703,0.3806699202269782,0.3806699202269782,0.131063930858849,715.260038131164,9,0.01175,5.9361702127659575,5.808510638297872,4.957446808510638,6.787234042553192,11.74468085106383,5.03666817564509,5.975714647103466,5.969137364027321,2.9501644320769036,8.994687579053883,11.944852011130786,8.75792241099538,2.014087199216334,0.375
"subset_eq(union(difference(A, B), index(cardinality(A), B)), union(index(cardinality(B), A), index(cardinality(A), union(A, B))))",381.55881770217457,267.7275298917466,0.5558669337786367,0.0,0.1892351813048483,0.704539857870006,0.704539857870006,0.5558669337786367,0.704539857870006,324.6431737969606,11,0.029,4.103448275862069,8.14655172413793,4.077586206896552,8.172413793103448,12.25,6.872621878715812,6.031153450051494,5.90216271884655,2.9407826982492278,8.992533470648816,11.933316168898044,8.617057250374298,3.1694875710345323,0.2513020833333333
"subset_eq(union(difference(A, B), index(cardinality(A), difference(B, A))), index(cardinality(B), union(A, B)))",643.6673495309678,646.1858296963837,0.3902372989974505,0.2232840881928712,0.1542936901515774,0.0344989171814291,0.3902372989974505,0.3902372989974505,0.1542936901515774,644.9265896136758,9,0.0265,5.066037735849057,7.7075471698113205,4.660377358490566,8.11320754716981,12.773584905660377,5.572979708081167,6.0,5.919876733436055,2.9278376990241397,8.992039034411915,11.919876733436055,8.723408116842744,2.658899165363765,0.2734375
"subset_eq(union(difference(A, B), index(cardinality(A), difference(B, A))), index(cardinality(B), union(difference(A, B), difference(B, A))))",342.5072020446819,386.34545226637783,0.4396564980247607,0.1780684885850052,0.2423417998837884,0.0532259256309899,0.4396564980247607,0.4396564980247607,0.2423417998837884,364.42632715552986,11,0.01575,5.0,8.11111111111111,5.0,8.11111111111111,13.11111111111111,4.641975308641975,5.990855981711963,5.932943865887732,2.9413258826517654,8.98247396494793,11.923799847599696,8.76385623738994,3.1566354312935654,0.25
"subset_eq(union(difference(A, B), index(cardinality(A), difference(B, A))), index(cardinality(intersection(A, B)), A))",742.7393426852614,780.9071515006326,0.4629794232769653,0.2006259227830361,0.207041851220789,0.028273269245759,0.4629794232769653,0.4629794232769653,0.207041851220789,761.823247092947,9,0.033,4.984848484848484,7.636363636363637,4.462121212121212,8.159090909090908,12.621212121212121,5.684802571166207,6.0090486039296795,5.9102895553257495,2.922957600827301,8.996380558428129,11.91933815925543,8.711918731799765,2.5292967875455092,0.32421875
"subset_eq(union(difference(A, B), index(cardinality(A), difference(B, A))), index(cardinality(intersection(A, B)), index(cardinality(A), union(A, B))))",581.2025171517562,432.0608425394312,0.6183314378602591,0.0,0.1453207801604501,0.4651457014131297,0.6183314378602591,0.6183314378602591,0.4651457014131297,506.6316798455937,12,0.01575,5.0,8.11111111111111,5.0,8.11111111111111,13.11111111111111,4.641975308641975,5.990855981711963,5.932943865887732,2.9413258826517654,8.98247396494793,11.923799847599696,8.76385623738994,3.1566354312935654,0.2604166666666667
"subset_eq(union(difference(A, B), index(cardinality(A), difference(B, A))), index(cardinality(intersection(A, B)), union(A, B)))",1576.8077166967996,1895.9785665425006,0.4430773864047902,0.0,0.207534720777481,0.344377898415081,0.4430773864047902,0.4430773864047902,0.344377898415081,1736.3931416196501,10,0.03125,4.776,7.536,4.328,7.984,12.312,6.728191999999996,6.013935483870967,5.916645161290322,2.930064516129032,9.000516129032258,11.93058064516129,8.67950724661802,2.4716427680684054,0.3229166666666667
"subset_eq(union(difference(A, B), index(cardinality(A), difference(B, A))), union(index(cardinality(B), A), index(cardinality(B), union(A, B))))",868.0573507266267,772.4762534530164,0.3235960076329546,0.2386189116080013,0.1408752465946312,0.0315876965533813,0.3235960076329546,0.3235960076329546,0.1408752465946312,820.2668020898216,12,0.0275,5.1,7.609090909090909,4.636363636363637,8.072727272727272,12.709090909090909,5.774049586776858,6.0,5.920822622107969,2.9267352185089974,8.994087403598972,11.92082262210797,8.718757607998892,2.5657511835656375,0.2916666666666667
"subset_eq(union(difference(A, B), index(cardinality(A), union(A, B))), difference(A, index(cardinality(B), union(A, B))))",9651.309086032212,10677.999947801232,0.2661732054316651,0.2661732054316651,0.0066993395239982,0.0066993395239982,0.2661732054316651,0.2661732054316651,0.0066993395239982,10164.654516916722,10,0.36175,6.141672425708362,6.117484450587423,3.25984796129924,8.999308914996545,12.259156876295785,8.94731276826111,5.880924402663533,5.882099490795143,2.8115942028985508,8.951429690560126,11.763023893458676,8.8031303157242,0.5694971841357451,0.35546875
"subset_eq(union(difference(A, B), index(cardinality(B), A)), index(cardinality(difference(A, A)), difference(A, B)))",333.8534796294316,292.69692566874073,1.0,0.0,0.2481099706426246,1.0,1.0,1.0,1.0,313.27520264908617,9,0.1655,4.501510574018127,7.459214501510574,3.6722054380664653,8.288519637462235,11.960725075528702,7.009729739597124,6.2675254643499105,5.671360095865788,2.835230677052127,9.103654883163571,11.938885560215699,7.802898051774871,2.6487277548347734,0.2513020833333333
"subset_eq(union(difference(A, B), index(cardinality(B), union(A, B))), index(cardinality(intersection(A, B)), index(cardinality(A), union(A, B))))",225.04012936330764,194.59605417127753,0.7902470408965522,0.0,0.1117047330308969,1.0,1.0,0.7902470408965522,1.0,209.81809176729257,12,0.02825,4.053097345132743,8.20353982300885,4.053097345132743,8.20353982300885,12.256637168141593,6.605685644921295,6.031129405711345,5.902238229997427,2.9423720092616414,8.990995626447132,11.933367635708773,8.62616259471567,3.2314564249606885,0.234375
"subset_eq(union(difference(B, A), index(cardinality(A), B)), index(cardinality(difference(A, A)), B))",358.48363955115747,467.50283911618317,0.0,1.0,1.0,0.3826411912107007,1.0,1.0,1.0,412.9932393336703,8,0.06575,7.380228136882129,4.0,3.467680608365019,7.91254752851711,11.38022813688213,8.292500975870675,5.876371420925876,6.105699759165105,2.938988493443939,9.043082686647043,11.982071180090982,8.34376225593837,2.6410361319479208,0.2760416666666667
"subset_eq(union(difference(B, A), index(cardinality(A), union(A, B))), index(cardinality(B), union(difference(A, B), difference(B, A))))",560.8615222882363,520.93735332703,0.0,0.7905481478267841,0.909230443591342,0.1068121868787531,0.909230443591342,0.7905481478267841,0.909230443591342,540.8994378076331,11,0.03275,7.870229007633588,3.954198473282443,3.8931297709923665,7.931297709923665,11.82442748091603,8.452887360876407,5.911088136469372,6.035409666580512,2.942620832256397,9.003876970793486,11.946497803049883,8.53503372700705,3.0121653717537216,0.24609375
"subset_eq(union(difference(B, A), index(cardinality(A), union(A, B))), union(index(cardinality(B), union(A, B)), index(cardinality(B), difference(A, B))))",887.7455576429838,772.0918752467987,0.0,0.7771389417910856,0.7652120964018758,0.0902745051349842,0.7771389417910856,0.7771389417910856,0.7652120964018758,829.9187164448913,13,0.0325,7.869230769230769,3.9615384615384617,3.9076923076923076,7.923076923076923,11.830769230769231,8.581183431952656,5.911627906976745,6.034625322997416,2.942377260981912,9.003875968992247,11.946253229974161,8.53191221147238,3.0102709580475273,0.26953125
"subset_eq(union(difference(B, A), index(cardinality(B), A)), difference(index(cardinality(B), union(A, B)), index(cardinality(B), difference(A, B))))",491.56024303857157,408.1974646723975,0.1548201625018256,0.5410445054994055,0.0077031968159066,0.0077031968159066,0.5410445054994055,0.5410445054994055,0.0077031968159066,449.8788538554845,12,0.02775,7.900900900900901,4.27027027027027,4.252252252252252,7.918918918918919,12.17117117117117,7.427643860076294,5.920287991771664,6.015685266135253,2.937258935458987,8.99871432244793,11.935973257906918,8.610862596740603,2.9493233845766538,0.2721354166666667
"subset_eq(union(difference(B, A), index(cardinality(B), difference(A, B))), difference(index(cardinality(A), union(A, B)), index(cardinality(A), difference(B, A))))",831.749151187772,661.1571118677675,0.2136667652637903,0.4548711916145315,0.0072286212096814,0.0072286212096814,0.4548711916145315,0.4548711916145315,0.0072286212096814,746.4531315277698,13,0.02725,7.458715596330276,5.036697247706422,4.6422018348623855,7.853211009174312,12.495412844036696,5.697836882417306,5.933693138010794,5.993317913132871,2.9270110511436647,9.0,11.927011051143666,8.699560584392811,2.4865027690419685,0.2682291666666667
"subset_eq(union(difference(B, A), index(cardinality(B), difference(A, B))), index(cardinality(B), union(difference(A, B), difference(B, A))))",794.7171921898007,776.0808153243888,0.0,0.7906184997569579,0.8863917584443914,0.1052573637179908,0.8863917584443914,0.7906184997569579,0.8863917584443914,785.3990037570948,11,0.0335,7.850746268656716,3.955223880597015,3.873134328358209,7.932835820895522,11.805970149253731,8.39006460236133,5.910243145369892,6.036989136057941,2.9425763062597,9.004655975168133,11.947232281427832,8.533540042537247,2.9942005916140797,0.25
"subset_eq(union(difference(B, A), index(cardinality(B), difference(A, B))), index(cardinality(intersection(A, B)), difference(B, A)))",396.6308815280472,332.17199886692106,0.1573148449613743,0.4749246289968806,0.0473797713070456,0.3602241216432708,0.4749246289968806,0.4749246289968806,0.3602241216432708,364.40144019748413,10,0.0165,7.742424242424242,5.015151515151516,5.015151515151516,7.742424242424242,12.757575757575758,5.4651056014692365,5.945602440264362,5.983223182511439,2.9395017793594307,8.98932384341637,11.9288256227758,8.727881679640934,2.9110227013123504,0.28125
"subset_eq(union(difference(B, A), index(cardinality(B), difference(A, B))), intersection(index(cardinality(A), union(A, B)), index(cardinality(B), union(A, B))))",585.847945330449,534.4008429843925,0.1925636695547247,0.4750282530626694,0.0091466540742918,0.0091466540742918,0.4750282530626694,0.4750282530626694,0.0091466540742918,560.1243941574207,13,0.017,7.661764705882353,5.014705882352941,4.985294117647059,7.6911764705882355,12.676470588235293,5.592993079584775,5.9460834181078335,5.9837232960325535,2.9389623601220753,8.99084435401831,11.929806714140387,8.722010185358572,2.840779944150769,0.2721354166666667
"subset_eq(union(index(cardinality(A), B), index(cardinality(A), difference(B, A))), difference(index(cardinality(A), union(A, B)), A))",1416.4964648370624,2118.705045495066,0.0,0.0,0.7861628627805769,0.2747628158862885,0.7861628627805769,0.0,0.7861628627805769,1767.6007551660641,11,0.6235,6.652365677626303,5.273857257417803,2.9931836407377705,8.933039294306335,11.926222935044105,8.022668357546534,4.853917662682603,7.115537848605578,2.941567065073041,9.02788844621514,11.96945551128818,6.263304462539368,2.574658605193325,0.2630208333333333
"subset_eq(union(index(cardinality(A), B), index(cardinality(A), difference(B, A))), index(cardinality(A), union(A, B)))",1536.1121246262765,2062.4105696623446,0.0,0.0,0.7864365925850537,0.2756551463683034,0.7864365925850537,0.0,0.7864365925850537,1799.2613471443105,10,0.6485,6.592135697764071,5.365458750963763,3.040863531225906,8.916730917501928,11.957594448727834,8.34157824622273,4.837126600284495,7.077524893314367,2.8499288762446655,9.064722617354196,11.914651493598862,6.016631627509806,2.4592038245115355,0.16666666666666666
"subset_eq(union(index(cardinality(A), B), index(cardinality(A), difference(B, A))), index(cardinality(intersection(A, B)), B))",934.4476011668112,1107.9619218745938,0.0,0.0,0.743724825226337,0.2386853749752866,0.743724825226337,0.0,0.743724825226337,1021.2047615207025,10,0.60425,6.740173769135292,5.220107571369466,3.0306164666942492,8.929664873810509,11.960281340504759,7.840752879762081,4.807327858496525,7.108022741629817,2.886923562855338,9.028427037271005,11.915350600126342,6.123225729471647,2.705691160311138,0.2109375
"subset_eq(union(index(cardinality(A), B), index(cardinality(A), difference(B, A))), intersection(A, index(cardinality(A), union(A, B))))",1210.210429641942,1548.8493134109012,0.0,0.959120583868309,0.9171858260825791,0.0360943543132602,0.959120583868309,0.959120583868309,0.9171858260825791,1379.5298715264216,11,0.61225,6.728868926092282,5.236423029808085,3.032666394446713,8.932625561453655,11.965291955900367,7.7446182231862295,4.785299806576402,7.121212121212121,2.880722114764668,9.025789813023856,11.906511927788523,6.253434380847032,2.711637495230415,0.25
"subset_eq(union(index(cardinality(A), B), index(cardinality(A), union(A, B))), difference(A, B))",3769.8678740032774,4734.887516922783,0.0,0.9003495842819602,0.9406633036996476,0.0736910327193792,0.9406633036996476,0.9003495842819602,0.9406633036996476,4252.37769546303,8,0.27275,6.899175068744271,4.79468377635197,2.7736021998166818,8.92025664527956,11.693858845096242,7.631029983676104,5.6287383980749395,6.407012719147473,3.048814025438295,8.986937091784117,12.035751117222413,8.243381423992098,2.071075928815605,0.265625
"subset_eq(union(index(cardinality(A), B), index(cardinality(A), union(A, B))), difference(difference(A, B), index(cardinality(B), difference(A, B))))",5014.613369704224,5007.926263054833,0.0,0.7757718819720881,0.7721794998972362,0.0813519945176216,0.7757718819720881,0.7757718819720881,0.7721794998972362,5011.2698163795285,12,0.253,6.901185770750988,4.883399209486166,2.852766798418972,8.931818181818182,11.784584980237154,7.729284163164545,5.661646586345381,6.3343373493975905,3.0147255689424366,8.981258366800535,11.995983935742972,8.399790818786126,1.9151787172157104,0.2838541666666667
"subset_eq(union(index(cardinality(A), B), index(cardinality(A), union(A, B))), difference(union(difference(A, B), difference(B, A)), index(cardinality(B), union(A, B))))",5471.350602517836,7821.376096710563,0.0,0.0,0.548913984540842,0.2154079985618684,0.548913984540842,0.0,0.548913984540842,6646.363349614199,14,0.4555,6.123490669593853,5.472008781558727,2.6317233809001097,8.96377607025247,11.59549945115258,9.995277261329758,5.851239669421488,6.381542699724518,3.2598714416896235,8.972910927456383,12.232782369146005,7.436817882472795,1.1383947213785277,0.4049479166666667
"subset_eq(union(index(cardinality(A), B), index(cardinality(A), union(A, B))), index(cardinality(intersection(A, B)), difference(B, A)))",3210.5337116152514,4374.114658933133,0.0,0.0,0.8234907145449795,0.3565992312687963,0.8234907145449795,0.0,0.8234907145449795,3792.324185274192,11,0.0645,6.325581395348837,4.937984496124031,2.856589147286822,8.406976744186046,11.263565891472869,13.742263085151123,5.951095670764297,6.038214858364511,2.981827899518974,9.007482629609834,11.989310529128808,8.486671012537572,1.1689444610305881,0.3346354166666667
"subset_eq(union(index(cardinality(A), B), index(cardinality(A), union(A, B))), intersection(A, B))",4479.796623958799,6227.268924047239,0.0,0.6300531971763823,0.4497195766567773,0.0686177387632865,0.6300531971763823,0.6300531971763823,0.4497195766567773,5353.532774003019,8,0.28675,6.595466434176112,5.914559721011334,3.6878814298169136,8.822144725370531,12.510026155187445,8.865951813950815,5.725902558710129,5.988433228180862,2.6866456361724502,9.027690150718541,11.714335786890992,8.30684815449981,1.3281836255020627,0.29296875
"subset_eq(union(index(cardinality(A), B), index(cardinality(A), union(A, B))), union(A, index(cardinality(A), difference(B, A))))",4775.1534243983915,6561.5558104310185,0.0,0.0,0.7207174360634704,0.2785824965506887,0.7207174360634704,0.0,0.7207174360634704,5668.354617414705,11,0.572,6.498251748251748,5.565996503496503,3.1503496503496504,8.913898601398602,12.064248251748252,8.957651887011565,5.276285046728972,6.503504672897196,2.737733644859813,9.042056074766355,11.779789719626168,7.347397289064551,1.594483037009137,0.22786458333333334
"subset_eq(union(index(cardinality(A), B), index(cardinality(A), union(A, B))), union(difference(A, B), index(cardinality(A), difference(B, A))))",4338.267995918082,5208.591817618348,0.0,0.0,0.7510580999102668,0.2979558311590655,0.7510580999102668,0.0,0.7510580999102668,4773.429906768215,12,0.28725,6.682332463011314,4.892080069625761,2.6840731070496084,8.890339425587467,11.574412532637076,8.671700748598145,5.690284110838302,6.400561206594177,3.0904945633111187,9.00035075412136,12.09084531743248,8.059597689574844,1.8506360187104434,0.3255208333333333
"subset_eq(union(index(cardinality(A), B), index(cardinality(B), A)), difference(A, B))",2556.3340018274175,4399.746943144128,0.0,0.5692181797326632,0.4433536392377533,0.0611993225492779,0.5692181797326632,0.5692181797326632,0.4433536392377533,3478.0404724857726,7,0.4195,6.600119189511323,5.100715137067938,2.7759237187127535,8.924910607866508,11.700834326579262,7.525275563593055,5.5236864771748495,6.593453919035315,3.1167097329888027,9.00043066322136,12.117140396210164,8.47890714663547,1.8716601088081297,0.41015625
"subset_eq(union(index(cardinality(A), B), index(cardinality(B), A)), difference(A, index(cardinality(B), union(A, B))))",3913.592294116388,4889.253372353502,0.3200913112576566,0.2257067232333135,0.0045573248947777,0.0045573248947777,0.3200913112576566,0.3200913112576566,0.0045573248947777,4401.422833234945,10,0.62675,6.333067411248504,5.761866773035501,3.0502592740327086,9.044674910251297,12.094934184284005,7.719842438778065,5.374413931681179,6.312123241795043,2.8452779638312125,8.84125920964501,11.686537173476223,10.171620273937533,1.124195718204879,0.4557291666666667
"subset_eq(union(index(cardinality(A), B), index(cardinality(B), A)), difference(difference(A, B), index(cardinality(B), difference(A, B))))",3135.495744809523,4789.387051369064,0.1922726952836184,0.3523174330870953,0.005732178278044,0.005732178278044,0.3523174330870953,0.3523174330870953,0.005732178278044,3962.441398089293,11,0.38625,6.622006472491909,5.297734627831715,2.9475728155339804,8.972168284789644,11.919741100323625,6.909617620259544,5.5682281059063135,6.3885947046843174,2.990224032586558,8.966598778004073,11.956822810590632,9.297039584206175,1.5173146277126373,0.453125
"subset_eq(union(index(cardinality(A), B), index(cardinality(B), A)), difference(difference(B, A), index(cardinality(A), difference(B, A))))",3419.1824136466457,4361.796118026134,0.3523174330870953,0.1922726952836184,0.005732178278044,0.005732178278044,0.3523174330870953,0.3523174330870953,0.005732178278044,3890.4892658363897,11,0.3905,5.296414852752881,6.640204865556978,2.9609475032010244,8.975672215108835,11.93661971830986,6.731252489913271,6.410172272354389,5.536095159967187,2.9819524200164067,8.964315012305168,11.946267432321575,9.362753463919983,1.568424380780089,0.453125
"subset_eq(union(index(cardinality(A), B), index(cardinality(B), A)), difference(index(cardinality(A), B), index(cardinality(A), union(A, B))))",1516.256716754465,1452.1689523487294,0.320973625194331,0.2374225209860555,0.0064111559341947,0.0064111559341947,0.320973625194331,0.320973625194331,0.0064111559341947,1484.212834551597,12,0.48475,5.342960288808665,6.654976792160908,2.9860752965446107,9.011861784424962,11.997937080969573,6.56927362429291,6.570111596312469,5.320232896652111,2.962154294032023,8.928190198932556,11.89034449296458,9.537791206155006,1.8132881217466528,0.4466145833333333
"subset_eq(union(index(cardinality(A), B), index(cardinality(B), A)), difference(index(cardinality(B), A), index(cardinality(A), union(A, B))))",1822.9363247093397,3185.4292484186008,0.0,0.6883464074404692,0.5841127824783985,0.0536573643374351,0.6883464074404692,0.6883464074404692,0.5841127824783985,2504.1827865639702,12,0.51725,6.793136781053649,5.119864668922185,2.9531174480425326,8.9598840019333,11.913001449975834,7.453669102292793,5.098912480580011,6.875194199896427,2.99585706887623,8.978249611600207,11.974106680476437,7.4139983764044395,2.4399599213541703,0.3515625
"subset_eq(union(index(cardinality(A), B), index(cardinality(B), A)), difference(index(cardinality(B), union(A, B)), A))",2512.9072012994247,4327.524889660883,0.3030809880480254,0.2441217928820093,0.0069032562600489,0.0069032562600489,0.3030809880480254,0.3030809880480254,0.0069032562600489,3420.2160454801538,10,0.208,5.789663461538462,6.132211538461538,3.0540865384615383,8.867788461538462,11.921875,6.569437060835787,6.023989898989899,5.923926767676767,2.952651515151515,8.995265151515152,11.947916666666666,9.50697294121791,0.32951553678613066,0.453125
"subset_eq(union(index(cardinality(A), B), index(cardinality(B), A)), difference(union(A, B), index(cardinality(A), union(A, B))))",4043.8343046249356,3709.5794376009144,0.0,0.6609551450600806,0.5379985110358697,0.0439330563810198,0.6609551450600806,0.6609551450600806,0.5379985110358697,3876.706871112925,11,0.835,6.109880239520958,5.83502994011976,2.934131736526946,9.010778443113772,11.944910179640718,8.45124368030421,5.293939393939394,6.636363636363637,3.1742424242424243,8.756060606060606,11.93030303030303,10.000431588613413,1.1685667711258227,0.3372395833333333
"subset_eq(union(index(cardinality(A), B), index(cardinality(B), A)), index(cardinality(difference(A, A)), B))",2198.6201401705766,3630.7669555020984,0.2065614982865039,0.0,0.0953119061371087,0.2470191331227844,0.2470191331227844,0.2065614982865039,0.2470191331227844,2914.6935478363375,9,0.17225,6.044992743105951,5.90566037735849,3.1103047895500726,8.840348330914368,11.950653120464441,6.7347768478748815,5.960736937481124,5.980066445182724,2.9453337360314102,8.995469646632438,11.940803382663848,9.355861560282182,0.1996265318278372,0.515625
"subset_eq(union(index(cardinality(A), B), index(cardinality(B), A)), index(cardinality(difference(A, B)), difference(B, A)))",1050.7509646261867,2158.9990199842437,0.5078990971147468,0.0,0.0670374126294164,0.4377105822126396,0.5078990971147468,0.5078990971147468,0.4377105822126396,1604.874992305215,10,0.31325,5.402234636871508,6.26975259377494,2.7717478052673585,8.90023942537909,11.67198723064645,6.994740794479499,6.236621769202767,5.829268292682927,3.0658900618856935,9.0,12.065890061885694,9.508626348046993,0.9883056072071162,0.4049479166666667
"subset_eq(union(index(cardinality(A), B), index(cardinality(B), A)), index(cardinality(difference(A, B)), intersection(A, B)))",4111.54896592861,6310.01498972252,0.2873704688597875,0.1929461128461036,0.006319489289457,0.006319489289457,0.2873704688597875,0.2873704688597875,0.006319489289457,5210.781977825565,10,0.22775,5.924259055982437,6.170142700329309,3.2360043907793634,8.858397365532381,12.094401756311745,6.481344609908672,5.990288119132405,5.907413402395597,2.8964066040789898,9.001294917449012,11.897701521528003,9.57049047041987,0.4344113003882335,0.4869791666666667
"subset_eq(union(index(cardinality(A), B), index(cardinality(B), A)), index(cardinality(difference(A, B)), union(A, B)))",2526.134068918065,4969.55267285509,0.2603607351553497,0.0,0.0719415819844513,0.3110485080508617,0.3110485080508617,0.2603607351553497,0.3110485080508617,3747.8433708865778,10,0.206,6.095873786407767,5.618932038834951,2.936893203883495,8.777912621359222,11.714805825242719,7.475660406258825,5.943954659949622,6.057619647355164,2.9833123425692696,9.018261964735517,12.001574307304786,9.243576865851542,0.4665629381866056,0.5208333333333334
"subset_eq(union(index(cardinality(A), B), index(cardinality(B), A)), index(cardinality(difference(B, A)), difference(A, B)))",981.6829719435427,2617.5334994847653,0.0,0.5078990971147468,0.4377105822126396,0.0670374126294164,0.5078990971147468,0.5078990971147468,0.4377105822126396,1799.608235714154,10,0.31625,6.243478260869566,5.351778656126482,2.716205533596838,8.87905138339921,11.595256916996048,7.237882172819409,5.851188299817185,6.251919561243144,3.092870201096892,9.010237659963437,12.103107861060328,9.375205157598941,1.0516754890885536,0.4049479166666667
"subset_eq(union(index(cardinality(A), B), index(cardinality(B), A)), index(cardinality(difference(B, A)), union(A, B)))",2704.208268774237,7570.343902990222,0.0,0.2603607351553497,0.3110485080508617,0.0719415819844513,0.3110485080508617,0.2603607351553497,0.3110485080508617,5137.276085882229,10,0.21,5.617857142857143,6.144047619047619,2.9583333333333335,8.803571428571429,11.761904761904763,7.41640873015872,6.070253164556962,5.920253164556962,2.9778481012658227,9.012658227848101,11.990506329113924,9.259645088927918,0.5051009250417712,0.5208333333333334
"subset_eq(union(index(cardinality(A), B), index(cardinality(B), A)), index(cardinality(intersection(A, B)), difference(A, B)))",4014.3385333228216,5990.35913337837,0.0,0.3607469942714854,0.2434869285048764,0.0940122959265935,0.3607469942714854,0.3607469942714854,0.2434869285048764,5002.348833350596,10,0.22325,6.262038073908175,5.57558790593505,2.963045912653975,8.87458006718925,11.837625979843224,6.97742676961162,5.892822658513035,6.07981976182813,2.976826520759575,8.99581589958159,11.972642420341165,9.389570090441367,0.6251077448108812,0.5052083333333334
"subset_eq(union(index(cardinality(A), B), index(cardinality(B), A)), index(cardinality(intersection(A, B)), union(difference(A, B), difference(B, A))))",6841.974481000623,10841.629789203405,0.0,0.0,0.2868983525317836,0.2868983525317836,0.2868983525317836,0.0,0.2868983525317836,8841.802135102014,12,0.24325,5.983556012332991,5.974306269270298,3.1007194244604315,8.857142857142858,11.957862281603289,7.376533305729508,5.972580112322431,5.964981830194913,2.9329369012223325,9.00462504129501,11.937561942517345,9.39294876013474,0.16839949717637398,0.5520833333333334
"subset_eq(union(index(cardinality(A), B), index(cardinality(B), A)), intersection(A, index(cardinality(A), union(A, B))))",4307.468535534572,8016.040738036856,0.3236542554208674,0.2205620110089686,0.0046690232558008,0.0046690232558008,0.3236542554208674,0.3236542554208674,0.0046690232558008,6161.754636785714,10,0.27175,6.039558417663294,6.02851885924563,3.2410303587856486,8.827046918123274,12.068077276908923,7.469293794945532,5.951253003776176,5.944387229660144,2.8740130449708206,9.0216271884655,11.89564023343632,9.372672357033494,0.3867527451206217,0.4635416666666667
"subset_eq(union(index(cardinality(A), B), index(cardinality(B), A)), intersection(B, index(cardinality(A), union(A, B))))",3068.186121860723,5061.362380926963,0.6618155926477172,0.0,0.0530844870553202,0.5591111281348811,0.6618155926477172,0.6618155926477172,0.5591111281348811,4064.774251393843,10,0.29275,5.500426985482494,6.485909479077711,3.2049530315969257,8.78138343296328,11.986336464560205,8.369920385986084,6.1717921527041355,5.752562743018735,2.8780487804878048,9.046306115235065,11.924354895722871,8.756879619144257,1.0466112040486248,0.35546875
"subset_eq(union(index(cardinality(A), B), index(cardinality(B), A)), union(difference(B, A), index(cardinality(B), union(A, B))))",4334.867209228687,5426.4584134127945,0.0,0.0,0.4644101855250906,0.3137721399892964,0.4644101855250906,0.0,0.4644101855250906,4880.662811320741,11,0.54025,5.567792688570107,6.215640906987506,2.937528921795465,8.845904673762147,11.783433595557613,9.139143039036297,6.45405111473627,5.6753670473083195,3.0163132137030995,9.11310494834149,12.129418162044589,8.062986687152,1.0409403470202112,0.2669270833333333
"subset_eq(union(index(cardinality(A), B), index(cardinality(B), A)), union(index(cardinality(A), union(A, B)), index(cardinality(B), difference(A, B))))",4788.879837632645,6924.121488239616,0.0,0.0,0.2726383759911535,0.4996490289102467,0.4996490289102467,0.0,0.4996490289102467,5856.5006629361305,13,0.36375,5.7127147766323025,6.008247422680412,2.9539518900343644,8.767010309278351,11.720962199312714,9.610287077384562,6.125343811394892,5.943811394891945,2.985068762278978,9.084086444007859,12.069155206286837,8.433409783040778,0.41878751383553664,0.3268229166666667
"subset_eq(union(index(cardinality(A), B), index(cardinality(B), A)), union(intersection(A, B), index(cardinality(A), union(A, B))))",5414.93725768337,8152.656697504222,0.4859412027707699,0.0,0.0338991798982575,0.4083557460508946,0.4859412027707699,0.4859412027707699,0.4083557460508946,6783.796977593796,11,0.599,5.965358931552587,6.239565943238731,3.2725375626043407,8.932387312186979,12.204924874791319,8.364938015780321,5.9900249376558605,5.5604738154613464,2.527431421446384,9.023067331670823,11.550498753117207,9.056074744560096,1.0084432018996428,0.2981770833333333
"subset_eq(union(index(cardinality(A), B), index(cardinality(B), A)), union(intersection(A, B), index(cardinality(B), difference(A, B))))",4587.067862202181,8402.669824428856,0.0,0.4125224220233057,0.3746256323637371,0.0439330563810198,0.4125224220233057,0.4125224220233057,0.3746256323637371,6494.8688433155185,11,0.53275,6.165649929610511,5.957766306898169,3.2055373064289068,8.917878930079775,12.123416236508682,8.6172641753948,5.758159443552702,5.978063135366506,2.709470304975923,9.026752273943286,11.736222578919207,8.983221214252644,0.6422950470025887,0.375
"subset_eq(union(index(cardinality(A), B), index(cardinality(B), A)), union(intersection(A, B), index(cardinality(B), union(A, B))))",6043.3514813738875,8405.164079025388,0.0,0.4859412027707699,0.4083557460508946,0.0338991798982575,0.4859412027707699,0.4859412027707699,0.4083557460508946,7224.257780199638,11,0.59425,6.1926798485485905,5.97896508203618,3.260412284392091,8.91123264619268,12.17164493058477,8.46398055690405,5.656808379544054,5.9500924214417745,2.553912507701787,9.052988293284042,11.606900800985828,8.99109572841728,0.8872056110543538,0.2981770833333333
"subset_eq(union(index(cardinality(A), B), index(cardinality(B), difference(A, B))), difference(B, A))",2762.7195729951636,5144.004532998428,0.4594385348449603,0.0,0.0376238972305325,0.3323028893321135,0.4594385348449603,0.4594385348449603,0.3323028893321135,3953.3620529967957,8,0.71825,5.980508179603202,6.083884441350505,3.074834667594849,8.989557953358858,12.064392620953708,7.910824752072609,5.961845607808341,5.669920141969832,2.7160603371783494,8.915705412599822,11.631765749778172,11.313797259963382,0.5481183749095969,0.3645833333333333
"subset_eq(union(index(cardinality(A), B), index(cardinality(B), difference(A, B))), difference(B, index(cardinality(A), difference(B, A))))",898.9256058878759,1470.5049071024405,0.397715004102209,0.2970662747672729,0.0024606223178083,0.0024606223178083,0.397715004102209,0.397715004102209,0.0024606223178083,1184.7152564951582,11,0.8585,5.911473500291206,6.307804309842749,3.2119976703552706,9.007280139778684,12.219277810133955,7.640600572099615,6.362190812720848,3.9010600706713783,1.528268551236749,8.734982332155477,10.263250883392226,9.830432393961697,2.9716170135258024,0.3255208333333333
"subset_eq(union(index(cardinality(A), B), index(cardinality(B), difference(A, B))), difference(difference(A, B), index(cardinality(A), union(A, B))))",1289.2176085890515,1756.245958282263,0.0,0.8141322702214712,0.6736981809450868,0.0487635925727353,0.8141322702214712,0.8141322702214712,0.6736981809450868,1522.7317834356572,12,0.5675,6.796035242290749,5.185022026431718,3.0242290748898677,8.9568281938326,11.981057268722466,7.32226552038664,4.898265895953757,6.99364161849711,2.907514450867052,8.984393063583815,11.891907514450867,7.1062427745664465,2.6241676059581076,0.3151041666666667
"subset_eq(union(index(cardinality(A), B), index(cardinality(B), difference(A, B))), difference(difference(A, B), index(cardinality(B), A)))",1080.5451781027296,1711.137431764218,0.1584481698810289,0.5078990971147468,0.0040071073727527,0.0040071073727527,0.5078990971147468,0.5078990971147468,0.0040071073727527,1395.8413049334738,11,0.554,6.825812274368231,5.273014440433213,3.1137184115523464,8.985108303249097,12.098826714801444,6.846992743943041,4.91872197309417,6.829596412556054,2.7998878923766815,8.948430493273543,11.748318385650224,8.097000115626747,2.4816185137763394,0.4036458333333333
"subset_eq(union(index(cardinality(A), B), index(cardinality(B), difference(A, B))), difference(index(cardinality(B), A), index(cardinality(B), union(A, B))))",1425.0048151832889,2149.3982898969552,0.1584481698810289,0.5078990971147468,0.0040071073727527,0.0040071073727527,0.5078990971147468,0.5078990971147468,0.0040071073727527,1787.201552540122,13,0.492,6.682926829268292,5.462398373983739,3.1875,8.957825203252032,12.145325203252032,6.747739234252103,5.289862204724409,6.456200787401575,2.766732283464567,8.979330708661417,11.746062992125983,9.48845005502509,1.7621911804197488,0.4244791666666667
"subset_eq(union(index(cardinality(A), B), index(cardinality(B), difference(A, B))), difference(index(cardinality(B), union(A, B)), index(cardinality(A), difference(B, A))))",3097.0028752228245,4747.812866765074,0.0,0.6424650310918256,0.2911137977492756,0.0503317324468566,0.6424650310918256,0.6424650310918256,0.2911137977492756,3922.4078709939495,14,0.556,6.531025179856115,5.66771582733813,3.247751798561151,8.950989208633093,12.198741007194245,7.020430732751901,5.2792792792792795,6.342342342342342,2.630630630630631,8.99099099099099,11.621621621621621,9.936206476747081,1.5501055674584143,0.3684895833333333
"subset_eq(union(index(cardinality(A), B), index(cardinality(B), difference(A, B))), difference(union(A, B), index(cardinality(A), union(A, B))))",2621.3668208941635,2745.123671786714,0.0,0.7955755403113569,0.6113081337019484,0.0400306737120955,0.7955755403113569,0.7955755403113569,0.6113081337019484,2683.245246340439,12,0.88525,6.150522451284948,5.836204462016379,2.9807963852019204,9.005930528099407,11.986726913301327,8.317575030419896,4.6230936819172115,6.978213507625273,2.9193899782135078,8.681917211328976,11.601307189542483,10.293448388796293,1.9081388976078233,0.28515625
"subset_eq(union(index(cardinality(A), B), index(cardinality(B), difference(A, B))), difference(union(A, B), index(cardinality(B), union(A, B))))",1883.3219998769346,3639.062985907076,0.4844291563740817,0.0,0.0266145039643026,0.4160549807852002,0.4844291563740817,0.4844291563740817,0.4160549807852002,2761.1924928920052,12,0.9115,6.029895776193088,5.949533735600658,2.9873834339001646,8.992046077893582,11.979429511793747,8.821002825780955,5.4124293785310735,6.149717514124294,2.8333333333333335,8.728813559322035,11.562146892655367,9.553624437422203,0.6671354666860069,0.23697916666666666
"subset_eq(union(index(cardinality(A), B), index(cardinality(B), difference(A, B))), index(cardinality(A), union(difference(A, B), difference(B, A))))",3371.7291850061156,4335.4426519833505,0.250977744574228,0.0,0.0477504640015526,0.2257090332060611,0.250977744574228,0.250977744574228,0.2257090332060611,3853.585918494733,12,0.53725,6.40949278734295,5.671009771986971,3.1330851558864588,8.947417403443461,12.08050255932992,7.203801220431966,5.471096704484062,6.311183144246353,2.788762830902215,8.993517017828202,11.782279848730417,10.139038544440295,1.1869991652724148,0.4479166666666667
"subset_eq(union(index(cardinality(A), B), index(cardinality(B), difference(A, B))), index(cardinality(difference(A, A)), A))",1222.4780344583123,2185.4073458432686,0.0,0.3612721594397826,0.2180482313698929,0.0548268289141079,0.3612721594397826,0.3612721594397826,0.2180482313698929,1703.9426901507904,10,0.4745,6.694415173867228,5.584299262381454,3.29768177028451,8.981032665964173,12.278714436248682,6.431225925798518,5.325880114176974,6.313035204567079,2.681255946717412,8.957659372026642,11.638915318744054,9.861182001464769,1.6685098378478183,0.4635416666666667
"subset_eq(union(index(cardinality(A), B), index(cardinality(B), difference(A, B))), index(cardinality(difference(A, B)), B))",1135.5320698273063,2480.186519947485,0.2722733018749146,0.0,0.0530844870553202,0.2576391770198695,0.2722733018749146,0.2722733018749146,0.2576391770198695,1807.8592948873957,10,0.481,6.628378378378378,5.5665280665280665,3.234927234927235,8.95997920997921,12.194906444906445,6.757446695856169,5.369942196531792,6.338631984585742,2.7316955684007707,8.976878612716764,11.708574181117534,9.747123284365653,1.5598231291578,0.4453125
"subset_eq(union(index(cardinality(A), B), index(cardinality(B), difference(A, B))), index(cardinality(difference(A, B)), index(cardinality(A), difference(B, A))))",1245.6535086398908,1695.6664355514804,0.2387945956408671,0.0,0.0591890428575874,0.2065441463283323,0.2387945956408671,0.2387945956408671,0.2065441463283323,1470.6599720956856,13,0.47175,6.706412294647588,5.583465818759937,3.3047164811870693,8.985161632220455,12.289878113407525,6.392297281851221,5.322290582110743,6.309985802177,2.6781826786559395,8.954093705631804,11.632276384287742,9.858790006828997,1.6840928736665253,0.4869791666666667
"subset_eq(union(index(cardinality(A), B), index(cardinality(B), difference(A, B))), index(cardinality(difference(A, B)), union(difference(A, B), difference(B, A))))",2340.2157051308313,3188.5457213534974,0.2784295230190318,0.0,0.0443909739153491,0.2539779365649226,0.2784295230190318,0.2784295230190318,0.2539779365649226,2764.3807132421643,13,0.5165,6.603097773475315,5.526621490803485,3.181510164569216,8.948209099709583,12.1297192642788,6.959886195059636,5.304550155118925,6.437952430196484,2.751809720785936,8.990692864529473,11.742502585315409,9.600470650387276,1.6435913329114165,0.40625
"subset_eq(union(index(cardinality(A), B), index(cardinality(B), difference(A, B))), index(cardinality(difference(B, A)), B))",1888.2289581151344,3862.9047000361606,0.2686140533029262,0.3558743071922846,0.003219143954349,0.003219143954349,0.3558743071922846,0.3558743071922846,0.003219143954349,2875.5668290756475,10,0.55525,6.365601080594327,5.754615038271049,3.1638901395767673,8.956325979288609,12.120216118865375,6.983210283891185,5.487914558740866,6.232715008431703,2.7363687464867903,8.984260820685778,11.720629567172569,10.669941396739969,1.0870546231263811,0.4322916666666667
"subset_eq(union(index(cardinality(A), B), index(cardinality(B), difference(A, B))), index(cardinality(intersection(A, B)), A))",3111.7647454418475,3832.4463546480983,0.0,0.5913684077098624,0.2332794040574078,0.0572658519733149,0.5913684077098624,0.5913684077098624,0.2332794040574078,3472.105550044973,10,0.526,6.573669201520913,5.697243346007604,3.32319391634981,8.947718631178708,12.270912547528518,6.910693825991395,5.311181434599156,6.2668776371308015,2.585970464135021,8.992088607594937,11.578059071729959,9.821018933931583,1.5690305942670468,0.4049479166666667
"subset_eq(union(index(cardinality(A), B), index(cardinality(B), difference(A, B))), union(difference(B, A), index(cardinality(B), union(A, B))))",4596.231765342876,5995.4914610907435,0.0,0.0,0.2885846166365495,0.3294587424186092,0.3294587424186092,0.0,0.3294587424186092,5295.86161321681,12,0.76575,5.9709435194254,6.060071825008162,3.0675808031341822,8.96343454129938,12.031015344433563,8.177975220340203,5.989327641408751,5.663820704375667,2.6670224119530417,8.986125933831376,11.653148345784418,11.09133921584934,0.563737484374802,0.2747395833333333
"subset_eq(union(index(cardinality(A), B), index(cardinality(B), difference(A, B))), union(intersection(A, B), index(cardinality(A), difference(B, A))))",2819.186703187479,6428.116064239293,0.4775012733051509,0.0,0.0368520840856003,0.3472891238210068,0.4775012733051509,0.4775012733051509,0.3472891238210068,4623.651383713386,12,0.6595,6.182335102350265,6.038286580742987,3.256254738438211,8.964366944655042,12.220621683093253,7.8399076079989385,5.574155653450807,5.829662261380323,2.4265785609397943,8.977239353891337,11.40381791483113,10.273492165145464,1.0496518033145883,0.34765625
"subset_eq(union(index(cardinality(A), B), index(cardinality(B), union(A, B))), difference(difference(B, A), index(cardinality(A), union(A, B))))",6105.45412820857,7789.248616218567,0.2767791853927692,0.2302362159245886,0.0168269123805034,0.0168269123805034,0.2767791853927692,0.2767791853927692,0.0168269123805034,6947.3513722135685,12,0.18925,5.628797886393659,5.937912813738441,2.4795244385733155,9.087186261558784,11.5667107001321,7.962020699800522,6.056120875732347,5.974098057354301,3.0891150169596053,8.941103916127043,12.030218933086648,9.001715975650601,0.7453287746560056,0.23697916666666666
"subset_eq(union(index(cardinality(A), B), index(cardinality(B), union(A, B))), difference(index(cardinality(A), union(A, B)), intersection(A, B)))",3819.642183317337,4387.68650316447,0.4273441569862104,0.0,0.0979969890136388,0.3540561287686871,0.4273441569862104,0.4273441569862104,0.3540561287686871,4103.664343240904,12,0.11975,5.572025052192067,6.1315240083507305,2.860125260960334,8.843423799582464,11.703549060542798,7.231410253616389,6.030105083783016,5.944902016472593,2.989207611474013,8.985799488781597,11.97500710025561,9.121294789787557,0.5112018548568316,0.41015625
"subset_eq(union(index(cardinality(A), B), index(cardinality(B), union(A, B))), difference(union(A, B), index(cardinality(A), union(A, B))))",1983.938587688839,2665.8063613588456,0.0,0.5672240611573176,0.681089015876885,0.0655078450172157,0.681089015876885,0.5672240611573176,0.681089015876885,2324.8724745238424,12,0.73825,6.203860480866915,5.740941415509651,2.9122925838130715,9.032509312563494,11.944801896376566,8.753951654140442,5.33046800382044,6.6055396370582615,3.1470869149952243,8.788920725883477,11.936007640878701,8.107386456414817,1.2511885875525208,0.3515625
"subset_eq(union(index(cardinality(A), B), index(cardinality(B), union(A, B))), difference(union(difference(A, B), difference(B, A)), index(cardinality(B), difference(A, B))))",6040.163364392705,8624.18772765994,0.3018634660841931,0.0,0.0472531694210452,0.4840210803888387,0.4840210803888387,0.3018634660841931,0.4840210803888387,7332.175546026323,14,0.56525,5.9411764705882355,5.6687306501547985,2.6240601503759398,8.985846970367094,11.609907120743035,8.563517960549003,6.019551466359977,6.355376653248993,3.42840713053479,8.94652098907418,12.37492811960897,8.712991312186269,1.0604713282395313,0.3489583333333333
"subset_eq(union(index(cardinality(A), B), index(cardinality(B), union(A, B))), index(cardinality(B), difference(A, B)))",664.8710007971595,721.2211129264688,0.0,0.4796445339241802,0.6213568313010693,0.2715607319994432,0.6213568313010693,0.4796445339241802,0.6213568313010693,693.0460568618141,10,0.01175,7.25531914893617,2.404255319148936,1.297872340425532,8.361702127659575,9.659574468085106,8.150294250792214,5.960030356691121,6.009612952188212,2.993675689349861,8.975967619529472,11.969643308879332,8.743759154891425,4.18952571488148,0.19791666666666666
"subset_eq(union(index(cardinality(A), B), index(cardinality(B), union(A, B))), index(cardinality(difference(A, A)), difference(B, A)))",1531.851593713709,2354.542143925209,0.3335789678024279,0.0,0.1378303042947704,0.3537968895658137,0.3537968895658137,0.3335789678024279,0.3537968895658137,1943.196868819459,11,0.036,6.555555555555555,4.548611111111111,2.625,8.479166666666666,11.104166666666666,7.952449845679011,5.953578838174274,6.020228215767635,2.9867738589211617,8.987033195020746,11.97380705394191,8.865174416978146,1.630617427843056,0.2994791666666667
"subset_eq(union(index(cardinality(A), B), index(cardinality(B), union(A, B))), index(cardinality(difference(A, A)), intersection(A, B)))",1576.4186395460347,3094.061644983245,0.2922072724255173,0.2741459938275719,0.0118549712426841,0.0118549712426841,0.2922072724255173,0.2922072724255173,0.0118549712426841,2335.24014226464,11,0.03225,5.837209302325581,4.3565891472868215,1.8914728682170543,8.30232558139535,10.193798449612403,7.6620395408929785,5.979850167915267,6.020924825626453,3.0098165848617926,8.990958408679928,12.00077499354172,8.866793271857409,2.010236885366793,0.2890625
"subset_eq(union(index(cardinality(A), B), index(cardinality(B), union(A, B))), index(cardinality(difference(A, B)), difference(B, A)))",1696.855752953641,2761.945103781298,0.5453116653310953,0.0,0.1725056177751173,0.4823765534591719,0.5453116653310953,0.5453116653310953,0.4823765534591719,2229.4004283674694,11,0.03275,4.8320610687022905,6.572519083969466,2.763358778625954,8.641221374045802,11.404580152671755,7.239787891148538,6.013957094856552,5.94675626776945,2.9808736107521323,8.97983975187387,11.960713362626002,8.918654425588759,1.3549059085311754,0.25390625
"subset_eq(union(index(cardinality(A), B), index(cardinality(B), union(A, B))), index(cardinality(difference(B, A)), difference(A, B)))",2630.39517677424,4099.592628203332,0.0,0.5649253392316602,0.5121403759587968,0.1875308612342813,0.5649253392316602,0.5649253392316602,0.5121403759587968,3364.9939024887863,11,0.07925,6.993690851735016,4.583596214511041,2.823343848580442,8.753943217665615,11.577287066246058,6.78074217078488,5.88759163725224,6.086342655443931,2.986695628563671,8.987238664132501,11.973934292696171,8.828673605028365,1.8730686431734347,0.23697916666666666
"subset_eq(union(index(cardinality(A), B), index(cardinality(B), union(A, B))), index(cardinality(difference(B, A)), intersection(A, B)))",3084.9988380482537,4849.376598547213,0.2484437024558944,0.4192285990910847,0.0159065464651397,0.0159065464651397,0.4192285990910847,0.4192285990910847,0.0159065464651397,3967.187718297733,11,0.04825,6.715025906735751,5.404145077720207,3.5803108808290154,8.538860103626943,12.119170984455959,5.9143601170501245,5.937746256895193,5.995797215655371,2.9429997373259784,8.990543735224586,11.933543472550564,8.969943040376945,1.1663538914123193,0.23177083333333334
"subset_eq(union(index(cardinality(A), B), index(cardinality(B), union(A, B))), index(cardinality(intersection(A, B)), difference(B, A)))",3496.8052118122578,5253.061178644188,0.3309815862527655,0.0,0.2003611198912788,0.4434738839988871,0.4434738839988871,0.3309815862527655,0.4434738839988871,4374.933195228223,11,0.036,5.152777777777778,5.256944444444445,1.7847222222222223,8.625,10.409722222222221,6.704571759259261,6.005964730290456,5.9937759336099585,3.0181535269709543,8.98158713692946,11.999740663900415,8.930123851819015,1.670988151633009,0.2916666666666667
"subset_eq(union(index(cardinality(A), B), index(cardinality(B), union(A, B))), union(union(difference(A, B), difference(B, A)), index(cardinality(B), A)))",6156.234273185488,7596.137084219605,0.0,0.0,0.7535342289404436,0.4070788464215804,0.7535342289404436,0.0,0.7535342289404436,6876.185678702546,13,0.61225,6.069824418129849,5.5451204573295225,2.6692527562270314,8.945692119232339,11.614944875459372,9.088678956802852,5.825918762088975,6.633784655061251,3.4545454545454546,9.005157962604772,12.459703417150225,7.571092629243189,1.3643182643737592,0.22135416666666666
"subset_eq(union(index(cardinality(A), difference(B, A)), index(cardinality(B), difference(A, B))), difference(B, index(cardinality(B), union(A, B))))",1569.3514960608172,2911.275522132637,0.7451306536669557,0.0,0.0301328166085534,0.4894120706609833,0.7451306536669557,0.7451306536669557,0.4894120706609833,2240.313509096727,12,0.8615,5.87811955890888,6.2974463145676145,3.1781775972141615,8.997388276262333,12.175565873476495,7.8622449203009985,6.57942238267148,3.9133574007220218,1.7021660649819494,8.790613718411553,10.492779783393502,8.796954215485695,2.890383303823446,0.23697916666666666
"subset_eq(union(index(cardinality(A), difference(B, A)), index(cardinality(B), difference(A, B))), difference(index(cardinality(A), B), index(cardinality(B), union(A, B))))",1302.6470011169522,2941.6670454154955,0.5771208429381045,0.0,0.033543868213163,0.2585051297263029,0.5771208429381045,0.5771208429381045,0.2585051297263029,2122.157023266224,14,0.79575,6.071002199183161,6.197612315425699,3.2742695570216775,8.994344957587183,12.26861451460886,7.4088100969165485,5.602203182374541,5.069767441860465,1.802937576499388,8.869033047735618,10.671970624235007,12.182582784135757,1.9122302094402102,0.296875
"subset_eq(union(index(cardinality(A), difference(B, A)), index(cardinality(B), difference(A, B))), index(cardinality(A), B))",1334.518606650584,3225.9619488541503,0.7041902851372797,0.0,0.0307961667342575,0.4553151664377149,0.7041902851372797,0.7041902851372797,0.4553151664377149,2280.240277752367,10,0.7985,6.060738885410144,6.19348778960551,3.2642454602379463,8.989981214777709,12.254226675015655,7.450339925870757,5.636476426799008,5.070719602977667,1.8225806451612903,8.884615384615385,10.707196029776675,12.171656127431415,1.8759009765231076,0.265625
"subset_eq(union(index(cardinality(A), difference(B, A)), index(cardinality(B), difference(A, B))), index(cardinality(A), union(difference(A, B), difference(B, A))))",2001.6262255831098,3480.9597836830653,0.6756703050440072,0.0,0.0281896290575307,0.4096666553567043,0.6756703050440072,0.6756703050440072,0.4096666553567043,2741.2930046330875,13,0.814,6.038697788697789,6.219594594594595,3.2687346437346436,8.989557739557739,12.258292383292384,7.5480166270245554,5.69758064516129,4.862903225806452,1.6827956989247312,8.87768817204301,10.560483870967742,11.566817695687353,2.1147516904883945,0.234375
"subset_eq(union(index(cardinality(A), difference(B, A)), index(cardinality(B), difference(A, B))), index(cardinality(B), union(difference(A, B), difference(B, A))))",1825.6680509529833,2817.727744219359,0.0,0.6756703050440072,0.4096666553567043,0.0281896290575307,0.6756703050440072,0.6756703050440072,0.4096666553567043,2321.697897586171,13,0.8155,6.202023298589822,6.047210300429184,3.265481299816064,8.983752299202942,12.249233599019007,7.635403834579925,4.97289972899729,5.6138211382113825,1.684281842818428,8.902439024390244,10.586720867208673,11.382484705605844,2.049088245553459,0.234375
"subset_eq(union(index(cardinality(A), difference(B, A)), index(cardinality(B), difference(A, B))), index(cardinality(difference(A, B)), union(A, B)))",1851.6946528807528,3530.622333436273,0.4066440262052623,0.0,0.0307961667342575,0.2455882555258823,0.4066440262052623,0.4066440262052623,0.2455882555258823,2691.158493158513,12,0.795,6.1616352201257865,6.116666666666666,3.287106918238994,8.99119496855346,12.278301886792454,7.321126735493108,5.2524390243902435,5.38780487804878,1.7585365853658537,8.88170731707317,10.640243902439025,12.443881618084514,1.9220833727461328,0.2994791666666667
"subset_eq(union(index(cardinality(A), difference(B, A)), index(cardinality(B), difference(A, B))), index(cardinality(difference(B, A)), union(A, B)))",1825.591367128975,3583.4168222178705,0.0,0.4066440262052623,0.2455882555258823,0.0307961667342575,0.4066440262052623,0.4066440262052623,0.2455882555258823,2704.5040946734225,12,0.79225,6.108867150520669,6.182707478699905,3.296307983591038,8.995266645629536,12.291574629220575,7.300555306559769,5.465703971119134,5.14560770156438,1.743682310469314,8.867629362214199,10.611311672683513,12.31093560163406,1.974811713533504,0.2994791666666667
"subset_eq(union(index(cardinality(A), difference(B, A)), index(cardinality(B), difference(A, B))), index(cardinality(intersection(A, B)), B))",1081.737174131078,3011.911759210052,0.4870059765844604,0.0,0.0364715001612325,0.1825754190534659,0.4870059765844604,0.4870059765844604,0.1825754190534659,2046.824466670565,11,0.7755,6.156028368794326,6.190522243713733,3.33752417794971,9.009026434558349,12.346550612508059,7.082896332351087,5.350779510022272,5.195991091314031,1.7171492204899776,8.829621380846325,10.546770601336302,12.389365628146628,2.0647355618601146,0.3307291666666667
"subset_eq(union(index(cardinality(A), difference(B, A)), index(cardinality(B), union(A, B))), difference(A, index(cardinality(A), union(A, B))))",6444.8504077699035,7296.993427701294,0.0,0.4572111932572608,0.4748489972023711,0.0566430954819435,0.4748489972023711,0.4572111932572608,0.4748489972023711,6870.921917735599,12,0.5165,6.562923523717328,5.612294288480155,3.2139399806389157,8.961277831558567,12.175217812197483,8.675158773073285,5.347466390899689,6.346432264736298,2.717166494312306,8.976732161323682,11.693898655635987,8.006251811324853,1.50435318546405,0.3697916666666667
"subset_eq(union(index(cardinality(A), difference(B, A)), index(cardinality(B), union(A, B))), difference(difference(A, B), index(cardinality(B), difference(A, B))))",3651.6639678128995,6688.819646671414,0.2927126109829365,0.2589866482310304,0.0052938958751626,0.0052938958751626,0.2927126109829365,0.2927126109829365,0.0052938958751626,5170.241807242157,13,0.32025,6.436377829820453,5.456674473067916,2.940671350507416,8.952380952380953,11.893052302888368,8.130940345322065,5.757999264435454,6.207796984185363,2.989334314086061,8.976461934534756,11.965796248620816,8.964658950588326,1.0132870218775352,0.3307291666666667
"subset_eq(union(index(cardinality(A), difference(B, A)), index(cardinality(B), union(A, B))), difference(index(cardinality(B), A), index(cardinality(B), difference(A, B))))",1744.8356149868632,1593.7433487392846,0.2596555881781206,0.3523174330870953,0.005732178278044,0.005732178278044,0.3523174330870953,0.3523174330870953,0.005732178278044,1669.289481863074,14,0.0935,7.2005347593582885,4.962566844919786,3.7192513368983957,8.443850267379679,12.163101604278076,10.144570905659286,5.848869277440706,6.070876999448428,2.8968560397131826,9.022890237175952,11.919746276889134,8.325252991433892,1.931756971896607,0.30078125
"subset_eq(union(index(cardinality(A), difference(B, A)), index(cardinality(B), union(A, B))), difference(index(cardinality(B), union(A, B)), A))",4668.940071536461,6343.544956272468,0.412839221486179,0.178321932072117,0.0061423058063737,0.0061423058063737,0.412839221486179,0.412839221486179,0.0061423058063737,5506.242513904464,12,0.29475,5.627650551314673,6.262934690415606,2.87362171331637,9.01696352841391,11.89058524173028,7.8310467101329895,6.120524636653669,5.843672456575683,3.0155973059198864,8.948599787309465,11.964197093229352,9.239779739762625,0.6624671717287687,0.3697916666666667
"subset_eq(union(index(cardinality(A), difference(B, A)), index(cardinality(B), union(A, B))), difference(intersection(A, B), index(cardinality(B), A)))",4187.882612848713,6728.311143935658,0.5547690814331103,0.2446808795968866,0.0088233451132353,0.0088233451132353,0.5547690814331103,0.5547690814331103,0.0088233451132353,5458.096878392185,12,0.282,6.247340425531915,6.38563829787234,3.6835106382978724,8.949468085106384,12.632978723404255,7.40199656707408,5.868384401114207,5.802924791086351,2.6949860724233985,8.97632311977716,11.671309192200557,9.090314902895035,1.2084467372501846,0.2669270833333333
"subset_eq(union(index(cardinality(A), difference(B, A)), index(cardinality(B), union(A, B))), index(cardinality(A), B))",2759.4428737265407,3322.369229714852,0.764607008182421,0.0,0.1100344977499727,0.4335244997113111,0.764607008182421,0.764607008182421,0.4335244997113111,3040.9060517206963,10,0.08775,5.145299145299146,7.045584045584046,3.54985754985755,8.64102564102564,12.190883190883191,7.281888945706601,6.055083584543711,5.86352425322006,2.918333790079474,9.000274047684297,11.918607837763771,8.797057588541179,1.6198133651070343,0.30859375
"subset_eq(union(index(cardinality(A), difference(B, A)), index(cardinality(B), union(A, B))), index(cardinality(difference(A, A)), B))",1467.8364767956846,1459.3218233223888,0.2553959880612754,0.0,0.1052573637179908,0.3829089246098498,0.3829089246098498,0.2553959880612754,0.3829089246098498,1463.5791500590367,11,0.026,5.644230769230769,6.009615384615385,3.576923076923077,8.076923076923077,11.653846153846153,15.257951183431953,5.984086242299795,5.9661190965092405,2.9576488706365502,8.992556468172484,11.950205338809035,8.687318694686155,0.7077388022609695,0.3580729166666667
"subset_eq(union(index(cardinality(A), difference(B, A)), index(cardinality(B), union(A, B))), index(cardinality(difference(A, A)), difference(A, B)))",767.9847278865068,787.0761915301046,0.0,0.2910791570780054,0.325612718274083,0.0813519945176216,0.325612718274083,0.2910791570780054,0.325612718274083,777.5304597083057,12,0.0415,5.397590361445783,6.734939759036145,3.9819277108433737,8.150602409638553,12.132530120481928,9.695021048047611,6.000260824204486,5.934011476264997,2.9300991131977048,9.004173187271778,11.934272300469484,8.694905478777695,1.4529422561305674,0.3020833333333333
"subset_eq(union(index(cardinality(A), difference(B, A)), index(cardinality(B), union(A, B))), index(cardinality(difference(A, A)), difference(B, A)))",1644.0746469452752,2936.1171799924923,0.4078780025205309,0.0,0.1052573637179908,0.3267652881209518,0.4078780025205309,0.4078780025205309,0.3267652881209518,2290.0959134688837,12,0.04975,6.185929648241206,5.567839195979899,3.341708542713568,8.412060301507537,11.753768844221106,11.246079644453417,5.9642199421204944,5.988161010260458,2.954485661667982,8.99789529071297,11.952380952380953,8.740709962851122,0.612998516273471,0.3515625
"subset_eq(union(index(cardinality(A), difference(B, A)), index(cardinality(B), union(A, B))), index(cardinality(difference(A, A)), intersection(A, B)))",1563.969267151213,2799.8434503758326,0.3800432663814024,0.2647833202682714,0.0078299057319444,0.0078299057319444,0.3800432663814024,0.3800432663814024,0.0078299057319444,2181.906358763523,12,0.051,5.583333333333333,5.563725490196078,2.8088235294117645,8.338235294117647,11.147058823529411,11.806757016532094,5.996311907270812,5.988935721812434,2.982613277133825,9.002634351949421,11.985247629083245,8.735501070951603,0.6177037477755548,0.3203125
"subset_eq(union(index(cardinality(A), difference(B, A)), index(cardinality(B), union(A, B))), index(cardinality(difference(A, A)), union(A, B)))",619.8028561134952,989.5066990727645,0.0,0.0,0.2975453573371749,0.4994403751558788,0.4994403751558788,0.0,0.4994403751558788,804.6547775931299,12,0.016,5.09375,7.984375,4.921875,8.15625,13.078125,7.09228515625,5.989583333333333,5.934451219512195,2.942073170731707,8.981961382113822,11.924034552845528,8.744511911105977,2.987360063684089,0.3020833333333333
"subset_eq(union(index(cardinality(A), difference(B, A)), index(cardinality(B), union(A, B))), index(cardinality(difference(A, A)), union(difference(A, B), difference(B, A))))",966.9923993231168,838.9754164814512,0.0,0.0,0.3146599517214513,0.3752559788059898,0.3752559788059898,0.0,0.3752559788059898,902.983907902284,14,0.0175,5.271428571428571,7.571428571428571,4.771428571428571,8.071428571428571,12.842857142857143,9.338367346938774,5.987786259541985,5.938676844783715,2.941730279898219,8.98473282442748,11.9264631043257,8.726047692118415,2.5547685562903824,0.3216145833333333
"subset_eq(union(index(cardinality(A), difference(B, A)), index(cardinality(B), union(A, B))), index(cardinality(difference(A, B)), A))",6209.076817019843,7497.391773939133,0.4358949740556255,0.3068033429277358,0.0060566528766906,0.0060566528766906,0.4358949740556255,0.4358949740556255,0.0060566528766906,6853.234295479488,11,0.1165,6.047210300429184,5.6995708154506435,3.040772532188841,8.706008583690988,11.746781115879829,7.353386505553589,5.96576117713639,6.002546689303905,2.9649122807017543,9.00339558573854,11.968307866440295,9.09977375572857,0.3227740968200461,0.3971354166666667
"subset_eq(union(index(cardinality(A), difference(B, A)), index(cardinality(B), union(A, B))), index(cardinality(difference(B, A)), index(cardinality(B), difference(A, B))))",803.3029162439707,709.1765527747848,0.0,0.2614822395891949,0.2478127179127939,0.1453207801604501,0.2614822395891949,0.2614822395891949,0.2478127179127939,756.2397345093777,14,0.01925,5.51948051948052,6.935064935064935,4.3896103896103895,8.064935064935066,12.454545454545455,13.984145724405462,5.984195768544481,5.948253887331124,2.9459597247004843,8.986489931175122,11.932449655875605,8.690816052497565,1.8093876171061005,0.2942708333333333
"subset_eq(union(index(cardinality(A), difference(B, A)), index(cardinality(B), union(A, B))), index(cardinality(intersection(A, B)), A))",1168.1902624488039,2097.7759020673693,0.0,0.5829543618964739,0.4947090857988109,0.0443909739153491,0.5829543618964739,0.5829543618964739,0.4947090857988109,1632.9830822580866,11,0.328,6.453506097560975,5.990853658536586,3.814786585365854,8.629573170731707,12.444359756097562,8.224883579342634,5.741815476190476,5.955729166666667,2.5632440476190474,9.134300595238095,11.697544642857142,8.08220978821221,1.4401722099337853,0.2630208333333333
"subset_eq(union(index(cardinality(A), difference(B, A)), index(cardinality(B), union(A, B))), index(cardinality(intersection(A, B)), index(cardinality(A), union(A, B))))",1234.3163650077845,1277.875646893328,0.4919238402111483,0.0,0.1188148357911291,0.4380143000279176,0.4919238402111483,0.4919238402111483,0.4380143000279176,1256.0960059505562,14,0.0215,4.709302325581396,6.988372093023256,3.6627906976744184,8.034883720930232,11.69767441860465,12.82341806381828,6.003065917220235,5.944813490035769,2.9586101175268267,8.989269289729178,11.947879407256004,8.71649561118462,1.805189485449221,0.3307291666666667
"subset_eq(union(index(cardinality(A), difference(B, A)), index(cardinality(B), union(A, B))), intersection(B, index(cardinality(A), union(A, B))))",3206.5281750954455,4328.965696522035,0.5702703110496323,0.0,0.0867612405531371,0.3178924100811948,0.5702703110496323,0.5702703110496323,0.3178924100811948,3767.74693580874,12,0.129,5.872093023255814,6.3313953488372094,3.4728682170542635,8.73062015503876,12.203488372093023,7.923659936301908,5.9905281285878305,5.913318025258324,2.8998277841561424,9.004018369690012,11.903846153846153,8.951690094524292,0.7191598295246727,0.34765625
"subset_eq(union(index(cardinality(A), difference(B, A)), index(cardinality(B), union(A, B))), intersection(B, index(cardinality(B), A)))",2384.5755999030084,2596.9929495102265,0.3414682365427749,0.2767284486195227,0.0078299057319444,0.0078299057319444,0.3414682365427749,0.3414682365427749,0.0078299057319444,2490.7842747066175,11,0.05125,6.88780487804878,5.692682926829268,4.214634146341464,8.365853658536585,12.580487804878048,10.96766210588935,5.9259552042160735,5.982081686429512,2.906719367588933,9.001317523056654,11.908036890645587,8.56495763616596,1.649105062022892,0.2786458333333333
"subset_eq(union(index(cardinality(A), difference(B, A)), index(cardinality(B), union(A, B))), union(A, index(cardinality(A), union(A, B))))",5830.463905904442,6956.87956187129,0.0,0.0,0.5182185241428798,0.2585840247536739,0.5182185241428798,0.0,0.5182185241428798,6393.671733887866,12,0.68975,6.390358825661472,5.723088075389634,3.1812250815512866,8.93222181949982,12.113446901051105,8.337425731544576,5.052377115229653,6.510072522159549,2.5124899274778403,9.049959709911361,11.562449637389202,8.129111390894392,1.6901911972322654,0.20052083333333334
"subset_eq(union(index(cardinality(A), difference(B, A)), index(cardinality(B), union(A, B))), union(difference(A, B), index(cardinality(A), union(A, B))))",6108.620899416506,7908.858924686909,0.0,0.0,0.3245219797624012,0.3330785294727081,0.3330785294727081,0.0,0.3330785294727081,7008.7399120517075,13,0.447,6.327740492170022,5.5385906040268456,2.9686800894854586,8.89765100671141,11.866331096196868,8.364799008052714,5.690325497287523,6.31374321880651,2.9778481012658227,9.02622061482821,12.004068716094032,8.913634409059247,1.0036152172724433,0.3515625
"subset_eq(union(index(cardinality(A), difference(B, A)), index(cardinality(B), union(A, B))), union(index(cardinality(B), A), index(cardinality(A), union(A, B))))",3767.7794817078175,4718.247372386977,0.0,0.0,0.4388441888457672,0.2259623372759326,0.4388441888457672,0.0,0.4388441888457672,4243.013427047397,14,0.27325,6.442817932296432,5.505946935041171,3.249771271729186,8.698993595608417,11.948764867337603,9.236339711496836,5.799449604403165,6.140694874441005,2.869969040247678,9.070175438596491,11.94014447884417,8.424841689673674,0.980345595668612,0.2890625
"subset_eq(union(index(cardinality(A), difference(B, A)), index(cardinality(B), union(A, B))), union(intersection(A, B), index(cardinality(A), B)))",6283.2240764684975,8030.995336636901,0.5462174060919696,0.0,0.0640265221809279,0.2857962737079949,0.5462174060919696,0.5462174060919696,0.2857962737079949,7157.109706552699,12,0.36075,6.207207207207207,6.2688842688842685,3.584892584892585,8.891198891198892,12.476091476091476,8.158926237928332,5.844348846304263,5.797027766914352,2.628861947594838,9.012514665623778,11.641376613218615,8.804202164830375,1.1261924027360481,0.3580729166666667
"subset_eq(union(index(cardinality(A), union(A, B)), index(cardinality(A), difference(B, A))), difference(A, index(cardinality(A), B)))",3637.612574285886,5464.969811883755,0.0,0.876648229021412,0.8643166921553009,0.0572658519733149,0.876648229021412,0.876648229021412,0.8643166921553009,4551.29119308482,11,0.60975,6.529315293152932,5.5986059860598605,3.161951619516195,8.965969659696597,12.127921279212792,8.013944173882027,5.109545163356823,6.543241511851377,2.6796925048046125,8.973094170403588,11.6527866752082,8.418463172435386,1.772189987493179,0.27734375
"subset_eq(union(index(cardinality(A), union(A, B)), index(cardinality(A), difference(B, A))), index(cardinality(intersection(A, B)), B))",1090.9876759400868,1952.8947743513854,0.0,0.0,0.463116740689536,0.2216421506050633,0.463116740689536,0.0,0.463116740689536,1521.941225145736,11,0.31575,6.415676959619953,6.010292953285828,3.790973871733967,8.634996041171814,12.42596991290578,8.630172727780007,5.772013153087322,5.947387650712459,2.596638655462185,9.122762148337596,11.71940080379978,8.029427182860196,1.3581961499573203,0.2552083333333333
"subset_eq(union(index(cardinality(A), union(A, B)), index(cardinality(A), difference(B, A))), index(cardinality(intersection(A, B)), difference(B, A)))",3296.931218799087,4357.187262617517,0.0,0.0,0.7928234763730424,0.3471498819056928,0.7928234763730424,0.0,0.7928234763730424,3827.0592407083022,12,0.07575,6.217821782178218,4.983498349834983,2.726072607260726,8.475247524752476,11.201320132013201,11.932272435164304,5.955369218285096,6.047876656748715,2.9940492291046796,9.009196645929132,12.00324587503381,8.577580064222445,1.1285362193467756,0.3450520833333333
"subset_eq(union(index(cardinality(A), union(A, B)), index(cardinality(A), difference(B, A))), union(index(cardinality(A), B), index(cardinality(B), A)))",3370.994369190099,5539.599208449945,0.0,0.0,0.399575954312145,0.2216387746452055,0.399575954312145,0.0,0.399575954312145,4455.296788820022,13,0.162,6.20679012345679,5.882716049382716,3.4953703703703702,8.594135802469136,12.089506172839506,11.236196844993128,5.930489260143198,5.983591885441528,2.87291169451074,9.041169451073985,11.914081145584726,8.273867594454348,0.6884569009904142,0.3802083333333333
"subset_eq(union(index(cardinality(A), union(A, B)), index(cardinality(B), difference(A, B))), difference(A, index(cardinality(B), union(A, B))))",6201.640083671082,7972.58041260764,0.2018821414051043,0.3315477930401885,0.0045573248947777,0.0045573248947777,0.3315477930401885,0.3315477930401885,0.0045573248947777,7087.110248139361,12,0.547,6.340493601462523,5.763254113345521,3.1142595978062158,8.989488117001828,12.103747714808044,8.934933858941392,5.5342163355408385,6.2135761589403975,2.804083885209713,8.943708609271523,11.747792494481237,8.39895119122458,0.9742083693828792,0.41015625
"subset_eq(union(index(cardinality(A), union(A, B)), index(cardinality(B), difference(A, B))), difference(B, index(cardinality(A), B)))",4991.426953196758,6028.772583920509,0.2396518494085495,0.4612734900463927,0.00543406040774,0.00543406040774,0.4612734900463927,0.4612734900463927,0.00543406040774,5510.0997685586335,11,0.532,5.971334586466165,6.2805451127819545,3.2453007518796992,9.006578947368421,12.25187969924812,7.681153806744313,5.979700854700854,5.611111111111111,2.6650641025641026,8.925747863247864,11.590811965811966,9.958816157133418,0.885938172925292,0.3463541666666667
"subset_eq(union(index(cardinality(A), union(A, B)), index(cardinality(B), difference(A, B))), difference(index(cardinality(B), difference(A, B)), index(cardinality(B), union(A, B))))",1609.1398076316977,2109.4096703416726,0.1519785855755524,0.6436634551631987,0.0089825424455171,0.0089825424455171,0.6436634551631987,0.6436634551631987,0.0089825424455171,1859.2747389866852,15,0.047,7.5,4.00531914893617,3.2074468085106385,8.297872340425531,11.50531914893617,9.039667270258036,5.900052465897167,6.064008394543547,2.962224554039874,9.00183630640084,11.964060860440714,8.553074650218546,2.6188103169089834,0.2604166666666667
"subset_eq(union(index(cardinality(A), union(A, B)), index(cardinality(B), difference(A, B))), difference(index(cardinality(B), union(A, B)), A))",4447.968422181089,4352.236352604814,0.189339769137216,0.457303415978003,0.008668846511404,0.008668846511404,0.457303415978003,0.457303415978003,0.008668846511404,4400.102387392952,12,0.06625,6.275471698113208,5.59622641509434,3.2226415094339624,8.649056603773586,11.871698113207547,9.062271270914913,5.953949129852744,5.993574297188755,2.956091030789826,8.991432396251673,11.9475234270415,8.86887817221593,0.5764644472741921,0.2955729166666667
"subset_eq(union(index(cardinality(A), union(A, B)), index(cardinality(B), difference(A, B))), difference(intersection(A, B), index(cardinality(A), B)))",4365.240845137363,6602.038359545171,0.2446808795968866,0.5547690814331103,0.0088233451132353,0.0088233451132353,0.5547690814331103,0.5547690814331103,0.0088233451132353,5483.639602341267,12,0.285,6.36578947368421,6.264912280701754,3.7017543859649122,8.928947368421053,12.630701754385965,7.404052016004913,5.8195804195804195,5.8486013986013985,2.6835664335664338,8.984615384615385,11.668181818181818,9.062288375959756,1.228155441200152,0.2669270833333333
"subset_eq(union(index(cardinality(A), union(A, B)), index(cardinality(B), difference(A, B))), difference(union(difference(A, B), difference(B, A)), index(cardinality(B), union(A, B))))",6038.153547672322,8521.786614701152,0.2226205547483255,0.0,0.0548268289141079,0.2419121149351975,0.2419121149351975,0.2226205547483255,0.2419121149351975,7279.970081186737,15,0.56475,5.870739265161576,5.835325365205843,2.7189021691013724,8.987162461266047,11.70606463036742,9.433568465795485,6.110855829982769,6.138426191843768,3.3044227455485355,8.944859276278,12.249282021826536,7.948395968303032,0.7016839895944198,0.4557291666666667
"subset_eq(union(index(cardinality(A), union(A, B)), index(cardinality(B), difference(A, B))), index(cardinality(difference(A, A)), A))",1352.7867120406263,1689.743230955617,0.0,0.2553959880612754,0.3829089246098498,0.1052573637179908,0.3829089246098498,0.2553959880612754,0.3829089246098498,1521.2649714981217,11,0.02325,6.473118279569892,5.462365591397849,4.086021505376344,7.849462365591398,11.935483870967742,13.60319112036073,5.963399027386742,5.979267980547735,2.947274123368313,8.995392884566163,11.942667007934476,8.6757206143425,1.3504619194872376,0.3580729166666667
"subset_eq(union(index(cardinality(A), union(A, B)), index(cardinality(B), difference(A, B))), index(cardinality(difference(A, A)), B))",675.6346010075463,780.3149826141998,0.2115105944636348,0.0,0.1309634410898816,0.3459039800340542,0.3459039800340542,0.2115105944636348,0.3459039800340542,727.9747918108731,11,0.0175,7.428571428571429,4.942857142857143,4.728571428571429,7.642857142857143,12.371428571428572,7.86285714285714,5.949363867684478,5.985496183206107,2.942493638676845,8.992366412213741,11.934860050890585,8.710259956360906,2.5426806815248453,0.3072916666666667
"subset_eq(union(index(cardinality(A), union(A, B)), index(cardinality(B), difference(A, B))), index(cardinality(difference(A, B)), index(cardinality(A), difference(B, A))))",848.202900961041,921.6992325225291,0.2614822395891949,0.0,0.1453207801604501,0.2478127179127939,0.2614822395891949,0.2614822395891949,0.2478127179127939,884.9510667417851,14,0.018,7.263888888888889,5.333333333333333,4.763888888888889,7.833333333333333,12.597222222222221,10.119984567901234,5.95162932790224,5.978869653767821,2.9409368635437882,8.989562118126273,11.93049898167006,8.700552018823595,2.3370700424058275,0.2942708333333333
"subset_eq(union(index(cardinality(A), union(A, B)), index(cardinality(B), difference(A, B))), index(cardinality(difference(A, B)), union(difference(A, B), difference(B, A))))",1762.5941412946488,2851.941406077589,0.2905320388123233,0.0,0.0457967746819572,0.4221513389408849,0.4221513389408849,0.2905320388123233,0.4221513389408849,2307.2677736861187,14,0.27475,6.0200181983621475,5.400363967242948,2.686988171064604,8.733393994540492,11.420382165605096,8.689747731621377,5.958290244743192,6.182006204756981,3.082385384350224,9.057911065149948,12.140296449500172,8.838026944791075,0.878130903680061,0.3463541666666667
"subset_eq(union(index(cardinality(A), union(A, B)), index(cardinality(B), difference(A, B))), index(cardinality(difference(B, A)), A))",3090.385094628844,4921.795596846379,0.0,0.5427907911317753,0.5464247237443052,0.0966398244109594,0.5464247237443052,0.5427907911317753,0.5464247237443052,4006.0903457376116,11,0.09375,5.8933333333333335,5.848,3.216,8.525333333333334,11.741333333333333,7.87249777777777,5.983724137931034,5.979586206896552,2.948689655172414,9.014620689655173,11.963310344827587,8.973178368608853,0.31135228897999917,0.3515625
"subset_eq(union(index(cardinality(A), union(A, B)), index(cardinality(B), difference(A, B))), index(cardinality(difference(B, A)), B))",6693.891060917638,9015.675979049876,0.3068033429277358,0.4358949740556255,0.0060566528766906,0.0060566528766906,0.4358949740556255,0.4358949740556255,0.0060566528766906,7854.783519983757,11,0.12025,5.6777546777546775,6.0686070686070686,3.0644490644490645,8.681912681912682,11.746361746361746,7.695220888568093,6.01591361182154,5.9533958510940606,2.9613526570048307,9.00795680591077,11.969309462915602,9.050816333303917,0.3718251720338122,0.3971354166666667
"subset_eq(union(index(cardinality(A), union(A, B)), index(cardinality(B), difference(A, B))), index(cardinality(difference(B, A)), difference(A, B)))",2673.0742652356275,3658.547445006203,0.0,0.6953481251400766,0.4226990144664304,0.1266948346113001,0.6953481251400766,0.6953481251400766,0.4226990144664304,3165.810855120915,12,0.0615,6.983739837398374,5.235772357723577,3.548780487804878,8.670731707317072,12.21951219512195,7.831713926895371,5.909163558870538,6.015183803942461,2.9360681939264786,8.988279168886521,11.924347362813,8.830560987122757,1.4620577060914786,0.3098958333333333
"subset_eq(union(index(cardinality(A), union(A, B)), index(cardinality(B), difference(A, B))), index(cardinality(difference(B, A)), union(A, B)))",1294.6503237729557,1949.1589071614435,0.0,0.2349454842623737,0.3638879586641836,0.0783465749643599,0.3638879586641836,0.2349454842623737,0.3638879586641836,1621.9046154671996,12,0.1075,4.9,6.323255813953488,2.6372093023255814,8.586046511627908,11.223255813953488,9.120097349918868,6.104761904761904,5.92436974789916,3.0142857142857142,9.01484593837535,12.029131652661064,8.723360716835742,1.3239138798708008,0.4713541666666667
"subset_eq(union(index(cardinality(A), union(A, B)), index(cardinality(B), difference(A, B))), index(cardinality(difference(B, A)), union(difference(A, B), difference(B, A))))",2983.847313459264,5393.463931377977,0.0,0.4342268582887079,0.297510760664567,0.0834527065209453,0.4342268582887079,0.4342268582887079,0.297510760664567,4188.655622418621,14,0.13225,5.714555765595463,6.03780718336484,3.0170132325141776,8.735349716446125,11.752362948960302,8.302786225034925,6.01498127340824,5.956496686833765,2.9671564390665512,9.004321521175454,11.971477960242005,8.988723041746663,0.31520244676013176,0.4205729166666667
"subset_eq(union(index(cardinality(A), union(A, B)), index(cardinality(B), difference(A, B))), intersection(intersection(A, B), index(cardinality(B), union(A, B))))",4144.603938912973,4511.0232821898535,0.2414728309842326,0.5461043386959017,0.0096708356741531,0.0096708356741531,0.5461043386959017,0.5461043386959017,0.0096708356741531,4327.813610551413,13,0.0785,6.56687898089172,5.993630573248407,4.054140127388535,8.506369426751592,12.560509554140127,7.5568988599943125,5.924850786760716,5.965002712967987,2.88171459576777,9.008138903960933,11.889853499728703,8.78452395287246,1.3370121105059543,0.2526041666666667
"subset_eq(union(index(cardinality(A), union(A, B)), index(cardinality(B), difference(A, B))), union(index(cardinality(B), A), index(cardinality(A), difference(B, A))))",3201.290234034299,4351.131001142785,0.0,0.0,0.3997436151033091,0.2513974584526229,0.3997436151033091,0.0,0.3997436151033091,3776.210617588542,14,0.09525,6.57742782152231,5.364829396325459,3.3464566929133857,8.595800524934383,11.94225721784777,10.599913199826393,5.911854103343465,6.030671456203371,2.934512296214424,9.008013263332412,11.942525559546835,8.594895183772916,1.027634277846231,0.4075520833333333
"subset_eq(union(index(cardinality(A), union(A, B)), index(cardinality(B), difference(A, B))), union(index(cardinality(B), A), index(cardinality(B), union(A, B))))",3094.986441772286,5425.553379939869,0.0,0.6440316919535007,0.375044727203742,0.0560291402085666,0.6440316919535007,0.6440316919535007,0.375044727203742,4260.269910856077,14,0.251,6.373505976095617,5.711155378486056,3.301792828685259,8.782868525896415,12.084661354581673,7.446026650370641,5.841789052069426,6.053070761014686,2.8638184245660883,9.031041388518023,11.894859813084112,9.196525719205562,0.769058251869855,0.390625
"subset_eq(union(index(cardinality(A), union(A, B)), index(cardinality(B), union(A, B))), difference(union(A, B), index(cardinality(A), B)))",2064.5796428505273,3320.679916483583,0.0,0.8439765914060857,0.9420320332976876,0.0439330563810198,0.9420320332976876,0.8439765914060857,0.9420320332976876,2692.629779667055,12,0.828,6.26237922705314,5.7019927536231885,2.9426328502415457,9.021739130434783,11.96437198067633,8.320390535660213,4.593023255813954,7.244186046511628,3.123546511627907,8.713662790697674,11.837209302325581,7.336389602487838,2.2798770283105703,0.28125
"subset_eq(union(index(cardinality(A), union(A, B)), index(cardinality(B), union(A, B))), difference(union(A, B), index(cardinality(A), difference(B, A))))",1885.784528991906,2784.01216357504,0.0,1.0,0.7385708930874104,0.0238428538909388,1.0,1.0,0.7385708930874104,2334.898346283473,13,0.9675,6.0656330749354,5.934108527131783,3.0175710594315244,8.982170542635659,11.999741602067184,8.72343075002163,3.2846153846153845,6.953846153846154,1.6692307692307693,8.569230769230769,10.238461538461538,5.460710059171599,3.2545269639977774,0.1640625
"subset_eq(union(index(cardinality(A), union(A, B)), index(cardinality(B), union(A, B))), index(cardinality(A), union(difference(A, B), difference(B, A))))",2612.385050527286,3074.4468801640905,0.3476734222402851,0.0,0.2003611198912788,0.5518619375860008,0.5518619375860008,0.3476734222402851,0.5518619375860008,2843.415965345688,13,0.014,4.267857142857143,5.0,0.9107142857142857,8.357142857142858,9.267857142857142,7.978954081632656,5.999492900608519,5.980983772819473,3.0030425963488843,8.977434077079108,11.980476673427992,8.848373810425155,2.887685806929373,0.2890625
"subset_eq(union(index(cardinality(A), union(A, B)), index(cardinality(B), union(A, B))), index(cardinality(difference(A, B)), A))",3102.0866389077273,5488.054121984169,0.3258716929416075,0.3015716877709391,0.01004946070623,0.01004946070623,0.3258716929416075,0.3258716929416075,0.01004946070623,4295.070380445948,11,0.02875,5.6,5.321739130434783,2.5391304347826087,8.382608695652173,10.921739130434782,6.138071833648392,5.986357786357786,5.986357786357786,2.9866151866151864,8.986100386100386,11.972715572715572,8.985470500837284,0.8895127317823234,0.3385416666666667
"subset_eq(union(index(cardinality(A), union(A, B)), index(cardinality(B), union(A, B))), index(cardinality(difference(B, A)), A))",3739.967606590828,4870.090079961345,0.0,0.3695629515315909,0.2562727999784921,0.2003611198912788,0.3695629515315909,0.3695629515315909,0.2562727999784921,4305.028843276086,11,0.026,5.461538461538462,5.548076923076923,2.5,8.509615384615385,11.009615384615385,5.8134245562130165,5.988963039014374,5.978439425051334,2.9863963039014374,8.981006160164272,11.967402464065708,8.991684068111761,0.8366420575612363,0.2994791666666667
"subset_eq(union(index(cardinality(A), union(A, B)), index(cardinality(B), union(A, B))), index(cardinality(difference(B, A)), B))",3112.818718442956,5782.148920951411,0.3015716877709391,0.3258716929416075,0.01004946070623,0.01004946070623,0.3258716929416075,0.3258716929416075,0.01004946070623,4447.483819697183,11,0.0245,5.489795918367347,5.73469387755102,2.683673469387755,8.540816326530612,11.224489795918368,6.955018742190754,5.987442337262942,5.973090722706305,2.981035366478729,8.979497693490517,11.960533059969247,8.962211679746861,0.6268246260806491,0.3385416666666667
"subset_eq(union(index(cardinality(A), union(A, B)), index(cardinality(B), union(A, B))), index(cardinality(difference(B, A)), union(difference(A, B), difference(B, A))))",4591.335755617416,4586.157319281716,0.0,0.387988189417489,0.3332913727086151,0.1100344977499727,0.387988189417489,0.387988189417489,0.3332913727086151,4588.746537449566,14,0.0495,5.58080808080808,5.404040404040404,2.388888888888889,8.595959595959595,10.984848484848484,7.476737067646156,5.995791688584955,5.996580746975276,3.0042083114150446,8.988164124145186,11.992372435560231,8.967624808338876,0.9497017660649097,0.3763020833333333
"subset_eq(union(index(cardinality(A), union(A, B)), index(cardinality(B), union(A, B))), union(difference(A, B), difference(B, A)))",7586.787325248122,8511.658273272216,0.0,0.0,0.4871135935723464,0.4871135935723464,0.4871135935723464,0.0,0.4871135935723464,8049.222799260169,11,0.4935,5.756838905775076,5.71225937183384,2.4954407294832825,8.973657548125633,11.469098277608916,8.935364397758423,6.188055281342547,6.2156959526159925,3.4397828232971372,8.963968410661401,12.40375123395854,8.240575870056476,1.1537668497473421,0.30078125
"subset_eq(union(index(cardinality(A), union(A, B)), index(cardinality(B), union(A, B))), union(intersection(A, B), index(cardinality(A), B)))",6983.739262837917,7067.796847451478,0.621644328642927,0.0,0.0702515062982658,0.4622475070235399,0.621644328642927,0.621644328642927,0.4622475070235399,7025.768055144697,12,0.203,6.019704433497537,6.649014778325123,3.9236453201970445,8.745073891625616,12.66871921182266,8.659804290324924,5.963927227101631,5.793601003764115,2.731806775407779,9.025721455457967,11.757528230865747,8.397943236005645,1.4681018150344465,0.29296875
"subset_eq(union(index(cardinality(A), union(A, B)), index(cardinality(B), union(A, B))), union(union(difference(A, B), difference(B, A)), index(cardinality(A), B)))",7111.059466041625,7917.701103366911,0.0,0.0,0.4183181430749952,0.7831312677174597,0.7831312677174597,0.0,0.7831312677174597,7514.380284704268,14,0.55,5.652727272727272,5.865454545454545,2.5945454545454547,8.923636363636364,11.518181818181818,9.204816528925571,6.3694444444444445,6.091666666666667,3.437222222222222,9.023888888888889,12.46111111111111,7.959819135802527,1.1291410730283948,0.22395833333333334
"subset_eq(union(index(cardinality(B), A), index(cardinality(A), difference(B, A))), difference(A, B))",2578.710298790771,6032.059707941487,0.0,0.4594385348449603,0.3323028893321135,0.0376238972305325,0.4594385348449603,0.4594385348449603,0.3323028893321135,4305.385003366129,8,0.72325,6.054614586933979,5.9543726235741445,3.0331835464915313,8.975803664016592,12.008987210508122,8.147882136565965,5.76784101174345,6.000903342366757,2.8184281842818426,8.950316169828366,11.768744354110208,10.853729530971854,0.36128113266088135,0.3645833333333333
"subset_eq(union(index(cardinality(B), A), index(cardinality(A), difference(B, A))), difference(B, index(cardinality(B), union(A, B))))",3264.218971645343,4496.307566583157,0.8117717095639855,0.0,0.0472531694210452,0.6449019043846012,0.8117717095639855,0.8117717095639855,0.6449019043846012,3880.26326911425,11,0.6905,5.58254887762491,6.542360608254888,3.122737146994931,9.002172338884867,12.124909485879797,7.643039313408854,6.851373182552504,4.684168012924071,2.641357027463651,8.894184168012924,11.535541195476576,8.179343670154333,2.3009827590830008,0.3111979166666667
"subset_eq(union(index(cardinality(B), A), index(cardinality(A), difference(B, A))), difference(difference(A, B), index(cardinality(B), union(A, B))))",2768.9289519929443,5200.255675589666,0.4039108835949603,0.2243149272709991,0.0037458541903501,0.0037458541903501,0.4039108835949603,0.4039108835949603,0.0037458541903501,3984.592313791305,12,0.6695,5.937266616878268,6.135175504107543,3.0593726661687826,9.013069454817028,12.07244212098581,7.5559319122259945,6.052193645990923,5.627080181543117,2.8003025718608168,8.878971255673223,11.67927382753404,11.493470215439446,0.5817958341181615,0.421875
"subset_eq(union(index(cardinality(B), A), index(cardinality(A), difference(B, A))), difference(index(cardinality(A), B), index(cardinality(B), union(A, B))))",1623.9769116327022,2631.598612077185,0.676744966651217,0.0,0.0542380845562755,0.3270669053865693,0.676744966651217,0.676744966651217,0.3270669053865693,2127.7877618549437,13,0.4925,5.425888324873096,6.7269035532994925,3.1969543147208124,8.955837563451777,12.15279187817259,6.680824035661857,6.508374384236453,5.230049261083744,2.757142857142857,8.98128078817734,11.738423645320196,9.307360528039977,1.8988899281047242,0.375
"subset_eq(union(index(cardinality(B), A), index(cardinality(A), difference(B, A))), difference(index(cardinality(A), union(A, B)), intersection(A, B)))",3021.3915803239215,3977.1396457450464,0.6345041095317067,0.0,0.0477504640015526,0.3136047325406058,0.6345041095317067,0.6345041095317067,0.3136047325406058,3499.265613034484,12,0.521,5.575335892514396,6.612284069097889,3.2212092130518233,8.966410748560461,12.187619961612285,6.7205373359219855,6.4102296450939455,5.265657620041754,2.7045929018789145,8.971294363256785,11.6758872651357,9.864329500830252,1.6665361635331535,0.3645833333333333
"subset_eq(union(index(cardinality(B), A), index(cardinality(A), difference(B, A))), difference(index(cardinality(B), difference(A, B)), index(cardinality(A), union(A, B))))",1762.761248801231,2271.5264346315525,0.0,0.265029793189361,0.2296009529721819,0.0542380845562755,0.265029793189361,0.265029793189361,0.2296009529721819,2017.1438417163918,14,0.5025,5.601492537313433,6.482089552238806,3.144278606965174,8.939303482587064,12.08358208955224,7.433433330858193,6.352763819095477,5.447236180904523,2.801507537688442,8.998492462311559,11.8,9.52015151132556,1.3239418585895235,0.4739583333333333
"subset_eq(union(index(cardinality(B), A), index(cardinality(A), difference(B, A))), difference(union(A, B), index(cardinality(B), union(A, B))))",2421.86958889565,2561.317220208526,0.7955755403113569,0.0,0.0400306737120955,0.6113081337019484,0.7955755403113569,0.7955755403113569,0.6113081337019484,2491.593404552088,12,0.88925,5.867303907787461,6.135788585886983,2.980320494798988,9.022771998875458,12.003092493674444,8.232603705475503,6.841986455981941,4.6139954853273135,2.9209932279909707,8.534988713318285,11.455981941309256,11.379064351920281,1.8081427032324657,0.28515625
"subset_eq(union(index(cardinality(B), A), index(cardinality(A), difference(B, A))), index(cardinality(A), B))",1197.4498459980605,2462.6603100540815,0.7820776778370704,0.0,0.0498023672012678,0.4662221332462777,0.7820776778370704,0.7820776778370704,0.4662221332462777,1830.055078026071,9,0.49525,5.412922766279657,6.717314487632509,3.1812216052498736,8.949015648662291,12.130237253912165,6.7405908885548005,6.526993561168895,5.231302625061912,2.770183259039128,8.988112927191679,11.758296186230808,9.25129840070591,1.9021928171931832,0.34375
"subset_eq(union(index(cardinality(B), A), index(cardinality(A), difference(B, A))), index(cardinality(A), index(cardinality(A), B)))",939.3465127177399,1528.4263879251084,0.5448810656218608,0.0,0.0633032099407621,0.2216906979854584,0.5448810656218608,0.5448810656218608,0.2216906979854584,1233.886450321424,11,0.47075,5.549123738714817,6.731279872543813,3.3016463090812533,8.978757302177376,12.28040361125863,6.2346878138494475,6.354274917335853,5.287671232876712,2.6820973075106282,8.959848842701936,11.641946150212565,9.853936763572815,1.7652521888680661,0.4401041666666667
"subset_eq(union(index(cardinality(B), A), index(cardinality(A), difference(B, A))), index(cardinality(difference(A, A)), A))",1014.6950468953655,2415.3628088785917,0.0,0.2215732704002968,0.1908511569838594,0.0633032099407621,0.2215732704002968,0.2215732704002968,0.1908511569838594,1715.0289278869786,10,0.471,5.552016985138004,6.727707006369426,3.2998938428874736,8.979830148619957,12.279723991507431,6.28620892891759,6.352079395085066,5.290170132325142,2.683364839319471,8.958884688090738,11.642249527410208,9.82462585896981,1.756906410793662,0.4713541666666667
"subset_eq(union(index(cardinality(B), A), index(cardinality(A), difference(B, A))), index(cardinality(difference(A, B)), difference(B, A)))",1187.284064394481,1845.256389806338,0.7003333162608008,0.0,0.0530844870553202,0.4264648972208892,0.7003333162608008,0.7003333162608008,0.4264648972208892,1516.2702271004096,11,0.4815,5.482346832814122,6.698857736240914,3.227933541017653,8.953271028037383,12.181204569055037,6.557601666650465,6.43297974927676,5.287849566055931,2.737704918032787,8.983124397299903,11.72082931533269,9.591330510736318,1.7705849601147845,0.3828125
"subset_eq(union(index(cardinality(B), A), index(cardinality(A), difference(B, A))), index(cardinality(difference(B, A)), A))",1090.178184085944,2360.4051909463014,0.0,0.2722733018749146,0.2576391770198695,0.0530844870553202,0.2722733018749146,0.2722733018749146,0.2576391770198695,1725.2916875161227,10,0.486,5.545267489711934,6.6059670781893,3.1980452674897117,8.953189300411523,12.151234567901234,6.895903190570506,6.381809338521401,5.363326848249027,2.7616731517509727,8.983463035019454,11.745136186770427,9.638977785431788,1.5602492202433167,0.4453125
"subset_eq(union(index(cardinality(B), A), index(cardinality(A), difference(B, A))), index(cardinality(difference(B, A)), B))",2611.779618553963,3390.602813100908,0.3235461457220663,0.197035671737112,0.0034694413480178,0.0034694413480178,0.3235461457220663,0.3235461457220663,0.0034694413480178,3001.1912158274354,10,0.52325,5.507883420926899,6.599617773530817,3.1619684663162926,8.945532728141425,12.107501194457717,6.736050754123358,6.488201363398007,5.273203985317252,2.7671735710540117,8.994231777661248,11.76140534871526,9.792254352839644,1.6959539543333715,0.4322916666666667
"subset_eq(union(index(cardinality(B), A), index(cardinality(A), difference(B, A))), index(cardinality(difference(B, A)), union(A, B)))",1853.917396968347,2584.0965006568003,0.0,0.1824927020940326,0.2451270936000245,0.0498023672012678,0.2451270936000245,0.1824927020940326,0.2451270936000245,2219.0069488125737,11,0.489,5.482617586912065,6.706543967280163,3.2321063394683027,8.957055214723926,12.189161554192228,6.601220720890225,6.4466731898238745,5.259784735812133,2.7265166340508804,8.979941291585128,11.706457925636007,9.5259137526281,1.8105624622110377,0.421875
"subset_eq(union(index(cardinality(B), A), index(cardinality(A), difference(B, A))), index(cardinality(intersection(A, B)), difference(A, B)))",2745.1995112621225,3668.186371989548,0.0,0.265029793189361,0.188461151581901,0.0542380845562755,0.265029793189361,0.265029793189361,0.188461151581901,3206.6929416258354,11,0.527,5.708254269449715,6.4734345351043645,3.2082542694497156,8.973434535104364,12.18168880455408,6.955338207389239,6.2727272727272725,5.403276955602537,2.712473572938689,8.963530655391121,11.676004228329809,10.214757027475185,1.3075417834346077,0.4739583333333333
"subset_eq(union(index(cardinality(B), A), index(cardinality(A), difference(B, A))), index(cardinality(intersection(A, B)), index(cardinality(B), union(A, B))))",1476.703930618729,2842.8793146424,0.0,0.2128642364652858,0.2296009529721819,0.0542380845562755,0.2296009529721819,0.2128642364652858,0.2296009529721819,2159.7916226305642,13,0.4755,5.54521556256572,6.691903259726604,3.268664563617245,8.968454258675079,12.237118822292324,6.504020340534763,6.36510962821735,5.3102955195424215,2.7063870352716872,8.969018112488083,11.675405147759772,9.733848387996725,1.7021228643990396,0.453125
"subset_eq(union(index(cardinality(B), A), index(cardinality(A), difference(B, A))), intersection(B, index(cardinality(A), union(A, B))))",2892.927688717842,3273.648500070907,0.6508481466070186,0.0,0.0536573643374351,0.3015882638368419,0.6508481466070186,0.6508481466070186,0.3015882638368419,3083.2880943943746,11,0.5125,5.5668292682926825,6.663414634146341,3.279512195121951,8.950731707317074,12.230243902439025,6.7168304580607,6.404615384615385,5.235384615384615,2.6523076923076925,8.987692307692308,11.64,9.60685917159762,1.770463442022504,0.3763020833333333
"subset_eq(union(index(cardinality(B), A), index(cardinality(A), difference(B, A))), union(difference(A, B), index(cardinality(A), union(A, B))))",4483.156997500919,6574.486721023917,0.0,0.0,0.3294587424186092,0.2885846166365495,0.3294587424186092,0.0,0.3294587424186092,5528.821859262418,12,0.765,6.038888888888889,5.951307189542484,3.0330065359477123,8.95718954248366,11.990196078431373,8.339388055875997,5.768085106382979,6.019148936170213,2.7808510638297874,9.006382978723405,11.787234042553191,10.68434585785429,0.3761908735256913,0.2747395833333333
"subset_eq(union(index(cardinality(B), A), index(cardinality(A), union(A, B))), difference(B, index(cardinality(A), B)))",6121.844695715234,6690.016827972606,0.2483610378599332,0.4029922902005156,0.006319489289457,0.006319489289457,0.4029922902005156,0.4029922902005156,0.006319489289457,6405.93076184392,10,0.457,5.818380743982495,6.420131291028446,3.236323851203501,9.00218818380744,12.238512035010942,7.817741526174496,6.107274401473297,5.58609576427256,2.7527624309392267,8.94060773480663,11.693370165745856,9.4117238823941,1.0064325374297989,0.3385416666666667
"subset_eq(union(index(cardinality(B), A), index(cardinality(A), union(A, B))), difference(B, index(cardinality(A), difference(B, A))))",5802.7869516080245,6858.656190626323,0.4322442083351898,0.2327930680566887,0.003545563513453,0.003545563513453,0.4322442083351898,0.4322442083351898,0.003545563513453,6330.721571117174,11,0.541,5.594269870609981,6.6256931608133085,3.2638632162661736,8.956099815157117,12.21996303142329,8.150466719739242,6.424291938997821,5.1911764705882355,2.6318082788671022,8.983660130718954,11.615468409586057,8.107340600244012,1.773772311328506,0.3359375
"subset_eq(union(index(cardinality(B), A), index(cardinality(A), union(A, B))), difference(index(cardinality(A), union(A, B)), index(cardinality(A), difference(B, A))))",3214.465685347328,3625.2204018495977,0.5589923739327864,0.1565033654516451,0.0029911027924834,0.0029911027924834,0.5589923739327864,0.5589923739327864,0.0029911027924834,3419.843043598463,14,0.63875,5.379647749510763,6.6426614481409,3.0649706457925636,8.9573385518591,12.022309197651664,7.345554896006147,7.0283737024221455,4.7730103806228374,2.8124567474048443,8.988927335640138,11.801384083044983,7.685386908681627,2.5055250250105146,0.3606770833333333
"subset_eq(union(index(cardinality(B), A), index(cardinality(A), union(A, B))), difference(index(cardinality(B), A), B))",3538.5429109884426,3802.3763272394426,0.0,0.6096038973237241,0.5030664855322925,0.1479709544240677,0.6096038973237241,0.6096038973237241,0.5030664855322925,3670.4596191139426,10,0.05625,7.071111111111111,4.533333333333333,2.973333333333333,8.63111111111111,11.604444444444445,7.6689382716049455,5.909933774834437,6.0527152317880795,2.9737748344370862,8.988874172185431,11.962649006622517,8.782523573527515,1.9122903426409297,0.28515625
"subset_eq(union(index(cardinality(B), A), index(cardinality(A), union(A, B))), difference(index(cardinality(B), union(A, B)), index(cardinality(B), difference(A, B))))",1399.0291184027446,3488.232963648159,0.1550666181243861,0.433490453775791,0.004612676331018,0.004612676331018,0.433490453775791,0.433490453775791,0.004612676331018,2443.631041025452,14,0.194,6.274484536082475,5.755154639175258,3.2963917525773194,8.733247422680412,12.029639175257731,7.849123844191771,5.903225806451613,6.018300248138958,2.896091811414392,9.025434243176178,11.92152605459057,9.045530689493843,0.6060682294420664,0.421875
"subset_eq(union(index(cardinality(B), A), index(cardinality(A), union(A, B))), index(cardinality(A), union(difference(A, B), difference(B, A))))",1255.8943733933193,1401.7616812681083,0.3515280308311285,0.0,0.1207079896636584,0.7401665456375801,0.7401665456375801,0.3515280308311285,0.7401665456375801,1328.8280273307137,12,0.06575,3.7376425855513307,5.908745247148289,1.11787072243346,8.52851711026616,9.64638783269962,6.571701195622313,6.132726786192133,5.9713674070109715,3.104361787530104,8.999732405672999,12.104094193203105,8.557718420736563,3.1123137076416088,0.30078125
"subset_eq(union(index(cardinality(B), A), index(cardinality(A), union(A, B))), index(cardinality(difference(B, A)), difference(A, B)))",1920.0467175785889,2753.4156454573385,0.0,0.5453116653310953,0.4823765534591719,0.1725056177751173,0.5453116653310953,0.5453116653310953,0.4823765534591719,2336.7311815179637,11,0.03125,6.6,4.856,2.784,8.672,11.456,7.134719999999997,5.9550967741935485,6.003096774193549,2.9798709677419355,8.97832258064516,11.958193548387097,8.923907196670012,1.3304497795952217,0.25390625
"subset_eq(union(index(cardinality(B), A), index(cardinality(A), union(A, B))), index(cardinality(difference(B, A)), union(difference(A, B), difference(B, A))))",2801.0729929311783,4433.213560075499,0.0,0.3536023644119093,0.3177721072741809,0.1052573637179908,0.3536023644119093,0.3536023644119093,0.3177721072741809,3617.1432765033387,13,0.1175,5.448936170212766,6.14468085106383,2.74468085106383,8.848936170212767,11.593617021276597,6.702824807605258,6.045325779036827,5.943626062322946,3.0042492917847023,8.98470254957507,11.988951841359773,9.167756582590268,0.6807931910699628,0.3958333333333333
"subset_eq(union(index(cardinality(B), A), index(cardinality(A), union(A, B))), intersection(A, B))",5203.0581857122015,7483.111392773688,0.3684422451708117,0.3841638278445108,0.0066993395239982,0.0066993395239982,0.3841638278445108,0.3841638278445108,0.0066993395239982,6343.084789242945,8,0.27625,6.038914027149321,6.570135746606335,3.7194570135746607,8.889592760180996,12.609049773755656,8.021860322270255,5.950949913644214,5.73713298791019,2.6891191709844557,8.998963730569947,11.688082901554404,8.711247848562682,1.3278657127637437,0.29296875
"subset_eq(union(index(cardinality(B), A), index(cardinality(A), union(A, B))), union(B, index(cardinality(B), difference(A, B))))",5806.149076073198,7112.424436610192,0.0,0.0,0.2913452552460203,0.5033743603587242,0.5033743603587242,0.0,0.5033743603587242,6459.286756341695,11,0.5765,5.575455333911535,6.481786643538595,3.1387684301821337,8.918473547267997,12.057241977450131,8.894707723507196,6.51948051948052,5.266824085005903,2.7491145218417947,9.037190082644628,11.786304604486423,7.442545326306195,1.5871823266120886,0.2682291666666667
"subset_eq(union(index(cardinality(B), A), index(cardinality(B), difference(A, B))), index(cardinality(difference(A, A)), B))",386.318349625868,375.287058991853,0.9329585898963786,0.0,0.0412898892990669,0.966515130395843,0.966515130395843,0.9329585898963786,0.966515130395843,380.8027043088605,10,0.58,5.147844827586207,6.818965517241379,3.0142241379310346,8.952586206896552,11.966810344827586,7.047603671224735,7.117857142857143,4.791071428571429,2.9178571428571427,8.991071428571429,11.908928571428572,6.860907738095275,2.828884860668821,0.2760416666666667
"subset_eq(union(index(cardinality(B), A), index(cardinality(B), difference(A, B))), index(cardinality(difference(A, A)), intersection(A, B)))",710.6786527772056,740.7294268711121,0.9318341424777212,0.0,0.0400306737120955,0.9662835942872284,0.9662835942872284,0.9318341424777212,0.9662835942872284,725.7040398241588,11,0.5865,5.148763853367434,6.78687127024723,2.995311167945439,8.940323955669225,11.935635123614663,7.099072335854524,7.147521160822249,4.80471584038694,2.94316807738815,9.00906892382104,11.95223700120919,6.848697013871296,2.8154377677585978,0.2708333333333333
"subset_eq(union(index(cardinality(B), A), index(cardinality(B), union(A, B))), difference(A, B))",5023.354679302254,5687.881799811497,0.0,0.0,0.3423473207613325,0.7067784208207288,0.7067784208207288,0.0,0.7067784208207288,5355.618239556876,8,0.29525,6.011854360711261,5.598645215918713,2.7197290431837424,8.890770533446233,11.610499576629975,10.017816672533927,5.959914863426747,6.121674352607307,3.0801702731465057,9.001418942887549,12.081589216034054,8.361210812808016,0.6373186561371434,0.31640625
"subset_eq(union(index(cardinality(B), A), index(cardinality(B), union(A, B))), difference(B, A))",4093.951937444799,4951.208509097807,0.9003495842819602,0.0,0.0736910327193792,0.9406633036996476,0.9406633036996476,0.9003495842819602,0.9406633036996476,4522.580223271303,8,0.259,4.785714285714286,6.9835907335907335,2.806949806949807,8.962355212355213,11.769305019305019,7.178696277634489,6.391025641025641,5.612010796221322,3.032051282051282,8.970985155195681,12.003036437246964,8.362874739792453,2.123423355381286,0.265625
"subset_eq(union(index(cardinality(B), A), index(cardinality(B), union(A, B))), difference(difference(A, B), index(cardinality(A), union(A, B))))",5122.6004694337025,6517.311336394399,0.0,0.0,0.2594904248042059,0.5426744319884133,0.5426744319884133,0.0,0.5426744319884133,5819.955902914051,12,0.22625,6.001104972375691,5.566850828729282,2.700552486187845,8.867403314917127,11.567955801104972,11.333712646134144,5.967689822294022,6.084329563812601,3.0536348949919225,8.9983844911147,12.052019386106624,8.143234619389787,0.6273499828048951,0.3763020833333333
"subset_eq(union(index(cardinality(B), A), index(cardinality(B), union(A, B))), difference(index(cardinality(B), union(A, B)), index(cardinality(A), difference(B, A))))",2295.7204068038336,2921.6047190437093,0.0,0.0,0.3349443434692449,0.421668453692165,0.421668453692165,0.0,0.421668453692165,2608.6625629237715,14,0.6475,5.534362934362934,6.4393822393822395,3.072972972972973,8.9007722007722,11.973745173745174,8.75738346178493,6.785106382978723,5.1,2.7914893617021277,9.093617021276597,11.885106382978723,6.900766561038198,1.8540595947385232,0.17447916666666666
"subset_eq(union(index(cardinality(B), A), index(cardinality(B), union(A, B))), index(cardinality(difference(A, A)), difference(B, A)))",750.9500860862856,791.8022681498642,0.7170381407352913,0.0,0.0940122959265935,0.7464938156577956,0.7464938156577956,0.7170381407352913,0.7464938156577956,771.3761771180749,11,0.03125,4.184,7.936,3.944,8.176,12.12,7.748224000000002,6.033032258064516,5.903741935483871,2.9424516129032257,8.99432258064516,11.936774193548388,8.61921072216444,2.9243960579665256,0.2669270833333333
"subset_eq(union(index(cardinality(B), A), index(cardinality(B), union(A, B))), index(cardinality(difference(B, A)), B))",3479.989819518494,4832.096987248631,0.6054761754236249,0.0,0.0736910327193792,0.489014386684941,0.6054761754236249,0.6054761754236249,0.489014386684941,4156.043403383563,10,0.10675,4.634660421545667,6.613583138173302,2.629976580796253,8.618266978922717,11.24824355971897,8.574214743677626,6.135460397425133,5.890008396305626,3.0148334732717603,9.010635320458999,12.025468793730758,8.66586831656929,1.7099929246504457,0.3294270833333333
"subset_eq(union(index(cardinality(B), A), index(cardinality(B), union(A, B))), index(cardinality(intersection(A, B)), B))",1506.6529719377413,2564.504314449703,0.6794982883374692,0.0,0.0783465749643599,0.5870103994417554,0.6794982883374692,0.6794982883374692,0.5870103994417554,2035.5786431937222,10,0.07875,5.3619047619047615,6.85079365079365,3.9460317460317462,8.266666666666667,12.212698412698412,8.41697152935248,6.027679782903664,5.891723202170963,2.8906377204884666,9.028765264586161,11.919402985074626,8.596381899555952,1.5738262461783574,0.3033854166666667
"subset_eq(union(index(cardinality(B), A), index(cardinality(B), union(A, B))), union(difference(B, A), index(cardinality(A), B)))",5161.170017027296,5251.198674377054,0.9422705810192148,0.0,0.0710893188343977,0.94104348978694,0.9422705810192148,0.9422705810192148,0.94104348978694,5206.184345702175,11,0.295,4.8559322033898304,6.958474576271186,2.8940677966101696,8.920338983050847,11.814406779661017,7.293779086469398,6.443617021276595,5.552482269503546,3.00709219858156,8.989007092198582,11.996099290780142,8.274235953925924,2.1237542143757855,0.2682291666666667
"subset_eq(union(index(cardinality(B), union(A, B)), index(cardinality(B), difference(A, B))), difference(A, index(cardinality(A), union(A, B))))",6612.0714214369655,8307.94357354939,0.0,0.0,0.3758685301268697,0.3507484784935214,0.3758685301268697,0.0,0.3758685301268697,7460.007497493178,12,0.55025,6.265333939118582,5.82780554293503,3.146751476601545,8.946388005452068,12.093139482053612,9.444535660858822,5.620344635908838,6.137854363535298,2.762090050027793,8.996108949416342,11.758198999444136,7.894377736257044,0.8124690058730624,0.3619791666666667
"subset_eq(union(index(cardinality(B), union(A, B)), index(cardinality(B), difference(A, B))), difference(B, index(cardinality(A), union(A, B))))",5887.635057883337,7705.028653614223,0.6273388252810865,0.0,0.0662664449183437,0.6049062993579215,0.6273388252810865,0.6273388252810865,0.6049062993579215,6796.33185574878,12,0.509,5.595284872298625,6.609037328094303,3.1949901768172886,9.009332023575638,12.204322200392927,8.363030287825088,6.369144602851324,5.301934826883911,2.7443991853360488,8.926680244399185,11.671079429735235,8.255634517029465,1.584426733189517,0.3385416666666667
"subset_eq(union(index(cardinality(B), union(A, B)), index(cardinality(B), difference(A, B))), difference(difference(B, A), index(cardinality(A), difference(B, A))))",4277.836291349959,6358.794200412929,0.736775434342857,0.0,0.0783465749643599,0.7313525704363586,0.736775434342857,0.736775434342857,0.7313525704363586,5318.315245881444,13,0.30025,5.287260616153206,6.634471273938384,2.8825978351373855,9.039134054954205,11.921731890091591,7.8409651684933515,6.270453733476241,5.680957484816005,3.012861736334405,8.938549481957843,11.951411218292247,8.804896251800086,1.37580010755668,0.2981770833333333
"subset_eq(union(index(cardinality(B), union(A, B)), index(cardinality(B), difference(A, B))), difference(difference(B, A), index(cardinality(A), union(A, B))))",4541.124293525936,5980.688225113787,0.9208324884439926,0.0,0.0914944399762991,0.9134382755074236,0.9208324884439926,0.9208324884439926,0.9134382755074236,5260.906259319861,13,0.272,5.069852941176471,6.8088235294117645,2.8511029411764706,9.027573529411764,11.878676470588236,7.942136137543203,6.31353021978022,5.652815934065934,3.0195741758241756,8.946771978021978,11.966346153846153,8.48533988761929,1.7063028133119271,0.2721354166666667
"subset_eq(union(index(cardinality(B), union(A, B)), index(cardinality(B), difference(A, B))), index(cardinality(difference(B, A)), intersection(A, B)))",2635.9932606225775,3563.612920900341,0.6854387360575092,0.0,0.1008030186282954,0.7248889383281595,0.7248889383281595,0.6854387360575092,0.7248889383281595,3099.8030907614593,12,0.0815,5.610429447852761,6.763803680981595,3.874233128834356,8.5,12.374233128834355,8.051168655199678,6.007621121393576,5.896570495372891,2.893848666303756,9.01034295046271,11.904191616766466,8.74268476952159,1.3678480610515877,0.2630208333333333
"subset_eq(union(index(cardinality(B), union(A, B)), index(cardinality(B), difference(A, B))), union(difference(B, A), index(cardinality(A), B)))",5511.111536105163,6902.488097451627,0.880703710895725,0.0,0.0686177387632865,0.878974374714008,0.880703710895725,0.880703710895725,0.878974374714008,6206.799816778395,12,0.35775,5.19916142557652,6.6638714185884,2.8874912648497553,8.975541579315164,11.86303284416492,7.849382813717106,6.407551576488906,5.579213701829506,3.0217983651226157,8.964966913195797,11.986765278318412,8.566806585874852,1.6293334577459524,0.2799479166666667
"subset_eq(union(index(cardinality(B), union(A, B)), index(cardinality(B), difference(A, B))), union(index(cardinality(A), B), index(cardinality(B), A)))",3580.061581448652,5354.162347455509,0.0,0.0,0.2216387746452055,0.399575954312145,0.399575954312145,0.0,0.399575954312145,4467.11196445208,13,0.1625,5.7784615384615385,6.190769230769231,3.423076923076923,8.546153846153846,11.96923076923077,11.308610650887584,6.013432835820896,5.923880597014925,2.8865671641791044,9.050746268656717,11.93731343283582,8.26080196034756,0.6436487977170274,0.3802083333333333
"subset_eq(union(index(cardinality(B), union(A, B)), index(cardinality(B), difference(A, B))), union(index(cardinality(B), A), index(cardinality(A), union(A, B))))",4008.327239225502,6077.603683451656,0.0,0.0,0.2592105123789723,0.3608236880665026,0.3608236880665026,0.0,0.3608236880665026,5042.965461338579,14,0.25625,6.1346341463414635,5.867317073170732,3.3209756097560974,8.680975609756098,12.001951219512195,9.258083521713264,5.920336134453781,6.001680672268908,2.8541176470588234,9.067899159663865,11.92201680672269,8.60139368688661,0.5309741726256352,0.2942708333333333
"subset_eq(union(intersection(A, B), index(cardinality(A), B)), difference(index(cardinality(A), union(A, B)), index(cardinality(B), A)))",1496.951540500566,1930.2926208515419,0.0,0.0,0.6063961604599366,0.7051898469102618,0.7051898469102618,0.0,0.7051898469102618,1713.6220806760539,11,0.0335,4.7388059701492535,3.514925373134328,0.27611940298507465,7.977611940298507,8.253731343283581,7.950657161951435,6.0181065700982925,6.052250387997931,3.0672529746508017,9.003103983445422,12.070356958096223,8.579479827185374,3.98309614131545,0.3059895833333333
"subset_eq(union(intersection(A, B), index(cardinality(A), B)), index(cardinality(A), index(cardinality(A), B)))",508.0988671442592,430.8582999642258,0.0,0.0,1.0,0.8148425484701787,1.0,0.0,1.0,469.4785835542425,9,0.021,5.011904761904762,3.0595238095238093,0.0,8.071428571428571,8.071428571428571,6.4197845804988685,5.9959141981613895,6.029622063329929,3.037538304392237,8.987997957099081,12.025536261491318,8.674383973557042,4.3607794209928015,0.23697916666666666
"subset_eq(union(intersection(A, B), index(cardinality(A), B)), index(cardinality(difference(A, A)), A))",763.3354303144063,1243.01448470974,0.0,0.2314543152763478,0.8658887887062374,0.1022539755441747,0.8658887887062374,0.2314543152763478,0.8658887887062374,1003.1749575120731,8,0.03575,5.1678321678321675,3.3566433566433567,0.4125874125874126,8.111888111888112,8.524475524475525,6.187784243728297,6.005185377236194,6.064039408866995,3.0687062483795695,9.00051853772362,12.06922478610319,8.623319987182436,3.8840856132100448,0.328125
"subset_eq(union(intersection(A, B), index(cardinality(A), B)), index(cardinality(difference(A, A)), intersection(A, B)))",1187.7955758639946,1513.1042701816114,0.0,0.3056342343704428,0.8808802772117098,0.0618898783861338,0.8808802772117098,0.3056342343704428,0.8808802772117098,1350.449923022803,9,0.102,5.262254901960785,3.7426470588235294,0.7941176470588235,8.21078431372549,9.004901960784315,6.044321895424843,6.056236080178174,6.2199331848552335,3.221325167037862,9.054844097995545,12.276169265033408,8.30159727630334,3.5579051430069684,0.3463541666666667
"subset_eq(union(intersection(A, B), index(cardinality(A), B)), index(cardinality(difference(A, B)), A))",1080.548541823926,1117.3327755600476,0.0,0.2366643911753116,0.8671135677486929,0.0993843794255608,0.8671135677486929,0.2366643911753116,0.8671135677486929,1098.9406586919868,8,0.039,4.871794871794871,3.5576923076923075,0.46153846153846156,7.967948717948718,8.429487179487179,7.044296515450357,6.020031217481789,6.065036420395422,3.0757023933402707,9.00936524453694,12.085067637877211,8.60387162284334,3.799878191126251,0.3151041666666667
"subset_eq(union(intersection(A, B), index(cardinality(A), B)), index(cardinality(difference(B, A)), union(A, B)))",1517.404492302856,1927.493009004102,0.0,0.3640062334876999,0.8439765914060857,0.1052573637179908,0.8439765914060857,0.3640062334876999,0.8439765914060857,1722.448750653479,9,0.03225,5.015503875968992,3.3255813953488373,0.29457364341085274,8.046511627906977,8.34108527131783,6.390361156180519,6.007233273056058,6.055282872642728,3.063032808059933,8.999483337638853,12.062516145698785,8.626797665689796,4.012376290743006,0.31640625
"subset_eq(union(intersection(A, B), index(cardinality(A), difference(B, A))), difference(B, index(cardinality(A), union(A, B))))",3893.4993520277785,6802.054551893845,0.0,0.4693771756184568,0.8783287469468387,0.0360943543132602,0.8783287469468387,0.4693771756184568,0.8783287469468387,5347.776951960812,10,0.66775,5.943841257955822,5.766754024709846,2.72594533882441,8.984649943841259,11.710595282665668,8.881130312250484,6.038374717832957,6.37020316027088,3.471783295711061,8.936794582392777,12.408577878103838,8.330719307274599,0.9640340721045881,0.2669270833333333
"subset_eq(union(intersection(A, B), index(cardinality(A), difference(B, A))), index(cardinality(difference(A, B)), union(A, B)))",1453.838936076958,2039.7266550941854,0.0,0.0,0.8008273443549212,0.6578476372963828,0.8008273443549212,0.0,0.8008273443549212,1746.7827955855716,10,0.036,4.722222222222222,3.513888888888889,0.3263888888888889,7.909722222222222,8.23611111111111,7.651813271604938,6.02204356846473,6.058869294605809,3.0726141078838176,9.008298755186722,12.08091286307054,8.57645559111421,3.963358897586047,0.3229166666666667
"subset_eq(union(intersection(A, B), index(cardinality(A), difference(B, A))), index(cardinality(intersection(A, B)), union(A, B)))",792.24916421538,1453.5789963688585,0.0,0.0,0.7275198259710136,0.4998658687359106,0.7275198259710136,0.0,0.7275198259710136,1122.9140802921193,10,0.031,5.129032258064516,3.3306451612903225,0.3225806451612903,8.137096774193548,8.459677419354838,6.178329864724241,6.002321981424148,6.051599587203302,3.058565531475748,8.995356037151703,12.053921568627452,8.64607142895181,3.9562407948660194,0.3151041666666667
"subset_eq(union(intersection(A, B), index(cardinality(A), union(A, B))), difference(difference(B, A), index(cardinality(B), union(A, B))))",955.4605131500866,898.039874873939,0.0,0.0,0.6421995069885942,0.8056390580497542,0.8056390580497542,0.0,0.8056390580497542,926.7501940120128,11,0.01325,3.660377358490566,4.3584905660377355,0.0,8.018867924528301,8.018867924528301,9.868992524029904,6.00633392449962,5.988852292880669,3.013681276919179,8.98150494046111,11.995186217380288,8.744176528513997,4.152573468201192,0.21875
"subset_eq(union(intersection(A, B), index(cardinality(A), union(A, B))), difference(index(cardinality(A), union(A, B)), index(cardinality(A), B)))",1188.5540356777274,1622.574379788799,0.0,0.3478274512878246,0.6874374916313883,0.1402538025025926,0.6874374916313883,0.3478274512878246,0.6874374916313883,1405.5642077332632,12,0.04525,4.580110497237569,3.9281767955801103,0.3701657458563536,8.138121546961326,8.508287292817679,7.759164860657501,6.041372086933753,6.063891070960985,3.097145849698874,9.008117308195862,12.105263157894736,8.51678556816935,3.7593857724819935,0.24869791666666666
"subset_eq(union(intersection(A, B), index(cardinality(A), union(A, B))), difference(index(cardinality(A), union(A, B)), index(cardinality(B), A)))",1306.1827361671021,1880.2633083518595,0.0,0.0,0.5418329524654648,0.8884766085058617,0.8884766085058617,0.0,0.8884766085058617,1593.2230222594808,12,0.04525,4.303867403314917,4.104972375690608,0.3259668508287293,8.082872928176796,8.408839779005525,8.378987210402618,6.054464519507724,6.055511914113643,3.0992406389107097,9.010735794710657,12.109976433621366,8.48153658465846,3.8157885499378366,0.3046875
"subset_eq(union(intersection(A, B), index(cardinality(A), union(A, B))), difference(index(cardinality(A), union(A, B)), index(cardinality(B), union(A, B))))",1687.6676419756259,1633.397140748275,0.0,0.0,0.4266729024378956,0.5937647067303562,0.5937647067303562,0.0,0.5937647067303562,1660.5323913619504,13,0.0405,4.444444444444445,4.04320987654321,0.35802469135802467,8.12962962962963,8.487654320987655,8.760783417162019,6.039864512767066,6.048462741010943,3.0841584158415842,9.004168837936426,12.08832725377801,8.522754001902591,3.74141809059469,0.3294270833333333
"subset_eq(union(intersection(A, B), index(cardinality(A), union(A, B))), difference(intersection(A, B), index(cardinality(B), union(A, B))))",5896.687908757478,8433.942694950849,0.0,0.388767680818,0.291998523169466,0.1117047330308969,0.388767680818,0.388767680818,0.291998523169466,7165.315301854163,11,0.2025,6.12716049382716,6.053086419753086,3.269135802469136,8.911111111111111,12.180246913580246,9.45529949702795,5.936677115987461,5.945454545454545,2.898746081504702,8.983385579937304,11.882131661442006,8.735694421242084,0.4301826158672032,0.34765625
"subset_eq(union(intersection(A, B), index(cardinality(A), union(A, B))), union(index(cardinality(A), B), index(cardinality(B), union(A, B))))",2486.14251607575,2836.6480705463327,0.0,0.0,0.5182680583300273,0.5429949669669163,0.5429949669669163,0.0,0.5429949669669163,2661.3952933110413,12,0.0135,3.5555555555555554,4.611111111111111,0.35185185185185186,7.814814814814815,8.166666666666666,8.251714677640605,6.008362899138368,5.985808413583376,3.009630005068424,8.98454130765332,11.994171312721743,8.793321215013998,3.8690879092976926,0.3450520833333333
"subset_eq(union(intersection(A, B), index(cardinality(B), A)), difference(difference(A, B), index(cardinality(A), union(A, B))))",326.6284619713333,235.2916141535825,0.0,0.0,0.8492547315678299,0.8996439399733243,0.8996439399733243,0.0,0.8996439399733243,280.9600380624579,10,0.0305,4.131147540983607,3.8360655737704916,0.0,7.967213114754099,7.967213114754099,8.643375436710565,6.033264569365652,6.034296028880866,3.067302733367715,9.000257864878803,12.06756059824652,8.545568806834375,4.225945146539501,0.23177083333333334
"subset_eq(union(intersection(A, B), index(cardinality(B), A)), difference(index(cardinality(B), union(A, B)), index(cardinality(A), union(A, B))))",1500.8558317153365,1748.1091087743407,0.0,0.0,0.7816399509196872,0.6662191951445021,0.7816399509196872,0.0,0.7816399509196872,1624.4824702448386,12,0.0285,3.6052631578947367,4.517543859649122,0.3157894736842105,7.807017543859649,8.12280701754386,8.668359495229298,6.044776119402985,6.009778692743181,3.0517241379310347,9.002830674215131,12.054554812146165,8.627521257538202,3.9576921019065368,0.2864583333333333
"subset_eq(union(intersection(A, B), index(cardinality(B), A)), index(cardinality(A), B))",1027.4395713624835,1240.0405845097266,0.5836587107642424,0.0,0.1625422391421428,0.8655219179590244,0.8655219179590244,0.5836587107642424,0.8655219179590244,1133.740077936105,7,0.02625,3.2476190476190476,5.123809523809523,0.37142857142857144,8.0,8.371428571428572,5.88063492063492,6.048780487804878,5.989987163029525,3.0439024390243903,8.994865211810012,12.038767650834403,8.703202848851582,3.9672264479925072,0.24869791666666666
"subset_eq(union(intersection(A, B), index(cardinality(B), A)), index(cardinality(difference(A, B)), union(A, B)))",1377.651430127793,1909.799391933775,0.3640062334876999,0.0,0.1052573637179908,0.8439765914060857,0.8439765914060857,0.3640062334876999,0.8439765914060857,1643.725411030784,9,0.0285,3.491228070175439,4.771929824561403,0.37719298245614036,7.885964912280702,8.263157894736842,7.061865189289014,6.048121461657231,6.002316006176017,3.0499227997941327,9.000514668039115,12.050437467833248,8.67665828134765,3.8980814059994984,0.31640625
"subset_eq(union(intersection(A, B), index(cardinality(B), A)), index(cardinality(difference(B, A)), A))",743.9793524295928,822.2949867054485,0.0,0.0,0.7442062202358952,0.7442062202358952,0.7442062202358952,0.0,0.7442062202358952,783.1371695675207,8,0.03525,4.184397163120567,3.851063829787234,0.09929078014184398,7.9361702127659575,8.035460992907801,8.342739298828029,6.040684115055714,6.044571132417725,3.0787768852034207,9.006478362270018,12.08525524747344,8.522356846660355,4.139397659668973,0.2734375
"subset_eq(union(intersection(A, B), index(cardinality(B), A)), intersection(index(cardinality(A), union(A, B)), index(cardinality(B), union(A, B))))",1348.4013830891781,1161.248250174096,0.4337901765968447,0.0,0.1875308612342813,0.7530341636715028,0.7530341636715028,0.4337901765968447,0.7530341636715028,1254.824816631637,12,0.01925,3.2337662337662336,4.753246753246753,0.14285714285714285,7.8441558441558445,7.987012987012987,6.288750210828134,6.029059393321438,5.991078256436401,3.0293143002803977,8.990823349477441,12.020137649757839,8.73427551225219,4.204464959990129,0.23958333333333334
"subset_eq(union(intersection(A, B), index(cardinality(B), A)), union(index(cardinality(A), union(A, B)), index(cardinality(B), union(A, B))))",2680.4549426021986,3255.34601878142,0.0,0.0,0.6633725731873745,0.6870135654408125,0.6870135654408125,0.0,0.6870135654408125,2967.900480691809,12,0.05025,3.925373134328358,4.686567164179104,0.7213930348258707,7.890547263681592,8.611940298507463,8.345189475508032,6.083706238483812,6.035009212950777,3.0929191892603316,9.025796262174257,12.118715451434587,8.548988903509496,3.4786253101700337,0.30078125
"subset_eq(union(intersection(A, B), index(cardinality(B), difference(A, B))), difference(B, index(cardinality(B), union(A, B))))",3957.3706577266566,6799.284699313343,0.7308837527235439,0.0,0.0421517858294361,0.8816216087677987,0.8816216087677987,0.7308837527235439,0.8816216087677987,5378.32767852,10,0.584,5.627996575342466,6.290239726027397,2.898116438356164,9.020119863013699,11.918236301369863,7.818140202781995,6.462740384615385,5.513822115384615,3.0799278846153846,8.896634615384615,11.9765625,9.655329055334706,1.1544162746715674,0.29296875
"subset_eq(union(intersection(A, B), index(cardinality(B), difference(A, B))), index(cardinality(difference(A, A)), B))",565.0868570036919,768.3439683908946,0.3186452046841206,0.0,0.0940122959265935,1.0,1.0,0.3186452046841206,1.0,666.7154126972932,9,0.03525,3.524822695035461,5.01418439716312,0.5319148936170213,8.00709219858156,8.539007092198581,5.860268598159046,6.0647836227001815,6.002073075926406,3.062969681264576,9.003887017362011,12.066856698626587,8.68782499672141,3.719349928921142,0.32421875
"subset_eq(union(intersection(A, B), index(cardinality(B), difference(A, B))), index(cardinality(difference(A, A)), intersection(A, B)))",789.7100238258745,897.7006504091842,0.4551426557282414,0.0,0.0560291402085666,1.0,1.0,0.4551426557282414,1.0,843.7053371175293,10,0.102,3.8872549019607843,5.174019607843137,0.8382352941176471,8.223039215686274,9.061274509803921,5.30893166089964,6.2124164810690425,6.057349665924276,3.216314031180401,9.053452115812918,12.269766146993318,8.45568985892915,3.441207177741674,0.34375
"subset_eq(union(intersection(A, B), index(cardinality(B), difference(A, B))), index(cardinality(difference(B, A)), index(cardinality(B), A)))",440.1791856230211,490.3082465297448,0.0,0.0,0.823566264878649,0.823566264878649,0.823566264878649,0.0,0.823566264878649,465.24371607638295,11,0.01675,3.1492537313432836,4.731343283582089,0.0,7.880597014925373,7.880597014925373,7.443528625529073,6.023391812865497,5.988304093567251,3.024408848207475,8.987287058225274,12.011695906432749,8.719524576705485,4.357484259364617,0.2604166666666667
"subset_eq(union(intersection(A, B), index(cardinality(B), difference(A, B))), index(cardinality(intersection(A, B)), union(A, B)))",844.8529038929964,1466.6533946693526,0.0,0.0,0.4998658687359106,0.7275198259710136,0.7275198259710136,0.0,0.7275198259710136,1155.7531492811745,10,0.02725,3.5045871559633026,4.926605504587156,0.3853211009174312,8.045871559633028,8.431192660550458,6.5972561232219515,6.044461578000514,5.996401953225392,3.046260601387818,8.994602929838088,12.040863531225906,8.699016854888107,3.8309301150505775,0.3151041666666667
"subset_eq(union(intersection(A, B), index(cardinality(B), difference(A, B))), union(index(cardinality(B), A), index(cardinality(B), union(A, B))))",1775.6998618296311,1895.5504662520689,0.0,0.0,0.8524764247856551,0.606223921938573,0.8524764247856551,0.0,0.8524764247856551,1835.62516404085,12,0.05125,4.219512195121951,4.107317073170732,0.4292682926829268,7.897560975609756,8.326829268292682,7.803926234384294,6.070092226613966,6.06772068511199,3.1111989459815548,9.026613965744401,12.137812911725955,8.48505914966825,3.802707036279829,0.2643229166666667
"subset_eq(union(intersection(A, B), index(cardinality(B), union(A, B))), difference(B, index(cardinality(A), union(A, B))))",8805.188658304513,9830.212337210774,0.313973424314598,0.0,0.0823922616937382,0.3301513972444235,0.3301513972444235,0.313973424314598,0.3301513972444235,9317.700497757643,10,0.382,5.642015706806283,6.18913612565445,2.831151832460733,9.0,11.831151832460733,9.38609909953126,6.181229773462783,5.830097087378641,3.061893203883495,8.949433656957929,12.011326860841423,8.442631911060785,0.6876790102746453,0.4192708333333333
"subset_eq(union(intersection(A, B), index(cardinality(B), union(A, B))), difference(difference(B, A), index(cardinality(A), B)))",747.8230476982426,942.7581110637984,0.3988272596766433,0.0,0.3760057523643373,0.646643939503823,0.646643939503823,0.3988272596766433,0.646643939503823,845.2905793810205,10,0.01425,3.5789473684210527,4.280701754385965,0.0,7.859649122807017,7.859649122807017,7.338257925515546,6.009890945980218,5.991630738016738,3.0167385239665228,8.984783160030434,12.001521683996957,8.76675416982166,4.235265751554169,0.17447916666666666
"subset_eq(union(intersection(A, B), index(cardinality(B), union(A, B))), difference(index(cardinality(B), union(A, B)), index(cardinality(A), difference(B, A))))",1213.2465842990205,1395.5777835711488,0.0,0.0,0.8898998060290871,0.5155513254696515,0.8898998060290871,0.0,0.8898998060290871,1304.4121839350846,13,0.04675,4.294117647058823,4.005347593582887,0.3582887700534759,7.9411764705882355,8.29946524064171,8.199376590694623,6.05769735116706,6.063467086283766,3.102019407290847,9.01914503015998,12.121164437450826,8.48302104502753,3.8566989808245093,0.3111979166666667
"subset_eq(union(intersection(A, B), index(cardinality(B), union(A, B))), union(index(cardinality(A), B), index(cardinality(B), A)))",,2368.3838648051023,0.0,0.0,0.5214948854472577,0.551161137528424,0.551161137528424,0.0,0.551161137528424,2368.3838648051023,11,0.00875,4.714285714285714,3.342857142857143,0.45714285714285713,7.6,8.057142857142857,11.351836734693878,5.986380832282472,5.990416141235813,2.9959646910466584,8.980832282471626,11.976796973518285,8.812104018611842,3.8824490909004474,0.3229166666666667
"subset_eq(union(intersection(A, B), index(cardinality(B), union(A, B))), union(index(cardinality(A), union(A, B)), index(cardinality(A), difference(B, A))))",2012.919674765552,2359.9826867054217,0.4508999451982487,0.0,0.1760623347879184,0.889404351718116,0.889404351718116,0.4508999451982487,0.889404351718116,2186.4511807354866,13,0.01175,3.872340425531915,4.425531914893617,0.3617021276595745,7.9361702127659575,8.297872340425531,6.217292892711635,6.000252972426005,5.985580571717683,3.004806476094106,8.981027068049583,11.985833544143688,8.841118789592516,3.734670563195821,0.2708333333333333
"subset_eq(union(intersection(A, B), index(cardinality(B), union(A, B))), union(index(cardinality(A), union(A, B)), index(cardinality(B), difference(A, B))))",1999.431048472703,2371.0699306218885,0.0,0.0,0.518369486657255,0.6554322962231788,0.6554322962231788,0.0,0.6554322962231788,2185.2504895472957,13,0.0125,4.88,3.42,0.3,8.0,8.3,8.5192,5.989113924050633,5.999493670886076,3.007594936708861,8.981012658227849,11.98860759493671,8.790060695401376,3.900639900831116,0.3177083333333333
